name,brand,category,price_inr,original_price_inr,discount_percent,rating,total_reviews,image_url,ajio_url,platform
NETPLAY Men Slim Fit Polo T-Shirt,NETPLAY,Clothing,180,180,70,4.5,230,https://dummyjson.com/image/400x400/282828/ffffff?text=NETPLAY%20Men%20Sli,https://www.ajio.com/netplay-men-slim-fit-polo-t-shirt/p/443123851_ltgreen?,ajio
NEONOMAD Men Striped Regular Fit Polo T-Shirt,NEONOMAD,Clothing,269,269,73,4.5,325,https://dummyjson.com/image/400x400/282828/ffffff?text=NEONOMAD%20Men%20St,https://www.ajio.com/neonomad-men-striped-regular-fit-polo-t-shirt/p/702341640_green?,ajio
Buda Jeans Co Men Ribbed Regular Fit T-Shirt,Buda Jeans Co,Clothing,290,290,71,4.5,381,https://dummyjson.com/image/400x400/282828/ffffff?text=Buda%20Jeans%20Co%20M,https://www.ajio.com/buda-jeans-co-men-ribbed-regular-fit-t-shirt/p/702966077_black?,ajio
NEONOMAD Men Colourblock Regular Fit Polo T-Shirt,NEONOMAD,Clothing,269,269,73,4,79,https://dummyjson.com/image/400x400/282828/ffffff?text=NEONOMAD%20Men%20Co,https://www.ajio.com/neonomad-men-colourblock-regular-fit-polo-t-shirt-/p/702335265_blue?,ajio
Buda Jeans Co Men Typographic Print Regular Fit Polo T-Shirt,Buda Jeans Co,Clothing,310,310,69,5,155,https://dummyjson.com/image/400x400/282828/ffffff?text=Buda%20Jeans%20Co%20M,https://www.ajio.com/buda-jeans-co-men-typographic-print-regular-fit-polo-t-shirt/p/702687060_green?,ajio
Buda Jeans Co Men Embroidered Regular Fit Polo T-Shirt,Buda Jeans Co,Clothing,650,650,74,4.5,353,https://dummyjson.com/image/400x400/282828/ffffff?text=Buda%20Jeans%20Co%20M,https://www.ajio.com/buda-jeans-co-men-embroidered-regular-fit-polo-t-shirt/p/702636696_cream?,ajio
Bullmer Men Pack of 2 Graphic Print Oversized Fit Round-Neck T-Shirts,Bullmer,Clothing,528,528,82,4,442,https://dummyjson.com/image/400x400/282828/ffffff?text=Bullmer%20Men%20Pac,https://www.ajio.com/bullmer-men-pack-of-2-graphic-print-oversized-fit-round-neck-t-shirts/p/701932990_beige?,ajio
Hellcat Pack of 5 Printed Round-Neck T-Shirt,Hellcat,Clothing,520,520,92,5,395,https://dummyjson.com/image/400x400/282828/ffffff?text=Hellcat%20Pack%20of,https://www.ajio.com/hellcat-pack-of-5-printed-round-neck-t-shirt/p/466097830_multi?,ajio
Crazybee X AG Men Graphic Regular Fit T-Shirt,Crazybee X AG,Clothing,198,198,80,4.5,352,https://dummyjson.com/image/400x400/282828/ffffff?text=Crazybee%20X%20AG%20M,https://www.ajio.com/crazybee-x-ag-men-graphic-regular-fit-t-shirt-/p/701676732_black?,ajio
Crazybee X AG Men Graphic Print Oversized Crew-Neck T-Shirt,Crazybee X AG,Clothing,249,249,75,4,260,https://dummyjson.com/image/400x400/282828/ffffff?text=Crazybee%20X%20AG%20M,https://www.ajio.com/crazybee-x-ag-men-graphic-print-oversized-crew-neck-t-shirt/p/703227340_beige?,ajio
Vooter Men Polo Collar T-shirt,Vooter,Clothing,440,440,78,4.5,14,https://dummyjson.com/image/400x400/282828/ffffff?text=Vooter%20Men%20Polo,https://www.ajio.com/vooter-men-polo-collar-t-shirt/p/700956164_olive?,ajio
AUSK Men Colourblock Regular Fit Polo T-Shirt,AUSK,Clothing,299,299,80,4.5,334,https://dummyjson.com/image/400x400/282828/ffffff?text=AUSK%20Men%20Colour,https://www.ajio.com/ausk-men-colourblock-regular-fit-polo-t-shirt/p/702811119_coffee?,ajio
Mack Jonney Men Regular Fit Polo T-Shirt,Mack Jonney,Clothing,370,370,63,4,151,https://dummyjson.com/image/400x400/282828/ffffff?text=Mack%20Jonney%20Men,https://www.ajio.com/mack-jonney-men-regular-fit-polo-t-shirt/p/702962837_beige?,ajio
Crazybee X AG Men Graphic Print Oversized Crew-Neck T-Shirt,Crazybee X AG,Clothing,248,248,75,5,42,https://dummyjson.com/image/400x400/282828/ffffff?text=Crazybee%20X%20AG%20M,https://www.ajio.com/crazybee-x-ag-men-graphic-print-oversized-crew-neck-t-shirt/p/701938521_black?,ajio
TOGS & TERRE Men Graphic Loose Fit T-Shirt,TOGS & TERRE,Clothing,285,285,81,4,69,https://dummyjson.com/image/400x400/282828/ffffff?text=TOGS%20%26%20TERRE%20Me,https://www.ajio.com/togs--terre-men-graphic-loose-fit-t-shirt---/p/701806370_black?,ajio
Puma Men's Slim Fit Polo T-shirt,Puma,Clothing,850,850,50,4,388,https://dummyjson.com/image/400x400/282828/ffffff?text=Puma%20Men's%20Slim,https://www.ajio.com/puma-men-s-slim-fit-polo-t-shirt/p/700357509_black?,ajio
Buda Jeans Co Men Regular Fit Polo T-Shirt,Buda Jeans Co,Clothing,360,360,80,4.5,205,https://dummyjson.com/image/400x400/282828/ffffff?text=Buda%20Jeans%20Co%20M,https://www.ajio.com/buda-jeans-co-men-regular-fit-polo-t-shirt/p/702484771_white?,ajio
UNIDOR Men Leaf Print Oversized Crew-Neck T-Shirt,UNIDOR,Clothing,320,320,68,5,415,https://dummyjson.com/image/400x400/282828/ffffff?text=UNIDOR%20Men%20Leaf,https://www.ajio.com/unidor-men-leaf-print-oversized-crew-neck-t-shirt/p/703001620_offwhite?,ajio
DNMX Men Botanical Print Regular Fit Crew-Neck T-Shirt,DNMX,Clothing,120,120,70,4.5,113,https://dummyjson.com/image/400x400/282828/ffffff?text=DNMX%20Men%20Botani,https://www.ajio.com/dnmx-men-botanical-print-regular-fit-crew-neck-t-shirt/p/443091688_skyblue?,ajio
Buda Jeans Co Men Graphic Print Oversized Fit Round-Neck T-Shirt,Buda Jeans Co,Clothing,375,375,75,4,180,https://dummyjson.com/image/400x400/282828/ffffff?text=Buda%20Jeans%20Co%20M,https://www.ajio.com/buda-jeans-co-men-graphic-print-oversized-fit-round-neck-t-shirt/p/702406384_brown?,ajio
NEONOMAD Men Regular Fit Polo T-Shirt,NEONOMAD,Clothing,269,269,73,4.5,220,https://dummyjson.com/image/400x400/282828/ffffff?text=NEONOMAD%20Men%20Re,https://www.ajio.com/neonomad-men-regular-fit-polo-t-shirt/p/702340216_green?,ajio
Buda Jeans Co Men Regular Fit Polo T-Shirt,Buda Jeans Co,Clothing,310,310,69,4.5,246,https://dummyjson.com/image/400x400/282828/ffffff?text=Buda%20Jeans%20Co%20M,https://www.ajio.com/buda-jeans-co-men-regular-fit-polo-t-shirt/p/702723511_blue?,ajio
Crazymonk PORSCHE-Men Typographic Print Oversized Fit Polo T-Shirt,Crazymonk,Clothing,540,540,73,4.5,36,https://dummyjson.com/image/400x400/282828/ffffff?text=Crazymonk%20PORSC,https://www.ajio.com/crazymonk-porsche-men-typographic-print-oversized-fit-polo-t-shirt/p/701945511_black?,ajio
BABIRUSA Men Relaxed Fit Round-Neck T-Shirt,BABIRUSA,Clothing,169,169,83,4,32,https://dummyjson.com/image/400x400/282828/ffffff?text=BABIRUSA%20Men%20Re,https://www.ajio.com/babirusa-men-relaxed-fit-round-neck-t-shirt/p/702588303_grey?,ajio
Crazymonk Men Printed Oversized Fit Crew-Neck T-Shirt,Crazymonk,Clothing,540,540,73,4,311,https://dummyjson.com/image/400x400/282828/ffffff?text=Crazymonk%20Men%20P,https://www.ajio.com/crazymonk-men-printed-oversized-fit-crew-neck-t-shirt/p/703312105_multi?,ajio
NEONOMAD Men Printed Oversized Fit T-Shirt,NEONOMAD,Clothing,180,180,85,5,247,https://dummyjson.com/image/400x400/282828/ffffff?text=NEONOMAD%20Men%20Pr,https://www.ajio.com/neonomad-men-printed-oversized-fit-t-shirt/p/703001248_grey?,ajio
Buda Jeans Co Men Graphic Print Oversized Fit Round-Neck T-Shirt,Buda Jeans Co,Clothing,375,375,75,4,105,https://dummyjson.com/image/400x400/282828/ffffff?text=Buda%20Jeans%20Co%20M,https://www.ajio.com/buda-jeans-co-men-graphic-print-oversized-fit-round-neck-t-shirt/p/702404276_black?,ajio
TOGS & TERRE Women Typographic T-shirt,TOGS & TERRE,Clothing,285,285,81,4.5,239,https://dummyjson.com/image/400x400/282828/ffffff?text=TOGS%20%26%20TERRE%20Wo,https://www.ajio.com/togs--terre-women-typographic-t-shirt/p/700566333_brown?,ajio
TOGS & TERRE Men Typographic Loose Fit T-shirt,TOGS & TERRE,Clothing,285,285,81,4,370,https://dummyjson.com/image/400x400/282828/ffffff?text=TOGS%20%26%20TERRE%20Me,https://www.ajio.com/togs--terre-men-typographic-loose-fit-t-shirt/p/701493083_black?,ajio
DNMX Men Graphic Print Regular Fit T-Shirt,DNMX,Clothing,152,152,49,4.5,422,https://dummyjson.com/image/400x400/282828/ffffff?text=DNMX%20Men%20Graphi,https://www.ajio.com/dnmx-men-graphic-print-regular-fit-t-shirt/p/443091584_ltpink?,ajio
DNMX Men Graphic Print Relaxed Fit Crew-Neck T-Shirt,DNMX,Clothing,120,120,70,4.5,64,https://dummyjson.com/image/400x400/282828/ffffff?text=DNMX%20Men%20Graphi,https://www.ajio.com/dnmx-men-graphic-print-relaxed-fit-crew-neck-t-shirt/p/443091687_grey?,ajio
Buda Jeans Co Pack of 2 Men Regular Fit Collar-Neck T-Shirt,Buda Jeans Co,Clothing,585,585,55,4,251,https://dummyjson.com/image/400x400/282828/ffffff?text=Buda%20Jeans%20Co%20P,https://www.ajio.com/buda-jeans-co-pack-of-2-men-regular-fit-collar-neck-t-shirt/p/702909826_black?,ajio
NETPLAY Men Striped Slim Fit Polo T-Shirt,NETPLAY,Clothing,599,599,0,4,32,https://dummyjson.com/image/400x400/282828/ffffff?text=NETPLAY%20Men%20Str,https://www.ajio.com/netplay-men-striped-slim-fit-polo-t-shirt/p/443116330_green?,ajio
TOGS & TERRE Men Typographic Loose Fit T-Shirt,TOGS & TERRE,Clothing,285,285,81,4.5,309,https://dummyjson.com/image/400x400/282828/ffffff?text=TOGS%20%26%20TERRE%20Me,https://www.ajio.com/togs--terre-men-typographic-loose-fit-t-shirt-----/p/701806040_green?,ajio
DNMX Men Graphic Print Relaxed Fit Crew-Neck T-Shirt,DNMX,Clothing,120,120,70,4.5,83,https://dummyjson.com/image/400x400/282828/ffffff?text=DNMX%20Men%20Graphi,https://www.ajio.com/dnmx-men-graphic-print-relaxed-fit-crew-neck-t-shirt/p/443091708_pink?,ajio
NETPLAY Men Geometric Print Slim Fit Polo T-Shirt,NETPLAY,Clothing,210,210,70,4,43,https://dummyjson.com/image/400x400/282828/ffffff?text=NETPLAY%20Men%20Geo,https://www.ajio.com/netplay-men-geometric-print-slim-fit-polo-t-shirt/p/443118837_olive?,ajio
MANIAC Self-Design Oversized Fit T-shirt,MANIAC,Clothing,392,392,75,4.5,118,https://dummyjson.com/image/400x400/282828/ffffff?text=MANIAC%20Self-Des,https://www.ajio.com/maniac-self-design-oversized-fit-t-shirt/p/702721745_grey?,ajio
Lee Cooper Men Graphic Print Regular Fit Crew-Neck T-Shirt,Lee Cooper,Clothing,340,340,66,4.5,361,https://dummyjson.com/image/400x400/282828/ffffff?text=Lee%20Cooper%20Men%20,https://www.ajio.com/lee-cooper-men-graphic-print-regular-fit-crew-neck-t-shirt/p/443070163_black?,ajio
Jack & Jones Men Typographic Print Slim Fit Crew-Neck T-Shirt,Jack & Jones,Clothing,674,674,25,5,292,https://dummyjson.com/image/400x400/282828/ffffff?text=Jack%20%26%20Jones%20Me,https://www.ajio.com/jack--jones-men-typographic-print-slim-fit-crew-neck-t-shirt/p/466707276_black?,ajio
Buda Jeans Co Men Graphic Regular Fit T-shirt,Buda Jeans Co,Clothing,310,310,69,5,125,https://dummyjson.com/image/400x400/282828/ffffff?text=Buda%20Jeans%20Co%20M,https://www.ajio.com/buda-jeans-co-men-graphic-regular-fit-t-shirt/p/702768482_white?,ajio
Buda Jeans Co Men Striped Regular Fit Polo T-Shirt,Buda Jeans Co,Clothing,360,360,80,4,375,https://dummyjson.com/image/400x400/282828/ffffff?text=Buda%20Jeans%20Co%20M,https://www.ajio.com/buda-jeans-co-men-striped-regular-fit-polo-t-shirt/p/702480605_navy?,ajio
Crazymonk ONE PIECE-Men Typographic Oversized Fit T-Shirt with Round Neck,Crazymonk,Clothing,528,528,56,5,25,https://dummyjson.com/image/400x400/282828/ffffff?text=Crazymonk%20ONE%20P,https://www.ajio.com/crazymonk-one-piece-men-typographic-oversized-fit-t-shirt-with-round-neck/p/700538085_black?,ajio
XQsee Women Floral Print Oversized Round-Neck T-Shirt,XQsee,Clothing,260,260,88,4,300,https://dummyjson.com/image/400x400/282828/ffffff?text=XQsee%20Women%20Flo,https://www.ajio.com/xqsee-women-floral-print-oversized-round-neck-t-shirt/p/703045996_pink?,ajio
Buda Jeans Co Men Dyed Regular Fit Polo T-Shirt,Buda Jeans Co,Clothing,334,334,67,4,277,https://dummyjson.com/image/400x400/282828/ffffff?text=Buda%20Jeans%20Co%20M,https://www.ajio.com/buda-jeans-co-men-dyed-regular-fit-polo-t-shirt/p/702397530_maroon?,ajio
Buda Jeans Co Men Pack of 3 Loose Fit Round-Neck T-Shirts,Buda Jeans Co,Clothing,840,840,58,4,98,https://dummyjson.com/image/400x400/282828/ffffff?text=Buda%20Jeans%20Co%20M,https://www.ajio.com/buda-jeans-co-men-pack-of-3-loose-fit-round-neck-t-shirts/p/702005180_green?,ajio
Lee Cooper Men Striped Relaxed Fit Polo T-Shirt,Lee Cooper,Clothing,410,410,59,4,271,https://dummyjson.com/image/400x400/282828/ffffff?text=Lee%20Cooper%20Men%20,https://www.ajio.com/lee-cooper-men-striped-relaxed-fit-polo-t-shirt/p/443101980_pistagreen?,ajio
Fashocart Men Regular Fit Round-Neck T-Shirt,Fashocart,Clothing,389,389,35,4.5,62,https://dummyjson.com/image/400x400/282828/ffffff?text=Fashocart%20Men%20R,https://www.ajio.com/fashocart-men-regular-fit-round-neck-t-shirt/p/701433435_red?,ajio
Supa Dupa Men Typographic Loose Fit T-Shirt,Supa Dupa,Clothing,345,345,77,4,46,https://dummyjson.com/image/400x400/282828/ffffff?text=Supa%20Dupa%20Men%20T,https://www.ajio.com/supa-dupa-men-typographic-loose-fit-t-shirt/p/702350849_blue?,ajio
DNMX Men Graphic Print Relaxed Fit Crew-Neck T-Shirt,DNMX,Clothing,120,120,70,4,420,https://dummyjson.com/image/400x400/282828/ffffff?text=DNMX%20Men%20Graphi,https://www.ajio.com/dnmx-men-graphic-print-relaxed-fit-crew-neck-t-shirt/p/443095578_grey?,ajio
Buda Jeans Co Men Colourblocked Regular Fit T-Shirt,Buda Jeans Co,Clothing,270,270,73,4,32,https://dummyjson.com/image/400x400/282828/ffffff?text=Buda%20Jeans%20Co%20M,https://www.ajio.com/buda-jeans-co-men-colourblocked-regular-fit-t-shirt/p/702716097_brown?,ajio
PERFORMAX Regular Fit Fastdry Active Raglan T-Shirt,PERFORMAX,Clothing,180,180,70,4,306,https://dummyjson.com/image/400x400/282828/ffffff?text=PERFORMAX%20Regul,https://www.ajio.com/performax-regular-fit-fastdry-active-raglan-t-shirt/p/441135821_teal?,ajio
MANIAC Men Embroidery Oversized Fit T-shirt,MANIAC,Clothing,640,640,68,4.5,63,https://dummyjson.com/image/400x400/282828/ffffff?text=MANIAC%20Men%20Embr,https://www.ajio.com/maniac-men-embroidery-oversized-fit-t-shirt/p/701042777_black?,ajio
BABIRUSA Men Relaxed Fit Round-Neck T-Shirt,BABIRUSA,Clothing,169,169,83,4,371,https://dummyjson.com/image/400x400/282828/ffffff?text=BABIRUSA%20Men%20Re,https://www.ajio.com/babirusa-men-relaxed-fit-round-neck-t-shirt/p/702588303_wine?,ajio
Teamspirit Men Typographic Print Boxy Fit Crew-Neck T-Shirt,Teamspirit,Clothing,254,254,49,5,22,https://dummyjson.com/image/400x400/282828/ffffff?text=Teamspirit%20Men%20,https://www.ajio.com/teamspirit-men-typographic-print-boxy-fit-crew-neck-t-shirt/p/443113495_blue?,ajio
BABIRUSA Men Relaxed Fit Round-Neck T-Shirt,BABIRUSA,Clothing,169,169,83,4,34,https://dummyjson.com/image/400x400/282828/ffffff?text=BABIRUSA%20Men%20Re,https://www.ajio.com/babirusa-men-relaxed-fit-round-neck-t-shirt/p/702588303_brown?,ajio
The Indian Garage Co Typographic Print Slim Fit Polo T-Shirt,The Indian Garage Co,Clothing,420,420,70,4.5,244,https://dummyjson.com/image/400x400/282828/ffffff?text=The%20Indian%20Gara,https://www.ajio.com/the-indian-garage-co-typographic-print-slim-fit-polo-t-shirt/p/469194741_black?,ajio
MAX Men Round Neck Stylised Fit T-Shirt,MAX,Clothing,349,349,13,4.5,91,https://dummyjson.com/image/400x400/282828/ffffff?text=MAX%20Men%20Round%20N,https://www.ajio.com/max-men-round-neck-stylised-fit-t-shirt/p/701662810_black?,ajio
Alpha Tribe Men Regular Fit Polo T-Shirt,Alpha Tribe,Clothing,304,304,80,4.5,316,https://dummyjson.com/image/400x400/282828/ffffff?text=Alpha%20Tribe%20Men,https://www.ajio.com/alpha-tribe-men-regular-fit-polo-t-shirt/p/702103422_charcoal?,ajio
JUMP CUTS Men Regular Fit Polo T-Shirt,JUMP CUTS,Clothing,406,406,71,4,14,https://dummyjson.com/image/400x400/282828/ffffff?text=JUMP%20CUTS%20Men%20R,https://www.ajio.com/jump-cuts-men-regular-fit-polo-t-shirt/p/702181416_brown?,ajio
AUSK Men Colourblock Regular Fit Polo T-Shirt,AUSK,Clothing,299,299,80,5,97,https://dummyjson.com/image/400x400/282828/ffffff?text=AUSK%20Men%20Colour,https://www.ajio.com/ausk-men-colourblock-regular-fit-polo-t-shirt/p/702811119_offwhite?,ajio
NEONOMAD Men Colour-block Regular Fit T-shirt,NEONOMAD,Clothing,319,319,68,4.5,203,https://dummyjson.com/image/400x400/282828/ffffff?text=NEONOMAD%20Men%20Co,https://www.ajio.com/neonomad-men-colour-block-regular-fit-t-shirt/p/702208586_black?,ajio
Buda Jeans Co Men Graphic Print Oversized Crew-Neck T-Shirt,Buda Jeans Co,Clothing,375,375,75,4.5,114,https://dummyjson.com/image/400x400/282828/ffffff?text=Buda%20Jeans%20Co%20M,https://www.ajio.com/buda-jeans-co-men-graphic-print-oversized-crew-neck-t-shirt/p/701783107_green?,ajio
Lee Cooper Men All-Over Print Regular Fit Polo T-Shirt,Lee Cooper,Clothing,410,410,59,5,152,https://dummyjson.com/image/400x400/282828/ffffff?text=Lee%20Cooper%20Men%20,https://www.ajio.com/lee-cooper-men-all-over-print-regular-fit-polo-t-shirt/p/443101901_offwhite?,ajio
YOUSTA Men Regular Fit Round-Neck T-Shirt,YOUSTA,Clothing,199,199,0,4.5,397,https://dummyjson.com/image/400x400/282828/ffffff?text=YOUSTA%20Men%20Regu,https://www.ajio.com/yousta-men-regular-fit-round-neck-t-shirt/p/443629144_black?,ajio
Buda Jeans Co Men Knitted Slim Fit Henley T-Shirt,Buda Jeans Co,Clothing,392,392,72,4,95,https://dummyjson.com/image/400x400/282828/ffffff?text=Buda%20Jeans%20Co%20M,https://www.ajio.com/buda-jeans-co-men-knitted-slim-fit-henley-t-shirt/p/702854821_wine?,ajio
Buda Jeans Co Men Typographic Oversized Fit T-shirt,Buda Jeans Co,Clothing,375,375,75,4.5,261,https://dummyjson.com/image/400x400/282828/ffffff?text=Buda%20Jeans%20Co%20M,https://www.ajio.com/buda-jeans-co-men-typographic-oversized-fit-t-shirt/p/702501384_brown?,ajio
Crazybee X AG Men Graphic Print Oversized Crew-Neck T-Shirt,Crazybee X AG,Clothing,230,230,77,4.5,81,https://dummyjson.com/image/400x400/282828/ffffff?text=Crazybee%20X%20AG%20M,https://www.ajio.com/crazybee-x-ag-men-graphic-print-oversized-crew-neck-t-shirt/p/702271814_black?,ajio
OYEEBRO Women Graphic Print Regular Fit Round-Neck T-Shirt,OYEEBRO,Clothing,279,279,81,4,192,https://dummyjson.com/image/400x400/282828/ffffff?text=OYEEBRO%20Women%20G,https://www.ajio.com/oyeebro-women-graphic-print-regular-fit-round-neck-t-shirt/p/701222874_red?,ajio
Buda Jeans Co Men Striped Regular Fit Polo T-Shirt,Buda Jeans Co,Clothing,414,414,77,4.5,272,https://dummyjson.com/image/400x400/282828/ffffff?text=Buda%20Jeans%20Co%20M,https://www.ajio.com/buda-jeans-co-men-striped-regular-fit-polo-t-shirt/p/702480605_coffee?,ajio
TROMKO Men Striped Regular Fit Polo T-Shirt,TROMKO,Clothing,224,224,86,4.5,449,https://dummyjson.com/image/400x400/282828/ffffff?text=TROMKO%20Men%20Stri,https://www.ajio.com/tromko-men-striped-regular-fit-polo-t-shirt/p/702523794_black?,ajio
Bullmer Men Pack of 2 Typographic Print Oversized Fit Round-Neck T-Shirts,Bullmer,Clothing,528,528,82,4.5,112,https://dummyjson.com/image/400x400/282828/ffffff?text=Bullmer%20Men%20Pac,https://www.ajio.com/bullmer-men-pack-of-2-typographic-print-oversized-fit-round-neck-t-shirts/p/701932987_olive?,ajio
Buda Jeans Co Men Typographic Print Oversized Fit Round-Neck T-Shirt,Buda Jeans Co,Clothing,396,396,67,5,92,https://dummyjson.com/image/400x400/282828/ffffff?text=Buda%20Jeans%20Co%20M,https://www.ajio.com/buda-jeans-co-men-typographic-print-oversized-fit-round-neck-t-shirt/p/703107125_grey?,ajio
YB DNMX Boys All-Over Print Relaxed Fit Crew-Neck T-Shirt,YB DNMX,Clothing,120,120,70,4,108,https://dummyjson.com/image/400x400/282828/ffffff?text=YB%20DNMX%20Boys%20Al,https://www.ajio.com/yb-dnmx-boys-all-over-print-relaxed-fit-crew-neck-t-shirt/p/443089093_black?,ajio
U.S. Polo Assn. Slim Fit Polo T-Shirt with Contrast Tipping,U.S. Polo Assn.,Clothing,824,824,45,5,257,https://dummyjson.com/image/400x400/282828/ffffff?text=U.S.%20Polo%20Assn.,https://www.ajio.com/u-s-polo-assn-slim-fit-polo-t-shirt-with-contrast-tipping/p/469536535_white?,ajio
NEONOMAD Men Colourblock Regular Fit Polo T-Shirt,NEONOMAD,Clothing,269,269,73,4.5,430,https://dummyjson.com/image/400x400/282828/ffffff?text=NEONOMAD%20Men%20Co,https://www.ajio.com/neonomad-men-colourblock-regular-fit-polo-t-shirt/p/702221883_white?,ajio
Buda Jeans Co Men Slim Fit T-Shirt with Full Sleeves,Buda Jeans Co,Clothing,392,392,72,4.5,320,https://dummyjson.com/image/400x400/282828/ffffff?text=Buda%20Jeans%20Co%20M,https://www.ajio.com/buda-jeans-co-men-slim-fit-t-shirt-with-full-sleeves/p/702854821_black?,ajio
MANIAC Men Striped Round-Neck Cotton Oversized T-shirt,MANIAC,Clothing,499,499,71,4.5,276,https://dummyjson.com/image/400x400/282828/ffffff?text=MANIAC%20Men%20Stri,https://www.ajio.com/maniac-men-striped-round-neck-cotton-oversized-t-shirt/p/701530485_green?,ajio
Vooter Men Polo Collar T-shirt,Vooter,Clothing,440,440,78,4,180,https://dummyjson.com/image/400x400/282828/ffffff?text=Vooter%20Men%20Polo,https://www.ajio.com/vooter-men-polo-collar-t-shirt/p/700956164_coffee?,ajio
UNIDOR Women Graphic Print Oversized Crew-Neck T-Shirt,UNIDOR,Clothing,290,290,71,4,227,https://dummyjson.com/image/400x400/282828/ffffff?text=UNIDOR%20Women%20Gr,https://www.ajio.com/unidor-women-graphic-print-oversized-crew-neck-t-shirt/p/702729428_ecru?,ajio
Fashion And Youth Men Regular Fit Polo T-shirt,Fashion And Youth,Clothing,342,342,81,4.5,187,https://dummyjson.com/image/400x400/282828/ffffff?text=Fashion%20And%20You,https://www.ajio.com/fashion-and-youth-men-regular-fit-polo-t-shirt/p/701565629_coffee?,ajio
DNMX Women Crew-Neck Casual T-Shirt,DNMX,Clothing,152,152,49,4.5,228,https://dummyjson.com/image/400x400/282828/ffffff?text=DNMX%20Women%20Crew,https://www.ajio.com/dnmx-women-crew-neck-casual-t-shirt/p/443104902_brown?,ajio
TOGS & TERRE Women Typographic Print Oversized Fit T-Shirt,TOGS & TERRE,Clothing,285,285,81,4,402,https://dummyjson.com/image/400x400/282828/ffffff?text=TOGS%20%26%20TERRE%20Wo,https://www.ajio.com/togs--terre-women-typographic-print-oversized-fit-t-shirt-/p/700521698_blue?,ajio
TOGS & TERRE Women Loose Fit Typographic Print T-Shirt,TOGS & TERRE,Clothing,285,285,81,4.5,360,https://dummyjson.com/image/400x400/282828/ffffff?text=TOGS%20%26%20TERRE%20Wo,https://www.ajio.com/togs--terre-women-loose-fit-typographic-print-t-shirt/p/701633619_blue?,ajio
Crazymonk Men Graphic Oversized Fit T-Shirt with Round Neck,Crazymonk,Clothing,465,465,69,4.5,69,https://dummyjson.com/image/400x400/282828/ffffff?text=Crazymonk%20Men%20G,https://www.ajio.com/crazymonk-men-graphic-oversized-fit-t-shirt-with-round-neck/p/700538611_blue?,ajio
Alpha Tribe Men Graphic Print Regular Fit T-Shirt,Alpha Tribe,Clothing,238,238,66,4,338,https://dummyjson.com/image/400x400/282828/ffffff?text=Alpha%20Tribe%20Men,https://www.ajio.com/alpha-tribe-men-graphic-print-regular-fit-t-shirt/p/469769246_multi?,ajio
DNMX Men Graphic Print Regular Fit Crew-Neck T-Shirt,DNMX,Clothing,102,102,66,4,431,https://dummyjson.com/image/400x400/282828/ffffff?text=DNMX%20Men%20Graphi,https://www.ajio.com/dnmx-men-graphic-print-regular-fit-crew-neck-t-shirt/p/443091674_ltaqua?,ajio
LOUIS PHILIPPE Slim Fit Polo T-Shirt with Logo Embroidery,LOUIS PHILIPPE,Clothing,1034,1034,31,4,299,https://dummyjson.com/image/400x400/282828/ffffff?text=LOUIS%20PHILIPPE%20,https://www.ajio.com/louis-philippe-slim-fit-polo-t-shirt-with-logo-embroidery/p/469531258_peach?,ajio
Altheory by AZORTE Printed Oversized Crew-Neck T-Shirt,Altheory by AZORTE,Clothing,300,300,70,4,64,https://dummyjson.com/image/400x400/282828/ffffff?text=Altheory%20by%20AZO,https://www.ajio.com/altheory-by-azorte-printed-oversized-crew-neck-t-shirt/p/443067386_offwhite?,ajio
Buda Jeans Co Men Embroidered Regular Fit Polo T-Shirt,Buda Jeans Co,Clothing,650,650,74,4,451,https://dummyjson.com/image/400x400/282828/ffffff?text=Buda%20Jeans%20Co%20M,https://www.ajio.com/buda-jeans-co-men-embroidered-regular-fit-polo-t-shirt/p/702636696_white?,ajio
DNMX Men Typographic Print Regular Fit Crew-Neck T-Shirt,DNMX,Clothing,102,102,66,4.5,334,https://dummyjson.com/image/400x400/282828/ffffff?text=DNMX%20Men%20Typogr,https://www.ajio.com/dnmx-men-typographic-print-regular-fit-crew-neck-t-shirt/p/443091604_black?,ajio
TRIPR Men Pack of 4 Regular Fit Crew-Neck T-Shirts,TRIPR,Clothing,578,578,71,4,447,https://dummyjson.com/image/400x400/282828/ffffff?text=TRIPR%20Men%20Pack%20,https://www.ajio.com/tripr-men-pack-of-4-regular-fit-crew-neck-t-shirts/p/702753411_multi?,ajio
Crazybee X AG Men Graphic Print Oversized Crew-Neck T-Shirt,Crazybee X AG,Clothing,249,249,75,4.5,375,https://dummyjson.com/image/400x400/282828/ffffff?text=Crazybee%20X%20AG%20M,https://www.ajio.com/crazybee-x-ag-men-graphic-print-oversized-crew-neck-t-shirt/p/703228504_white?,ajio
YB DNMX Boys Graphic Print Boxy Fit Cotton Crew-Neck T-Shirt,YB DNMX,Clothing,120,120,70,4,211,https://dummyjson.com/image/400x400/282828/ffffff?text=YB%20DNMX%20Boys%20Gr,https://www.ajio.com/yb-dnmx-boys-graphic-print-boxy-fit-cotton-crew-neck-t-shirt/p/443061302_offwhite?,ajio
AOOSH Men Typographic Print Oversized Fit T-Shirt,AOOSH,Clothing,299,299,80,4,152,https://dummyjson.com/image/400x400/282828/ffffff?text=AOOSH%20Men%20Typog,https://www.ajio.com/aoosh-men-typographic-print-oversized-fit-t-shirt/p/701948174_grey?,ajio
JOHN PLAYERS Men Printed Slim Fit Polo T-Shirt,JOHN PLAYERS,Clothing,328,328,59,5,319,https://dummyjson.com/image/400x400/282828/ffffff?text=JOHN%20PLAYERS%20Me,https://www.ajio.com/john-players-men-printed-slim-fit-polo-t-shirt/p/443095158_ecru?,ajio
TOGS & TERRE Men Typographic Oversized Fit T-Shirt,TOGS & TERRE,Clothing,285,285,81,4.5,340,https://dummyjson.com/image/400x400/282828/ffffff?text=TOGS%20%26%20TERRE%20Me,https://www.ajio.com/togs--terre-men-typographic-oversized-fit-t-shirt/p/703057622_green?,ajio
LOUIS PHILIPPE Slim Fit Polo T-Shirt with Logo Embroidery,LOUIS PHILIPPE,Clothing,1034,1034,31,4,355,https://dummyjson.com/image/400x400/282828/ffffff?text=LOUIS%20PHILIPPE%20,https://www.ajio.com/louis-philippe-slim-fit-polo-t-shirt-with-logo-embroidery/p/469544668_maroon?,ajio
TOGS & TERRE Women Striped Oversized Fit Crew-Neck T-Shirt,TOGS & TERRE,Clothing,285,285,81,4.5,338,https://dummyjson.com/image/400x400/282828/ffffff?text=TOGS%20%26%20TERRE%20Wo,https://www.ajio.com/togs--terre-women-striped-oversized-fit-crew-neck-t-shirt/p/701795748_white?,ajio
BABIRUSA Men Ribbed Regular Fit Round-Neck T-Shirt,BABIRUSA,Clothing,249,249,75,4,221,https://dummyjson.com/image/400x400/282828/ffffff?text=BABIRUSA%20Men%20Ri,https://www.ajio.com/babirusa-men-ribbed-regular-fit-round-neck-t-shirt-/p/703286087_black?,ajio
DNMX Men Graphic Print Regular Fit Crew-Neck T-Shirt,DNMX,Clothing,254,254,49,4.5,202,https://dummyjson.com/image/400x400/282828/ffffff?text=DNMX%20Men%20Graphi,https://www.ajio.com/dnmx-men-graphic-print-regular-fit-crew-neck-t-shirt/p/443102423_white?,ajio
Buda Jeans Co Men Graphic Oversized Fit Crew- Neck T-Shirt,Buda Jeans Co,Clothing,298,298,79,4,289,https://dummyjson.com/image/400x400/282828/ffffff?text=Buda%20Jeans%20Co%20M,https://www.ajio.com/buda-jeans-co-men-graphic-oversized-fit-crew-neck-t-shirt/p/701598449_navy?,ajio
YOUSTA Men Minimal Graphic Print Relaxed Fit Crew-Neck T-Shirt,YOUSTA,Clothing,299,299,0,5,342,https://dummyjson.com/image/400x400/282828/ffffff?text=YOUSTA%20Men%20Mini,https://www.ajio.com/yousta-men-minimal-graphic-print-relaxed-fit-crew-neck-t-shirt/p/443106462_white?,ajio
DNMX Women Printed Relaxed Fit Crew-Neck T-Shirt,DNMX,Clothing,152,152,49,4.5,452,https://dummyjson.com/image/400x400/282828/ffffff?text=DNMX%20Women%20Prin,https://www.ajio.com/dnmx-women-printed-relaxed-fit-crew-neck-t-shirt/p/443107175_pink?,ajio
Teamspirit Men Str Garded Striped Flatknit Polo T-Shirt,Teamspirit,Clothing,240,240,70,4.5,98,https://dummyjson.com/image/400x400/282828/ffffff?text=Teamspirit%20Men%20,https://www.ajio.com/teamspirit-men-str-garded-striped-flatknit-polo-t-shirt/p/443095616_beige?,ajio
TOGS & TERRE Women Oversized Fit T Shirt,TOGS & TERRE,Clothing,285,285,81,4.5,37,https://dummyjson.com/image/400x400/282828/ffffff?text=TOGS%20%26%20TERRE%20Wo,https://www.ajio.com/togs--terre-women-oversized-fit-t-shirt/p/700560212_brown?,ajio
YB DNMX Boys Graphic Print Boxy Fit Crew-Neck T-Shirt,YB DNMX,Clothing,100,100,44,4.5,360,https://dummyjson.com/image/400x400/282828/ffffff?text=YB%20DNMX%20Boys%20Gr,https://www.ajio.com/yb-dnmx-boys-graphic-print-boxy-fit-crew-neck-t-shirt/p/443282081_blackcharcoal?,ajio
Crazybee X AG Men Regular Fit Polo T-Shirt,Crazybee X AG,Clothing,268,268,73,4,169,https://dummyjson.com/image/400x400/282828/ffffff?text=Crazybee%20X%20AG%20M,https://www.ajio.com/crazybee-x-ag-men-regular-fit-polo-t-shirt-/p/703262276_grey?,ajio
Hoodler Men Patterned Regular Fit Polo T-Shirt,Hoodler,Clothing,276,276,89,4,200,https://dummyjson.com/image/400x400/282828/ffffff?text=Hoodler%20Men%20Pat,https://www.ajio.com/hoodler-men-patterned-regular-fit-polo-t-shirt-/p/702796359_beige?,ajio
MAX Men Printed Relaxed Fit Round-Neck T-Shirt,MAX,Clothing,399,399,0,4,22,https://dummyjson.com/image/400x400/282828/ffffff?text=MAX%20Men%20Printed,https://www.ajio.com/max-men-printed-relaxed-fit-round-neck-t-shirt/p/702424635_blue?,ajio
Fashion And Youth Men Regular Fit Polo T-shirt,Fashion And Youth,Clothing,342,342,81,4.5,147,https://dummyjson.com/image/400x400/282828/ffffff?text=Fashion%20And%20You,https://www.ajio.com/fashion-and-youth-men-regular-fit-polo-t-shirt/p/701565629_white?,ajio
Cantabil Logo Print Polo T-Shirt with Ribbed Sleeves,Cantabil,Clothing,455,455,65,4.5,82,https://dummyjson.com/image/400x400/282828/ffffff?text=Cantabil%20Logo%20P,https://www.ajio.com/cantabil-logo-print-polo-t-shirt-with-ribbed-sleeves/p/466229995_black?,ajio
BABIRUSA Men Striped Relaxed Fit Polo T-Shirt,BABIRUSA,Clothing,319,319,68,5,39,https://dummyjson.com/image/400x400/282828/ffffff?text=BABIRUSA%20Men%20St,https://www.ajio.com/babirusa-men-striped-relaxed-fit-polo-t-shirt/p/702739845_peach?,ajio
TROMKO Men Striped Regular Fit Polo T-Shirt,TROMKO,Clothing,224,224,86,4,26,https://dummyjson.com/image/400x400/282828/ffffff?text=TROMKO%20Men%20Stri,https://www.ajio.com/tromko-men-striped-regular-fit-polo-t-shirt/p/702523794_brown?,ajio
NETPLAY Men Regular Fit Polo T-Shirt,NETPLAY,Clothing,404,404,19,4,260,https://dummyjson.com/image/400x400/282828/ffffff?text=NETPLAY%20Men%20Reg,https://www.ajio.com/netplay-men-regular-fit-polo-t-shirt/p/441146016_black?,ajio
LOUIS PHILIPPE Men Slim Fit Polo T-Shirt,LOUIS PHILIPPE,Clothing,1103,1103,31,4.5,50,https://dummyjson.com/image/400x400/282828/ffffff?text=LOUIS%20PHILIPPE%20,https://www.ajio.com/louis-philippe-men-slim-fit-polo-t-shirt/p/469604476_cream?,ajio
Teamspirit Men Zig Zag Striped Regular Fit Polo T-Shirt,Teamspirit,Clothing,240,240,70,4.5,76,https://dummyjson.com/image/400x400/282828/ffffff?text=Teamspirit%20Men%20,https://www.ajio.com/teamspirit-men-zig-zag-striped-regular-fit-polo-t-shirt/p/443081767_offwhite?,ajio
MAX Men Oversized Fit T-Shirt,MAX,Clothing,249,249,0,4.5,82,https://dummyjson.com/image/400x400/282828/ffffff?text=MAX%20Men%20Oversiz,https://www.ajio.com/max--men-oversized-fit-t-shirt/p/702218004_white?,ajio
XQsee Women Graphic Print Oversized Round-Neck T-Shirt,XQsee,Clothing,260,260,88,4,332,https://dummyjson.com/image/400x400/282828/ffffff?text=XQsee%20Women%20Gra,https://www.ajio.com/xqsee-women-graphic-print-oversized-round-neck-t-shirt/p/703045223_brown?,ajio
AOOSH Men Oversized Fit Graphic Print T-Shirt,AOOSH,Clothing,299,299,80,4,219,https://dummyjson.com/image/400x400/282828/ffffff?text=AOOSH%20Men%20Overs,https://www.ajio.com/aoosh-men-oversized-fit-graphic-print-t-shirt/p/701967266_maroon?,ajio
Nobero Men Graphic Print Oversized Crew-Neck T-Shirt,Nobero,Clothing,499,499,72,4,252,https://dummyjson.com/image/400x400/282828/ffffff?text=Nobero%20Men%20Grap,https://www.ajio.com/nobero-men-graphic-print-oversized-crew-neck-t-shirt/p/702783261_maroon?,ajio
Alpha Tribe Men Leaf Print Regular Fit Polo T-Shirt with Short Sleeves,Alpha Tribe,Clothing,372,372,71,4.5,231,https://dummyjson.com/image/400x400/282828/ffffff?text=Alpha%20Tribe%20Men,https://www.ajio.com/alpha-tribe-men-leaf-print-regular-fit-polo-t-shirt-with-short-sleeves/p/702409494_white?,ajio
DNMX Men Typographic Print Regular Fit Crew-Neck T-Shirt,DNMX,Clothing,152,152,49,5,418,https://dummyjson.com/image/400x400/282828/ffffff?text=DNMX%20Men%20Typogr,https://www.ajio.com/dnmx-men-typographic-print-regular-fit-crew-neck-t-shirt/p/443091599_medgrey?,ajio
FTX Round-Neck T-Shirt with Short Sleeves,FTX,Clothing,191,191,78,4,74,https://dummyjson.com/image/400x400/282828/ffffff?text=FTX%20Round-Neck%20,https://www.ajio.com/ftx-round-neck-t-shirt-with-short-sleeves/p/466497789_black?,ajio
YOUSTA Men Graphic Print Relaxed Fit Crew-Neck T-Shirt,YOUSTA,Clothing,499,499,0,4.5,10,https://dummyjson.com/image/400x400/282828/ffffff?text=YOUSTA%20Men%20Grap,https://www.ajio.com/yousta-men-graphic-print-relaxed-fit-crew-neck-t-shirt/p/443119855_black?,ajio
U.S. Polo Assn. Slim Fit Cotton Polo T-shirt,U.S. Polo Assn.,Clothing,1039,1039,35,4,62,https://dummyjson.com/image/400x400/282828/ffffff?text=U.S.%20Polo%20Assn.,https://www.ajio.com/u-s-polo-assn-slim-fit-cotton-polo-t-shirt/p/469192114_beige?,ajio
Fashion And Youth Men Knitted Regular Fit Sleeveless T-Shirt,Fashion And Youth,Clothing,323,323,75,4.5,364,https://dummyjson.com/image/400x400/282828/ffffff?text=Fashion%20And%20You,https://www.ajio.com/fashion-and-youth-men-knitted-regular-fit-sleeveless-t-shirt/p/702802911_cream?,ajio
YB DNMX Boys Typographic Print Regular Fit Crew-Neck T-Shirt,YB DNMX,Clothing,156,156,44,4,13,https://dummyjson.com/image/400x400/282828/ffffff?text=YB%20DNMX%20Boys%20Ty,https://www.ajio.com/yb-dnmx-boys-typographic-print-regular-fit-crew-neck-t-shirt/p/443282078_offwhite?,ajio
TOGS & TERRE Men Graphic Print Round-Neck T-Shirt,TOGS & TERRE,Clothing,285,285,81,4.5,300,https://dummyjson.com/image/400x400/282828/ffffff?text=TOGS%20%26%20TERRE%20Me,https://www.ajio.com/togs--terre-men-graphic-print-round-neck-t-shirt/p/701918216_black?,ajio
TOGS & TERRE Women Crew-Neck Loose Fit T-Shirt,TOGS & TERRE,Clothing,285,285,81,4.5,367,https://dummyjson.com/image/400x400/282828/ffffff?text=TOGS%20%26%20TERRE%20Wo,https://www.ajio.com/togs--terre-women-crew-neck-loose-fit-t-shirt/p/701653951_black?,ajio
Fashocart Men Graphic Regular Fit T-shirt,Fashocart,Clothing,389,389,35,4.5,430,https://dummyjson.com/image/400x400/282828/ffffff?text=Fashocart%20Men%20G,https://www.ajio.com/fashocart-men-graphic-regular-fit-t-shirt/p/701433554_white?,ajio
The Souled Store Men Graphic Print Oversized Fit T-Shirt,The Souled Store,Clothing,799,799,0,4,313,https://dummyjson.com/image/400x400/282828/ffffff?text=The%20Souled%20Stor,https://www.ajio.com/the-souled-store-men-graphic-print-oversized-fit-t-shirt/p/701473640_blue?,ajio
DNMX Men Graphic Print Relaxed Fit Crew-Neck T-Shirt,DNMX,Clothing,203,203,49,5,427,https://dummyjson.com/image/400x400/282828/ffffff?text=DNMX%20Men%20Graphi,https://www.ajio.com/dnmx-men-graphic-print-relaxed-fit-crew-neck-t-shirt/p/443091739_white?,ajio
MANIAC Printed Oversized Fit T-shirt,MANIAC,Clothing,392,392,75,4.5,445,https://dummyjson.com/image/400x400/282828/ffffff?text=MANIAC%20Printed%20,https://www.ajio.com/maniac-printed-oversized-fit-t-shirt/p/702721745_white?,ajio
DNMX Men Camouflage Print Boxy Fit Crew-Neck T-Shirt,DNMX,Clothing,180,180,70,4.5,100,https://dummyjson.com/image/400x400/282828/ffffff?text=DNMX%20Men%20Camouf,https://www.ajio.com/dnmx-men-camouflage-print-boxy-fit-crew-neck-t-shirt/p/443097759_olive?,ajio
Lee Cooper Men Striped Regular Fit Polo T-Shirt,Lee Cooper,Clothing,510,510,70,4,191,https://dummyjson.com/image/400x400/282828/ffffff?text=Lee%20Cooper%20Men%20,https://www.ajio.com/lee-cooper-men-striped-regular-fit-polo-t-shirt/p/443097015_navy?,ajio
MAX Men Striped Regular Fit Crew-Neck T-Shirt,MAX,Clothing,349,349,13,4,323,https://dummyjson.com/image/400x400/282828/ffffff?text=MAX%20Men%20Striped,https://www.ajio.com/max-men-striped-regular-fit-crew-neck-t-shirt/p/700713579_black?,ajio
Clafoutis Women Typographic Print Oversized Fit T-Shirt,Clafoutis,Clothing,320,320,87,4,391,https://dummyjson.com/image/400x400/282828/ffffff?text=Clafoutis%20Women,https://www.ajio.com/clafoutis-women-typographic-print-oversized-fit-t-shirt/p/701574757_black?,ajio
Cantabil Logo Print T-Shirt with Collar,Cantabil,Clothing,490,490,65,4.5,337,https://dummyjson.com/image/400x400/282828/ffffff?text=Cantabil%20Logo%20P,https://www.ajio.com/cantabil-logo-print-t-shirt-with-collar/p/465108675_maroon?,ajio
LEIA Women Typographic Print Oversized Fit V-Neck T-Shirt,LEIA,Clothing,225,225,85,4.5,301,https://dummyjson.com/image/400x400/282828/ffffff?text=LEIA%20Women%20Typo,https://www.ajio.com/leia-women-typographic-print-oversized-fit-v-neck-t-shirt/p/701801101_white?,ajio
DNMX Men Graphic Print Slim Fit Crew-Neck T-Shirt,DNMX,Clothing,182,182,39,4,334,https://dummyjson.com/image/400x400/282828/ffffff?text=DNMX%20Men%20Graphi,https://www.ajio.com/dnmx-men-graphic-print-slim-fit-crew-neck-t-shirt/p/443091611_white?,ajio
Alpha Tribe Men Graphic Print Regular Fit Crew-Neck T-Shirt,Alpha Tribe,Clothing,204,204,66,4,80,https://dummyjson.com/image/400x400/282828/ffffff?text=Alpha%20Tribe%20Men,https://www.ajio.com/alpha-tribe-men-graphic-print-regular-fit-crew-neck-t-shirt/p/469769046_multi?,ajio
DNMX Men Typographic Print Relaxed Fit Crew-Neck T-Shirt,DNMX,Clothing,120,120,70,4,186,https://dummyjson.com/image/400x400/282828/ffffff?text=DNMX%20Men%20Typogr,https://www.ajio.com/dnmx-men-typographic-print-relaxed-fit-crew-neck-t-shirt/p/443095361_offwhite?,ajio
Teamspirit Men Striped Regular Fit Crew-Neck T-Shirt,Teamspirit,Clothing,305,305,49,4,300,https://dummyjson.com/image/400x400/282828/ffffff?text=Teamspirit%20Men%20,https://www.ajio.com/teamspirit-men-striped-regular-fit-crew-neck-t-shirt/p/443099260_white?,ajio
RIO Women Graphic Print Regular Fit Round-Neck T-Shirt,RIO,Clothing,101,101,49,4,290,https://dummyjson.com/image/400x400/282828/ffffff?text=RIO%20Women%20Graph,https://www.ajio.com/rio-women-graphic-print-regular-fit-round-neck-t-shirt/p/443066564_ecru?,ajio
MANIAC Printed Oversized Fit T-shirt,MANIAC,Clothing,415,415,75,4,176,https://dummyjson.com/image/400x400/282828/ffffff?text=MANIAC%20Printed%20,https://www.ajio.com/maniac-printed-oversized-fit-t-shirt/p/702721466_blue?,ajio
Teamspirit Men Regular Fit Polo T-Shirt,Teamspirit,Clothing,499,499,0,5,351,https://dummyjson.com/image/400x400/282828/ffffff?text=Teamspirit%20Men%20,https://www.ajio.com/teamspirit-men-regular-fit-polo-t-shirt/p/443083615_darkpurple?,ajio
Buda Jeans Co Men Graphic Print Loose Fit T-Shirt,Buda Jeans Co,Clothing,375,375,75,4.5,295,https://dummyjson.com/image/400x400/282828/ffffff?text=Buda%20Jeans%20Co%20M,https://www.ajio.com/buda-jeans-co-men-graphic-print-loose-fit-t-shirt/p/701917430_orange?,ajio
EYEBOGLER Men Colourblock Regular Fit Polo T-Shirt,EYEBOGLER,Clothing,286,286,78,4,26,https://dummyjson.com/image/400x400/282828/ffffff?text=EYEBOGLER%20Men%20C,https://www.ajio.com/eyebogler-men-colourblock-regular-fit-polo-t-shirt/p/466993304_beige?,ajio
Crazybee X AG Men Graphic Print Oversized Crew-Neck T-Shirt,Crazybee X AG,Clothing,249,249,75,4.5,312,https://dummyjson.com/image/400x400/282828/ffffff?text=Crazybee%20X%20AG%20M,https://www.ajio.com/crazybee-x-ag-men-graphic-print-oversized-crew-neck-t-shirt/p/703262299_white?,ajio
DNMX Pink Floyd - Men Graphic Print Relaxed Fit Crew-Neck T-Shirt,DNMX,Clothing,203,203,49,4.5,85,https://dummyjson.com/image/400x400/282828/ffffff?text=DNMX%20Pink%20Floyd,https://www.ajio.com/dnmx-pink-floyd--men-graphic-print-relaxed-fit-crew-neck-t-shirt/p/443091715_white?,ajio
YOUSTA Men LIC Raglan CN Relaxed Fit Crew-Neck T-Shirt,YOUSTA,Clothing,299,299,0,4,378,https://dummyjson.com/image/400x400/282828/ffffff?text=YOUSTA%20Men%20LIC%20,https://www.ajio.com/yousta-men-lic-raglan-cn-relaxed-fit-crew-neck-t-shirt/p/443115396_offwhite?,ajio
Buda Jeans Co Men Colourblocked Regular Fit Polo T-Shirt,Buda Jeans Co,Clothing,349,349,65,4.5,421,https://dummyjson.com/image/400x400/282828/ffffff?text=Buda%20Jeans%20Co%20M,https://www.ajio.com/buda-jeans-co-men-colourblocked-regular-fit-polo-t-shirt/p/702747732_black?,ajio
Puma Men Striped Logo Graphic Slim Fit Tee,Puma,Clothing,510,510,66,4.5,33,https://dummyjson.com/image/400x400/282828/ffffff?text=Puma%20Men%20Stripe,https://www.ajio.com/puma-men-striped-logo-graphic-slim-fit-tee/p/700714928_black?,ajio
Fashocart Men Graphic Print Regular Fit Crew-Neck T-Shirt,Fashocart,Clothing,400,400,60,4,247,https://dummyjson.com/image/400x400/282828/ffffff?text=Fashocart%20Men%20G,https://www.ajio.com/fashocart-men-graphic-print-regular-fit-crew-neck-t-shirt/p/702052503_yellow?,ajio
THE BEAR HOUSE Men Cotton Knit Polo T-Shirt,THE BEAR HOUSE,Clothing,950,950,50,4.5,390,https://dummyjson.com/image/400x400/282828/ffffff?text=THE%20BEAR%20HOUSE%20,https://www.ajio.com/the-bear-house-men-cotton-knit-polo-t-shirt/p/701252004_brown?,ajio
Cantabil Logo Print Polo T-Shirt with Ribbed Sleeves,Cantabil,Clothing,455,455,65,4,167,https://dummyjson.com/image/400x400/282828/ffffff?text=Cantabil%20Logo%20P,https://www.ajio.com/cantabil-logo-print-polo-t-shirt-with-ribbed-sleeves/p/466229995_navy?,ajio
YOUSTA Men Typographic Print Regular Fit Crew-Neck T-Shirt,YOUSTA,Clothing,199,199,0,4.5,31,https://dummyjson.com/image/400x400/282828/ffffff?text=YOUSTA%20Men%20Typo,https://www.ajio.com/yousta-men-typographic-print-regular-fit-crew-neck-t-shirt/p/443629123_black?,ajio
Campus Sutra Men Stripes Regular Fit Polo T-shirt,Campus Sutra,Clothing,663,663,61,4.5,52,https://dummyjson.com/image/400x400/282828/ffffff?text=Campus%20Sutra%20Me,https://www.ajio.com/campus-sutra-men-stripes-regular-fit-polo-t-shirt/p/701028186_white?,ajio
TOGS & TERRE Women Graphic Print Round-Neck T-Shirt,TOGS & TERRE,Clothing,285,285,81,4,154,https://dummyjson.com/image/400x400/282828/ffffff?text=TOGS%20%26%20TERRE%20Wo,https://www.ajio.com/togs--terre-women-graphic-print-round-neck-t-shirt/p/700518637_brown?,ajio
JUMP CUTS Men Regular Fit Polo T-shirt,JUMP CUTS,Clothing,432,432,76,4.5,143,https://dummyjson.com/image/400x400/282828/ffffff?text=JUMP%20CUTS%20Men%20R,https://www.ajio.com/jump-cuts-men-regular-fit-polo-t-shirt/p/701250224_beige?,ajio
NETPLAY Men Striped Flat-Knit Polo T-Shirt,NETPLAY,Clothing,240,240,70,4.5,109,https://dummyjson.com/image/400x400/282828/ffffff?text=NETPLAY%20Men%20Str,https://www.ajio.com/netplay-men-striped-flat-knit-polo-t-shirt/p/443068659_green?,ajio
Teamspirit Regular Fit Popcorn Crew-Neck T-Shirt,Teamspirit,Clothing,299,299,0,4.5,269,https://dummyjson.com/image/400x400/282828/ffffff?text=Teamspirit%20Regu,https://www.ajio.com/teamspirit-regular-fit-popcorn-crew-neck-t-shirt/p/441146987_green?,ajio
Teamspirit Men Striped Regular Fit Crew-Neck T-Shirt,Teamspirit,Clothing,210,210,70,4.5,139,https://dummyjson.com/image/400x400/282828/ffffff?text=Teamspirit%20Men%20,https://www.ajio.com/teamspirit-men-striped-regular-fit-crew-neck-t-shirt/p/443087796_beige?,ajio
U.S. Polo Assn. Colourblock Slim Fit Polo T-Shirt,U.S. Polo Assn.,Clothing,1563,1563,32,4,83,https://dummyjson.com/image/400x400/282828/ffffff?text=U.S.%20Polo%20Assn.,https://www.ajio.com/u-s-polo-assn-colourblock-slim-fit-polo-t-shirt/p/469368095_navy?,ajio
YB DNMX Boys Venom Print Boxy Fit Crew-Neck T-Shirt,YB DNMX,Clothing,120,120,70,4.5,428,https://dummyjson.com/image/400x400/282828/ffffff?text=YB%20DNMX%20Boys%20Ve,https://www.ajio.com/yb-dnmx-boys-venom-print-boxy-fit-crew-neck-t-shirt/p/443097168_jetblack?,ajio
AOOSH Men Graphic Print Loose Fit T-Shirt,AOOSH,Clothing,299,299,80,4,451,https://dummyjson.com/image/400x400/282828/ffffff?text=AOOSH%20Men%20Graph,https://www.ajio.com/aoosh-men-graphic-print-loose-fit-t-shirt/p/701578385_maroon?,ajio
NEONOMAD Men Regular Fit Polo T-Shirt,NEONOMAD,Clothing,342,342,74,4,419,https://dummyjson.com/image/400x400/282828/ffffff?text=NEONOMAD%20Men%20Re,https://www.ajio.com/neonomad-men-regular-fit-polo-t-shirt/p/702081919_grey?,ajio
Lee Cooper Men Waffle Textured Regular Fit Polo T-Shirt,Lee Cooper,Clothing,510,510,70,4,20,https://dummyjson.com/image/400x400/282828/ffffff?text=Lee%20Cooper%20Men%20,https://www.ajio.com/lee-cooper-men-waffle-textured-regular-fit-polo-t-shirt/p/443093078_offwhite?,ajio
MAX Men Regular Fit Crew-Neck T-Shirt,MAX,Clothing,199,199,0,4,356,https://dummyjson.com/image/400x400/282828/ffffff?text=MAX%20Men%20Regular,https://www.ajio.com/max-men-regular-fit-crew-neck-t-shirt/p/466035779_black?,ajio
MAX Men Stylised Fit T-Shirt,MAX,Clothing,349,349,13,4.5,152,https://dummyjson.com/image/400x400/282828/ffffff?text=MAX%20Men%20Stylise,https://www.ajio.com/max-men-stylised-fit-t-shirt/p/701720617_beige?,ajio
Teamspirit All-Over Text Jacquard Flat Knit T-Shirt,Teamspirit,Clothing,300,300,70,4.5,76,https://dummyjson.com/image/400x400/282828/ffffff?text=Teamspirit%20All-,https://www.ajio.com/teamspirit-all-over-text-jacquard-flat-knit-t-shirt/p/443083133_darkgrey?,ajio
PERFORMAX Regular Fit Fastdry Active Crew-Neck T-Shirt,PERFORMAX,Clothing,150,150,70,5,263,https://dummyjson.com/image/400x400/282828/ffffff?text=PERFORMAX%20Regul,https://www.ajio.com/performax-regular-fit-fastdry-active-crew-neck-t-shirt/p/441128501_ltblue?,ajio
DNMX Men Typographic Print Regular Fit Crew-Neck T-Shirt,DNMX,Clothing,101,101,49,5,363,https://dummyjson.com/image/400x400/282828/ffffff?text=DNMX%20Men%20Typogr,https://www.ajio.com/dnmx-men-typographic-print-regular-fit-crew-neck-t-shirt/p/443068831_olive?,ajio
SNITCH Men Graphic Print Regular Fit T-Shirt,SNITCH,Clothing,724,724,40,4,302,https://dummyjson.com/image/400x400/282828/ffffff?text=SNITCH%20Men%20Grap,https://www.ajio.com/snitch-men-graphic-print-regular-fit-t-shirt/p/703172204_black?,ajio
Teamspirit Men Typographic Print Regular Fit Round-Neck T-Shirt,Teamspirit,Clothing,246,246,59,4.5,122,https://dummyjson.com/image/400x400/282828/ffffff?text=Teamspirit%20Men%20,https://www.ajio.com/teamspirit-men-typographic-print-regular-fit-round-neck-t-shirt/p/443108171_beige?,ajio
DNMX Men Graphic Print Relaxed Fit Crew-Neck T-Shirt,DNMX,Clothing,499,499,0,4.5,446,https://dummyjson.com/image/400x400/282828/ffffff?text=DNMX%20Men%20Graphi,https://www.ajio.com/dnmx-men-graphic-print-relaxed-fit-crew-neck-t-shirt/p/443114501_navy?,ajio
DNMX Men Graphic Print Regular Fit Crew-Neck T-Shirt,DNMX,Clothing,101,101,49,4.5,345,https://dummyjson.com/image/400x400/282828/ffffff?text=DNMX%20Men%20Graphi,https://www.ajio.com/dnmx-men-graphic-print-regular-fit-crew-neck-t-shirt/p/443066723_ltpink?,ajio
LEVI'S Men Round-Neck Slim Fit Cotton T-Shirt,LEVI'S,Clothing,648,648,41,4.5,253,https://dummyjson.com/image/400x400/282828/ffffff?text=LEVI'S%20Men%20Roun,https://www.ajio.com/levi-s-men-round-neck-slim-fit-cotton-t-shirt/p/469800947_black?,ajio
MAX Men Round Neck Stylised Fit T-Shirt,MAX,Clothing,349,349,13,4.5,262,https://dummyjson.com/image/400x400/282828/ffffff?text=MAX%20Men%20Round%20N,https://www.ajio.com/max-men-round-neck-stylised-fit-t-shirt/p/701662749_green?,ajio
DNMX Men Striped Relaxed Fit Crew-Neck T-Shirt,DNMX,Clothing,180,180,70,4.5,345,https://dummyjson.com/image/400x400/282828/ffffff?text=DNMX%20Men%20Stripe,https://www.ajio.com/dnmx-men-striped-relaxed-fit-crew-neck-t-shirt/p/443097898_beige?,ajio
Buda Jeans Co Men Graphic Print Oversized Crew-Neck T-Shirt,Buda Jeans Co,Clothing,375,375,75,4,298,https://dummyjson.com/image/400x400/282828/ffffff?text=Buda%20Jeans%20Co%20M,https://www.ajio.com/buda-jeans-co-men-graphic-print-oversized-crew-neck-t-shirt/p/701783075_black?,ajio
BABIRUSA Men Relaxed Fit Round-Neck T-Shirt,BABIRUSA,Clothing,169,169,83,4,106,https://dummyjson.com/image/400x400/282828/ffffff?text=BABIRUSA%20Men%20Re,https://www.ajio.com/babirusa-men-relaxed-fit-round-neck-t-shirt/p/702588303_lavender?,ajio
Teamspirit Men Striped Regular Fit Crew-Neck T-Shirt,Teamspirit,Clothing,356,356,49,4,213,https://dummyjson.com/image/400x400/282828/ffffff?text=Teamspirit%20Men%20,https://www.ajio.com/teamspirit-men-striped-regular-fit-crew-neck-t-shirt/p/443097475_brown?,ajio
Buda Jeans Co Relaxed Fit Crew-Neck T-Shirt with Typographic Print,Buda Jeans Co,Clothing,510,510,66,4,53,https://dummyjson.com/image/400x400/282828/ffffff?text=Buda%20Jeans%20Co%20R,https://www.ajio.com/buda-jeans-co-relaxed-fit-crew-neck-t-shirt-with-typographic-print/p/469761449_grey?,ajio
DNMX Men Graphic Print Regular Fit Crew-Neck T-Shirt,DNMX,Clothing,102,102,66,4.5,201,https://dummyjson.com/image/400x400/282828/ffffff?text=DNMX%20Men%20Graphi,https://www.ajio.com/dnmx-men-graphic-print-regular-fit-crew-neck-t-shirt/p/443091582_ecru?,ajio
EYEBOGLER Men T-Shirt with Hooded Neck,EYEBOGLER,Clothing,390,390,70,4,302,https://dummyjson.com/image/400x400/282828/ffffff?text=EYEBOGLER%20Men%20T,https://www.ajio.com/eyebogler-men-t-shirt-with-hooded-neck/p/700760859_navy?,ajio
TOGS & TERRE Men Round T-shirt,TOGS & TERRE,Clothing,285,285,81,4,180,https://dummyjson.com/image/400x400/282828/ffffff?text=TOGS%20%26%20TERRE%20Me,https://www.ajio.com/togs--terre-men-round-t-shirt/p/701388034_black?,ajio
MAX Men Typographic Print Regular Fit Crew-Neck T-Shirt,MAX,Clothing,229,229,8,4,409,https://dummyjson.com/image/400x400/282828/ffffff?text=MAX%20Men%20Typogra,https://www.ajio.com/max-men-typographic-print-regular-fit-crew-neck-t-shirt/p/467159428_beige?,ajio
DNMX Men Graphic Print Regular Fit Crew-Neck T-Shirt,DNMX,Clothing,101,101,49,4,145,https://dummyjson.com/image/400x400/282828/ffffff?text=DNMX%20Men%20Graphi,https://www.ajio.com/dnmx-men-graphic-print-regular-fit-crew-neck-t-shirt/p/443066726_white?,ajio
MAX Men Printed T-Shirt,MAX,Clothing,249,249,0,4,121,https://dummyjson.com/image/400x400/282828/ffffff?text=MAX%20Men%20Printed,https://www.ajio.com/max-men-printed-t-shirt/p/703151099_black?,ajio
DNMX Men Typographic Print Regular Fit Crew-Neck T-Shirt,DNMX,Clothing,152,152,49,4.5,96,https://dummyjson.com/image/400x400/282828/ffffff?text=DNMX%20Men%20Typogr,https://www.ajio.com/dnmx-men-typographic-print-regular-fit-crew-neck-t-shirt/p/443091605_charcoal?,ajio
MAX Men Typographic Print Regular Fit Crew-Neck T-Shirt,MAX,Clothing,229,229,8,4.5,198,https://dummyjson.com/image/400x400/282828/ffffff?text=MAX%20Men%20Typogra,https://www.ajio.com/max-men-typographic-print-regular-fit-crew-neck-t-shirt/p/466517191_purple?,ajio
TECHNOSPORT Crew-Neck T-Shirt with Short Sleeves,TECHNOSPORT,Clothing,287,287,10,4,220,https://dummyjson.com/image/400x400/282828/ffffff?text=TECHNOSPORT%20Cre,https://www.ajio.com/technosport-crew-neck-t-shirt-with-short-sleeves/p/700398879_black?,ajio
KART BLACK Men Typographic Print T-shirt,KART BLACK,Clothing,310,310,69,4.5,148,https://dummyjson.com/image/400x400/282828/ffffff?text=KART%20BLACK%20Men%20,https://www.ajio.com/kart-black-men-typographic-print-t-shirt/p/700998123_black?,ajio
Fabflee X AG Women Typographic Print Regular Fit T-Shirt,Fabflee X AG,Clothing,190,190,81,4.5,430,https://dummyjson.com/image/400x400/282828/ffffff?text=Fabflee%20X%20AG%20Wo,https://www.ajio.com/fabflee-x-ag-women-typographic-print-regular-fit-t-shirt/p/702295527_red?,ajio
Lee Cooper Women Graphic Print Regular Fit Crew-Neck T-Shirt,Lee Cooper,Clothing,272,272,66,4.5,318,https://dummyjson.com/image/400x400/282828/ffffff?text=Lee%20Cooper%20Wome,https://www.ajio.com/lee-cooper-women-graphic-print-regular-fit-crew-neck-t-shirt/p/443096564_offwhite?,ajio
DNMX Men Typographic Print Regular Fit Crew-Neck T-Shirt,DNMX,Clothing,102,102,66,4.5,156,https://dummyjson.com/image/400x400/282828/ffffff?text=DNMX%20Men%20Typogr,https://www.ajio.com/dnmx-men-typographic-print-regular-fit-crew-neck-t-shirt/p/443083915_black?,ajio
Decathlon Domyos - Men Stretchable Gym T-Shirt,Decathlon,Clothing,279,279,53,5,259,https://dummyjson.com/image/400x400/282828/ffffff?text=Decathlon%20Domyo,https://www.ajio.com/decathlon-domyos--men-stretchable-gym-t-shirt/p/702450414_black?,ajio
Jack & Jones Men Graphic Print Regular Fit Crew-Neck T-Shirt,Jack & Jones,Clothing,600,600,60,4.5,158,https://dummyjson.com/image/400x400/282828/ffffff?text=Jack%20%26%20Jones%20Me,https://www.ajio.com/jack--jones-men-graphic-print-regular-fit-crew-neck-t-shirt/p/442883355_white?,ajio
DNMX Men Graphic Print Boxy Fit Crew-Neck T-Shirt,DNMX,Clothing,499,499,0,4,280,https://dummyjson.com/image/400x400/282828/ffffff?text=DNMX%20Men%20Graphi,https://www.ajio.com/dnmx-men-graphic-print-boxy-fit-crew-neck-t-shirt/p/443113624_white?,ajio
MAX Men Graphic Print Regular Fit Crew-Neck t-Shirt,MAX,Clothing,229,229,8,4.5,332,https://dummyjson.com/image/400x400/282828/ffffff?text=MAX%20Men%20Graphic,https://www.ajio.com/max-men-graphic-print-regular-fit-crew-neck-t-shirt/p/467159434_black?,ajio
XQsee Women Graphic Print Oversized Round-Neck T-Shirt,XQsee,Clothing,260,260,88,4.5,133,https://dummyjson.com/image/400x400/282828/ffffff?text=XQsee%20Women%20Gra,https://www.ajio.com/xqsee-women-graphic-print-oversized-round-neck-t-shirt/p/703045223_pink?,ajio
MAX Men Typographic Stylised Fit T-Shirt,MAX,Clothing,249,249,0,4,264,https://dummyjson.com/image/400x400/282828/ffffff?text=MAX%20Men%20Typogra,https://www.ajio.com/max-men-typographic-stylised-fit-t-shirt/p/701728730_blue?,ajio
MANIAC Men Typographic Print Oversized Fit T-Shirt,MANIAC,Clothing,481,481,71,4.5,339,https://dummyjson.com/image/400x400/282828/ffffff?text=MANIAC%20Men%20Typo,https://www.ajio.com/maniac-men-typographic-print-oversized-fit-t-shirt/p/467295847_navy?,ajio
TROMKO Women Graphic Print Regular Fit Crew-Neck T-Shirt,TROMKO,Clothing,192,192,88,4.5,281,https://dummyjson.com/image/400x400/282828/ffffff?text=TROMKO%20Women%20Gr,https://www.ajio.com/tromko-women-graphic-print-regular-fit-crew-neck-t-shirt/p/703117454_pink?,ajio
YOUSTA Men Crew-Neck Relaxed Fit T-Shirt,YOUSTA,Clothing,299,299,0,5,325,https://dummyjson.com/image/400x400/282828/ffffff?text=YOUSTA%20Men%20Crew,https://www.ajio.com/yousta-men-crew-neck-relaxed-fit-t-shirt/p/443105752_ltolive?,ajio
Fabflee X AG Women Typographic Print Regular Fit T-Shirt,Fabflee X AG,Clothing,190,190,81,4.5,62,https://dummyjson.com/image/400x400/282828/ffffff?text=Fabflee%20X%20AG%20Wo,https://www.ajio.com/fabflee-x-ag-women-typographic-print-regular-fit-t-shirt/p/702295527_mustard?,ajio
DNMX Men Graphic Print Boxy Fit Crew-Neck T-Shirt,DNMX,Clothing,254,254,49,4,28,https://dummyjson.com/image/400x400/282828/ffffff?text=DNMX%20Men%20Graphi,https://www.ajio.com/dnmx-men-graphic-print-boxy-fit-crew-neck-t-shirt/p/443102433_white?,ajio
Clafoutis Women Floral Print Oversized Fit Cotton T-Shirt,Clafoutis,Clothing,320,320,87,4,309,https://dummyjson.com/image/400x400/282828/ffffff?text=Clafoutis%20Women,https://www.ajio.com/clafoutis-women-floral-print-oversized-fit-cotton-t-shirt/p/701432517_beige?,ajio
TROMKO Women Typographic Print Regular Fit Crew-Neck T-Shirt,TROMKO,Clothing,192,192,88,4,146,https://dummyjson.com/image/400x400/282828/ffffff?text=TROMKO%20Women%20Ty,https://www.ajio.com/tromko-women-typographic-print-regular-fit-crew-neck-t-shirt/p/703117385_navy?,ajio
LEIA Women Overseized Fit Graphic T-Shirt,LEIA,Clothing,225,225,85,4.5,453,https://dummyjson.com/image/400x400/282828/ffffff?text=LEIA%20Women%20Over,https://www.ajio.com/leia-women-overseized-fit-graphic-t-shirt/p/701632222_beige?,ajio
Buda Jeans Co Women Loose Fit Crew-Neck T-Shirt,Buda Jeans Co,Clothing,290,290,71,4,203,https://dummyjson.com/image/400x400/282828/ffffff?text=Buda%20Jeans%20Co%20W,https://www.ajio.com/buda-jeans-co-women-loose-fit-crew-neck-t-shirt/p/703264583_beige?,ajio
YOUSTA Men Typographic Print Regular Fit Crew-Neck T-Shirt,YOUSTA,Clothing,199,199,0,4,85,https://dummyjson.com/image/400x400/282828/ffffff?text=YOUSTA%20Men%20Typo,https://www.ajio.com/yousta-men-typographic-print-regular-fit-crew-neck-t-shirt/p/443105778_offwhite?,ajio
Buda Jeans Co Typographic Print Loose Fit Crew-Neck T-Shirt,Buda Jeans Co,Clothing,510,510,66,4,341,https://dummyjson.com/image/400x400/282828/ffffff?text=Buda%20Jeans%20Co%20T,https://www.ajio.com/buda-jeans-co-typographic-print-loose-fit-crew-neck-t-shirt/p/469771352_cream?,ajio
KAJARU X AG Men Regular Fit Zip-Closure Polo T-Shirt,KAJARU X AG,Clothing,329,329,67,4.5,62,https://dummyjson.com/image/400x400/282828/ffffff?text=KAJARU%20X%20AG%20Men,https://www.ajio.com/kajaru-x-ag-men-regular-fit-zip-closure-polo-t-shirt/p/702033907_cream?,ajio
Trond Men Typographic Print Oversized Fit Round-Neck T-Shirt,Trond,Clothing,377,377,66,4.5,37,https://dummyjson.com/image/400x400/282828/ffffff?text=Trond%20Men%20Typog,https://www.ajio.com/trond-men-typographic-print-oversized-fit-round-neck-t-shirt/p/701595974_red?,ajio
JOHN PLAYERS Men All-Over Print Slim Fit Polo T-Shirt,JOHN PLAYERS,Clothing,400,400,50,4,254,https://dummyjson.com/image/400x400/282828/ffffff?text=JOHN%20PLAYERS%20Me,https://www.ajio.com/john-players-men-all-over-print-slim-fit-polo-t-shirt/p/443095163_navy?,ajio
MAX Men Typographic Print Regular Fit Crew-Neck T-Shirt,MAX,Clothing,229,229,8,4,36,https://dummyjson.com/image/400x400/282828/ffffff?text=MAX%20Men%20Typogra,https://www.ajio.com/max-men-typographic-print-regular-fit-crew-neck-t-shirt/p/467041197_white?,ajio
Buda Jeans Co Men Graphic Print Oversized Crew-Neck T-Shirt,Buda Jeans Co,Clothing,375,375,75,4,74,https://dummyjson.com/image/400x400/282828/ffffff?text=Buda%20Jeans%20Co%20M,https://www.ajio.com/buda-jeans-co-men-graphic-print-oversized-crew-neck-t-shirt/p/701783107_brown?,ajio
KASHIANXSTYLE Women High Rise Relaxed Jeans,KASHIANXSTYLE,Clothing,438,438,78,4,360,https://dummyjson.com/image/400x400/282828/ffffff?text=KASHIANXSTYLE%20W,https://www.ajio.com/kashianxstyle-women-high-rise-relaxed-jeans/p/702297973_blue?,ajio
KASHIANXSTYLE Women High Rise Relaxed Jeans,KASHIANXSTYLE,Clothing,438,438,78,4.5,83,https://dummyjson.com/image/400x400/282828/ffffff?text=KASHIANXSTYLE%20W,https://www.ajio.com/kashianxstyle-women-high-rise-relaxed-jeans/p/702297973_navy?,ajio
KASHIANXSTYLE Women High Rise Relaxed Jeans,KASHIANXSTYLE,Clothing,438,438,78,4.5,263,https://dummyjson.com/image/400x400/282828/ffffff?text=KASHIANXSTYLE%20W,https://www.ajio.com/kashianxstyle-women-high-rise-relaxed-jeans/p/702297973_black?,ajio
Buda Jeans Co Men Lightly Washed Baggy Fit Jeans,Buda Jeans Co,Clothing,650,650,74,4.5,88,https://dummyjson.com/image/400x400/282828/ffffff?text=Buda%20Jeans%20Co%20M,https://www.ajio.com/buda-jeans-co-men-lightly-washed-baggy-fit-jeans-/p/702013058_black?,ajio
KASHIANXSTYLE Women High Rise Relaxed Jeans,KASHIANXSTYLE,Clothing,438,438,78,4,306,https://dummyjson.com/image/400x400/282828/ffffff?text=KASHIANXSTYLE%20W,https://www.ajio.com/kashianxstyle-women-high-rise-relaxed-jeans/p/702297973_grey?,ajio
Calvin Klein Jeans Men Mid-Rise 5PKT 90S Tapered Jeans,Calvin Klein Jeans,Clothing,5399,5399,40,4,229,https://dummyjson.com/image/400x400/282828/ffffff?text=Calvin%20Klein%20Je,https://www.ajio.com/calvin-klein-jeans-men-mid-rise-5pkt-90s-tapered-jeans/p/469760961_harbourblue?,ajio
KOTTY Men Low Rise Relaxed Fit Jeans,KOTTY,Clothing,600,600,70,4.5,55,https://dummyjson.com/image/400x400/282828/ffffff?text=KOTTY%20Men%20Low%20R,https://www.ajio.com/kotty-men-low-rise-relaxed-fit-jeans--/p/701329172_blue?,ajio
QNIM Men Mid Rise Fixed Waist Jeans,QNIM,Clothing,600,600,88,4.5,51,https://dummyjson.com/image/400x400/282828/ffffff?text=QNIM%20Men%20Mid%20Ri,https://www.ajio.com/qnim-men-mid-rise-fixed-waist-jeans/p/703002155_khaki?,ajio
Calvin Klein Jeans Men Mid-Rise Straight Jeans,Calvin Klein Jeans,Clothing,5999,5999,40,4,71,https://dummyjson.com/image/400x400/282828/ffffff?text=Calvin%20Klein%20Je,https://www.ajio.com/calvin-klein-jeans-men-mid-rise-straight-jeans/p/703359234_black?,ajio
QNIM Men Mid Rise Fixed Waist Jeans,QNIM,Clothing,600,600,88,4,359,https://dummyjson.com/image/400x400/282828/ffffff?text=QNIM%20Men%20Mid%20Ri,https://www.ajio.com/qnim-men-mid-rise-fixed-waist-jeans/p/703002155_blue?,ajio
KASHIANXSTYLE Women Washed Boyfriend High-Rise Clean Jeans,KASHIANXSTYLE,Clothing,438,438,78,4.5,207,https://dummyjson.com/image/400x400/282828/ffffff?text=KASHIANXSTYLE%20W,https://www.ajio.com/kashianxstyle-women-washed-boyfriend-high-rise-clean-jeans/p/701359644_blue?,ajio
Calvin Klein Jeans Men Mid-Wash Light-Distress Slim Jeans,Calvin Klein Jeans,Clothing,8999,8999,40,4.5,42,https://dummyjson.com/image/400x400/282828/ffffff?text=Calvin%20Klein%20Je,https://www.ajio.com/calvin-klein-jeans-men-mid-wash-light-distress-slim-jeans/p/702433216_blue?,ajio
KOTTY Women High Rise Straight Clean Jeans,KOTTY,Clothing,600,600,70,4,312,https://dummyjson.com/image/400x400/282828/ffffff?text=KOTTY%20Women%20Hig,https://www.ajio.com/kotty-women-high-rise-straight-clean-jeans/p/701261189_blue?,ajio
NEONOMAD Men Mid Rise Relaxed Jeans,NEONOMAD,Clothing,520,520,60,4.5,387,https://dummyjson.com/image/400x400/282828/ffffff?text=NEONOMAD%20Men%20Mi,https://www.ajio.com/neonomad-men-mid-rise-relaxed-jeans/p/702165787_blue?,ajio
Calvin Klein Jeans Men Washed Mid Rise Straight Jeans,Calvin Klein Jeans,Clothing,5055,5055,40,4,298,https://dummyjson.com/image/400x400/282828/ffffff?text=Calvin%20Klein%20Je,https://www.ajio.com/calvin-klein-jeans-men-washed-mid-rise-straight-jeans/p/702997787_blue?,ajio
DNMX Women Lightly Washed Wide-Leg Jeans,DNMX,Clothing,1299,1299,0,4.5,398,https://dummyjson.com/image/400x400/282828/ffffff?text=DNMX%20Women%20Ligh,https://www.ajio.com/dnmx-women-lightly-washed-wide-leg-jeans/p/443109500_mediumblue?,ajio
The Indian Garage Co Washed Slim Fit Mid-Rise Acid Jeans,The Indian Garage Co,Clothing,690,690,70,4.5,158,https://dummyjson.com/image/400x400/282828/ffffff?text=The%20Indian%20Gara,https://www.ajio.com/the-indian-garage-co-washed-slim-fit-mid-rise-acid-jeans/p/469009835_blue?,ajio
Calvin Klein Jeans Men Mid-Rise Baggy Jeans,Calvin Klein Jeans,Clothing,6317,6317,40,4,33,https://dummyjson.com/image/400x400/282828/ffffff?text=Calvin%20Klein%20Je,https://www.ajio.com/calvin-klein-jeans-men-mid-rise-baggy-jeans/p/469760971_merlot?,ajio
Buda Jeans Co Men Baggy Fit Mid-Rise Jeans,Buda Jeans Co,Clothing,850,850,66,4,258,https://dummyjson.com/image/400x400/282828/ffffff?text=Buda%20Jeans%20Co%20M,https://www.ajio.com/buda-jeans-co-men-baggy-fit-mid-rise-jeans/p/702864942_blue?,ajio
KASHIANXSTYLE Women Western Wear Boyfriend High-Rise Clean Jeans,KASHIANXSTYLE,Clothing,446,446,66,4,234,https://dummyjson.com/image/400x400/282828/ffffff?text=KASHIANXSTYLE%20W,https://www.ajio.com/kashianxstyle-women-western-wear-boyfriend-high-rise-clean-jeans/p/700527406_black?,ajio
Calvin Klein Jeans Men Mid-Wash Mid-Rise Tapered Jeans,Calvin Klein Jeans,Clothing,5687,5687,40,5,365,https://dummyjson.com/image/400x400/282828/ffffff?text=Calvin%20Klein%20Je,https://www.ajio.com/calvin-klein-jeans-men-mid-wash-mid-rise-tapered-jeans/p/702433274_blue?,ajio
KOTTY Mid Rise Straight Clean Jeans,KOTTY,Clothing,660,660,67,5,60,https://dummyjson.com/image/400x400/282828/ffffff?text=KOTTY%20Mid%20Rise%20,https://www.ajio.com/kotty-mid-rise-straight-clean-jeans/p/701231234_blue?,ajio
TRUE FADES Men Lightly Washed Straight Denim Jeans,TRUE FADES,Clothing,640,640,68,4,312,https://dummyjson.com/image/400x400/282828/ffffff?text=TRUE%20FADES%20Men%20,https://www.ajio.com/true-fades-men-lightly-washed-straight-denim-jeans-/p/703150744_blue?,ajio
Calvin Klein Jeans Men Lightly Washed Straight Jeans,Calvin Klein Jeans,Clothing,9005,9005,43,4,45,https://dummyjson.com/image/400x400/282828/ffffff?text=Calvin%20Klein%20Je,https://www.ajio.com/calvin-klein-jeans-men-lightly-washed-straight-jeans/p/469722582_blue?,ajio
KOTTY Men Cotton Low-Rise Straight Clean Jeans,KOTTY,Clothing,600,600,70,4.5,169,https://dummyjson.com/image/400x400/282828/ffffff?text=KOTTY%20Men%20Cotto,https://www.ajio.com/kotty-men-cotton-low-rise-straight-clean-jeans/p/701063127_blue?,ajio
KASHIANXSTYLE Women High-Rise Boyfriend Jeans,KASHIANXSTYLE,Clothing,438,438,78,4.5,225,https://dummyjson.com/image/400x400/282828/ffffff?text=KASHIANXSTYLE%20W,https://www.ajio.com/kashianxstyle-women-high-rise-boyfriend-jeans/p/702562508_blue?,ajio
Calvin Klein Jeans Men Straight Fit Jeans with 5-Pocket Styling,Calvin Klein Jeans,Clothing,7559,7559,16,4,149,https://dummyjson.com/image/400x400/282828/ffffff?text=Calvin%20Klein%20Je,https://www.ajio.com/calvin-klein-jeans-men-straight-fit-jeans-with-5-pocket-styling/p/702764534_blue?,ajio
KASHIANXSTYLE Women High-Rise Bootcut Jeans,KASHIANXSTYLE,Clothing,438,438,78,4,126,https://dummyjson.com/image/400x400/282828/ffffff?text=KASHIANXSTYLE%20W,https://www.ajio.com/kashianxstyle-women-high-rise-bootcut-jeans/p/702551560_navy?,ajio
KASHIANXSTYLE Women Boyfriend High-Rise Clean Jeans with Insert Pockets,KASHIANXSTYLE,Clothing,446,446,66,4.5,326,https://dummyjson.com/image/400x400/282828/ffffff?text=KASHIANXSTYLE%20W,https://www.ajio.com/kashianxstyle-women-boyfriend-high-rise-clean-jeans-with-insert-pockets/p/700527406_blue?,ajio
Calvin Klein Jeans Men Straight Fit Jeans with 5-Pocket Styling,Calvin Klein Jeans,Clothing,5999,5999,25,4,416,https://dummyjson.com/image/400x400/282828/ffffff?text=Calvin%20Klein%20Je,https://www.ajio.com/calvin-klein-jeans-men-straight-fit-jeans-with-5-pocket-styling/p/702764529_blue?,ajio
QNIM Men Mid Rise Fixed Waist Jeans,QNIM,Clothing,600,600,88,5,350,https://dummyjson.com/image/400x400/282828/ffffff?text=QNIM%20Men%20Mid%20Ri,https://www.ajio.com/qnim-men-mid-rise-fixed-waist-jeans/p/703002155_black?,ajio
TRUE FADES Men Lightly Washed Straight Jeans,TRUE FADES,Clothing,640,640,68,4.5,330,https://dummyjson.com/image/400x400/282828/ffffff?text=TRUE%20FADES%20Men%20,https://www.ajio.com/true-fades-men-lightly-washed-straight-jeans/p/703036607_grey?,ajio
KOTTY Men Relaxed Fit Low-Rise Jeans,KOTTY,Clothing,600,600,70,4.5,46,https://dummyjson.com/image/400x400/282828/ffffff?text=KOTTY%20Men%20Relax,https://www.ajio.com/kotty-men-relaxed-fit-low-rise-jeans/p/701636680_blue?,ajio
Buda Jeans Co Men Relaxed Fit Jeans,Buda Jeans Co,Clothing,675,675,73,4.5,43,https://dummyjson.com/image/400x400/282828/ffffff?text=Buda%20Jeans%20Co%20M,https://www.ajio.com/buda-jeans-co-men-relaxed-fit-jeans-/p/702760244_charcoal?,ajio
KOTTY Men Low Rise Relaxed Fit Clean Jeans,KOTTY,Clothing,600,600,70,4.5,379,https://dummyjson.com/image/400x400/282828/ffffff?text=KOTTY%20Men%20Low%20R,https://www.ajio.com/kotty-men-low-rise-relaxed-fit-clean-jeans/p/701329072_grey?,ajio
Calvin Klein Jeans Men Washed Mid-Rise Jeans,Calvin Klein Jeans,Clothing,6399,6399,20,4.5,392,https://dummyjson.com/image/400x400/282828/ffffff?text=Calvin%20Klein%20Je,https://www.ajio.com/calvin-klein-jeans-men-washed-mid-rise-jeans/p/703090501_blue?,ajio
JOHN PLAYERS JEANS Men Lightly Washed Low-Rise Skinny Fit Jeans,JOHN PLAYERS JEANS,Clothing,917,917,49,4.5,24,https://dummyjson.com/image/400x400/282828/ffffff?text=JOHN%20PLAYERS%20JE,https://www.ajio.com/john-players-jeans-men-lightly-washed-low-rise-skinny-fit-jeans/p/443093547_blue?,ajio
The Indian Garage Co Heavily Washed Straight Fit Jeans,The Indian Garage Co,Clothing,765,765,70,4,178,https://dummyjson.com/image/400x400/282828/ffffff?text=The%20Indian%20Gara,https://www.ajio.com/the-indian-garage-co-heavily-washed-straight-fit-jeans/p/469349543_blue?,ajio
Calvin Klein Jeans Men Washed Mid-Rise Jeans,Calvin Klein Jeans,Clothing,7199,7199,20,4.5,391,https://dummyjson.com/image/400x400/282828/ffffff?text=Calvin%20Klein%20Je,https://www.ajio.com/calvin-klein-jeans-men-washed-mid-rise-jeans/p/703091325_blue?,ajio
KOTTY SoMid Rise Straight Jeans,KOTTY,Clothing,660,660,67,4,65,https://dummyjson.com/image/400x400/282828/ffffff?text=KOTTY%20SoMid%20Ris,https://www.ajio.com/kotty-somid-rise-straight-jeans-/p/701231249_blue?,ajio
KOTTY Men Low Rise Straight Clean Jeans,KOTTY,Clothing,600,600,70,4.5,98,https://dummyjson.com/image/400x400/282828/ffffff?text=KOTTY%20Men%20Low%20R,https://www.ajio.com/kotty-men-low-rise-straight-clean-jeans/p/701329086_black?,ajio
Calvin Klein Jeans Men Mid-Wash Straight Jeans,Calvin Klein Jeans,Clothing,5687,5687,40,4,150,https://dummyjson.com/image/400x400/282828/ffffff?text=Calvin%20Klein%20Je,https://www.ajio.com/calvin-klein-jeans-men-mid-wash-straight-jeans/p/703358789_blue?,ajio
LEVI'S Men Mid-Wash 517 Bootcut Jeans,LEVI'S,Clothing,1302,1302,58,4.5,101,https://dummyjson.com/image/400x400/282828/ffffff?text=LEVI'S%20Men%20Mid-,https://www.ajio.com/levi-s-men-mid-wash-517-bootcut-jeans/p/469800849_midindigo?,ajio
The Indian Garage Co Lightly Washed Slim Fit Mid-Rise Jeans,The Indian Garage Co,Clothing,600,600,70,5,291,https://dummyjson.com/image/400x400/282828/ffffff?text=The%20Indian%20Gara,https://www.ajio.com/the-indian-garage-co-lightly-washed-slim-fit-mid-rise-jeans/p/469009831_blue?,ajio
Calvin Klein Jeans Men Lightly Washed Standard Straight Jeans,Calvin Klein Jeans,Clothing,7160,7160,32,4.5,245,https://dummyjson.com/image/400x400/282828/ffffff?text=Calvin%20Klein%20Je,https://www.ajio.com/calvin-klein-jeans-men-lightly-washed-standard-straight-jeans/p/469760948_oilslick?,ajio
Moda star Men Washed Straight Jeans with 5-Pocket Styling,Moda star,Clothing,624,624,52,4.5,319,https://dummyjson.com/image/400x400/282828/ffffff?text=Moda%20star%20Men%20W,https://www.ajio.com/moda-star-men-washed-straight-jeans-with-5-pocket-styling/p/702528063_grey?,ajio
The Indian Garage Co Heavily Washed Straight Fit Mid-Rise Jeans,The Indian Garage Co,Clothing,780,780,70,4,359,https://dummyjson.com/image/400x400/282828/ffffff?text=The%20Indian%20Gara,https://www.ajio.com/the-indian-garage-co-heavily-washed-straight-fit-mid-rise-jeans/p/469349497_blue?,ajio
Calvin Klein Jeans Men Mid-Rise Straigh Fit Jeans,Calvin Klein Jeans,Clothing,5055,5055,40,5,405,https://dummyjson.com/image/400x400/282828/ffffff?text=Calvin%20Klein%20Je,https://www.ajio.com/calvin-klein-jeans-men-mid-rise-straigh-fit-jeans-/p/702577958_black?,ajio
KOTTY Men Low Rise Straight Clean Jeans,KOTTY,Clothing,600,600,70,4,427,https://dummyjson.com/image/400x400/282828/ffffff?text=KOTTY%20Men%20Low%20R,https://www.ajio.com/kotty-men-low-rise-straight-clean-jeans/p/701424170_grey?,ajio
Hivora Men Lightly Washed Relaxed Jeans,Hivora,Clothing,775,775,69,4.5,51,https://dummyjson.com/image/400x400/282828/ffffff?text=Hivora%20Men%20Ligh,https://www.ajio.com/hivora-men-lightly-washed-relaxed-jeans/p/701796422_black?,ajio
Calvin Klein Jeans Men Clean Mid-Rise Slim Jeans,Calvin Klein Jeans,Clothing,7121,7121,48,5,453,https://dummyjson.com/image/400x400/282828/ffffff?text=Calvin%20Klein%20Je,https://www.ajio.com/calvin-klein-jeans-men-clean-mid-rise-slim-jeans/p/702433180_black?,ajio
The Indian Garage Co Washed Distressed Slim Fit Mid-Rise Mid-Wash Jeans,The Indian Garage Co,Clothing,600,600,70,5,303,https://dummyjson.com/image/400x400/282828/ffffff?text=The%20Indian%20Gara,https://www.ajio.com/the-indian-garage-co-washed-distressed-slim-fit-mid-rise-mid-wash-jeans/p/460698972_blue?,ajio
LEVI'S Men Mid-Wash 517 Bootcut Jeans,LEVI'S,Clothing,1470,1470,58,4.5,218,https://dummyjson.com/image/400x400/282828/ffffff?text=LEVI'S%20Men%20Mid-,https://www.ajio.com/levi-s-men-mid-wash-517-bootcut-jeans/p/469800854_midindigo?,ajio
Calvin Klein Jeans Men Mid Rise Skinny Jeans,Calvin Klein Jeans,Clothing,5399,5399,40,4,423,https://dummyjson.com/image/400x400/282828/ffffff?text=Calvin%20Klein%20Je,https://www.ajio.com/calvin-klein-jeans--men-mid-rise-skinny-jeans/p/701485682_blue?,ajio
Buda Jeans Co Men Lightly-Washed Relaxed Fit Jeans,Buda Jeans Co,Clothing,840,840,79,4.5,369,https://dummyjson.com/image/400x400/282828/ffffff?text=Buda%20Jeans%20Co%20M,https://www.ajio.com/buda-jeans-co-men-lightly-washed-relaxed-fit-jeans/p/702285089_green?,ajio
Buda Jeans Co Men Mid-Rise Baggy Relaxed Jeans,Buda Jeans Co,Clothing,840,840,79,5,213,https://dummyjson.com/image/400x400/282828/ffffff?text=Buda%20Jeans%20Co%20M,https://www.ajio.com/buda-jeans-co-men-mid-rise-baggy-relaxed-jeans/p/702285897_beige?,ajio
Calvin Klein Jeans Men Heavily Washed Straight Jeans,Calvin Klein Jeans,Clothing,8217,8217,40,4,442,https://dummyjson.com/image/400x400/282828/ffffff?text=Calvin%20Klein%20Je,https://www.ajio.com/calvin-klein-jeans-men-heavily-washed-straight-jeans/p/703359483_blue?,ajio
AVANOVA Men Mid-Rise Relaxed Jeans,AVANOVA,Clothing,576,576,68,4,385,https://dummyjson.com/image/400x400/282828/ffffff?text=AVANOVA%20Men%20Mid,https://www.ajio.com/avanova-men-mid-rise-relaxed-jeans/p/701885509_aqua?,ajio
AVANOVA Men High-Rise Baggy Fit Jeans,AVANOVA,Clothing,640,640,68,4.5,364,https://dummyjson.com/image/400x400/282828/ffffff?text=AVANOVA%20Men%20Hig,https://www.ajio.com/avanova-men-high-rise-baggy-fit-jeans/p/702122939_blue?,ajio
Calvin Klein Jeans Men Slim Fit Jeans with 5-Pocket Styling,Calvin Klein Jeans,Clothing,7519,7519,6,4.5,33,https://dummyjson.com/image/400x400/282828/ffffff?text=Calvin%20Klein%20Je,https://www.ajio.com/calvin-klein-jeans-men-slim-fit-jeans-with-5-pocket-styling/p/702764539_blue?,ajio
SNITCH Men Washed Mid-Rise Jeans,SNITCH,Clothing,1399,1399,30,5,445,https://dummyjson.com/image/400x400/282828/ffffff?text=SNITCH%20Men%20Wash,https://www.ajio.com/snitch-men-washed-mid-rise-jeans/p/703124749_blue?,ajio
LEVI'S Men Lightly Washed 513 Straight Jeans,LEVI'S,Clothing,1302,1302,58,5,61,https://dummyjson.com/image/400x400/282828/ffffff?text=LEVI'S%20Men%20Ligh,https://www.ajio.com/levi-s-men-lightly-washed-513-straight-jeans/p/469800798_midindigo?,ajio
Calvin Klein Jeans Men Mid-Wash Mid-Rise Slim Jeans,Calvin Klein Jeans,Clothing,8217,8217,40,4.5,44,https://dummyjson.com/image/400x400/282828/ffffff?text=Calvin%20Klein%20Je,https://www.ajio.com/calvin-klein-jeans-men-mid-wash-mid-rise-slim-jeans/p/702433170_blue?,ajio
LEVI'S Men Mid-Wash 517 Bootcut Jeans,LEVI'S,Clothing,1056,1056,68,5,25,https://dummyjson.com/image/400x400/282828/ffffff?text=LEVI'S%20Men%20Mid-,https://www.ajio.com/levi-s-men-mid-wash-517-bootcut-jeans/p/469800846_midindigo?,ajio
JOHN PLAYERS JEANS Men Light-Wash Skinny Fit Jeans,JOHN PLAYERS JEANS,Clothing,600,600,60,4.5,27,https://dummyjson.com/image/400x400/282828/ffffff?text=JOHN%20PLAYERS%20JE,https://www.ajio.com/john-players-jeans-men-light-wash-skinny-fit-jeans/p/443099978_olivegreen?,ajio
Calvin Klein Jeans Men Mid-Wash Mid-Rise Skinny Jeans,Calvin Klein Jeans,Clothing,5999,5999,40,4,198,https://dummyjson.com/image/400x400/282828/ffffff?text=Calvin%20Klein%20Je,https://www.ajio.com/calvin-klein-jeans-men-mid-wash-mid-rise-skinny-jeans/p/702433335_blue?,ajio
DNMX Women Lightly Washed Straight Jeans,DNMX,Clothing,560,560,49,4,356,https://dummyjson.com/image/400x400/282828/ffffff?text=DNMX%20Women%20Ligh,https://www.ajio.com/dnmx-women-lightly-washed-straight-jeans/p/443104611_mediumblue?,ajio
LEVI'S Men Lightly Washed 517 Bootcut Jeans,LEVI'S,Clothing,1386,1386,58,4,96,https://dummyjson.com/image/400x400/282828/ffffff?text=LEVI'S%20Men%20Ligh,https://www.ajio.com/levi-s-men-lightly-washed-517-bootcut-jeans/p/469800858_darkindigo?,ajio
Calvin Klein Jeans Men Washed Mid-Rise Jeans,Calvin Klein Jeans,Clothing,6119,6119,32,5,75,https://dummyjson.com/image/400x400/282828/ffffff?text=Calvin%20Klein%20Je,https://www.ajio.com/calvin-klein-jeans-men-washed-mid-rise-jeans/p/703090910_blue?,ajio
POSHAX Men Lightly Washed Relaxed Fit Mid-Rise Baggy Jeans,POSHAX,Clothing,600,600,88,4,67,https://dummyjson.com/image/400x400/282828/ffffff?text=POSHAX%20Men%20Ligh,https://www.ajio.com/poshax-men-lightly-washed-relaxed-fit-mid-rise-baggy-jeans/p/700754419_blue?,ajio
AVANOVA Men Mid-Rise Relaxed Jeans,AVANOVA,Clothing,576,576,68,4,120,https://dummyjson.com/image/400x400/282828/ffffff?text=AVANOVA%20Men%20Mid,https://www.ajio.com/avanova-men-mid-rise-relaxed-jeans/p/701885509_blue?,ajio
Calvin Klein Jeans Men Heavily Washed Distressed 90S Straight Jeans,Calvin Klein Jeans,Clothing,8423,8423,20,4.5,348,https://dummyjson.com/image/400x400/282828/ffffff?text=Calvin%20Klein%20Je,https://www.ajio.com/calvin-klein-jeans-men-heavily-washed-distressed-90s-straight-jeans/p/469760966_babylonsun?,ajio
Rockwell Men Heavily Washed Baggy Relaxed Jeans,Rockwell,Clothing,779,779,74,4,29,https://dummyjson.com/image/400x400/282828/ffffff?text=Rockwell%20Men%20He,https://www.ajio.com/rockwell-men-heavily-washed-baggy-relaxed-jeans-/p/701345225_blue?,ajio
M MODDY Women Washed High-Rise Baggy Jeans,M MODDY,Clothing,720,720,64,4.5,43,https://dummyjson.com/image/400x400/282828/ffffff?text=M%20MODDY%20Women%20W,https://www.ajio.com/m-moddy-women-washed-high-rise-baggy-jeans/p/702717999_blue?,ajio
Calvin Klein Jeans Men Mid-Rise Straight Jeans,Calvin Klein Jeans,Clothing,7199,7199,20,4,37,https://dummyjson.com/image/400x400/282828/ffffff?text=Calvin%20Klein%20Je,https://www.ajio.com/calvin-klein-jeans-men-mid-rise-straight-jeans/p/703126652_blue?,ajio
Buda Jeans Co Men Lightly-Washed Relaxed Fit Jeans,Buda Jeans Co,Clothing,840,840,79,4.5,409,https://dummyjson.com/image/400x400/282828/ffffff?text=Buda%20Jeans%20Co%20M,https://www.ajio.com/buda-jeans-co-men-lightly-washed-relaxed-fit-jeans/p/702285088_beige?,ajio
KOTTY Women High Rise Straight Wide Clean Jeans,KOTTY,Clothing,660,660,67,5,452,https://dummyjson.com/image/400x400/282828/ffffff?text=KOTTY%20Women%20Hig,https://www.ajio.com/kotty-women-high-rise-straight-wide-clean-jeans/p/701261048_black?,ajio
Calvin Klein Jeans Men Mid-Wash Mid-Rise Skinny Jeans,Calvin Klein Jeans,Clothing,8847,8847,44,4,235,https://dummyjson.com/image/400x400/282828/ffffff?text=Calvin%20Klein%20Je,https://www.ajio.com/calvin-klein-jeans-men-mid-wash-mid-rise-skinny-jeans/p/702433391_blue?,ajio
Buda Jeans Co Men Lightly-Washed Straight Fit Jeans,Buda Jeans Co,Clothing,700,700,72,4,450,https://dummyjson.com/image/400x400/282828/ffffff?text=Buda%20Jeans%20Co%20M,https://www.ajio.com/buda-jeans-co-men-lightly-washed-straight-fit-jeans/p/702373691_black?,ajio
AVANOVA Men High-Rise Baggy Fit Jeans with Slash Pocket,AVANOVA,Clothing,640,640,68,4,379,https://dummyjson.com/image/400x400/282828/ffffff?text=AVANOVA%20Men%20Hig,https://www.ajio.com/avanova-men-high-rise-baggy-fit-jeans-with-slash-pocket/p/702122939_black?,ajio
Calvin Klein Jeans Men Washed Mid-Rise Jeans,Calvin Klein Jeans,Clothing,6119,6119,32,4,434,https://dummyjson.com/image/400x400/282828/ffffff?text=Calvin%20Klein%20Je,https://www.ajio.com/calvin-klein-jeans-men-washed-mid-rise-jeans/p/703091330_blue?,ajio
AVANOVA Men Mid-Wash Slim Fit Jeans,AVANOVA,Clothing,634,634,67,4.5,384,https://dummyjson.com/image/400x400/282828/ffffff?text=AVANOVA%20Men%20Mid,https://www.ajio.com/avanova-men-mid-wash-slim-fit-jeans-/p/702191080_black?,ajio
M MODDY Women Straight Fit High-Rise Solid Clean Jeans with 5-Pocket Styling,M MODDY,Clothing,680,680,66,4,416,https://dummyjson.com/image/400x400/282828/ffffff?text=M%20MODDY%20Women%20S,https://www.ajio.com/m-moddy-women-straight-fit-high-rise-solid-clean-jeans-with-5-pocket-styling/p/701449150_blue?,ajio
Calvin Klein Jeans Men Mid-Washed Straight Fit Jeans,Calvin Klein Jeans,Clothing,7359,7359,8,4,376,https://dummyjson.com/image/400x400/282828/ffffff?text=Calvin%20Klein%20Je,https://www.ajio.com/calvin-klein-jeans-men-mid-washed-straight-fit-jeans/p/703245151_blue?,ajio
LEVI'S Men Lightly Washed 513 Straight Jeans,LEVI'S,Clothing,1766,1766,43,4.5,246,https://dummyjson.com/image/400x400/282828/ffffff?text=LEVI'S%20Men%20Ligh,https://www.ajio.com/levi-s-men-lightly-washed-513-straight-jeans/p/469800792_darkindigo?,ajio
Rockwell Men Acid-Wash Baggy Relaxed Jeans,Rockwell,Clothing,779,779,74,4,420,https://dummyjson.com/image/400x400/282828/ffffff?text=Rockwell%20Men%20Ac,https://www.ajio.com/rockwell-men-acid-wash-baggy-relaxed-jeans-/p/701345225_grey?,ajio
Calvin Klein Jeans Men Clean Mid-Rise Relaxed Jeans,Calvin Klein Jeans,Clothing,5999,5999,40,4.5,144,https://dummyjson.com/image/400x400/282828/ffffff?text=Calvin%20Klein%20Je,https://www.ajio.com/calvin-klein-jeans-men-clean-mid-rise-relaxed-jeans/p/702433121_blue?,ajio
SNITCH Men Relaxed Fit Jeans with 5-Pocket Styling,SNITCH,Clothing,1399,1399,59,4.5,145,https://dummyjson.com/image/400x400/282828/ffffff?text=SNITCH%20Men%20Rela,https://www.ajio.com/snitch-men-relaxed-fit-jeans-with-5-pocket-styling-/p/700210097_blue?,ajio
DNMX Men Mid-Wash Slim Fit Jeans,DNMX,Clothing,394,394,70,4,347,https://dummyjson.com/image/400x400/282828/ffffff?text=DNMX%20Men%20Mid-Wa,https://www.ajio.com/dnmx-men-mid-wash-slim-fit-jeans/p/443082263_ltblue?,ajio
Calvin Klein Jeans Men Lightly Washed Skinny Fit Jeans,Calvin Klein Jeans,Clothing,5972,5972,37,5,360,https://dummyjson.com/image/400x400/282828/ffffff?text=Calvin%20Klein%20Je,https://www.ajio.com/calvin-klein-jeans-men-lightly-washed-skinny-fit-jeans/p/469760964_brooklynblues?,ajio
The Indian Garage Co Men Lightly Washed Slim Fit Mid-Rise Jeans,The Indian Garage Co,Clothing,600,600,70,4,28,https://dummyjson.com/image/400x400/282828/ffffff?text=The%20Indian%20Gara,https://www.ajio.com/the-indian-garage-co-men-lightly-washed-slim-fit-mid-rise-jeans/p/460789305_black?,ajio
JOHN PLAYERS JEANS Straight Fit Jeans with Fleece Lining for Heavy Winter,JOHN PLAYERS JEANS,Clothing,850,850,66,5,182,https://dummyjson.com/image/400x400/282828/ffffff?text=JOHN%20PLAYERS%20JE,https://www.ajio.com/john-players-jeans-straight-fit-jeans-with-fleece-lining-for-heavy-winter/p/443096175_mediumblue?,ajio
Calvin Klein Jeans Men Mid-Wash Mid-Rise Slim Jeans,Calvin Klein Jeans,Clothing,9479,9479,40,4.5,170,https://dummyjson.com/image/400x400/282828/ffffff?text=Calvin%20Klein%20Je,https://www.ajio.com/calvin-klein-jeans-men-mid-wash-mid-rise-slim-jeans/p/702433442_blue?,ajio
The Indian Garage Co Men Lightly Washed Slim Fit Mid-Rise Jeans,The Indian Garage Co,Clothing,705,705,70,4,402,https://dummyjson.com/image/400x400/282828/ffffff?text=The%20Indian%20Gara,https://www.ajio.com/the-indian-garage-co-men-lightly-washed-slim-fit-mid-rise-jeans/p/469618784_navy?,ajio
JOHN PLAYERS JEANS Men Mid-Rise Straight Jeans,JOHN PLAYERS JEANS,Clothing,764,764,49,5,46,https://dummyjson.com/image/400x400/282828/ffffff?text=JOHN%20PLAYERS%20JE,https://www.ajio.com/john-players-jeans-men-mid-rise-straight-jeans/p/443112065_darkolive?,ajio
Calvin Klein Jeans Men Mid Rise Skinny Jeans,Calvin Klein Jeans,Clothing,4740,4740,50,4,118,https://dummyjson.com/image/400x400/282828/ffffff?text=Calvin%20Klein%20Je,https://www.ajio.com/calvin-klein-jeans-men-mid-rise-skinny-jeans/p/702035994_grey?,ajio
JDY BY ONLY Lightly Washed Skinny Fit Jeans,JDY BY ONLY,Clothing,255,255,85,4.5,108,https://dummyjson.com/image/400x400/282828/ffffff?text=JDY%20BY%20ONLY%20Lig,https://www.ajio.com/jdy-by-only-lightly-washed-skinny-fit-jeans/p/441697477_darkblue?,ajio
KOTTY Men Low Rise Baggy Clean Jeans,KOTTY,Clothing,600,600,70,4.5,82,https://dummyjson.com/image/400x400/282828/ffffff?text=KOTTY%20Men%20Low%20R,https://www.ajio.com/kotty-men-low-rise-baggy-clean-jeans/p/701329079_black?,ajio
Calvin Klein Jeans Men Mid-Rise Relaxed Fit Jeans,Calvin Klein Jeans,Clothing,7499,7499,25,4,127,https://dummyjson.com/image/400x400/282828/ffffff?text=Calvin%20Klein%20Je,https://www.ajio.com/calvin-klein-jeans-men-mid-rise-relaxed-fit-jeans/p/702787935_blue?,ajio
JOHN PLAYERS JEANS Straight Fit Jeans with Fleece Lining for Heavy Winter,JOHN PLAYERS JEANS,Clothing,796,796,66,4,371,https://dummyjson.com/image/400x400/282828/ffffff?text=JOHN%20PLAYERS%20JE,https://www.ajio.com/john-players-jeans-straight-fit-jeans-with-fleece-lining-for-heavy-winter/p/443096177_navy?,ajio
TRUE FADES Men Mid-Wash Straight Denim Jeans,TRUE FADES,Clothing,640,640,68,4,422,https://dummyjson.com/image/400x400/282828/ffffff?text=TRUE%20FADES%20Men%20,https://www.ajio.com/true-fades-men-mid-wash-straight-denim-jeans-/p/703150821_navy?,ajio
Calvin Klein Jeans Men Washed Mid-Rise Jeans,Calvin Klein Jeans,Clothing,6399,6399,20,4,84,https://dummyjson.com/image/400x400/282828/ffffff?text=Calvin%20Klein%20Je,https://www.ajio.com/calvin-klein-jeans-men-washed-mid-rise-jeans/p/703091020_blue?,ajio
Highlander Men Mid Rise Flexi Waist Jeans,Highlander,Clothing,832,832,68,4,246,https://dummyjson.com/image/400x400/282828/ffffff?text=Highlander%20Men%20,https://www.ajio.com/highlander-men-mid-rise-flexi-waist-jeans/p/702126595_grey?,ajio
Buda Jeans Co Women Washed Relaxed Jeans,Buda Jeans Co,Clothing,850,850,66,5,235,https://dummyjson.com/image/400x400/282828/ffffff?text=Buda%20Jeans%20Co%20W,https://www.ajio.com/buda-jeans-co-women-washed-relaxed-jeans/p/702851387_green?,ajio
Calvin Klein Jeans Men Mid-Wash Mid-Rise Straight Jeans,Calvin Klein Jeans,Clothing,8217,8217,40,5,129,https://dummyjson.com/image/400x400/282828/ffffff?text=Calvin%20Klein%20Je,https://www.ajio.com/calvin-klein-jeans-men-mid-wash-mid-rise-straight-jeans/p/702433209_blue?,ajio
KOTTY Men Cotton Jeans,KOTTY,Clothing,600,600,70,4.5,80,https://dummyjson.com/image/400x400/282828/ffffff?text=KOTTY%20Men%20Cotto,https://www.ajio.com/kotty-men-cotton-jeans-/p/701063129_blue?,ajio
BEN MARTIN Men Light Washed Baggy High-Rise Mid-Wash Jeans,BEN MARTIN,Clothing,870,870,71,5,424,https://dummyjson.com/image/400x400/282828/ffffff?text=BEN%20MARTIN%20Men%20,https://www.ajio.com/ben-martin-men-light-washed-baggy-high-rise-mid-wash-jeans/p/700429007_blue?,ajio
Calvin Klein Jeans Men Washed Mid-Rise Jeans,Calvin Klein Jeans,Clothing,7199,7199,20,4.5,202,https://dummyjson.com/image/400x400/282828/ffffff?text=Calvin%20Klein%20Je,https://www.ajio.com/calvin-klein-jeans-men-washed-mid-rise-jeans/p/703091220_blue?,ajio
U.S. Polo Assn. Lightly Washed Straight Fit Jeans,U.S. Polo Assn.,Clothing,1624,1624,35,4.5,249,https://dummyjson.com/image/400x400/282828/ffffff?text=U.S.%20Polo%20Assn.,https://www.ajio.com/u-s-polo-assn-lightly-washed-straight-fit-jeans/p/469279449_blue?,ajio
The Indian Garage Co Lightly Washed Slim Fit Jeans,The Indian Garage Co,Clothing,570,570,70,5,160,https://dummyjson.com/image/400x400/282828/ffffff?text=The%20Indian%20Gara,https://www.ajio.com/the-indian-garage-co-lightly-washed-slim-fit-jeans/p/469264627_lightblue?,ajio
Calvin Klein Jeans Men Lightly Washed Straight Jeans,Calvin Klein Jeans,Clothing,8217,8217,40,4,365,https://dummyjson.com/image/400x400/282828/ffffff?text=Calvin%20Klein%20Je,https://www.ajio.com/calvin-klein-jeans-men-lightly-washed-straight-jeans/p/703358932_grey?,ajio
LEVI'S Men Washed Mid-Rise Jeans,LEVI'S,Clothing,2519,2519,40,5,285,https://dummyjson.com/image/400x400/282828/ffffff?text=LEVI'S%20Men%20Wash,https://www.ajio.com/levi-s-men-washed-mid-rise-jeans/p/702671490_blue?,ajio
DNMX Men Straight Fit Jeans,DNMX,Clothing,799,799,0,4.5,332,https://dummyjson.com/image/400x400/282828/ffffff?text=DNMX%20Men%20Straig,https://www.ajio.com/dnmx-men-straight-fit-jeans/p/443088333_offwhite?,ajio
Calvin Klein Jeans Men Lean Straight 4-Way Jeans,Calvin Klein Jeans,Clothing,8999,8999,40,5,151,https://dummyjson.com/image/400x400/282828/ffffff?text=Calvin%20Klein%20Je,https://www.ajio.com/calvin-klein-jeans-men-lean-straight-4-way-jeans/p/469730811_black?,ajio
TRUE FADES Men Low-Rise Straight Jeans,TRUE FADES,Clothing,640,640,68,4,211,https://dummyjson.com/image/400x400/282828/ffffff?text=TRUE%20FADES%20Men%20,https://www.ajio.com/true-fades-men-low-rise-straight-jeans/p/703003139_blue?,ajio
XEE Men Mid Rise Baggy Jeans,XEE,Clothing,875,875,65,4,201,https://dummyjson.com/image/400x400/282828/ffffff?text=XEE%20Men%20Mid%20Ris,https://www.ajio.com/xee-men-mid-rise-baggy-jeans/p/701901607_white?,ajio
Calvin Klein Jeans Men Mid-Rise Tapered Fit Jeans,Calvin Klein Jeans,Clothing,7799,7799,40,5,404,https://dummyjson.com/image/400x400/282828/ffffff?text=Calvin%20Klein%20Je,https://www.ajio.com/calvin-klein-jeans-men-mid-rise-tapered-fit-jeans/p/702577961_black?,ajio
The Indian Garage Co Men Acid-Wash Straight Fit Jeans,The Indian Garage Co,Clothing,720,720,70,4,73,https://dummyjson.com/image/400x400/282828/ffffff?text=The%20Indian%20Gara,https://www.ajio.com/the-indian-garage-co-men-acid-wash-straight-fit-jeans/p/442468566_grey?,ajio
The Indian Garage Co Men Mid-Wash Bootcut Mid-Rise Jeans,The Indian Garage Co,Clothing,735,735,70,4.5,394,https://dummyjson.com/image/400x400/282828/ffffff?text=The%20Indian%20Gara,https://www.ajio.com/the-indian-garage-co-men-mid-wash-bootcut-mid-rise-jeans/p/469572972_black?,ajio
Calvin Klein Jeans Men Straight Fit Fixed Waist Jeans,Calvin Klein Jeans,Clothing,12641,12641,40,4,11,https://dummyjson.com/image/400x400/282828/ffffff?text=Calvin%20Klein%20Je,https://www.ajio.com/calvin-klein-jeans-men-straight-fit-fixed-waist-jeans/p/702410586_charcoal?,ajio
LEVI'S Women 724 Mid-Wash Straight Jeans,LEVI'S,Clothing,1170,1170,55,4.5,302,https://dummyjson.com/image/400x400/282828/ffffff?text=LEVI'S%20Women%2072,https://www.ajio.com/levi-s-women-724-mid-wash-straight-jeans/p/469800958_darkindigo?,ajio
AVANOVA Men Mid-Rise Relaxed Jeans,AVANOVA,Clothing,576,576,68,4,147,https://dummyjson.com/image/400x400/282828/ffffff?text=AVANOVA%20Men%20Mid,https://www.ajio.com/avanova-men-mid-rise-relaxed-jeans/p/701885509_black?,ajio
Calvin Klein Jeans Men Mid-Wash Straight Jeans,Calvin Klein Jeans,Clothing,8217,8217,40,4.5,372,https://dummyjson.com/image/400x400/282828/ffffff?text=Calvin%20Klein%20Je,https://www.ajio.com/calvin-klein-jeans-men-mid-wash-straight-jeans/p/703358836_blue?,ajio
Buda Jeans Co Women High-Rise Wide-Leg Jeans,Buda Jeans Co,Clothing,850,850,66,4,401,https://dummyjson.com/image/400x400/282828/ffffff?text=Buda%20Jeans%20Co%20W,https://www.ajio.com/buda-jeans-co-women-high-rise-wide-leg-jeans/p/702780514_cream?,ajio
SNITCH Men Mid-Rise Relaxed Fit Jeans,SNITCH,Clothing,1699,1699,50,4,37,https://dummyjson.com/image/400x400/282828/ffffff?text=SNITCH%20Men%20Mid-,https://www.ajio.com/snitch-men-mid-rise-relaxed-fit-jeans/p/700460612_blue?,ajio
Calvin Klein Jeans Men Clean Mid-Rise Skinny Jeans,Calvin Klein Jeans,Clothing,8999,8999,40,4.5,424,https://dummyjson.com/image/400x400/282828/ffffff?text=Calvin%20Klein%20Je,https://www.ajio.com/calvin-klein-jeans-men-clean-mid-rise-skinny-jeans/p/702433381_black?,ajio
KOTTY Men Low Rise Straight Clean Jeans,KOTTY,Clothing,600,600,70,4.5,266,https://dummyjson.com/image/400x400/282828/ffffff?text=KOTTY%20Men%20Low%20R,https://www.ajio.com/kotty-men-low-rise-straight-clean-jeans/p/701329110_black?,ajio
TRUE FADES Men Low-Rise Straight Jeans,TRUE FADES,Clothing,640,640,68,4.5,112,https://dummyjson.com/image/400x400/282828/ffffff?text=TRUE%20FADES%20Men%20,https://www.ajio.com/true-fades-men-low-rise-straight-jeans/p/703002948_grey?,ajio
V-MART Men Mid-Rise Skinny Jeans,V-MART,Clothing,703,703,12,4.5,159,https://dummyjson.com/image/400x400/282828/ffffff?text=V-MART%20Men%20Mid-,https://www.ajio.com/v-mart-men-mid-rise-skinny-jeans/p/703048737_black?,ajio
DNMX Women Lightly Washed High-Rise Wide-Leg Jeans,DNMX,Clothing,560,560,49,4,320,https://dummyjson.com/image/400x400/282828/ffffff?text=DNMX%20Women%20Ligh,https://www.ajio.com/dnmx-women-lightly-washed-high-rise-wide-leg-jeans/p/443103721_mediumblue?,ajio
LEVI'S Men Lightly Washed 511 Slim Fit Jeans,LEVI'S,Clothing,1092,1092,58,5,164,https://dummyjson.com/image/400x400/282828/ffffff?text=LEVI'S%20Men%20Ligh,https://www.ajio.com/levi-s-men-lightly-washed-511-slim-fit-jeans/p/442429429_indigo?,ajio
Calvin Klein Jeans Men Mid Rise Skinny Jeans,Calvin Klein Jeans,Clothing,6446,6446,32,4.5,93,https://dummyjson.com/image/400x400/282828/ffffff?text=Calvin%20Klein%20Je,https://www.ajio.com/calvin-klein-jeans-men-mid-rise-skinny-jeans/p/703002811_black?,ajio
Masterly Weft Men Straight Fit Jeans with 5-Pocket Styling,Masterly Weft,Clothing,660,660,67,5,270,https://dummyjson.com/image/400x400/282828/ffffff?text=Masterly%20Weft%20M,https://www.ajio.com/masterly-weft-men-straight-fit-jeans-with-5-pocket-styling-/p/701982150_black?,ajio
POSHAX Men Lightly Washed Relaxed Fit Mid-Rise Baggy Jeans,POSHAX,Clothing,600,600,88,5,229,https://dummyjson.com/image/400x400/282828/ffffff?text=POSHAX%20Men%20Ligh,https://www.ajio.com/poshax-men-lightly-washed-relaxed-fit-mid-rise-baggy-jeans/p/700754419_black?,ajio
Calvin Klein Jeans Men Washed Mid-Rise Straight Jeans,Calvin Klein Jeans,Clothing,8279,8279,8,4.5,439,https://dummyjson.com/image/400x400/282828/ffffff?text=Calvin%20Klein%20Je,https://www.ajio.com/calvin-klein-jeans-men-washed-mid-rise-straight-jeans/p/703126788_blue?,ajio
LEVI'S Women Lightly Washed High-Rise 726 Flared Jeans,LEVI'S,Clothing,1386,1386,58,4,189,https://dummyjson.com/image/400x400/282828/ffffff?text=LEVI'S%20Women%20Li,https://www.ajio.com/levi-s-women-lightly-washed-high-rise-726-flared-jeans/p/469800973_darkindigo?,ajio
The Indian Garage Co Lightly Washed Slim Fit Mid-Rise Jeans,The Indian Garage Co,Clothing,690,690,70,5,215,https://dummyjson.com/image/400x400/282828/ffffff?text=The%20Indian%20Gara,https://www.ajio.com/the-indian-garage-co-lightly-washed-slim-fit-mid-rise-jeans/p/460789301_blue?,ajio
Calvin Klein Jeans Men Lightly Washed Skinny Fit Jeans,Calvin Klein Jeans,Clothing,5055,5055,40,4.5,198,https://dummyjson.com/image/400x400/282828/ffffff?text=Calvin%20Klein%20Je,https://www.ajio.com/calvin-klein-jeans-men-lightly-washed-skinny-fit-jeans/p/469760965_vintagerinse?,ajio
TRUE FADES Men Low-Rise Straight Jeans,TRUE FADES,Clothing,640,640,68,4,401,https://dummyjson.com/image/400x400/282828/ffffff?text=TRUE%20FADES%20Men%20,https://www.ajio.com/true-fades-men-low-rise-straight-jeans/p/703002580_white?,ajio
U.S. Polo Assn. Women Mid-Wash Wide-Leg Jeans,U.S. Polo Assn.,Clothing,2377,2377,18,5,75,https://dummyjson.com/image/400x400/282828/ffffff?text=U.S.%20Polo%20Assn.,https://www.ajio.com/u-s-polo-assn-women-mid-wash-wide-leg-jeans/p/469647051_blue?,ajio
Calvin Klein Jeans Men Mid-Rise 5PKT 90S Tapered Jeans,Calvin Klein Jeans,Clothing,6119,6119,32,4.5,384,https://dummyjson.com/image/400x400/282828/ffffff?text=Calvin%20Klein%20Je,https://www.ajio.com/calvin-klein-jeans-men-mid-rise-5pkt-90s-tapered-jeans/p/469760962_washedbone?,ajio
QNIM Men Lightly Washed Relaxed Cargo Jeans,QNIM,Clothing,700,700,86,4.5,96,https://dummyjson.com/image/400x400/282828/ffffff?text=QNIM%20Men%20Lightl,https://www.ajio.com/qnim-men-lightly-washed-relaxed-cargo-jeans-/p/703026064_navy?,ajio
BEWAKOOF Men Baggy Fit Acid Wash Mid-Rise Jeans,BEWAKOOF,Clothing,1199,1199,65,4.5,236,https://dummyjson.com/image/400x400/282828/ffffff?text=BEWAKOOF%20Men%20Ba,https://www.ajio.com/bewakoof-men-baggy-fit-acid-wash-mid-rise-jeans/p/702075108_brown?,ajio
Calvin Klein Jeans Men Heavily Washed Straight Jeans,Calvin Klein Jeans,Clothing,7559,7559,16,4,195,https://dummyjson.com/image/400x400/282828/ffffff?text=Calvin%20Klein%20Je,https://www.ajio.com/calvin-klein-jeans-men-heavily-washed-straight-jeans/p/703162450_blue?,ajio
JOHN PLAYERS JEANS Men Lightly Washed Slim Fit Jeans,JOHN PLAYERS JEANS,Clothing,450,450,70,4,292,https://dummyjson.com/image/400x400/282828/ffffff?text=JOHN%20PLAYERS%20JE,https://www.ajio.com/john-players-jeans-men-lightly-washed-slim-fit-jeans/p/443100559_black?,ajio
KOTTY Low-Rise Relaxed Fit Jeans,KOTTY,Clothing,600,600,70,4,41,https://dummyjson.com/image/400x400/282828/ffffff?text=KOTTY%20Low-Rise%20,https://www.ajio.com/kotty-low-rise-relaxed-fit-jeans/p/466646391_blue?,ajio
Calvin Klein Jeans Men Mid-Rise Mid-Wash Tapered Jeans,Calvin Klein Jeans,Clothing,5439,5439,32,4.5,358,https://dummyjson.com/image/400x400/282828/ffffff?text=Calvin%20Klein%20Je,https://www.ajio.com/calvin-klein-jeans-men-mid-rise-mid-wash-tapered-jeans/p/702391039_blue?,ajio
Lee Cooper Men Mid-Wash Distressed Slim Fit Jeans,Lee Cooper,Clothing,647,647,70,4.5,11,https://dummyjson.com/image/400x400/282828/ffffff?text=Lee%20Cooper%20Men%20,https://www.ajio.com/lee-cooper-men-mid-wash-distressed-slim-fit-jeans/p/443281435_ltblue?,ajio
ZAYSH Men Straight Mid-Rise Relaxed Clean Jeans with 5-Pocket Styling,ZAYSH,Clothing,537,537,57,4,61,https://dummyjson.com/image/400x400/282828/ffffff?text=ZAYSH%20Men%20Strai,https://www.ajio.com/zaysh-men-straight-mid-rise-relaxed-clean-jeans-with-5-pocket-styling/p/701480637_blue?,ajio
Calvin Klein Jeans Men Relaxed Fit Mid-Rise Jeans,Calvin Klein Jeans,Clothing,9799,9799,2,4.5,253,https://dummyjson.com/image/400x400/282828/ffffff?text=Calvin%20Klein%20Je,https://www.ajio.com/calvin-klein-jeans-men-relaxed-fit-mid-rise-jeans/p/703188342_blue?,ajio
The Indian Garage Co Men Lightly Washed Distressed Straight Mid-Rise Jeans,The Indian Garage Co,Clothing,750,750,70,4,127,https://dummyjson.com/image/400x400/282828/ffffff?text=The%20Indian%20Gara,https://www.ajio.com/the-indian-garage-co-men-lightly-washed-distressed-straight-mid-rise-jeans/p/442809137_blue?,ajio
Buda Jeans Co Mid-Rise Bootcut Jeans,Buda Jeans Co,Clothing,750,750,70,4,295,https://dummyjson.com/image/400x400/282828/ffffff?text=Buda%20Jeans%20Co%20M,https://www.ajio.com/buda-jeans-co-mid-rise-bootcut-jeans/p/703150724_blue?,ajio
Calvin Klein Jeans Men Washed Mid-Rise Jeans,Calvin Klein Jeans,Clothing,6399,6399,20,4,376,https://dummyjson.com/image/400x400/282828/ffffff?text=Calvin%20Klein%20Je,https://www.ajio.com/calvin-klein-jeans-men-washed-mid-rise-jeans/p/703091425_grey?,ajio
The Indian Garage Co Mid-Rise Skinny Fit Clean Jeans,The Indian Garage Co,Clothing,645,645,70,4,258,https://dummyjson.com/image/400x400/282828/ffffff?text=The%20Indian%20Gara,https://www.ajio.com/the-indian-garage-co-mid-rise-skinny-fit-clean-jeans/p/469327111_lightblue?,ajio
RAGZO Men Mid-Rise Relaxed Fit Baggy Jeans,RAGZO,Clothing,880,880,78,4.5,219,https://dummyjson.com/image/400x400/282828/ffffff?text=RAGZO%20Men%20Mid-R,https://www.ajio.com/ragzo-men-mid-rise-relaxed-fit-baggy-jeans/p/702279941_beige?,ajio
Calvin Klein Jeans Men Heavy-Wash Mid-Rise Skinny Jeans,Calvin Klein Jeans,Clothing,5999,5999,40,5,228,https://dummyjson.com/image/400x400/282828/ffffff?text=Calvin%20Klein%20Je,https://www.ajio.com/calvin-klein-jeans-men-heavy-wash-mid-rise-skinny-jeans/p/702433342_grey?,ajio
LEVI'S Men 505 Straight Fit Mid-Rise Jeans,LEVI'S,Clothing,1886,1886,49,5,185,https://dummyjson.com/image/400x400/282828/ffffff?text=LEVI'S%20Men%20505%20,https://www.ajio.com/levi-s-men-505-straight-fit-mid-rise-jeans/p/469800805_black?,ajio
The Indian Garage Co Heavy-Wash Slim Fit Jeans,The Indian Garage Co,Clothing,825,825,70,4,296,https://dummyjson.com/image/400x400/282828/ffffff?text=The%20Indian%20Gara,https://www.ajio.com/the-indian-garage-co-heavy-wash-slim-fit-jeans/p/469435575_blue?,ajio
Calvin Klein Jeans Men Lightly Washed Straigh Fit Jeans,Calvin Klein Jeans,Clothing,7799,7799,40,4.5,295,https://dummyjson.com/image/400x400/282828/ffffff?text=Calvin%20Klein%20Je,https://www.ajio.com/calvin-klein-jeans-men-lightly-washed-straigh-fit-jeans-/p/702577957_black?,ajio
Bene Kleed Mid Rise Bootcut Jeans,Bene Kleed,Clothing,1044,1044,64,4.5,444,https://dummyjson.com/image/400x400/282828/ffffff?text=Bene%20Kleed%20Mid%20,https://www.ajio.com/bene-kleed-mid-rise-bootcut-jeans/p/702812185_grey?,ajio
BEN MARTIN Men Relaxed High-Rise Baggy Mid-Wash Jeans,BEN MARTIN,Clothing,870,870,71,5,309,https://dummyjson.com/image/400x400/282828/ffffff?text=BEN%20MARTIN%20Men%20,https://www.ajio.com/ben-martin-men-relaxed-high-rise-baggy-mid-wash-jeans/p/700429007_grey?,ajio
Calvin Klein Jeans Men Mid-Wash Straight Jeans,Calvin Klein Jeans,Clothing,9479,9479,40,5,350,https://dummyjson.com/image/400x400/282828/ffffff?text=Calvin%20Klein%20Je,https://www.ajio.com/calvin-klein-jeans-men-mid-wash-straight-jeans/p/703359135_charcoal?,ajio
TRUE FADES Men Lightly Washed Straight Denim Jeans,TRUE FADES,Clothing,640,640,68,4.5,57,https://dummyjson.com/image/400x400/282828/ffffff?text=TRUE%20FADES%20Men%20,https://www.ajio.com/true-fades-men-lightly-washed-straight-denim-jeans-/p/703150874_navy?,ajio
KOTTY Men Low Rise Relaxed Fit Clean Jeans,KOTTY,Clothing,600,600,70,4,271,https://dummyjson.com/image/400x400/282828/ffffff?text=KOTTY%20Men%20Low%20R,https://www.ajio.com/kotty-men-low-rise-relaxed-fit-clean-jeans/p/701329098_blue?,ajio
Calvin Klein Jeans Men Mid-Rise Straight Jeans,Calvin Klein Jeans,Clothing,5055,5055,40,5,50,https://dummyjson.com/image/400x400/282828/ffffff?text=Calvin%20Klein%20Je,https://www.ajio.com/calvin-klein-jeans-men-mid-rise-straight-jeans/p/469760974_indigogravel?,ajio
AVANOVA Men Mid-Wash Slim Fit Jeans,AVANOVA,Clothing,634,634,67,4.5,114,https://dummyjson.com/image/400x400/282828/ffffff?text=AVANOVA%20Men%20Mid,https://www.ajio.com/avanova-men-mid-wash-slim-fit-jeans-/p/702191080_blue?,ajio
BEWAKOOF Men Light Washed Slim Straight Fit Stretchable Mid-Rise Jeans,BEWAKOOF,Clothing,999,999,64,4,167,https://dummyjson.com/image/400x400/282828/ffffff?text=BEWAKOOF%20Men%20Li,https://www.ajio.com/bewakoof-men-light-washed-slim-straight-fit-stretchable-mid-rise-jeans/p/702105498_aqua?,ajio
SNITCH Men Mid Rise Fixed Waist Jeans,SNITCH,Clothing,1999,1999,0,4.5,106,https://dummyjson.com/image/400x400/282828/ffffff?text=SNITCH%20Men%20Mid%20,https://www.ajio.com/snitch-men-mid-rise-fixed-waist-jeans/p/703351671_grey?,ajio
LEVI'S Men 555 Relaxed Fit Mid-Rise Jeans,LEVI'S,Clothing,2303,2303,36,4,378,https://dummyjson.com/image/400x400/282828/ffffff?text=LEVI'S%20Men%20555%20,https://www.ajio.com/levi-s-men-555-relaxed-fit-mid-rise-jeans/p/469762128_darkindigo?,ajio
SNITCH Lightly Washed Mid-Rise Jeans,SNITCH,Clothing,1689,1689,6,4,39,https://dummyjson.com/image/400x400/282828/ffffff?text=SNITCH%20Lightly%20,https://www.ajio.com/snitch-lightly-washed-mid-rise-jeans/p/464270712_blue?,ajio
SNITCH Men Mid Rise Fixed Waist Jeans,SNITCH,Clothing,1599,1599,0,4.5,432,https://dummyjson.com/image/400x400/282828/ffffff?text=SNITCH%20Men%20Mid%20,https://www.ajio.com/snitch-men-mid-rise-fixed-waist-jeans/p/703159351_blue?,ajio
AVANOVA Men High Rise Jeans,AVANOVA,Clothing,640,640,68,4,102,https://dummyjson.com/image/400x400/282828/ffffff?text=AVANOVA%20Men%20Hig,https://www.ajio.com/avanova-men-high-rise-jeans/p/702122939_aqua?,ajio
The Indian Garage Co Heavily Washed Bootcut Jeans,The Indian Garage Co,Clothing,735,735,70,4.5,344,https://dummyjson.com/image/400x400/282828/ffffff?text=The%20Indian%20Gara,https://www.ajio.com/the-indian-garage-co-heavily-washed-bootcut-jeans/p/469349541_blue?,ajio
V-MART Men Mid-Rise Slim Fit Jeans,V-MART,Clothing,599,599,0,4,97,https://dummyjson.com/image/400x400/282828/ffffff?text=V-MART%20Men%20Mid-,https://www.ajio.com/v-mart-men-mid-rise-slim-fit-jeans/p/702338030_grey?,ajio
COSMIC Women Bootcut Jeans with 5-Pocket Styling,COSMIC,Clothing,513,513,73,4,407,https://dummyjson.com/image/400x400/282828/ffffff?text=COSMIC%20Women%20Bo,https://www.ajio.com/cosmic-women-bootcut-jeans-with-5-pocket-styling-/p/702122946_blue?,ajio
Masterly Weft Men Straight Fit Jeans with 5-Pocket Styling,Masterly Weft,Clothing,660,660,67,4.5,52,https://dummyjson.com/image/400x400/282828/ffffff?text=Masterly%20Weft%20M,https://www.ajio.com/masterly-weft-men-straight-fit-jeans-with-5-pocket-styling-/p/701982193_black?,ajio
V-MART Men Washed Mid-Rise Straight Jeans,V-MART,Clothing,764,764,15,4,265,https://dummyjson.com/image/400x400/282828/ffffff?text=V-MART%20Men%20Wash,https://www.ajio.com/v-mart-men-washed-mid-rise-straight-jeans/p/703049893_grey?,ajio
SNITCH Men Washed Mid-Rise Cotton Relaxed Jeans,SNITCH,Clothing,1224,1224,28,5,356,https://dummyjson.com/image/400x400/282828/ffffff?text=SNITCH%20Men%20Wash,https://www.ajio.com/snitch-men-washed-mid-rise-cotton-relaxed-jeans/p/702957527_indigo?,ajio
Rockwell Men Lightly Washed Baggy Jeans,Rockwell,Clothing,779,779,74,4.5,446,https://dummyjson.com/image/400x400/282828/ffffff?text=Rockwell%20Men%20Li,https://www.ajio.com/rockwell-men-lightly-washed-baggy-jeans-/p/701345187_grey?,ajio
V-MART Men Mid-Wash Skinny Mid-Rise Jeans,V-MART,Clothing,679,679,15,4,172,https://dummyjson.com/image/400x400/282828/ffffff?text=V-MART%20Men%20Mid-,https://www.ajio.com/v-mart-men-mid-wash-skinny-mid-rise-jeans/p/702338280_black?,ajio
The Indian Garage Co Men Heavily Washed Baggy Fit Jeans,The Indian Garage Co,Clothing,705,705,70,4.5,219,https://dummyjson.com/image/400x400/282828/ffffff?text=The%20Indian%20Gara,https://www.ajio.com/the-indian-garage-co-men-heavily-washed-baggy-fit-jeans/p/469599484_black?,ajio
Bene Kleed Men Relaxed Fit Mid-Rise Clean Jeans,Bene Kleed,Clothing,874,874,62,4.5,277,https://dummyjson.com/image/400x400/282828/ffffff?text=Bene%20Kleed%20Men%20,https://www.ajio.com/bene-kleed-men-relaxed-fit-mid-rise-clean-jeans/p/465859404_beige?,ajio
SNITCH Men Stone-Wash Mid-Rise Baggy Fit Jeans,SNITCH,Clothing,1399,1399,26,4.5,64,https://dummyjson.com/image/400x400/282828/ffffff?text=SNITCH%20Men%20Ston,https://www.ajio.com/snitch-men-stone-wash-mid-rise-baggy-fit-jeans/p/702984788_blue?,ajio
URBANO FASHION Relaxed Fit Washed Jeans,URBANO FASHION,Clothing,1429,1429,45,4,97,https://dummyjson.com/image/400x400/282828/ffffff?text=URBANO%20FASHION%20,https://www.ajio.com/urbano-fashion-relaxed-fit-washed-jeans/p/702366369_navy?,ajio
The Indian Garage Co Acid Wash Straight Fit Mid-Rise Jeans,The Indian Garage Co,Clothing,780,780,70,4,82,https://dummyjson.com/image/400x400/282828/ffffff?text=The%20Indian%20Gara,https://www.ajio.com/the-indian-garage-co-acid-wash-straight-fit-mid-rise-jeans/p/469349533_blue?,ajio
SNITCH Men Lightly-Washed Baggy Jeans,SNITCH,Clothing,1599,1599,0,4.5,303,https://dummyjson.com/image/400x400/282828/ffffff?text=SNITCH%20Men%20Ligh,https://www.ajio.com/snitch-men-lightly-washed-baggy-jeans/p/703154800_blue?,ajio
The Indian Garage Co Men Acid Heavily Washed Slim Fit Jeans,The Indian Garage Co,Clothing,600,600,70,4,147,https://dummyjson.com/image/400x400/282828/ffffff?text=The%20Indian%20Gara,https://www.ajio.com/the-indian-garage-co-men-acid-heavily-washed-slim-fit-jeans/p/460733301_grey?,ajio
TRUE FADES Men Low-Rise Straight Jeans,TRUE FADES,Clothing,640,640,68,4.5,354,https://dummyjson.com/image/400x400/282828/ffffff?text=TRUE%20FADES%20Men%20,https://www.ajio.com/true-fades-men-low-rise-straight-jeans/p/703002628_blue?,ajio
V-MART Men Mid Rise Cotton Jeans,V-MART,Clothing,539,539,10,4.5,342,https://dummyjson.com/image/400x400/282828/ffffff?text=V-MART%20Men%20Mid%20,https://www.ajio.com/v-mart-men-mid-rise-cotton-jeans/p/703345700_grey?,ajio
Bene Kleed Men High Rise Jeans,Bene Kleed,Clothing,960,960,60,4.5,197,https://dummyjson.com/image/400x400/282828/ffffff?text=Bene%20Kleed%20Men%20,https://www.ajio.com/bene-kleed-men-high-rise-jeans/p/701590165_blue?,ajio
U.S. Polo Assn. Men Harold Lightly Washed Slim Straight Fit Jeans,U.S. Polo Assn.,Clothing,1559,1559,35,4,31,https://dummyjson.com/image/400x400/282828/ffffff?text=U.S.%20Polo%20Assn.,https://www.ajio.com/u-s-polo-assn-men-harold-lightly-washed-slim-straight-fit-jeans/p/469723575_blue?,ajio
V-MART Men Mid Rise Cotton Jeans,V-MART,Clothing,967,967,12,4,97,https://dummyjson.com/image/400x400/282828/ffffff?text=V-MART%20Men%20Mid%20,https://www.ajio.com/v-mart-men-mid-rise-cotton-jeans/p/703345459_olive?,ajio
TRUE FADES Men Mid-Wash Straight Jeans,TRUE FADES,Clothing,640,640,68,4,224,https://dummyjson.com/image/400x400/282828/ffffff?text=TRUE%20FADES%20Men%20,https://www.ajio.com/true-fades-men-mid-wash-straight-jeans/p/703036639_blue?,ajio
Instafab Plus Men Lightly Washed Relaxed Fit Jeans,Instafab Plus,Clothing,630,630,65,4,229,https://dummyjson.com/image/400x400/282828/ffffff?text=Instafab%20Plus%20M,https://www.ajio.com/instafab-plus-men-lightly-washed-relaxed-fit-jeans-/p/466842067_blue?,ajio
KOTTY Men Low Rise Relaxed Fit Clean Jeans,KOTTY,Clothing,600,600,70,4,375,https://dummyjson.com/image/400x400/282828/ffffff?text=KOTTY%20Men%20Low%20R,https://www.ajio.com/kotty-men-low-rise-relaxed-fit-clean-jeans/p/701329178_blue?,ajio
LEVI'S Men Lightly Washed 541 Tapered Fit Jeans,LEVI'S,Clothing,1505,1505,57,4.5,289,https://dummyjson.com/image/400x400/282828/ffffff?text=LEVI'S%20Men%20Ligh,https://www.ajio.com/levi-s-men-lightly-washed-541-tapered-fit-jeans/p/469800861_darkindigo?,ajio
Moda star Men Washed Straight Jeans with 5-Pocket Styling,Moda star,Clothing,624,624,52,4.5,231,https://dummyjson.com/image/400x400/282828/ffffff?text=Moda%20star%20Men%20W,https://www.ajio.com/moda-star-men-washed-straight-jeans-with-5-pocket-styling/p/702528020_grey?,ajio
KOTTY Men Relaxed Mid Rise Jeans,KOTTY,Clothing,600,600,70,4,51,https://dummyjson.com/image/400x400/282828/ffffff?text=KOTTY%20Men%20Relax,https://www.ajio.com/kotty-men-relaxed-mid-rise-jeans/p/702110268_blue?,ajio
HENCE Men Washed Baggy Jeans,HENCE,Clothing,700,700,65,4,92,https://dummyjson.com/image/400x400/282828/ffffff?text=HENCE%20Men%20Washe,https://www.ajio.com/hence-men-washed-baggy-jeans/p/702606269_navy?,ajio
Highlander Men Mid-Wash Straight Fit Jeans,Highlander,Clothing,726,726,67,4,229,https://dummyjson.com/image/400x400/282828/ffffff?text=Highlander%20Men%20,https://www.ajio.com/highlander-men-mid-wash-straight-fit-jeans/p/442433584_blue?,ajio
URBANO FASHION Men Slim Fit Mid-Rise Clean Jeans,URBANO FASHION,Clothing,811,811,42,4.5,450,https://dummyjson.com/image/400x400/282828/ffffff?text=URBANO%20FASHION%20,https://www.ajio.com/urbano-fashion-men-slim-fit-mid-rise-clean-jeans/p/464410177_blue?,ajio
URBANO FASHION Men Heavily Washed Slim Fit Mid-Rise Jeans,URBANO FASHION,Clothing,895,895,44,4.5,134,https://dummyjson.com/image/400x400/282828/ffffff?text=URBANO%20FASHION%20,https://www.ajio.com/urbano-fashion-men-heavily-washed-slim-fit-mid-rise-jeans/p/466001140_black?,ajio
MAX Mid-Rise Skinny Fit Clean Jeans,MAX,Clothing,599,599,14,4.5,154,https://dummyjson.com/image/400x400/282828/ffffff?text=MAX%20Mid-Rise%20Sk,https://www.ajio.com/max-mid-rise-skinny-fit-clean-jeans/p/466671454_blue?,ajio
V-MART Men Washed Mid-Rise Slim Jeans,V-MART,Clothing,703,703,12,5,73,https://dummyjson.com/image/400x400/282828/ffffff?text=V-MART%20Men%20Wash,https://www.ajio.com/v-mart-men-washed-mid-rise-slim-jeans/p/703049743_black?,ajio
LEVI'S Men Lightly Washed 541 Tapered Fit Jeans,LEVI'S,Clothing,2014,2014,35,5,275,https://dummyjson.com/image/400x400/282828/ffffff?text=LEVI'S%20Men%20Ligh,https://www.ajio.com/levi-s-men-lightly-washed-541-tapered-fit-jeans/p/469800865_darkindigo?,ajio
The Indian Garage Co Mid-Rise Slim Fit Jeans,The Indian Garage Co,Clothing,600,600,70,4.5,278,https://dummyjson.com/image/400x400/282828/ffffff?text=The%20Indian%20Gara,https://www.ajio.com/the-indian-garage-co-mid-rise-slim-fit-jeans/p/469009839_blue?,ajio
SNITCH Men Mid-Rise Cotton Bootcut Jeans,SNITCH,Clothing,1999,1999,0,4,167,https://dummyjson.com/image/400x400/282828/ffffff?text=SNITCH%20Men%20Mid-,https://www.ajio.com/snitch-men-mid-rise-cotton-bootcut-jeans/p/703126307_black?,ajio
DNMX Men Mid-Rise Slim Fit Jeans,DNMX,Clothing,799,799,0,5,168,https://dummyjson.com/image/400x400/282828/ffffff?text=DNMX%20Men%20Mid-Ri,https://www.ajio.com/dnmx-men-mid-rise-slim-fit-jeans/p/443095176_jetblack?,ajio
TRUE FADES Men Low-Rise Straight Jeans,TRUE FADES,Clothing,640,640,68,4.5,199,https://dummyjson.com/image/400x400/282828/ffffff?text=TRUE%20FADES%20Men%20,https://www.ajio.com/true-fades-men-low-rise-straight-jeans/p/703036666_black?,ajio
SNITCH Men Mid-Rise Straight Jeans,SNITCH,Clothing,1299,1299,28,4.5,335,https://dummyjson.com/image/400x400/282828/ffffff?text=SNITCH%20Men%20Mid-,https://www.ajio.com/snitch-men-mid-rise-straight-jeans/p/700027409_olive?,ajio
XEE Men Mid Rise Baggy Jeans,XEE,Clothing,875,875,65,4.5,142,https://dummyjson.com/image/400x400/282828/ffffff?text=XEE%20Men%20Mid%20Ris,https://www.ajio.com/xee-men-mid-rise-baggy-jeans/p/701901631_white?,ajio
U.S. Polo Assn. Men Heavily Washed Brandon Slim Tapered Fit Jeans,U.S. Polo Assn.,Clothing,1379,1379,40,4.5,170,https://dummyjson.com/image/400x400/282828/ffffff?text=U.S.%20Polo%20Assn.,https://www.ajio.com/u-s-polo-assn-men-heavily-washed-brandon-slim-tapered-fit-jeans/p/469757209_meindigo?,ajio
Calvin Klein Jeans Men Mid-Rise Mid-Wash Slim Jeans,Calvin Klein Jeans,Clothing,5399,5399,40,4.5,11,https://dummyjson.com/image/400x400/282828/ffffff?text=Calvin%20Klein%20Je,https://www.ajio.com/calvin-klein-jeans-men-mid-rise-mid-wash-slim-jeans/p/702391040_blue?,ajio
MISS CHASE Women High-Rise Wide Jeans with Fly Button Closure,MISS CHASE,Clothing,798,798,62,4,69,https://dummyjson.com/image/400x400/282828/ffffff?text=MISS%20CHASE%20Wome,https://www.ajio.com/miss-chase-women-high-rise-wide-jeans-with-fly-button-closure-/p/703134046_blue?,ajio
The Indian Garage Co Acid Washed Slim Fit Jeans,The Indian Garage Co,Clothing,600,600,70,4,327,https://dummyjson.com/image/400x400/282828/ffffff?text=The%20Indian%20Gara,https://www.ajio.com/the-indian-garage-co-acid-washed-slim-fit-jeans/p/469009847_blue?,ajio
SNITCH Men Lightly Washed Straight Jeans,SNITCH,Clothing,1299,1299,24,5,373,https://dummyjson.com/image/400x400/282828/ffffff?text=SNITCH%20Men%20Ligh,https://www.ajio.com/snitch-men-lightly-washed-straight-jeans-/p/700012889_beige?,ajio
High Star Men Lightly Washed Distressed Relaxed Fit Mid-Rise Jeans,High Star,Clothing,1295,1295,63,4,399,https://dummyjson.com/image/400x400/282828/ffffff?text=High%20Star%20Men%20L,https://www.ajio.com/high-star-men-lightly-washed-distressed-relaxed-fit-mid-rise-jeans/p/467296181_blue?,ajio
U.S. Polo Assn. Men Brandon Lightly Washed Slim Tapered Fit Jeans,U.S. Polo Assn.,Clothing,1494,1494,35,5,409,https://dummyjson.com/image/400x400/282828/ffffff?text=U.S.%20Polo%20Assn.,https://www.ajio.com/u-s-polo-assn-men-brandon-lightly-washed-slim-tapered-fit-jeans/p/469723572_blue?,ajio
SNITCH Men Washed Straight Jeans,SNITCH,Clothing,1899,1899,0,4,196,https://dummyjson.com/image/400x400/282828/ffffff?text=SNITCH%20Men%20Wash,https://www.ajio.com/snitch-men-washed-straight-jeans/p/703351479_grey?,ajio
The Indian Garage Co Lightly Washed Slim Fit Mid-Rise Jeans,The Indian Garage Co,Clothing,660,660,70,4.5,359,https://dummyjson.com/image/400x400/282828/ffffff?text=The%20Indian%20Gara,https://www.ajio.com/the-indian-garage-co-lightly-washed-slim-fit-mid-rise-jeans/p/469349483_charcoal?,ajio
DNMX Women Lightly Washed Boyfriend Jeans,DNMX,Clothing,662,662,49,4,122,https://dummyjson.com/image/400x400/282828/ffffff?text=DNMX%20Women%20Ligh,https://www.ajio.com/dnmx-women-lightly-washed-boyfriend-jeans/p/443099856_mediumblue?,ajio
SNITCH Men Straight Fit Jeans with 5-Pocket Styling,SNITCH,Clothing,1299,1299,24,4,175,https://dummyjson.com/image/400x400/282828/ffffff?text=SNITCH%20Men%20Stra,https://www.ajio.com/snitch-men-straight-fit-jeans-with-5-pocket-styling/p/700226101_blue?,ajio
DNMX Men Mid-Rise Loose Fit Jeans,DNMX,Clothing,764,764,49,4,369,https://dummyjson.com/image/400x400/282828/ffffff?text=DNMX%20Men%20Mid-Ri,https://www.ajio.com/dnmx-men-mid-rise-loose-fit-jeans/p/443089432_mediumblue?,ajio
DNMX Women High-Rise Relaxed Jeans,DNMX,Clothing,533,533,59,4,311,https://dummyjson.com/image/400x400/282828/ffffff?text=DNMX%20Women%20High,https://www.ajio.com/dnmx-women-high-rise-relaxed-jeans/p/443103738_darkgrey?,ajio
SNITCH Men Stone Washed Flared Jeans,SNITCH,Clothing,1299,1299,35,4.5,308,https://dummyjson.com/image/400x400/282828/ffffff?text=SNITCH%20Men%20Ston,https://www.ajio.com/snitch-men-stone-washed-flared-jeans/p/703021255_blue?,ajio
Rockwell Men Heavily Washed Baggy Relaxed Jeans,Rockwell,Clothing,779,779,74,4,114,https://dummyjson.com/image/400x400/282828/ffffff?text=Rockwell%20Men%20He,https://www.ajio.com/rockwell-men-heavily-washed-baggy-relaxed-jeans-/p/701345187_blue?,ajio
SNITCH Men Relaxed Mid-Rise Mid-Wash Jeans,SNITCH,Clothing,1699,1699,0,4,437,https://dummyjson.com/image/400x400/282828/ffffff?text=SNITCH%20Men%20Rela,https://www.ajio.com/snitch-men-relaxed-mid-rise-mid-wash-jeans/p/700634449_charcoal?,ajio
URBANO FASHION Men Lightly Washed Slim Fit Mid-Rise Jeans,URBANO FASHION,Clothing,869,869,42,4.5,234,https://dummyjson.com/image/400x400/282828/ffffff?text=URBANO%20FASHION%20,https://www.ajio.com/urbano-fashion-men-lightly-washed-slim-fit-mid-rise-jeans/p/467162643_blue?,ajio
The Indian Garage Co Lightly Washed Slim Fit Mid-Rise Jeans,The Indian Garage Co,Clothing,780,780,70,4,388,https://dummyjson.com/image/400x400/282828/ffffff?text=The%20Indian%20Gara,https://www.ajio.com/the-indian-garage-co-lightly-washed-slim-fit-mid-rise-jeans/p/469393367_blue?,ajio
JOHN PLAYERS JEANS Men Low-Rise Skinny Fit Jeans,JOHN PLAYERS JEANS,Clothing,662,662,49,4.5,312,https://dummyjson.com/image/400x400/282828/ffffff?text=JOHN%20PLAYERS%20JE,https://www.ajio.com/john-players-jeans-men-low-rise-skinny-fit-jeans/p/443093526_darkblue?,ajio
SNITCH Men Mid Rise Fixed Waist Jeans,SNITCH,Clothing,1599,1599,16,4,18,https://dummyjson.com/image/400x400/282828/ffffff?text=SNITCH%20Men%20Mid%20,https://www.ajio.com/snitch-men-mid-rise-fixed-waist-jeans/p/703158666_black?,ajio
Styli Cotton Stretch Balloon fit Mid-Rise Relaxed Mid-Wash Jeans,Styli,Clothing,968,968,43,5,185,https://dummyjson.com/image/400x400/282828/ffffff?text=Styli%20Cotton%20St,https://www.ajio.com/styli-cotton-stretch-balloon-fit-mid-rise-relaxed-mid-wash-jeans/p/466487897_blue?,ajio
LEVI'S Men 505 Straight Fit Mid-Rise Jeans,LEVI'S,Clothing,1924,1924,45,4.5,153,https://dummyjson.com/image/400x400/282828/ffffff?text=LEVI'S%20Men%20505%20,https://www.ajio.com/levi-s--men-505-straight-fit-mid-rise-jeans/p/443555513_indigo?,ajio
SNITCH Men Washed Straight Jeans,SNITCH,Clothing,1459,1459,23,5,277,https://dummyjson.com/image/400x400/282828/ffffff?text=SNITCH%20Men%20Wash,https://www.ajio.com/snitch-men-washed-straight-jeans/p/702619257_navy?,ajio
U.S. Polo Assn. Men Lightly Washed Cropped Fit Mid-Rise Slim Jeans,U.S. Polo Assn.,Clothing,1400,1400,50,4,248,https://dummyjson.com/image/400x400/282828/ffffff?text=U.S.%20Polo%20Assn.,https://www.ajio.com/u-s-polo-assn-men-lightly-washed-cropped-fit-mid-rise-slim-jeans/p/469598960_ltgrey?,ajio
MAX Men Rinsed Regular Fit Mid-Rise Straight Clean Jeans,MAX,Clothing,649,649,19,4,339,https://dummyjson.com/image/400x400/282828/ffffff?text=MAX%20Men%20Rinsed%20,https://www.ajio.com/max-men-rinsed-regular-fit-mid-rise-straight-clean-jeans/p/701205987_grey?,ajio
SNITCH Men Mid Rise Fixed Waist Baggy Clean Jeans,SNITCH,Clothing,1399,1399,22,5,294,https://dummyjson.com/image/400x400/282828/ffffff?text=SNITCH%20Men%20Mid%20,https://www.ajio.com/snitch-men-mid-rise-fixed-waist-baggy-clean-jeans/p/701542676_blue?,ajio
Highlander Men Mid Rise Flexi Waist Jeans,Highlander,Clothing,714,714,72,4,342,https://dummyjson.com/image/400x400/282828/ffffff?text=Highlander%20Men%20,https://www.ajio.com/highlander-men-mid-rise-flexi-waist-jeans/p/702126615_grey?,ajio
The Indian Garage Co Mid-Wash Slim Fit Mid-Rise Jeans with Whiskers,The Indian Garage Co,Clothing,600,600,70,4,120,https://dummyjson.com/image/400x400/282828/ffffff?text=The%20Indian%20Gara,https://www.ajio.com/the-indian-garage-co-mid-wash-slim-fit-mid-rise-jeans-with-whiskers/p/469172817_blue?,ajio
SNITCH Men Washed Flared Jeans,SNITCH,Clothing,1999,1999,0,5,231,https://dummyjson.com/image/400x400/282828/ffffff?text=SNITCH%20Men%20Wash,https://www.ajio.com/snitch-men-washed-flared-jeans/p/703343007_black?,ajio
LEVI'S Men Lightly Washed 513 Straight Fit Jeans,LEVI'S,Clothing,1886,1886,49,4,16,https://dummyjson.com/image/400x400/282828/ffffff?text=LEVI'S%20Men%20Ligh,https://www.ajio.com/levi-s-men-lightly-washed-513-straight-fit-jeans/p/469800800_darkindigo?,ajio
The Indian Garage Co Lightly Washed Slim Fit Distressed Mid-Rise Jeans,The Indian Garage Co,Clothing,765,765,70,4.5,329,https://dummyjson.com/image/400x400/282828/ffffff?text=The%20Indian%20Gara,https://www.ajio.com/the-indian-garage-co-lightly-washed-slim-fit-distressed-mid-rise-jeans/p/469349529_blue?,ajio
Shein Shein Full Length Fly With Button Closure Mid Wash Jeans,Shein,Clothing,699,699,0,4.5,199,https://dummyjson.com/image/400x400/282828/ffffff?text=Shein%20Shein%20Ful,https://www.ajio.com/shein-shein-full-length-fly-with-button-closure-mid-wash-jeans/p/443382965_darkblue?,ajio
ZAYSH Men Straight Mid-Rise Clean Jeans with 5-Pocket Styling,ZAYSH,Clothing,537,537,57,5,237,https://dummyjson.com/image/400x400/282828/ffffff?text=ZAYSH%20Men%20Strai,https://www.ajio.com/zaysh-men-straight-mid-rise-clean-jeans-with-5-pocket-styling/p/701480600_blue?,ajio
CINOCCI Men Lightly-Washed Mid-Rise Baggy Fit Jeans,CINOCCI,Clothing,1100,1100,56,4.5,39,https://dummyjson.com/image/400x400/282828/ffffff?text=CINOCCI%20Men%20Lig,https://www.ajio.com/cinocci-men-lightly-washed-mid-rise-baggy-fit-jeans-/p/702081526_navy?,ajio
SNITCH Men Washed Baggy Jeans,SNITCH,Clothing,1129,1129,34,4.5,19,https://dummyjson.com/image/400x400/282828/ffffff?text=SNITCH%20Men%20Wash,https://www.ajio.com/snitch-men-washed-baggy-jeans/p/702957731_black?,ajio
LEVI'S Men Lightly Washed 513 Straight Jeans,LEVI'S,Clothing,2144,2144,35,4,440,https://dummyjson.com/image/400x400/282828/ffffff?text=LEVI'S%20Men%20Ligh,https://www.ajio.com/levi-s-men-lightly-washed-513-straight-jeans/p/469800790_darkgrey?,ajio
RED TAPE Men Mid Rise Skinny Acid Wash Jeans,RED TAPE,Clothing,876,876,88,4.5,280,https://dummyjson.com/image/400x400/282828/ffffff?text=RED%20TAPE%20Men%20Mi,https://www.ajio.com/red-tape-men-mid-rise-skinny-acid-wash-jeans/p/701054369_ecru?,ajio
SNITCH Men Stone Washed Flared Jeans,SNITCH,Clothing,1249,1249,38,4.5,442,https://dummyjson.com/image/400x400/282828/ffffff?text=SNITCH%20Men%20Ston,https://www.ajio.com/snitch-men-stone-washed-flared-jeans/p/703021379_blue?,ajio
LEVI'S Men Mid-Rise 505 Straight Jeans,LEVI'S,Clothing,2404,2404,35,4,190,https://dummyjson.com/image/400x400/282828/ffffff?text=LEVI'S%20Men%20Mid-,https://www.ajio.com/levi-s-men-mid-rise-505-straight-jeans/p/469800810_black?,ajio
The Indian Garage Co Men Mid-Rise Slim Fit Clean Jeans,The Indian Garage Co,Clothing,690,690,70,4,359,https://dummyjson.com/image/400x400/282828/ffffff?text=The%20Indian%20Gara,https://www.ajio.com/the-indian-garage-co-men-mid-rise-slim-fit-clean-jeans/p/460619248_black?,ajio
SNITCH Men Mid-Washed Bootcut Jeans,SNITCH,Clothing,1499,1499,17,5,321,https://dummyjson.com/image/400x400/282828/ffffff?text=SNITCH%20Men%20Mid-,https://www.ajio.com/snitch-men-mid-washed-bootcut-jeans-/p/700460926_blue?,ajio
Bene Kleed Men Mid-Rise Straight Fit Jeans,Bene Kleed,Clothing,874,874,62,4.5,353,https://dummyjson.com/image/400x400/282828/ffffff?text=Bene%20Kleed%20Men%20,https://www.ajio.com/bene-kleed-men-mid-rise-straight-fit-jeans/p/466522084_ecru?,ajio
CINOCCI Men Mid-Washed Mid-Rise Baggy Fit Jeans,CINOCCI,Clothing,1100,1100,56,4.5,63,https://dummyjson.com/image/400x400/282828/ffffff?text=CINOCCI%20Men%20Mid,https://www.ajio.com/cinocci-men-mid-washed-mid-rise-baggy-fit-jeans-/p/702081526_blue?,ajio
URBANO FASHION Slim Fit Mid-Rise Clean Jeans with 5-Pocket Styling,URBANO FASHION,Clothing,867,867,38,4,89,https://dummyjson.com/image/400x400/282828/ffffff?text=URBANO%20FASHION%20,https://www.ajio.com/urbano-fashion-slim-fit-mid-rise-clean-jeans-with-5-pocket-styling/p/466635653_black?,ajio
The Indian Garage Co Heavily Washed Straight Fit Jeans,The Indian Garage Co,Clothing,765,765,70,4.5,286,https://dummyjson.com/image/400x400/282828/ffffff?text=The%20Indian%20Gara,https://www.ajio.com/the-indian-garage-co-heavily-washed-straight-fit-jeans/p/469349499_blue?,ajio
Shein Shein Ankle Length Fly With Button Closure Stone Wash Jeans,Shein,Clothing,799,799,0,4.5,62,https://dummyjson.com/image/400x400/282828/ffffff?text=Shein%20Shein%20Ank,https://www.ajio.com/shein-shein-ankle-length-fly-with-button-closure-stone-wash-jeans/p/443384006_midblue?,ajio
HENCE Men Washed Relaxed Jeans,HENCE,Clothing,640,640,68,4.5,442,https://dummyjson.com/image/400x400/282828/ffffff?text=HENCE%20Men%20Washe,https://www.ajio.com/hence-men-washed-relaxed-jeans/p/701440884_grey?,ajio
AVANOVA Men Mid-Wash Slim Fit Jeans,AVANOVA,Clothing,634,634,67,4.5,278,https://dummyjson.com/image/400x400/282828/ffffff?text=AVANOVA%20Men%20Mid,https://www.ajio.com/avanova-men-mid-wash-slim-fit-jeans-/p/702191080_navy?,ajio
LEVI'S Men Lightly Washed 517 Bootcut Jeans,LEVI'S,Clothing,2014,2014,35,4.5,442,https://dummyjson.com/image/400x400/282828/ffffff?text=LEVI'S%20Men%20Ligh,https://www.ajio.com/levi-s-men-lightly-washed-517-bootcut-jeans/p/469800852_darkindigo?,ajio
COSMIC Men Skinny Jeans with 5-Pocket Styling,COSMIC,Clothing,380,380,80,4,172,https://dummyjson.com/image/400x400/282828/ffffff?text=COSMIC%20Men%20Skin,https://www.ajio.com/cosmic-men-skinny-jeans-with-5-pocket-styling/p/467119170_blue?,ajio
DNMX Women Lightly Washed Wide-Leg Jeans,DNMX,Clothing,403,403,69,4,132,https://dummyjson.com/image/400x400/282828/ffffff?text=DNMX%20Women%20Ligh,https://www.ajio.com/dnmx-women-lightly-washed-wide-leg-jeans/p/443099855_mediumblue?,ajio
MAX Men Regular Fit Mid-Rise Straight Clean Jeans,MAX,Clothing,649,649,19,4.5,233,https://dummyjson.com/image/400x400/282828/ffffff?text=MAX%20Men%20Regular,https://www.ajio.com/max-men-regular-fit-mid-rise-straight-clean-jeans/p/701301045_blue?,ajio
SNITCH Men Mid-Rise Jeans with Insert Pockets,SNITCH,Clothing,822,822,37,4,76,https://dummyjson.com/image/400x400/282828/ffffff?text=SNITCH%20Men%20Mid-,https://www.ajio.com/snitch-men-mid-rise-jeans-with-insert-pockets/p/701640624_beige?,ajio
Bene Kleed Men Lightly Washed Relaxed Jeans,Bene Kleed,Clothing,874,874,62,4.5,56,https://dummyjson.com/image/400x400/282828/ffffff?text=Bene%20Kleed%20Men%20,https://www.ajio.com/bene-kleed-men-lightly-washed-relaxed-jeans/p/466717704_blue?,ajio
CINOCCI Men Mid-Washed Mid-Rise Baggy Fit Jeans,CINOCCI,Clothing,1100,1100,56,4,45,https://dummyjson.com/image/400x400/282828/ffffff?text=CINOCCI%20Men%20Mid,https://www.ajio.com/cinocci-men-mid-washed-mid-rise-baggy-fit-jeans-/p/702081526_black?,ajio
COSMIC Mid-Rise Jeans with Insert Pockets,COSMIC,Clothing,360,360,80,4,303,https://dummyjson.com/image/400x400/282828/ffffff?text=COSMIC%20Mid-Rise,https://www.ajio.com/cosmic-mid-rise-jeans-with-insert-pockets/p/467304956_charcoal?,ajio
Bene Kleed Solid Relaxed Jeans,Bene Kleed,Clothing,990,990,70,4,73,https://dummyjson.com/image/400x400/282828/ffffff?text=Bene%20Kleed%20Soli,https://www.ajio.com/bene-kleed-solid-relaxed-jeans/p/467042323_blue?,ajio
URBANO FASHION Men Slim Fit Jeans,URBANO FASHION,Clothing,940,940,53,4,264,https://dummyjson.com/image/400x400/282828/ffffff?text=URBANO%20FASHION%20,https://www.ajio.com/urbano-fashion-men-slim-fit-jeans/p/465715801_blue?,ajio
Nyrika Women Embroidered Straight Kurta with Pants & Dupatta,Nyrika,Clothing,611,611,76,4.5,173,https://dummyjson.com/image/400x400/282828/ffffff?text=Nyrika%20Women%20Em,https://www.ajio.com/nyrika-women-embroidered-straight-kurta-with-pants--dupatta/p/702364161_pink?,ajio
KATARA FASHION Women Floral Print Straight Kurta,KATARA FASHION,Clothing,390,390,74,5,286,https://dummyjson.com/image/400x400/282828/ffffff?text=KATARA%20FASHION%20,https://www.ajio.com/katara-fashion-women-floral-print-straight-kurta-/p/703317299_blue?,ajio
AVAASA MIX N' MATCH Women Geometric Print Straight Kurta,AVAASA MIX N' MATCH,Clothing,152,152,49,4,441,https://dummyjson.com/image/400x400/282828/ffffff?text=AVAASA%20MIX%20N'%20M,https://www.ajio.com/avaasa-mix-n-match-women-geometric-print-straight-kurta/p/443106388_mint?,ajio
SVARAA Women Cotton Embroidered Kurta Set,SVARAA,Clothing,675,675,75,4,374,https://dummyjson.com/image/400x400/282828/ffffff?text=SVARAA%20Women%20Co,https://www.ajio.com/svaraa-women-cotton-embroidered-kurta-set/p/703204105_pink?,ajio
AVAASA MIX N' MATCH Women Leaf Print Straight Kurta,AVAASA MIX N' MATCH,Clothing,254,254,49,4,46,https://dummyjson.com/image/400x400/282828/ffffff?text=AVAASA%20MIX%20N'%20M,https://www.ajio.com/avaasa-mix-n-match-women-leaf-print-straight-kurta/p/443099398_purple?,ajio
Maheshvi Women Floral Kurta,Maheshvi,Clothing,210,210,79,4,171,https://dummyjson.com/image/400x400/282828/ffffff?text=Maheshvi%20Women%20,https://www.ajio.com/maheshvi-women-floral-kurta/p/702519042_navy?,ajio
Indie Picks Embroidery Flared Kurta,Indie Picks,Clothing,459,459,73,4,69,https://dummyjson.com/image/400x400/282828/ffffff?text=Indie%20Picks%20Emb,https://www.ajio.com/indie-picks-embroidery-flared-kurta/p/702488154_peach?,ajio
AVAASA MIX N' MATCH Women Diya Sprout Print Straight Kurta,AVAASA MIX N' MATCH,Clothing,254,254,49,4.5,200,https://dummyjson.com/image/400x400/282828/ffffff?text=AVAASA%20MIX%20N'%20M,https://www.ajio.com/avaasa-mix-n-match-women-diya-sprout-print-straight-kurta/p/443102068_wine?,ajio
Maheshvi Women Floral Kurta,Maheshvi,Clothing,210,210,79,4.5,282,https://dummyjson.com/image/400x400/282828/ffffff?text=Maheshvi%20Women%20,https://www.ajio.com/maheshvi-women-floral-kurta/p/702519042_black?,ajio
Nyrika Women Printed 2-Piece Straight Kurta Set,Nyrika,Clothing,585,585,87,4,54,https://dummyjson.com/image/400x400/282828/ffffff?text=Nyrika%20Women%20Pr,https://www.ajio.com/nyrika-women-printed-2-piece-straight-kurta-set/p/703116501_orange?,ajio
SRILICA Women Embroidered Anarkali Kurta Set with Dupatta,SRILICA,Clothing,919,919,80,4.5,34,https://dummyjson.com/image/400x400/282828/ffffff?text=SRILICA%20Women%20E,https://www.ajio.com/srilica-women-embroidered-anarkali-kurta-set-with-dupatta/p/702626039_rust?,ajio
JOMPERS Embroidered Anarkali Kurta,JOMPERS,Clothing,690,690,70,4,132,https://dummyjson.com/image/400x400/282828/ffffff?text=JOMPERS%20Embroid,https://www.ajio.com/jompers-embroidered-anarkali-kurta/p/466489968_beige?,ajio
SANTOPERA DESINGER Women Floral A-line Kurta Set,SANTOPERA DESINGER,Clothing,600,600,70,5,266,https://dummyjson.com/image/400x400/282828/ffffff?text=SANTOPERA%20DESIN,https://www.ajio.com/santopera-desinger-women-floral-a-line-kurta-set/p/702741150_pink?,ajio
MYRIE Women Embroidered 3-Piece Straight Kurta Set,MYRIE,Clothing,720,720,76,4,34,https://dummyjson.com/image/400x400/282828/ffffff?text=MYRIE%20Women%20Emb,https://www.ajio.com/myrie-women-embroidered-3-piece-straight-kurta-set/p/702579442_blue?,ajio
Maheshvi Women Straight Kurta,Maheshvi,Clothing,170,170,83,4.5,318,https://dummyjson.com/image/400x400/282828/ffffff?text=Maheshvi%20Women%20,https://www.ajio.com/maheshvi-women-straight-kurta/p/701958093_black?,ajio
SVARAA Women Ethnic Wear Kurta,SVARAA,Clothing,1346,1346,78,4,374,https://dummyjson.com/image/400x400/282828/ffffff?text=SVARAA%20Women%20Et,https://www.ajio.com/svaraa-women-ethnic-wear-kurta/p/702951185_red?,ajio
Maheshvi Women Pack of 2 Floral Print Straight Kurtas,Maheshvi,Clothing,312,312,76,4.5,276,https://dummyjson.com/image/400x400/282828/ffffff?text=Maheshvi%20Women%20,https://www.ajio.com/maheshvi-women-pack-of-2-floral-print-straight-kurtas/p/701984191_black?,ajio
Maheshvi Women Straight Kurta,Maheshvi,Clothing,170,170,83,4,53,https://dummyjson.com/image/400x400/282828/ffffff?text=Maheshvi%20Women%20,https://www.ajio.com/maheshvi-women-straight-kurta/p/701958093_green?,ajio
AVAASA MIX N' MATCH Women Floral Print Straight Kurta,AVAASA MIX N' MATCH,Clothing,102,102,66,4.5,40,https://dummyjson.com/image/400x400/282828/ffffff?text=AVAASA%20MIX%20N'%20M,https://www.ajio.com/avaasa-mix-n-match-women-floral-print-straight-kurta/p/443076775_navy?,ajio
BIKASAAB Women Yoke Embroidered Flared Kurta,BIKASAAB,Clothing,450,450,70,4.5,353,https://dummyjson.com/image/400x400/282828/ffffff?text=BIKASAAB%20Women%20,https://www.ajio.com/bikasaab-women-yoke-embroidered-flared-kurta/p/701037421_peach?,ajio
Maheshvi Women Straight Kurta,Maheshvi,Clothing,170,170,83,4,431,https://dummyjson.com/image/400x400/282828/ffffff?text=Maheshvi%20Women%20,https://www.ajio.com/maheshvi-women-straight-kurta/p/701958093_navy?,ajio
SVARAA Women Floral Print Straight Kurta,SVARAA,Clothing,649,649,70,4,164,https://dummyjson.com/image/400x400/282828/ffffff?text=SVARAA%20Women%20Fl,https://www.ajio.com/svaraa-women-floral-print-straight-kurta/p/702205826_maroon?,ajio
Popmantra Women Floral Print Straight Kurta,Popmantra,Clothing,169,169,83,4.5,259,https://dummyjson.com/image/400x400/282828/ffffff?text=Popmantra%20Women,https://www.ajio.com/popmantra-women-floral-print-straight-kurta-/p/703047040_olive?,ajio
JOMPERS Floral Anarkali Kurta,JOMPERS,Clothing,546,546,61,4.5,446,https://dummyjson.com/image/400x400/282828/ffffff?text=JOMPERS%20Floral%20,https://www.ajio.com/jompers-floral-anarkali-kurta/p/464818235_peach?,ajio
AVAASA MIX N' MATCH Women Pintuck Round-Neck Flared Kurta,AVAASA MIX N' MATCH,Clothing,365,365,70,4,328,https://dummyjson.com/image/400x400/282828/ffffff?text=AVAASA%20MIX%20N'%20M,https://www.ajio.com/avaasa-mix-n-match-women-pintuck-round-neck-flared-kurta/p/443078126_peach?,ajio
AVAASA MIX N' MATCH Women Printed V-Neck Straight Kurta,AVAASA MIX N' MATCH,Clothing,254,254,49,4.5,455,https://dummyjson.com/image/400x400/282828/ffffff?text=AVAASA%20MIX%20N'%20M,https://www.ajio.com/avaasa-mix-n-match-women-printed-v-neck-straight-kurta/p/443102046_black?,ajio
Maheshvi Women Straight Kurta,Maheshvi,Clothing,170,170,83,5,81,https://dummyjson.com/image/400x400/282828/ffffff?text=Maheshvi%20Women%20,https://www.ajio.com/maheshvi-women-straight-kurta/p/701958093_grey?,ajio
AVAASA MIX N' MATCH Women Round-Neck Straight Kurta,AVAASA MIX N' MATCH,Clothing,246,246,59,4,19,https://dummyjson.com/image/400x400/282828/ffffff?text=AVAASA%20MIX%20N'%20M,https://www.ajio.com/avaasa-mix-n-match-women-round-neck-straight-kurta/p/443102044_darkgreen?,ajio
BIKASAAB Women Embroidery Flared Kurta,BIKASAAB,Clothing,448,448,72,4.5,74,https://dummyjson.com/image/400x400/282828/ffffff?text=BIKASAAB%20Women%20,https://www.ajio.com/bikasaab-women-embroidery-flared-kurta/p/701437890_copper?,ajio
Maheshvi Women Straight Kurta,Maheshvi,Clothing,170,170,83,4.5,341,https://dummyjson.com/image/400x400/282828/ffffff?text=Maheshvi%20Women%20,https://www.ajio.com/maheshvi-women-straight-kurta/p/701958093_teal?,ajio
GLAM ROOTS Women Floral Print Anarkali Kurta,GLAM ROOTS,Clothing,860,860,57,4,36,https://dummyjson.com/image/400x400/282828/ffffff?text=GLAM%20ROOTS%20Wome,https://www.ajio.com/glam-roots-women-floral-print-anarkali-kurta-/p/701192377_green?,ajio
ASHLEE Women Flared Kurta,ASHLEE,Clothing,600,600,60,4.5,45,https://dummyjson.com/image/400x400/282828/ffffff?text=ASHLEE%20Women%20Fl,https://www.ajio.com/ashlee-women-flared-kurta/p/700798862_turquoise?,ajio
Ishin Printed Straight Kurta,Ishin,Clothing,1292,1292,66,4,249,https://dummyjson.com/image/400x400/282828/ffffff?text=Ishin%20Printed%20S,https://www.ajio.com/ishin-printed-straight-kurta/p/466573739_green?,ajio
Popmantra Women Printed Straight Kurta,Popmantra,Clothing,169,169,83,4.5,81,https://dummyjson.com/image/400x400/282828/ffffff?text=Popmantra%20Women,https://www.ajio.com/popmantra-women-printed-straight-kurta-/p/703065338_multi?,ajio
AVAASA MIX N' MATCH Women Floral Print Straight Kurta,AVAASA MIX N' MATCH,Clothing,305,305,49,4.5,184,https://dummyjson.com/image/400x400/282828/ffffff?text=AVAASA%20MIX%20N'%20M,https://www.ajio.com/avaasa-mix-n-match-women-floral-print-straight-kurta/p/443101951_lavender?,ajio
JOMPERS Floral Straight Kurta,JOMPERS,Clothing,560,560,65,4,453,https://dummyjson.com/image/400x400/282828/ffffff?text=JOMPERS%20Floral%20,https://www.ajio.com/jompers-floral-straight-kurta/p/464466571_blue?,ajio
OPIVE FASHION HUB Women Embroidery Straight Kurta,OPIVE FASHION HUB,Clothing,389,389,70,4,333,https://dummyjson.com/image/400x400/282828/ffffff?text=OPIVE%20FASHION%20H,https://www.ajio.com/opive-fashion-hub-women-embroidery-straight-kurta/p/701545056_black?,ajio
FORKEY Women Floral Print Straight Kurta,FORKEY,Clothing,393,393,79,4.5,456,https://dummyjson.com/image/400x400/282828/ffffff?text=FORKEY%20Women%20Fl,https://www.ajio.com/forkey-women-floral-print-straight-kurta/p/702366401_green?,ajio
Ishin Woven Straight Kurta,Ishin,Clothing,1330,1330,65,4.5,205,https://dummyjson.com/image/400x400/282828/ffffff?text=Ishin%20Woven%20Str,https://www.ajio.com/ishin-woven-straight-kurta/p/466573745_charcoal?,ajio
Revangi Women Floral Anarkali Kurta,Revangi,Clothing,380,380,62,5,17,https://dummyjson.com/image/400x400/282828/ffffff?text=Revangi%20Women%20F,https://www.ajio.com/revangi-women-floral-anarkali-kurta/p/701480582_yellow?,ajio
Maheshvi Women Floral Print Flared Kurta,Maheshvi,Clothing,210,210,79,4.5,202,https://dummyjson.com/image/400x400/282828/ffffff?text=Maheshvi%20Women%20,https://www.ajio.com/maheshvi-women-floral-print-flared-kurta/p/702945345_green?,ajio
JOMPERS Women Floral Kurta,JOMPERS,Clothing,594,594,78,4.5,126,https://dummyjson.com/image/400x400/282828/ffffff?text=JOMPERS%20Women%20F,https://www.ajio.com/jompers-women-floral-kurta/p/701508659_black?,ajio
Nyrika Women Embroidered Straight Kurta with Pant & Dupatta,Nyrika,Clothing,741,741,73,4,452,https://dummyjson.com/image/400x400/282828/ffffff?text=Nyrika%20Women%20Em,https://www.ajio.com/nyrika-women-embroidered-straight-kurta-with-pant--dupatta/p/703334863_brown?,ajio
AVAASA MIX N' MATCH Women Printed Flared Kurta,AVAASA MIX N' MATCH,Clothing,465,465,69,4.5,157,https://dummyjson.com/image/400x400/282828/ffffff?text=AVAASA%20MIX%20N'%20M,https://www.ajio.com/avaasa-mix-n-match-women-printed-flared-kurta/p/443106050_blue?,ajio
Maheshvi Solid Straight Kurta,Maheshvi,Clothing,170,170,83,4.5,209,https://dummyjson.com/image/400x400/282828/ffffff?text=Maheshvi%20Solid%20,https://www.ajio.com/maheshvi-solid-straight-kurta/p/701964625_green?,ajio
AVAASA MIX N' MATCH Women Printed Flared Kurta,AVAASA MIX N' MATCH,Clothing,465,465,69,4,358,https://dummyjson.com/image/400x400/282828/ffffff?text=AVAASA%20MIX%20N'%20M,https://www.ajio.com/avaasa-mix-n-match-women-printed-flared-kurta/p/443106050_blue?,ajio
PALSIYA PRESENTS Women Embroidery Flared Kurta,PALSIYA PRESENTS,Clothing,360,360,76,4.5,277,https://dummyjson.com/image/400x400/282828/ffffff?text=PALSIYA%20PRESENT,https://www.ajio.com/palsiya-presents-women-embroidery-flared-kurta/p/701251060_seagreen?,ajio
JOMPERS Women Floral Kurta,JOMPERS,Clothing,700,700,80,4,302,https://dummyjson.com/image/400x400/282828/ffffff?text=JOMPERS%20Women%20F,https://www.ajio.com/jompers-women-floral-kurta/p/701508620_beige?,ajio
MAX Women Embroidered Straight Kurta,MAX,Clothing,599,599,14,4.5,385,https://dummyjson.com/image/400x400/282828/ffffff?text=MAX%20Women%20Embro,https://www.ajio.com/max-women-embroidered-straight-kurta/p/700752694_maroon?,ajio
AVAASA MIX N' MATCH Women Floral Print Flared Kurta,AVAASA MIX N' MATCH,Clothing,509,509,49,4.5,264,https://dummyjson.com/image/400x400/282828/ffffff?text=AVAASA%20MIX%20N'%20M,https://www.ajio.com/avaasa-mix-n-match-women-floral-print-flared-kurta/p/443104915_fuchsia?,ajio
JOMPERS Floral Straight Kurta,JOMPERS,Clothing,592,592,63,4,101,https://dummyjson.com/image/400x400/282828/ffffff?text=JOMPERS%20Floral%20,https://www.ajio.com/jompers-floral-straight-kurta/p/464466564_brown?,ajio
Kimayra Cotton Ankle Length Printed Flared Kurta,Kimayra,Clothing,880,880,60,4.5,406,https://dummyjson.com/image/400x400/282828/ffffff?text=Kimayra%20Cotton%20,https://www.ajio.com/kimayra-cotton-ankle-length-printed-flared-kurta/p/702859092_green?,ajio
Stylum Women Floral Print A-Line Kurta,Stylum,Clothing,680,680,66,4,291,https://dummyjson.com/image/400x400/282828/ffffff?text=Stylum%20Women%20Fl,https://www.ajio.com/stylum-women-floral-print-a-line-kurta-/p/700351218_mauve?,ajio
JOMPERS Floral Anarkali Kurta,JOMPERS,Clothing,589,589,69,4,390,https://dummyjson.com/image/400x400/282828/ffffff?text=JOMPERS%20Floral%20,https://www.ajio.com/jompers-floral-anarkali-kurta/p/464466350_grey?,ajio
GLAM ROOTS Women Floral Print Anarkali Kurta,GLAM ROOTS,Clothing,860,860,57,4.5,261,https://dummyjson.com/image/400x400/282828/ffffff?text=GLAM%20ROOTS%20Wome,https://www.ajio.com/glam-roots-women-floral-print-anarkali-kurta-/p/701192294_grey?,ajio
AVAASA MIX N' MATCH Women Flared Kurta with Embroidered Yoke,AVAASA MIX N' MATCH,Clothing,410,410,59,4.5,411,https://dummyjson.com/image/400x400/282828/ffffff?text=AVAASA%20MIX%20N'%20M,https://www.ajio.com/avaasa-mix-n-match-women-flared-kurta-with-embroidered-yoke/p/443104986_red?,ajio
JOMPERS Floral A-line Kurta,JOMPERS,Clothing,544,544,68,4.5,393,https://dummyjson.com/image/400x400/282828/ffffff?text=JOMPERS%20Floral%20,https://www.ajio.com/jompers-floral-a-line-kurta/p/464466674_yellow?,ajio
GLAM ROOTS Women Floral Print Anarkali Kurta,GLAM ROOTS,Clothing,860,860,57,4,190,https://dummyjson.com/image/400x400/282828/ffffff?text=GLAM%20ROOTS%20Wome,https://www.ajio.com/glam-roots-women-floral-print-anarkali-kurta-/p/701192334_green?,ajio
HB VENTURE Women Printed Straight Kurta,HB VENTURE,Clothing,390,390,87,4.5,58,https://dummyjson.com/image/400x400/282828/ffffff?text=HB%20VENTURE%20Wome,https://www.ajio.com/hb-venture-women-printed-straight-kurta-/p/703382809_black?,ajio
JOMPERS Floral Anarkali Kurta,JOMPERS,Clothing,546,546,61,4.5,152,https://dummyjson.com/image/400x400/282828/ffffff?text=JOMPERS%20Floral%20,https://www.ajio.com/jompers-floral-anarkali-kurta/p/464466086_peach?,ajio
ARADHNA Women Printed Anarkali Kurta,ARADHNA,Clothing,599,599,70,4,106,https://dummyjson.com/image/400x400/282828/ffffff?text=ARADHNA%20Women%20P,https://www.ajio.com/aradhna-women-printed-anarkali-kurta/p/701955268_green?,ajio
FORKEY Women Embroidery Straight Kurta,FORKEY,Clothing,468,468,66,4.5,51,https://dummyjson.com/image/400x400/282828/ffffff?text=FORKEY%20Women%20Em,https://www.ajio.com/forkey-women-embroidery-straight-kurta/p/702473803_mauve?,ajio
JOMPERS Floral Anarkali Kurta,JOMPERS,Clothing,570,570,70,4.5,96,https://dummyjson.com/image/400x400/282828/ffffff?text=JOMPERS%20Floral%20,https://www.ajio.com/jompers-floral-anarkali-kurta/p/464466354_navy?,ajio
DISHWA FASHION Women Embroidered A-Line Kurta,DISHWA FASHION,Clothing,779,779,48,4,357,https://dummyjson.com/image/400x400/282828/ffffff?text=DISHWA%20FASHION%20,https://www.ajio.com/dishwa-fashion-women-embroidered-a-line-kurta/p/467073724_teal?,ajio
Nayasi Women Floral Straight V-Neck Kurta,Nayasi,Clothing,340,340,66,4.5,77,https://dummyjson.com/image/400x400/282828/ffffff?text=Nayasi%20Women%20Fl,https://www.ajio.com/nayasi-women-floral-straight-v-neck-kurta/p/701943942_beige?,ajio
JOMPERS Women Embellished Kurta,JOMPERS,Clothing,910,910,74,4.5,18,https://dummyjson.com/image/400x400/282828/ffffff?text=JOMPERS%20Women%20E,https://www.ajio.com/jompers-women-embellished-kurta/p/701516815_wine?,ajio
MAX Women Embroidered Straight Kurta,MAX,Clothing,499,499,17,4.5,74,https://dummyjson.com/image/400x400/282828/ffffff?text=MAX%20Women%20Embro,https://www.ajio.com/max-women-embroidered-straight-kurta/p/465404070_indigo?,ajio
AVAASA MIX N' MATCH Women Embroidered Boat-Neck Straight Kurta,AVAASA MIX N' MATCH,Clothing,240,240,60,4,339,https://dummyjson.com/image/400x400/282828/ffffff?text=AVAASA%20MIX%20N'%20M,https://www.ajio.com/avaasa-mix-n-match-women-embroidered-boat-neck-straight-kurta/p/443102265_red?,ajio
JOMPERS Floral Anarkali Kurta,JOMPERS,Clothing,720,720,60,4,274,https://dummyjson.com/image/400x400/282828/ffffff?text=JOMPERS%20Floral%20,https://www.ajio.com/jompers-floral-anarkali-kurta/p/464466709_grey?,ajio
RAIYANI FABRICS Women Printed Anarkali Kurta,RAIYANI FABRICS,Clothing,419,419,74,4,384,https://dummyjson.com/image/400x400/282828/ffffff?text=RAIYANI%20FABRICS,https://www.ajio.com/raiyani-fabrics-women-printed-anarkali-kurta/p/702816114_blue?,ajio
Charnest Women Floral Print Anarkali A-Line Kurta,Charnest,Clothing,495,495,55,4.5,128,https://dummyjson.com/image/400x400/282828/ffffff?text=Charnest%20Women%20,https://www.ajio.com/charnest-women-floral-print-anarkali-a-line-kurta/p/702666250_multi?,ajio
JOMPERS Printed A-Line Kurta,JOMPERS,Clothing,585,585,55,5,286,https://dummyjson.com/image/400x400/282828/ffffff?text=JOMPERS%20Printed,https://www.ajio.com/jompers-printed-a-line-kurta/p/702957180_green?,ajio
SVARAA Women Ethnic Wear Kurta,SVARAA,Clothing,1346,1346,78,4.5,278,https://dummyjson.com/image/400x400/282828/ffffff?text=SVARAA%20Women%20Et,https://www.ajio.com/svaraa-women-ethnic-wear-kurta/p/702951185_navy?,ajio
AVAASA MIX N' MATCH Women Embroidered Straight Kurta,AVAASA MIX N' MATCH,Clothing,533,533,59,4.5,311,https://dummyjson.com/image/400x400/282828/ffffff?text=AVAASA%20MIX%20N'%20M,https://www.ajio.com/avaasa-mix-n-match-women-embroidered-straight-kurta/p/443110659_magntafusha?,ajio
JOMPERS Women Floral Kurta,JOMPERS,Clothing,700,700,80,4,72,https://dummyjson.com/image/400x400/282828/ffffff?text=JOMPERS%20Women%20F,https://www.ajio.com/jompers-women-floral-kurta/p/701516809_green?,ajio
Popmantra Women Floral Print Straight Kurta,Popmantra,Clothing,169,169,83,5,307,https://dummyjson.com/image/400x400/282828/ffffff?text=Popmantra%20Women,https://www.ajio.com/popmantra-women-floral-print-straight-kurta/p/703067557_multi?,ajio
Popmantra Women Printed Straight Kurta,Popmantra,Clothing,169,169,83,4.5,119,https://dummyjson.com/image/400x400/282828/ffffff?text=Popmantra%20Women,https://www.ajio.com/popmantra-women-printed-straight-kurta-/p/703064212_multi?,ajio
JOMPERS Textured Cotton Kurta,JOMPERS,Clothing,592,592,63,4.5,91,https://dummyjson.com/image/400x400/282828/ffffff?text=JOMPERS%20Texture,https://www.ajio.com/jompers-textured-cotton-kurta/p/702956638_green?,ajio
PRAJSI STUDIO Women Embroidered Straight Kurta,PRAJSI STUDIO,Clothing,592,592,61,5,107,https://dummyjson.com/image/400x400/282828/ffffff?text=PRAJSI%20STUDIO%20W,https://www.ajio.com/prajsi-studio-women-embroidered-straight-kurta/p/702455267_green?,ajio
GLAM ROOTS Women Printed Anarkali Kurta,GLAM ROOTS,Clothing,860,860,57,4,166,https://dummyjson.com/image/400x400/282828/ffffff?text=GLAM%20ROOTS%20Wome,https://www.ajio.com/glam-roots-women-printed-anarkali-kurta/p/701192315_green?,ajio
JOMPERS Floral Straight Kurta,JOMPERS,Clothing,465,465,69,4,344,https://dummyjson.com/image/400x400/282828/ffffff?text=JOMPERS%20Floral%20,https://www.ajio.com/jompers-floral-straight-kurta/p/464466134_orange?,ajio
AVAASA MIX N' MATCH Women Embroidered Flared Kurta,AVAASA MIX N' MATCH,Clothing,527,527,69,4.5,387,https://dummyjson.com/image/400x400/282828/ffffff?text=AVAASA%20MIX%20N'%20M,https://www.ajio.com/avaasa-mix-n-match-women-embroidered-flared-kurta/p/443106049_wine?,ajio
AVAASA MIX N' MATCH Women A-Line Kurta with Embroidered Yoke,AVAASA MIX N' MATCH,Clothing,662,662,49,4.5,150,https://dummyjson.com/image/400x400/282828/ffffff?text=AVAASA%20MIX%20N'%20M,https://www.ajio.com/avaasa-mix-n-match-women-a-line-kurta-with-embroidered-yoke/p/443104446_black?,ajio
JOMPERS Printed Straight Kurta,JOMPERS,Clothing,588,588,58,4.5,339,https://dummyjson.com/image/400x400/282828/ffffff?text=JOMPERS%20Printed,https://www.ajio.com/jompers-printed-straight-kurta/p/464463137_blue?,ajio
AVAASA MIX N' MATCH Women Floral Print Flared Kurta,AVAASA MIX N' MATCH,Clothing,403,403,69,5,205,https://dummyjson.com/image/400x400/282828/ffffff?text=AVAASA%20MIX%20N'%20M,https://www.ajio.com/avaasa-mix-n-match-women-floral-print-flared-kurta/p/443110624_blue?,ajio
Popmantra Women Printed Straight Kurta,Popmantra,Clothing,169,169,83,4,102,https://dummyjson.com/image/400x400/282828/ffffff?text=Popmantra%20Women,https://www.ajio.com/popmantra-women-printed-straight-kurta/p/703059616_black?,ajio
JOMPERS Women Floral Kurta,JOMPERS,Clothing,700,700,80,4.5,250,https://dummyjson.com/image/400x400/282828/ffffff?text=JOMPERS%20Women%20F,https://www.ajio.com/jompers-women-floral-kurta/p/701516812_pink?,ajio
YOUSTA Women Gathered Floral Print A-Line Kurta,YOUSTA,Clothing,250,250,50,4.5,303,https://dummyjson.com/image/400x400/282828/ffffff?text=YOUSTA%20Women%20Ga,https://www.ajio.com/yousta-women-gathered-floral-print-a-line-kurta/p/443089380_white?,ajio
JOMPERS Floral Flared Kurta,JOMPERS,Clothing,544,544,68,4,135,https://dummyjson.com/image/400x400/282828/ffffff?text=JOMPERS%20Floral%20,https://www.ajio.com/jompers-floral-flared-kurta/p/464466634_blue?,ajio
GLAM ROOTS Women Printed Flared Kurta with 3/4th Sleeves,GLAM ROOTS,Clothing,840,840,58,4,118,https://dummyjson.com/image/400x400/282828/ffffff?text=GLAM%20ROOTS%20Wome,https://www.ajio.com/glam-roots-women-printed-flared-kurta-with-3-4th-sleeves/p/467331079_green?,ajio
W Women Embroidered Straight Kurta,W,Clothing,1460,1460,37,4,247,https://dummyjson.com/image/400x400/282828/ffffff?text=W%20Women%20Embroid,https://www.ajio.com/w-women-embroidered-straight-kurta/p/701249980_green?,ajio
Maheshvi Floral Flared Kurta,Maheshvi,Clothing,240,240,76,4.5,52,https://dummyjson.com/image/400x400/282828/ffffff?text=Maheshvi%20Floral,https://www.ajio.com/maheshvi-floral-flared-kurta/p/703368627_red?,ajio
Indie Picks Dye Double Dabu Print Flared Kurta,Indie Picks,Clothing,1238,1238,75,4,400,https://dummyjson.com/image/400x400/282828/ffffff?text=Indie%20Picks%20Dye,https://www.ajio.com/indie-picks-dye-double-dabu-print-flared-kurta/p/700005171_indigo?,ajio
AVAASA MIX N' MATCH Women Embellished Straight Kurta,AVAASA MIX N' MATCH,Clothing,509,509,49,4.5,251,https://dummyjson.com/image/400x400/282828/ffffff?text=AVAASA%20MIX%20N'%20M,https://www.ajio.com/avaasa-mix-n-match-women-embellished-straight-kurta/p/443104871_magntafusha?,ajio
JOMPERS Women Printed Kurta,JOMPERS,Clothing,700,700,80,5,454,https://dummyjson.com/image/400x400/282828/ffffff?text=JOMPERS%20Women%20P,https://www.ajio.com/jompers-women-printed-kurta/p/701516828_pink?,ajio
AVAASA MIX N' MATCH Women Embroidered Flared Kurta,AVAASA MIX N' MATCH,Clothing,662,662,49,4,214,https://dummyjson.com/image/400x400/282828/ffffff?text=AVAASA%20MIX%20N'%20M,https://www.ajio.com/avaasa-mix-n-match-women-embroidered-flared-kurta/p/443104562_red?,ajio
4U FASHION Women Embroidered Straight Kurta,4U FASHION,Clothing,495,495,67,5,198,https://dummyjson.com/image/400x400/282828/ffffff?text=4U%20FASHION%20Wome,https://www.ajio.com/4u-fashion-women-embroidered-straight-kurta/p/701749715_maroon?,ajio
JOMPERS Women Embellished Kurta,JOMPERS,Clothing,910,910,74,4,455,https://dummyjson.com/image/400x400/282828/ffffff?text=JOMPERS%20Women%20E,https://www.ajio.com/jompers-women-embellished-kurta/p/701508563_green?,ajio
Maheshvi Women Geometric Print Straight Kurta,Maheshvi,Clothing,160,160,84,4.5,150,https://dummyjson.com/image/400x400/282828/ffffff?text=Maheshvi%20Women%20,https://www.ajio.com/maheshvi-women-geometric-print-straight-kurta/p/703322635_purple?,ajio
AVAASA MIX N' MATCH Women Embroidered Straight Kurta,AVAASA MIX N' MATCH,Clothing,305,305,49,4,288,https://dummyjson.com/image/400x400/282828/ffffff?text=AVAASA%20MIX%20N'%20M,https://www.ajio.com/avaasa-mix-n-match-women-embroidered-straight-kurta/p/443103464_fuchsia?,ajio
JOMPERS Women Embellished Kurta,JOMPERS,Clothing,910,910,74,4,173,https://dummyjson.com/image/400x400/282828/ffffff?text=JOMPERS%20Women%20E,https://www.ajio.com/jompers-women-embellished-kurta/p/701508547_black?,ajio
Popmantra Women Checked Straight Kurta,Popmantra,Clothing,169,169,83,5,38,https://dummyjson.com/image/400x400/282828/ffffff?text=Popmantra%20Women,https://www.ajio.com/popmantra-women-checked-straight-kurta-/p/703063830_multi?,ajio
Janasya Women Floral A-Line Kurta,Janasya,Clothing,756,756,72,4,325,https://dummyjson.com/image/400x400/282828/ffffff?text=Janasya%20Women%20F,https://www.ajio.com/janasya-women-floral-a-line-kurta/p/701674813_green?,ajio
JOMPERS Women Embellished Kurta,JOMPERS,Clothing,910,910,74,4,103,https://dummyjson.com/image/400x400/282828/ffffff?text=JOMPERS%20Women%20E,https://www.ajio.com/jompers-women-embellished-kurta/p/701516814_green?,ajio
AVAASA MIX N' MATCH Women Floral Print Flared Kurta,AVAASA MIX N' MATCH,Clothing,403,403,69,4,16,https://dummyjson.com/image/400x400/282828/ffffff?text=AVAASA%20MIX%20N'%20M,https://www.ajio.com/avaasa-mix-n-match-women-floral-print-flared-kurta/p/443110692_ecru?,ajio
MAX Women Floral Print Straight Kurta,MAX,Clothing,499,499,0,5,313,https://dummyjson.com/image/400x400/282828/ffffff?text=MAX%20Women%20Flora,https://www.ajio.com/max-women-floral-print-straight-kurta/p/702739037_offwhite?,ajio
JOMPERS Women Floral Kurta,JOMPERS,Clothing,594,594,78,4,290,https://dummyjson.com/image/400x400/282828/ffffff?text=JOMPERS%20Women%20F,https://www.ajio.com/jompers-women-floral-kurta/p/701508671_red?,ajio
MAX Women Smocked Straight Kurta,MAX,Clothing,499,499,17,4,320,https://dummyjson.com/image/400x400/282828/ffffff?text=MAX%20Women%20Smock,https://www.ajio.com/max-women-smocked-straight-kurta/p/465077410_red?,ajio
AVAASA MIX N' MATCH Women Striped Flared Kurta with Insert Pocket,AVAASA MIX N' MATCH,Clothing,662,662,49,5,322,https://dummyjson.com/image/400x400/282828/ffffff?text=AVAASA%20MIX%20N'%20M,https://www.ajio.com/avaasa-mix-n-match-women-striped-flared-kurta-with-insert-pocket/p/443104872_wine?,ajio
JOMPERS Floral Flared Kurta,JOMPERS,Clothing,799,799,53,4,305,https://dummyjson.com/image/400x400/282828/ffffff?text=JOMPERS%20Floral%20,https://www.ajio.com/jompers-floral-flared-kurta/p/464466584_maroon?,ajio
AVAASA MIX N' MATCH Women Floral Print Flared Kurta,AVAASA MIX N' MATCH,Clothing,662,662,49,4,265,https://dummyjson.com/image/400x400/282828/ffffff?text=AVAASA%20MIX%20N'%20M,https://www.ajio.com/avaasa-mix-n-match-women-floral-print-flared-kurta/p/443102780_magntafusha?,ajio
Kimayra Cotton Ankle Length Printed Flared Kurta,Kimayra,Clothing,880,880,60,4.5,308,https://dummyjson.com/image/400x400/282828/ffffff?text=Kimayra%20Cotton%20,https://www.ajio.com/kimayra-cotton-ankle-length-printed-flared-kurta/p/702859087_black?,ajio
JOMPERS Flared Printed Kurta,JOMPERS,Clothing,589,589,69,4.5,363,https://dummyjson.com/image/400x400/282828/ffffff?text=JOMPERS%20Flared%20,https://www.ajio.com/jompers-flared-printed-kurta/p/702956564_grey?,ajio
Cora Leaf Print A-Line Kurta,Cora,Clothing,720,720,55,4.5,69,https://dummyjson.com/image/400x400/282828/ffffff?text=Cora%20Leaf%20Print,https://www.ajio.com/cora-leaf-print-a-line-kurta/p/465209761_grey?,ajio
AVAASA MIX N' MATCH Women Embroidered Flared Kurta,AVAASA MIX N' MATCH,Clothing,509,509,49,4.5,256,https://dummyjson.com/image/400x400/282828/ffffff?text=AVAASA%20MIX%20N'%20M,https://www.ajio.com/avaasa-mix-n-match-women-embroidered-flared-kurta/p/443099948_yellow?,ajio
JOMPERS Women Cotton Kurta,JOMPERS,Clothing,588,588,58,4,56,https://dummyjson.com/image/400x400/282828/ffffff?text=JOMPERS%20Women%20C,https://www.ajio.com/jompers-women-cotton-kurta/p/702957186_green?,ajio
HB VENTURE Women Printed Straight Kurta,HB VENTURE,Clothing,390,390,87,4,86,https://dummyjson.com/image/400x400/282828/ffffff?text=HB%20VENTURE%20Wome,https://www.ajio.com/hb-venture-women-printed-straight-kurta-/p/703381667_orange?,ajio
Hivora Women Printed Flared Kurta with Pants,Hivora,Clothing,650,650,74,4,239,https://dummyjson.com/image/400x400/282828/ffffff?text=Hivora%20Women%20Pr,https://www.ajio.com/hivora-women-printed-flared-kurta-with-pants/p/701528713_cream?,ajio
JOMPERS Textured Straight Kurta,JOMPERS,Clothing,839,839,40,4.5,254,https://dummyjson.com/image/400x400/282828/ffffff?text=JOMPERS%20Texture,https://www.ajio.com/jompers-textured-straight-kurta/p/461368758_maroon?,ajio
JOMPERS Men Ombre-Dyed Cotton Regular Fit Long Kurta,JOMPERS,Clothing,783,783,71,4.5,252,https://dummyjson.com/image/400x400/282828/ffffff?text=JOMPERS%20Men%20Omb,https://www.ajio.com/jompers-men-ombre-dyed-cotton-regular-fit-long-kurta-/p/700283103_blue?,ajio
MAX Women Embroidered Straight Kurta,MAX,Clothing,599,599,0,4,438,https://dummyjson.com/image/400x400/282828/ffffff?text=MAX%20Women%20Embro,https://www.ajio.com/max-women-embroidered-straight-kurta/p/702650850_purple?,ajio
JOMPERS Women Floral Kurta,JOMPERS,Clothing,700,700,80,4.5,59,https://dummyjson.com/image/400x400/282828/ffffff?text=JOMPERS%20Women%20F,https://www.ajio.com/jompers-women-floral-kurta/p/701516816_white?,ajio
4U FASHION Women Self-design Straight Kurta,4U FASHION,Clothing,800,800,60,5,250,https://dummyjson.com/image/400x400/282828/ffffff?text=4U%20FASHION%20Wome,https://www.ajio.com/4u-fashion-women-self-design-straight-kurta/p/700779604_grey?,ajio
GULMOHAR JAIPUR Printed Rayon Calf-Length V-Neck Semi-Flared Kurta,GULMOHAR JAIPUR,Clothing,774,774,57,4.5,172,https://dummyjson.com/image/400x400/282828/ffffff?text=GULMOHAR%20JAIPUR,https://www.ajio.com/gulmohar-jaipur-printed-rayon-calf-length-v-neck-semi-flared-kurta/p/701210777_maroon?,ajio
JOMPERS Women Embellished Kurta,JOMPERS,Clothing,910,910,74,4,203,https://dummyjson.com/image/400x400/282828/ffffff?text=JOMPERS%20Women%20E,https://www.ajio.com/jompers-women-embellished-kurta/p/701508553_red?,ajio
OPIVE FASHION HUB Women Embellished Straight Kurta,OPIVE FASHION HUB,Clothing,390,390,70,4.5,173,https://dummyjson.com/image/400x400/282828/ffffff?text=OPIVE%20FASHION%20H,https://www.ajio.com/opive-fashion-hub-women-embellished-straight-kurta/p/701545056_purple?,ajio
Marcia Floral Embroidered Straight Kurta,Marcia,Clothing,432,432,73,4,458,https://dummyjson.com/image/400x400/282828/ffffff?text=Marcia%20Floral%20E,https://www.ajio.com/marcia-floral-embroidered-straight-kurta/p/464556470_white?,ajio
JOMPERS Floral Printed Kurta,JOMPERS,Clothing,700,700,65,4,169,https://dummyjson.com/image/400x400/282828/ffffff?text=JOMPERS%20Floral%20,https://www.ajio.com/jompers-floral-printed-kurta-/p/702956586_grey?,ajio
Janasya Women Geometric Straight Kurta,Janasya,Clothing,543,543,66,5,451,https://dummyjson.com/image/400x400/282828/ffffff?text=Janasya%20Women%20G,https://www.ajio.com/janasya-women-geometric-straight-kurta/p/701135867_indigo?,ajio
GULMOHAR JAIPUR Women Leaf Print Anarkali Kurta,GULMOHAR JAIPUR,Clothing,1019,1019,49,4.5,308,https://dummyjson.com/image/400x400/282828/ffffff?text=GULMOHAR%20JAIPUR,https://www.ajio.com/gulmohar-jaipur-women-leaf-print-anarkali-kurta/p/701871988_pink?,ajio
JOMPERS Women Floral Kurta,JOMPERS,Clothing,700,700,80,4.5,190,https://dummyjson.com/image/400x400/282828/ffffff?text=JOMPERS%20Women%20F,https://www.ajio.com/jompers-women-floral-kurta/p/701508637_yellow?,ajio
GULMOHAR JAIPUR Printed Cotton Ankle-Length Round-Neck Flared Kurta,GULMOHAR JAIPUR,Clothing,700,700,65,4.5,49,https://dummyjson.com/image/400x400/282828/ffffff?text=GULMOHAR%20JAIPUR,https://www.ajio.com/gulmohar-jaipur-printed-cotton-ankle-length-round-neck-flared-kurta/p/466944391_peach?,ajio
JOMPERS Women Abstract Kurta,JOMPERS,Clothing,594,594,78,5,410,https://dummyjson.com/image/400x400/282828/ffffff?text=JOMPERS%20Women%20A,https://www.ajio.com/jompers-women-abstract-kurta/p/701508655_olive?,ajio
Stylum Block Print A-line Kurta,Stylum,Clothing,612,612,64,5,110,https://dummyjson.com/image/400x400/282828/ffffff?text=Stylum%20Block%20Pr,https://www.ajio.com/stylum-block-print-a-line-kurta/p/463016776_blue?,ajio
MAX Women Embroidered Straight Kurta,MAX,Clothing,599,599,14,5,325,https://dummyjson.com/image/400x400/282828/ffffff?text=MAX%20Women%20Embro,https://www.ajio.com/max-women-embroidered-straight-kurta/p/700353877_maroon?,ajio
JOMPERS Georgette Embroidered Kurta,JOMPERS,Clothing,851,851,63,4,278,https://dummyjson.com/image/400x400/282828/ffffff?text=JOMPERS%20Georget,https://www.ajio.com/jompers-georgette-embroidered-kurta/p/702957199_pink?,ajio
Royal Export X AG Women Paisley Print A-Line Kurta,Royal Export X AG,Clothing,370,370,63,4.5,442,https://dummyjson.com/image/400x400/282828/ffffff?text=Royal%20Export%20X%20,https://www.ajio.com/royal-export-x-ag-women-paisley-print-a-line-kurta/p/701499022_pink?,ajio
MEERANSHI Women Bandhani Print Straight Kurta,MEERANSHI,Clothing,440,440,78,5,202,https://dummyjson.com/image/400x400/282828/ffffff?text=MEERANSHI%20Women,https://www.ajio.com/meeranshi-women-bandhani-print-straight-kurta/p/702344048_pink?,ajio
JOMPERS Women Embellished Kurta,JOMPERS,Clothing,910,910,74,4.5,339,https://dummyjson.com/image/400x400/282828/ffffff?text=JOMPERS%20Women%20E,https://www.ajio.com/jompers-women-embellished-kurta/p/701508599_maroon?,ajio
SVARAA Women Ethnic Wear Anarkali Kurta,SVARAA,Clothing,1249,1249,78,4.5,204,https://dummyjson.com/image/400x400/282828/ffffff?text=SVARAA%20Women%20Et,https://www.ajio.com/svaraa-women-ethnic-wear-anarkali-kurta/p/702632019_maroon?,ajio
GLAM ROOTS Women Printed Flared Kurta with 3/4th Sleeves,GLAM ROOTS,Clothing,805,805,65,4,23,https://dummyjson.com/image/400x400/282828/ffffff?text=GLAM%20ROOTS%20Wome,https://www.ajio.com/glam-roots-women-printed-flared-kurta-with-3-4th-sleeves/p/467331271_maroon?,ajio
JOMPERS Women Floral Kurta,JOMPERS,Clothing,594,594,78,4,245,https://dummyjson.com/image/400x400/282828/ffffff?text=JOMPERS%20Women%20F,https://www.ajio.com/jompers-women-floral-kurta/p/701516831_black?,ajio
4U FASHION Woman Straight Kurta,4U FASHION,Clothing,779,779,59,4.5,75,https://dummyjson.com/image/400x400/282828/ffffff?text=4U%20FASHION%20Woma,https://www.ajio.com/4u-fashion-woman-straight-kurta/p/700665045_green?,ajio
AVAASA MIX N' MATCH Women Embroidered Festive Kurta,AVAASA MIX N' MATCH,Clothing,662,662,49,4,256,https://dummyjson.com/image/400x400/282828/ffffff?text=AVAASA%20MIX%20N'%20M,https://www.ajio.com/avaasa-mix-n-match-women-embroidered-festive-kurta/p/443101646_green?,ajio
JOMPERS Women Abstract Kurta,JOMPERS,Clothing,594,594,78,4,423,https://dummyjson.com/image/400x400/282828/ffffff?text=JOMPERS%20Women%20A,https://www.ajio.com/jompers-women-abstract-kurta/p/701508651_mustard?,ajio
Nyrika Women Floral Straight Kurta,Nyrika,Clothing,440,440,78,4.5,339,https://dummyjson.com/image/400x400/282828/ffffff?text=Nyrika%20Women%20Fl,https://www.ajio.com/nyrika-women-floral-straight-kurta/p/702821562_pink?,ajio
SIYAHI Women All-Over Print Straight Kurta,SIYAHI,Clothing,305,305,49,4,371,https://dummyjson.com/image/400x400/282828/ffffff?text=SIYAHI%20Women%20Al,https://www.ajio.com/siyahi-women-all-over-print-straight-kurta/p/443097694_offwhite?,ajio
JOMPERS Printed Straight Kurta,JOMPERS,Clothing,592,592,63,4,258,https://dummyjson.com/image/400x400/282828/ffffff?text=JOMPERS%20Printed,https://www.ajio.com/jompers-printed-straight-kurta/p/465040736_orange?,ajio
GLAM ROOTS Women Floral Print Anarkali Kurta,GLAM ROOTS,Clothing,860,860,57,4,269,https://dummyjson.com/image/400x400/282828/ffffff?text=GLAM%20ROOTS%20Wome,https://www.ajio.com/glam-roots-women-floral-print-anarkali-kurta/p/702024883_wine?,ajio
Nayasi Women Floral Straight Round-Neck Kurta,Nayasi,Clothing,380,380,62,4.5,215,https://dummyjson.com/image/400x400/282828/ffffff?text=Nayasi%20Women%20Fl,https://www.ajio.com/nayasi-women-floral-straight-round-neck-kurta/p/701943949_white?,ajio
JOMPERS Women Embellished Kurta,JOMPERS,Clothing,910,910,74,4.5,35,https://dummyjson.com/image/400x400/282828/ffffff?text=JOMPERS%20Women%20E,https://www.ajio.com/jompers-women-embellished-kurta/p/701508570_wine?,ajio
AZIRA Women Embroidered Straight Kurta,AZIRA,Clothing,702,702,73,4.5,42,https://dummyjson.com/image/400x400/282828/ffffff?text=AZIRA%20Women%20Emb,https://www.ajio.com/azira-women-embroidered-straight-kurta/p/467084258_green?,ajio
Wedani Women Embroidered Flared Kurta,Wedani,Clothing,960,960,76,4,446,https://dummyjson.com/image/400x400/282828/ffffff?text=Wedani%20Women%20Em,https://www.ajio.com/wedani-women-embroidered-flared-kurta/p/700782895_seagreen?,ajio
JOMPERS Striped Straight Kurta,JOMPERS,Clothing,592,592,63,4.5,422,https://dummyjson.com/image/400x400/282828/ffffff?text=JOMPERS%20Striped,https://www.ajio.com/jompers-striped-straight-kurta/p/465042959_green?,ajio
BIKASAAB Women Yoke Embroidered Flared Kurta,BIKASAAB,Clothing,450,450,70,4.5,181,https://dummyjson.com/image/400x400/282828/ffffff?text=BIKASAAB%20Women%20,https://www.ajio.com/bikasaab-women-yoke-embroidered-flared-kurta/p/701037421_violet?,ajio
Popmantra Women Printed Straight Kurta,Popmantra,Clothing,169,169,83,4,253,https://dummyjson.com/image/400x400/282828/ffffff?text=Popmantra%20Women,https://www.ajio.com/popmantra-women-printed-straight-kurta-/p/703064948_multi?,ajio
JOMPERS Women Embellished Kurta,JOMPERS,Clothing,910,910,74,4,125,https://dummyjson.com/image/400x400/282828/ffffff?text=JOMPERS%20Women%20E,https://www.ajio.com/jompers-women-embellished-kurta/p/701508575_blue?,ajio
MAX Women Woven Embellished Straight Kurta,MAX,Clothing,449,449,10,4,351,https://dummyjson.com/image/400x400/282828/ffffff?text=MAX%20Women%20Woven,https://www.ajio.com/max-women-woven-embellished-straight-kurta/p/700552576_indigo?,ajio
SIYAHI Women Floral Print Straight Kurta,SIYAHI,Clothing,240,240,60,5,169,https://dummyjson.com/image/400x400/282828/ffffff?text=SIYAHI%20Women%20Fl,https://www.ajio.com/siyahi-women-floral-print-straight-kurta/p/443095883_indigo?,ajio
InWeave Graphic A-line Kurta,InWeave,Clothing,849,849,15,4,294,https://dummyjson.com/image/400x400/282828/ffffff?text=InWeave%20Graphic,https://www.ajio.com/inweave-graphic-a-line-kurta/p/461030022_red?,ajio
Popmantra Women Printed Straight Kurta,Popmantra,Clothing,169,169,83,4.5,39,https://dummyjson.com/image/400x400/282828/ffffff?text=Popmantra%20Women,https://www.ajio.com/popmantra-women-printed-straight-kurta/p/703060526_black?,ajio
AVAASA MIX N' MATCH Women Embroidered Flared Kurta,AVAASA MIX N' MATCH,Clothing,180,180,70,4.5,76,https://dummyjson.com/image/400x400/282828/ffffff?text=AVAASA%20MIX%20N'%20M,https://www.ajio.com/avaasa-mix-n-match-women-embroidered-flared-kurta/p/443083270_navy?,ajio
JOMPERS Women Floral Kurta,JOMPERS,Clothing,700,700,80,4,402,https://dummyjson.com/image/400x400/282828/ffffff?text=JOMPERS%20Women%20F,https://www.ajio.com/jompers-women-floral-kurta/p/701508668_navy?,ajio
GLAM ROOTS Women Printed Anarkali Kurta,GLAM ROOTS,Clothing,860,860,57,4,92,https://dummyjson.com/image/400x400/282828/ffffff?text=GLAM%20ROOTS%20Wome,https://www.ajio.com/glam-roots-women-printed-anarkali-kurta/p/701192367_pink?,ajio
Popmantra Women Striped Straight Kurta,Popmantra,Clothing,169,169,83,4,299,https://dummyjson.com/image/400x400/282828/ffffff?text=Popmantra%20Women,https://www.ajio.com/popmantra-women-striped-straight-kurta-/p/703064560_multi?,ajio
JOMPERS Women Embellished Kurta,JOMPERS,Clothing,910,910,74,4,169,https://dummyjson.com/image/400x400/282828/ffffff?text=JOMPERS%20Women%20E,https://www.ajio.com/jompers-women-embellished-kurta/p/701508596_black?,ajio
MAX Women Floral Straight Kurta,MAX,Clothing,449,449,10,4.5,349,https://dummyjson.com/image/400x400/282828/ffffff?text=MAX%20Women%20Flora,https://www.ajio.com/max-women-floral-straight-kurta/p/700722227_offwhite?,ajio
MAX Women Embroidered Straight Kurta,MAX,Clothing,449,449,10,4.5,292,https://dummyjson.com/image/400x400/282828/ffffff?text=MAX%20Women%20Embro,https://www.ajio.com/max-women-embroidered-straight-kurta/p/469032750_fuchsia?,ajio
JOMPERS Flared Printed kurta,JOMPERS,Clothing,799,799,53,4,66,https://dummyjson.com/image/400x400/282828/ffffff?text=JOMPERS%20Flared%20,https://www.ajio.com/jompers-flared-printed-kurta/p/702956591_maroon?,ajio
Wedani Women Embroidered Flared Kurta,Wedani,Clothing,1179,1179,71,4.5,195,https://dummyjson.com/image/400x400/282828/ffffff?text=Wedani%20Women%20Em,https://www.ajio.com/wedani-women-embroidered-flared-kurta/p/700782895_yellow?,ajio
FORKEY Women Embroidery Straight Kurta,FORKEY,Clothing,468,468,66,4,161,https://dummyjson.com/image/400x400/282828/ffffff?text=FORKEY%20Women%20Em,https://www.ajio.com/forkey-women-embroidery-straight-kurta/p/702473803_green?,ajio
Maheshvi Women Floral Flared Kurta,Maheshvi,Clothing,210,210,79,4,147,https://dummyjson.com/image/400x400/282828/ffffff?text=Maheshvi%20Women%20,https://www.ajio.com/maheshvi-women-floral-flared-kurta/p/702266767_black?,ajio
BIKASAAB Women Embroidery Flared Kurta,BIKASAAB,Clothing,448,448,72,5,199,https://dummyjson.com/image/400x400/282828/ffffff?text=BIKASAAB%20Women%20,https://www.ajio.com/bikasaab-women-embroidery-flared-kurta/p/701432664_pink?,ajio
PICKNPICK Women Floral Print Flared Kurta,PICKNPICK,Clothing,495,495,67,4.5,286,https://dummyjson.com/image/400x400/282828/ffffff?text=PICKNPICK%20Women,https://www.ajio.com/picknpick-women-floral-print-flared-kurta/p/701544524_pink?,ajio
Maheshvi Women Floral Flared Kurta,Maheshvi,Clothing,220,220,78,4,323,https://dummyjson.com/image/400x400/282828/ffffff?text=Maheshvi%20Women%20,https://www.ajio.com/maheshvi-women-floral-flared-kurta/p/702981486_green?,ajio
MAX Women Embroidered Straight Kurta,MAX,Clothing,499,499,17,4,74,https://dummyjson.com/image/400x400/282828/ffffff?text=MAX%20Women%20Embro,https://www.ajio.com/max-women-embroidered-straight-kurta/p/700752982_offwhite?,ajio
SIYAHI Women Embroidered Round-Neck Kurta,SIYAHI,Clothing,509,509,49,4,274,https://dummyjson.com/image/400x400/282828/ffffff?text=SIYAHI%20Women%20Em,https://www.ajio.com/siyahi-women-embroidered-round-neck-kurta/p/443106432_black?,ajio
Maheshvi Women Geometric Print Straight Kurta,Maheshvi,Clothing,160,160,84,4.5,134,https://dummyjson.com/image/400x400/282828/ffffff?text=Maheshvi%20Women%20,https://www.ajio.com/maheshvi-women-geometric-print-straight-kurta/p/703322618_pink?,ajio
