name,brand,category,price_inr,original_price_inr,discount_percent,rating,total_reviews,image_url,amazon_url,description,specs,platform
"Motorola Edge 70 Fusion 5G (Pantone Blue Surf, 8GB RAM, 256GB Storage)",Motorola,Smartphones,29890,45999,35,4.2,406,https://m.media-amazon.com/images/I/61GF9T7Z5lL._AC_UL500_.jpg,https://www.amazon.in/Motorola-Pantone-Snapdragon-Processor-Charging/dp/B0GRQP1CFS/ref=sr_1_3?dib=eyJ2IjoiMSJ9.eXtJqnyOrk_CYy8qOLAcyvBQzBAFvsytXYQOh9__TZLua8zpDo8-fdobwaSMDGHVqjcMa0RZ8AzysVwneF9sB1AfVZoFvFwYW1Z5iDv5PmOeHTK2KLHqzHtxblPe_atPUGxi5jNMYQcPbqSal5npsqNr8xJxbwpaYDseqS8Bc7BMNxclergq3K5k0PE16n4RjUp3FNUA4L4eKN1f01feiggySjDjRZ7BGozqfGpyClo.qZ_AbuRIxfBpENtKkZ0phcMD3VhgNtPVhbkKrNKnWEk&dib_tag=se&keywords=smartphones+under+30000&qid=1779560082&sr=8-3,"Powerful Snapdragon Performance: Powered by Qualcomm Snapdragon 7s Gen 4 processor for smooth multitasking, gaming, and 5G connectivity. | Pro-Grade Camera System: 50MP Sony LYTIA 710 main camera with OIS + 13MP ultra-wide camera and 32MP front camera for sharp photos and videos. | Immersive 144Hz AMOLED Display: 6.78-inch 1.5K quad-curved AMOLED display with HDR10+ and ultra-smooth 144Hz refresh rate. | Massive 7000mAh Battery: Long-lasting silicon-carbon battery with 68W fast charging for extended usage. | Premium & Durable Design: Pantone Blue Surf finish with Gorilla Glass 7i protection, I","{""RAM"":""8 GB"",""Storage"":""256 GB"",""Battery"":""7000 mAh"",""Fast Charging"":""68W"",""Display"":""6.78\"""",""Refresh Rate"":""120"",""Processor"":""Snapdragon 7s Gen 4 Processor"",""Connectivity"":""5G"",""Display Type"":""AMOLED"",""Operating System"":""Android 16"",""RAM Memory Installed"":""8 GB"",""Processor Series"":""Snapdragon"",""Processor Speed"":""2.7 GHz"",""Memory Storage Capacity"":""256 GB"",""Colour"":""Pantone Blue Surf"",""SIM Card Slot Count"":""Dual SIM"",""Connector Type"":""USB Type C"",""Form Factor"":""Bar"",""Human Interface Types"":""Touchscreen"",""Water Resistance Level"":""Water Resistant"",""Product Features"":""Dual SIM"",""Brand Name"":""Motorola"",""Model Year"":""2026"",""Box Contents"":""Smartphone"",""Warranty Description"":""1 Year Warranty"",""Manufacturer"":""MOTOROLA"",""Specific Uses For Product"":""Multitasking"",""UPC"":""840493617800"",""Packer Contact Information"":""Motorola Mobility India Pvt Ltd, Plot No. 5, 5th Floor, C. V. Raman Nagar, Bangalore 560093"",""Item Type Name"":""Smartphone"",""Unit Count"":""1 Count"",""Best Sellers Rank"":""#255 in Electronics (See Top 100 in Electronics) #33 in Smartphones"",""ASIN"":""B0GRQP1CFS"",""Screen Size Unit of Measure"":""6.78 Inches"",""Resolution"":""4500 Nits Peak Brightness"",""Aspect Ratio"":""16:9"",""Maximum Display Resolution"":""2772 x 1272 Pixels"",""Display Pixel Density"":""395 Pixels Per Inch (PPI)"",""Wireless Provider"":""Unlocked for All Carriers"",""Cellular Technology"":""5G"",""Network Connectivity Technology"":""5g"",""Wireless Network Technology"":""LTE"",""Camera Flash Type"":""LED"",""Shooting Modes"":""High Dynamic Range"",""Optical Sensor Resolution"":""48 MP"",""Number of Rear Facing Cameras"":""3"",""Number of Front Cameras"":""1"",""Battery Capacity"":""7000 Milliamp Hours"",""Battery Power"":""7000 Milliamp Hours"",""Item Weight Unit of Measure"":""193 Grams"",""Item Dimensions"":""16.3 x 7.6 x 0.8 Centimeters"",""Video Capture Resolution"":""4k"",""GPS Geotagging Functionality"":""Yes"",""Supported Satellite Navigation System"":""GPS""}",amazon
"VIVO T4 5G (Phantom Grey, 12GB RAM+256GB Storage)",Vivo,Smartphones,29600,29999,1,4.3,207,https://m.media-amazon.com/images/I/41HITolwnJL._AC_UL500_.jpg,https://www.amazon.in/VIVO-Phantom-Grey-256GB-Storage/dp/B0F6TRV5M9/ref=sr_1_4?dib=eyJ2IjoiMSJ9.eXtJqnyOrk_CYy8qOLAcyvBQzBAFvsytXYQOh9__TZLua8zpDo8-fdobwaSMDGHVqjcMa0RZ8AzysVwneF9sB1AfVZoFvFwYW1Z5iDv5PmOeHTK2KLHqzHtxblPe_atPUGxi5jNMYQcPbqSal5npsqNr8xJxbwpaYDseqS8Bc7BMNxclergq3K5k0PE16n4RjUp3FNUA4L4eKN1f01feiggySjDjRZ7BGozqfGpyClo.qZ_AbuRIxfBpENtKkZ0phcMD3VhgNtPVhbkKrNKnWEk&dib_tag=se&keywords=smartphones+under+30000&qid=1779560082&sr=8-4,,"{""RAM"":""12 GB"",""Storage"":""256 GB"",""Connectivity"":""5G"",""_inline"":""50+ bought in past month · M.R.P: · FREE delivery Thu, 28 May""}",amazon
"vivo T5x 5G (Cyber Green, 8GB RAM, 256GB Storage)",Vivo,Smartphones,26684,35999,26,4.4,57,https://m.media-amazon.com/images/I/71uPWQoOysL._AC_UL500_.jpg,https://www.amazon.in/vivo-Dimensity-7400-Turbo-Processor-Smartphone/dp/B0GTTW99DG/ref=sr_1_5?dib=eyJ2IjoiMSJ9.eXtJqnyOrk_CYy8qOLAcyvBQzBAFvsytXYQOh9__TZLua8zpDo8-fdobwaSMDGHVqjcMa0RZ8AzysVwneF9sB1AfVZoFvFwYW1Z5iDv5PmOeHTK2KLHqzHtxblPe_atPUGxi5jNMYQcPbqSal5npsqNr8xJxbwpaYDseqS8Bc7BMNxclergq3K5k0PE16n4RjUp3FNUA4L4eKN1f01feiggySjDjRZ7BGozqfGpyClo.qZ_AbuRIxfBpENtKkZ0phcMD3VhgNtPVhbkKrNKnWEk&dib_tag=se&keywords=smartphones+under+30000&qid=1779560082&sr=8-5,,"{""RAM"":""8 GB"",""Storage"":""256 GB"",""Battery"":""7200 mAh"",""Display"":""6.76\"""",""Processor"":""Dimensity 7400"",""Connectivity"":""5G"",""Display Type"":""FHD+"",""_inline"":""500+ bought in past month · M.R.P: · FREE delivery Mon, 25 May · Only 2 left in stock. · More Buying Choices₹26,680(14 new offers)""}",amazon
"iQOO Z10R 5G (Aquamarine, 12GB RAM, 256GB Storage)",iQOO,Smartphones,26999,26999,0,4.4,4309,https://m.media-amazon.com/images/I/61WM6IDaBPL._AC_UL500_.jpg,https://www.amazon.in/iQOO-Aquamarine-Quad-Curved-Dimensity-Processor/dp/B0FHB53VL7/ref=sr_1_6?dib=eyJ2IjoiMSJ9.eXtJqnyOrk_CYy8qOLAcyvBQzBAFvsytXYQOh9__TZLua8zpDo8-fdobwaSMDGHVqjcMa0RZ8AzysVwneF9sB1AfVZoFvFwYW1Z5iDv5PmOeHTK2KLHqzHtxblPe_atPUGxi5jNMYQcPbqSal5npsqNr8xJxbwpaYDseqS8Bc7BMNxclergq3K5k0PE16n4RjUp3FNUA4L4eKN1f01feiggySjDjRZ7BGozqfGpyClo.qZ_AbuRIxfBpENtKkZ0phcMD3VhgNtPVhbkKrNKnWEk&dib_tag=se&keywords=smartphones+under+30000&qid=1779560082&sr=8-6,"Powerful Dimensity 7400 5G Processor with 750K+ AnTuTu Score* - Built on flagship 4nm TSMC process technology to provide exceptional power-efficiency. Comes with Large Graphite cooling area to give excellent heat management. | India’s Slimmest Quad-Curved Display Smartphone* - Just 0.739 cm thin and stunning from every angle! Dive into a 6.77"" immersive display with 120Hz refresh rate, HDR10+ clarity, and up to 1800 nits brightness. And with a massive 5700mAh battery and 44W FlashCharge, you get all-day power in this slim, stylish design. | Segment-Leading 32MP 4K Selfie Camera* - Capture true","{""RAM"":""12 GB"",""Storage"":""256 GB"",""Processor"":""Dimensity 7400 Processor with 750K"",""Connectivity"":""5G"",""Display Type"":""AMOLED"",""Operating System"":""Funtouch OS 15 Based On Android 15"",""RAM Memory Installed"":""12 GB"",""Processor Series"":""Others"",""Processor Speed"":""2.6 GHz"",""Memory Storage Capacity"":""256 GB"",""Colour"":""Aquamarine"",""SIM Card Slot Count"":""Dual SIM"",""Connector Type"":""USB Type C"",""Form Factor"":""Bar"",""Biometric Security Feature"":""Fingerprint Recognition"",""Sim Card Size"":""Nano"",""Water Resistance Level"":""Water Resistant"",""Headphones Jack"":""USB Type-C"",""Product Features"":""Fast Charging Support, Water Resistant"",""Flash Memory Supported Size Maximum"":""12 GB"",""Front Photo Sensor Resolution"":""32 MP"",""Rear Facing Camera Photo Sensor Resolution"":""50 MP"",""Shooting Modes"":""Night, portrait, photo, video, micro-movie, 50 MP, Pano, Ultra HD Document, Slo-mo, Time-lapse, Supermoon, Pro mode, Food, Dual-view, Live photo, Underwater Photography"",""Number of Rear Facing Cameras"":""2"",""Number of Front Cameras"":""1"",""Battery Capacity"":""5700"",""Battery Description"":""Lithium-Ion"",""Battery Power"":""5700"",""Item Weight Unit of Measure"":""184 Grams"",""Item Dimensions"":""16.3 x 7.7 x 0.7 Centimeters"",""Effective Video Resolution"":""2160 Pixels"",""Video Capture Resolution"":""4k"",""Frame Rate"":""30 Frames Per Second"",""Screen Size Unit of Measure"":""6.77 Inches"",""Resolution"":""1080 x 2392 pixels"",""Refresh Rate"":""120"",""Maximum Display Resolution"":""2340 x 1080"",""Display Pixel Density"":""387 Pixels Per Inch (PPI)"",""Wireless Provider"":""Unlocked for All Carriers"",""Cellular Technology"":""5G"",""Network Connectivity Technology"":""Bluetooth 5.4, USB 2.0, Wi-Fi"",""Wireless Network Technology"":""Bluetooth, GSM, LTE, Wi-Fi"",""Brand Name"":""iQOO"",""Model Year"":""2025"",""Country of Origin"":""India"",""Box Contents"":""Cell phone, Charger, USB cable, Eject tool, Quick start guide, Warranty card, Phone case"",""Warranty Description"":""1 year manufacturer warranty for device & 6 months for In-box accessories from the date of purchase"",""Manufacturer"":""vivo Mobile India Pvt Ltd, vivo Mobile India Pvt Ltd, Plot No 08, Sector 24, Yamuna Expressway Area, Gautam Buddha Nagar, Uttar Pradesh, 201310"",""Specific Uses For Product"":""Business, Entertainment, Gaming, Photography"",""Packer Contact Information"":""vivo Mobile India Pvt Ltd, Plot No 08, Sector 24, Yamuna Expressway Area, Gautam Buddha Nagar, Uttar Pradesh, 201310"",""Item Type Name"":""Smartphone"",""Importer Contact Information"":""vivo Mobile India Pvt Ltd, Plot No 08, Sector 24, Yamuna Expressway Area, Gautam Buddha Nagar, Uttar Pradesh, 201310"",""Manufacturer Contact Information"":""vivo Mobile India Pvt Ltd, Plot No 08, Sector 24, Yamuna Expressway Area, Gautam Buddha Nagar, Uttar Pradesh, 201310"",""Unit Count"":""1 Count"",""Best Sellers Rank"":""#7 in Electronics (See Top 100 in Electronics) #5 in Smartphones"",""ASIN"":""B0FHB53VL7"",""GPS Geotagging Functionality"":""True""}",amazon
"iQOO Z11x 5G (Titan Black, 8GB RAM, 256 GB Storage)",iQOO,Smartphones,26999,33999,21,4.2,647,https://m.media-amazon.com/images/I/618IOq-RikL._AC_UL500_.jpg,https://www.amazon.in/iQOO-Dimensity-7400-Turbo-Processor-Recording/dp/B0GP7L5J2J/ref=sr_1_7?dib=eyJ2IjoiMSJ9.eXtJqnyOrk_CYy8qOLAcyvBQzBAFvsytXYQOh9__TZLua8zpDo8-fdobwaSMDGHVqjcMa0RZ8AzysVwneF9sB1AfVZoFvFwYW1Z5iDv5PmOeHTK2KLHqzHtxblPe_atPUGxi5jNMYQcPbqSal5npsqNr8xJxbwpaYDseqS8Bc7BMNxclergq3K5k0PE16n4RjUp3FNUA4L4eKN1f01feiggySjDjRZ7BGozqfGpyClo.qZ_AbuRIxfBpENtKkZ0phcMD3VhgNtPVhbkKrNKnWEk&dib_tag=se&keywords=smartphones+under+30000&qid=1779560082&sr=8-7,"PERFORMANCE: Segment’s Fastest Smartphone, powered by Dimensity 7400 Turbo chipset with an AnTuTu score of 1Mn+, paired with UFS 3.1 and 256GB storage. Gaming features include Dual 10x Super Touch Control, Monster Mode, in-game overlay notifications, 4D game vibration, and Game Voice Changer for an immersive gaming experience. | BATTERY: Segment’s Biggest Battery, Z11x packs a massive 7200mAh battery. Supports 1600 complete charging cycles maintaining battery health for up to 6 years. 44W FlashCharge, battery temperature control, and overnight charging protection ensure fast and safe charging.","{""RAM"":""8 GB"",""Storage"":""256 GB"",""Battery"":""7200 mAh"",""Processor"":""Dimensity 7400"",""Connectivity"":""5G"",""Water Resistance"":""IP68"",""Display Type"":""LCD"",""Operating System"":""OriginOS 6.0 based on Android 16"",""RAM Memory Installed"":""8 GB"",""Processor Series"":""Mediatek Dimensity 7400"",""Processor Speed"":""2.6 GHz"",""Memory Storage Capacity"":""256 GB"",""Colour"":""Titan Black"",""SIM Card Slot Count"":""Dual SIM"",""Connector Type"":""USB Type C"",""Form Factor"":""Bar"",""Sim Card Size"":""Nano"",""Product Features"":""Water Resistant"",""Flash Memory Supported Size Maximum"":""256 GB"",""Front Photo Sensor Resolution"":""32 MP"",""Rear Facing Camera Photo Sensor Resolution"":""50 MP"",""Number of Rear Facing Cameras"":""2"",""Number of Front Cameras"":""1"",""Battery Capacity"":""7200"",""Battery Description"":""Lithium-Ion"",""Battery Power"":""7200"",""Item Weight Unit of Measure"":""219 Grams"",""Item Dimensions"":""16.7 x 7.8 x 0.8 Centimeters"",""GPS Geotagging Functionality"":""True"",""Screen Size Unit of Measure"":""17.17 Centimetres"",""Resolution"":""2344 x 1080"",""Refresh Rate"":""120"",""Maximum Display Resolution"":""2344 x 1080 Pixels"",""Display Pixel Density"":""382 Pixels Per Inch (PPI)"",""Wireless Provider"":""Unlocked for All Carriers"",""Cellular Technology"":""5G"",""Network Connectivity Technology"":""Bluetooth 5.4, Infrared, USB, Wi-Fi"",""Brand Name"":""iQOO"",""Model Year"":""2026"",""Box Contents"":""Cell phone, Eject Tool, Warranty card, Quick Start Guide, Phone case, Charger, USB cable, Protective Film (applied)"",""Warranty Description"":""1 year manufacturer warranty for device & 6 months for In-box accessories from the date of purchase"",""Manufacturer"":""vivo Mobile India Private Limited, vivo Mobile India Pvt Ltd, Plot No 08, Sector 24, Yamuna Expressway Area, Gautam Buddha Nagar, Uttar Pradesh, 201310"",""Item Length"":""16.66 Centimetres"",""Packer Contact Information"":""vivo Mobile India Pvt Ltd, Plot No 08, Sector 24, Yamuna Expressway Area, Gautam Buddha Nagar, Uttar Pradesh, 201310"",""Item Type Name"":""Smartphone"",""Importer Contact Information"":""vivo Mobile India Pvt Ltd, Plot No 08, Sector 24, Yamuna Expressway Area, Gautam Buddha Nagar, Uttar Pradesh, 201310"",""Manufacturer Contact Information"":""vivo Mobile India Pvt Ltd, Plot No 08, Sector 24, Yamuna Expressway Area, Gautam Buddha Nagar, Uttar Pradesh, 201310"",""Unit Count"":""1 Count"",""Best Sellers Rank"":""#63 in Electronics (See Top 100 in Electronics) #13 in Smartphones"",""ASIN"":""B0GP7L5J2J""}",amazon
OnePlus Nord CE6 Lite,OnePlus,Smartphones,28999,36999,22,3.9,50,https://m.media-amazon.com/images/I/61bbly9wcKL._AC_UL500_.jpg,https://www.amazon.in/OnePlus-Segments-Dimensity-Processor-Recording/dp/B0GVYF57G9/ref=sr_1_8?dib=eyJ2IjoiMSJ9.eXtJqnyOrk_CYy8qOLAcyvBQzBAFvsytXYQOh9__TZLua8zpDo8-fdobwaSMDGHVqjcMa0RZ8AzysVwneF9sB1AfVZoFvFwYW1Z5iDv5PmOeHTK2KLHqzHtxblPe_atPUGxi5jNMYQcPbqSal5npsqNr8xJxbwpaYDseqS8Bc7BMNxclergq3K5k0PE16n4RjUp3FNUA4L4eKN1f01feiggySjDjRZ7BGozqfGpyClo.qZ_AbuRIxfBpENtKkZ0phcMD3VhgNtPVhbkKrNKnWEk&dib_tag=se&keywords=smartphones+under+30000&qid=1779560082&sr=8-8,,"{""Battery"":""7000 mAh"",""Refresh Rate"":""144 Hz"",""Camera"":""50 MP"",""Processor"":""Dimensity 7400 Apex Processor"",""Display Type"":""4K"",""_inline"":""M.R.P: · FREE delivery Thu, 28 May""}",amazon
"iQOO Z10 5G (Stellar Black, 8GB RAM, 128GB Storage)",iQOO,Smartphones,24999,25999,4,4.4,5281,https://m.media-amazon.com/images/I/61cwB-UmBQL._AC_UL500_.jpg,https://www.amazon.in/iQOO-Stellar-Snapdragon-Processor-Brightest/dp/B0F2HBYZ8B/ref=sr_1_9?dib=eyJ2IjoiMSJ9.eXtJqnyOrk_CYy8qOLAcyvBQzBAFvsytXYQOh9__TZLua8zpDo8-fdobwaSMDGHVqjcMa0RZ8AzysVwneF9sB1AfVZoFvFwYW1Z5iDv5PmOeHTK2KLHqzHtxblPe_atPUGxi5jNMYQcPbqSal5npsqNr8xJxbwpaYDseqS8Bc7BMNxclergq3K5k0PE16n4RjUp3FNUA4L4eKN1f01feiggySjDjRZ7BGozqfGpyClo.qZ_AbuRIxfBpENtKkZ0phcMD3VhgNtPVhbkKrNKnWEk&dib_tag=se&keywords=smartphones+under+30000&qid=1779560082&sr=8-9,"India’s Biggest Battery Ever: Equipped with India’s biggest-ever 7300mAh ultra-capacity battery. Despite its size, the device remains ultra-slim at just 0.789cm and light at 199g. With 90W FlashCharge technology, power up in no time and enjoy longer usage without the wait. | Brightest Display: Enjoy an ultra-vivid viewing experience on the Flagship level Quad-Curved AMOLED display, reaching up to 5000 nits local peak brightness. Built tough, the Z10 is also military-grade certified for durability, combining beauty with resilience. | Exceptional Performance: The fastest* processor in the segmen","{""RAM"":""8 GB"",""Storage"":""128 GB"",""Battery"":""7300 mAh"",""Processor"":""Snapdragon 7s Gen 3 Processor"",""Connectivity"":""5G"",""Display Type"":""AMOLED"",""Operating System"":""Funtouch OS 15 based on Android 15"",""RAM Memory Installed"":""8 GB"",""Processor Series"":""Snapdragon"",""Processor Speed"":""2.5 GHz"",""Memory Storage Capacity"":""128 GB"",""Colour"":""Stellar Black"",""SIM Card Slot Count"":""Dual SIM"",""Connector Type"":""USB Type C"",""Form Factor"":""Bar"",""Biometric Security Feature"":""Fingerprint Recognition"",""Human Interface Types"":""Touchscreen"",""Sim Card Size"":""Nano"",""Water Resistance Level"":""Water Resistant"",""Product Features"":""Fast Charging Support, Water Resistant"",""Front Photo Sensor Resolution"":""32 MP"",""Rear Facing Camera Photo Sensor Resolution"":""50 MP"",""Shooting Modes"":""Rear: Photo, Night, Portrait, Video, Slo-mo, Time-lapse, Pro, Pano, Ultra HD Document, 50 MP, Supermoon"",""Number of Rear Facing Cameras"":""2"",""Number of Front Cameras"":""1"",""Battery Capacity"":""7300"",""Battery Description"":""Lithium-Ion"",""Battery Power"":""7300"",""Item Weight Unit of Measure"":""199 Grams"",""Item Dimensions"":""16.3 x 7.6 x 0.8 Centimeters"",""Battery Average Life"":""35.5 Hours"",""GPS Geotagging Functionality"":""True"",""Screen Size Unit of Measure"":""6.67 Inches"",""Resolution"":""1080 x 2392"",""Refresh Rate"":""120 Hz"",""Maximum Display Resolution"":""2392 x 1080 Pixels"",""Display Pixel Density"":""387 Pixels Per Inch (PPI)"",""Wireless Provider"":""Unlocked for All Carriers"",""Cellular Technology"":""5G"",""Network Connectivity Technology"":""Bluetooth, USB 2.0, Wi-Fi"",""Wireless Network Technology"":""GSM, LTE"",""Brand Name"":""iQOO"",""Model Year"":""2025"",""Country of Origin"":""India"",""Box Contents"":""Cell phone, Eject Tool, Warranty card, Quick Start Guide, Phone case, Charger, USB cable, Protective Film (applied)"",""Warranty Description"":""1 year manufacturer warranty for device & 6 months for In-box accessories from the date of purchase"",""Manufacturer"":""vivo Mobile India Private Limited, vivo Mobile India Pvt Ltd, Plot No 08, Sector 24, Yamuna Expressway Area, Gautam Buddha Nagar, Uttar Pradesh, 201310"",""Specific Uses For Product"":""Business, Gaming, Photography"",""Packer Contact Information"":""vivo Mobile India Pvt Ltd, Plot No 08, Sector 24, Yamuna Expressway Area, Gautam Buddha Nagar, Uttar Pradesh, 201310"",""Item Type Name"":""Smartphone"",""Importer Contact Information"":""vivo Mobile India Pvt Ltd, Plot No 08, Sector 24, Yamuna Expressway Area, Gautam Buddha Nagar, Uttar Pradesh, 201310"",""Manufacturer Contact Information"":""vivo Mobile India Pvt Ltd, Plot No 08, Sector 24, Yamuna Expressway Area, Gautam Buddha Nagar, Uttar Pradesh, 201310"",""Unit Count"":""1 Count"",""Best Sellers Rank"":""#139 in Electronics (See Top 100 in Electronics) #20 in Smartphones"",""ASIN"":""B0F2HBYZ8B"",""Effective Video Resolution"":""2392 Pixels"",""Video Capture Resolution"":""4k"",""Frame Rate"":""30 fps""}",amazon
"realme NARZO 80 Pro 5G (Speed Silver,12GB+256GB)",Realme,Smartphones,23999,27999,14,4.3,2689,https://m.media-amazon.com/images/I/71J+dpjrzhL._AC_UL500_.jpg,https://www.amazon.in/realme-Segments-Dimensity-HyperGlow-Waterproof/dp/B0F1D9PQZZ/ref=sr_1_10?dib=eyJ2IjoiMSJ9.eXtJqnyOrk_CYy8qOLAcyvBQzBAFvsytXYQOh9__TZLua8zpDo8-fdobwaSMDGHVqjcMa0RZ8AzysVwneF9sB1AfVZoFvFwYW1Z5iDv5PmOeHTK2KLHqzHtxblPe_atPUGxi5jNMYQcPbqSal5npsqNr8xJxbwpaYDseqS8Bc7BMNxclergq3K5k0PE16n4RjUp3FNUA4L4eKN1f01feiggySjDjRZ7BGozqfGpyClo.qZ_AbuRIxfBpENtKkZ0phcMD3VhgNtPVhbkKrNKnWEk&dib_tag=se&keywords=smartphones+under+30000&qid=1779560082&sr=8-10,"Lag-free gaming and seamless multitasking: Segment’s 1st Dimensity 7400 Chipset (750k+ Antutu score)* | Uninterrupted Gaming: 6000mAh Titan Battery + 80W Ultra Charge - Power up in minutes, win for hours | 4500 nits HyperGlow Esports Gaming Display: Bright Stunning visuals even under direct sunlight | IP69 Waterproof: Survives water, dust, and extreme conditions | Slimmer with Bigger Battery: 6000mAh in a sleek design - Power without bulk","{""Battery"":""6000 mAh"",""Processor"":""Dimensity 7400 Chipset"",""Connectivity"":""5G"",""Water Resistance"":""IP69"",""Operating System"":""Android 15"",""RAM Memory Installed"":""12 GB"",""Processor Series"":""Mediatek Dimensity 7400"",""Processor Speed"":""2, 2.6 GHz"",""Memory Storage Capacity"":""256 GB"",""Colour"":""Speed Silver"",""SIM Card Slot Count"":""Dual SIM"",""Connector Type"":""USB Type C"",""Form Factor"":""Smartphone"",""Biometric Security Feature"":""Fingerprint Recognition"",""Sim Card Size"":""Nano"",""Water Resistance Level"":""Waterproof"",""Headphones Jack"":""USB"",""Compatible Devices"":""Smartphone"",""Product Features"":""Ip69 Waterproof"",""Flash Memory Supported Size Maximum"":""256 GB"",""Front Photo Sensor Resolution"":""16 MP"",""Rear Facing Camera Photo Sensor Resolution"":""50 MP"",""Number of Rear Facing Cameras"":""2"",""Number of Front Cameras"":""1"",""Battery Capacity"":""6000"",""Battery Power"":""6000"",""Item Weight Unit of Measure"":""179 Grams"",""Item Dimensions"":""16.3 x 7.5 x 0.8 Centimeters"",""Video Capture Resolution"":""4k"",""Frame Rate"":""120 fps, 30 fps, 60 fps"",""Screen Size Unit of Measure"":""17.2 Centimetres"",""Resolution"":""2392*1080"",""Refresh Rate"":""120 Hz"",""Display Type"":""AMOLED"",""Maximum Display Resolution"":""1080 x 2392 Pixels"",""Display Pixel Density"":""391 Pixels Per Inch (PPI)"",""Wireless Provider"":""Unlocked for All Carriers"",""Cellular Technology"":""5G"",""Network Connectivity Technology"":""USB, Wi-Fi"",""Wireless Network Technology"":""Bluetooth, GSM, LTE, Wi-Fi"",""Brand Name"":""realme"",""Model Year"":""2025"",""Country of Origin"":""India"",""Box Contents"":""Adapter, Phone Case, Quick Start Guide, Screen Protector, USB Cable"",""Warranty Description"":""1 Year manufacturer Warranty for handset & 6 months for accessories"",""Manufacturer"":""OPPO MOBILES INDIA PRIVATE LIMITED PLOT-NO.1, SECTOR ECOTECH-VII, GREATER NOIDA, UTTAR PRADESH, 201306, OPPO MOBILES INDIA PVT LTD PLOT-NO.1, SECTOR ECOTECH-VII, GREATER NOIDA, UTTAR PRADESH"",""Specific Uses For Product"":""Business, Entertainment, Gaming, Photography"",""Item Type Name"":""Smartphone"",""Manufacturer Contact Information"":""OPPO MOBILES INDIA PRIVATE LIMITED PLOT-NO.1, SECTOR ECOTECH-VII, GREATER NOIDA, UTTAR PRADESH, 201306"",""Unit Count"":""1 Count"",""Best Sellers Rank"":""#71 in Electronics (See Top 100 in Electronics) #15 in Smartphones"",""ASIN"":""B0F1D9PQZZ"",""Battery Average Life"":""18 Hours"",""GPS Geotagging Functionality"":""True""}",amazon
"Motorola Edge 60 Pro 5G (Pantone Shadow, 8GB RAM, 256GB Storage)",Motorola,Smartphones,29245,36999,21,4.4,417,https://m.media-amazon.com/images/I/61B+Q6QWn3L._AC_UL500_.jpg,https://www.amazon.in/Motorola-Pantone-Shadow-256GB-Storage/dp/B0F83HD8SQ/ref=sr_1_13?dib=eyJ2IjoiMSJ9.eXtJqnyOrk_CYy8qOLAcyvBQzBAFvsytXYQOh9__TZLua8zpDo8-fdobwaSMDGHVqjcMa0RZ8AzysVwneF9sB1AfVZoFvFwYW1Z5iDv5PmOeHTK2KLHqzHtxblPe_atPUGxi5jNMYQcPbqSal5npsqNr8xJxbwpaYDseqS8Bc7BMNxclergq3K5k0PE16n4RjUp3FNUA4L4eKN1f01feiggySjDjRZ7BGozqfGpyClo.qZ_AbuRIxfBpENtKkZ0phcMD3VhgNtPVhbkKrNKnWEk&dib_tag=se&keywords=smartphones+under+30000&qid=1779560082&sr=8-13,"Stunning Display: Experience immersive viewing on the 6.7-inch 1.5K Quad-Curved pOLED display that delivers vibrant colors and sharp visuals for all your content || Upgrade to a stunning quad-curved glass design that fits perfectly in your hand. Featuring an ultrathin frame, rounded corners, and a soft-touch finish, it offers a premium feel. Experience ultimate style and comfort with every touch.Edge into pro with the Motorola Edge’s camera, powered by Moto AI.","{""RAM"":""8 GB"",""Storage"":""256 GB"",""Connectivity"":""5G"",""Operating System"":""Android"",""RAM Memory Installed"":""8 GB"",""Processor Series"":""Mediatek Dimensity 8300"",""Processor Speed"":""2.2, 3.2, 3.35 GHz"",""Memory Storage Capacity"":""256 GB"",""Colour"":""Pantone Shadow"",""SIM Card Slot Count"":""Dual SIM"",""Connector Type"":""USB Type C"",""Form Factor"":""Slate"",""Biometric Security Feature"":""Fingerprint Recognition"",""Sim Card Size"":""Nano"",""Water Resistance Level"":""Water Resistant"",""Flash Memory Supported Size Maximum"":""256 GB"",""Front Photo Sensor Resolution"":""50 MP"",""Rear Facing Camera Photo Sensor Resolution"":""50 MP"",""Number of Rear Facing Cameras"":""2"",""Number of Front Cameras"":""1"",""Battery Capacity"":""5500 Milliamp Hours"",""Battery Description"":""Lithium-Ion"",""Battery Power"":""5500 Milliamp Hours"",""Item Weight Unit of Measure"":""200 Grams"",""Item Dimensions"":""162 x 78 x 8 Centimeters"",""Battery Average Life"":""16 Hours"",""Phone Talk Time"":""29 Hours"",""GPS Geotagging Functionality"":""Gps"",""Screen Size Unit of Measure"":""6.7 Inches"",""Resolution"":""1220 x 2712 pixels"",""Display Type"":""AMOLED"",""Maximum Display Resolution"":""1220 x 2712 Pixels"",""Display Pixel Density"":""444 Pixels Per Inch (PPI)"",""Wireless Provider"":""Jio"",""Cellular Technology"":""5G"",""Network Connectivity Technology"":""Bluetooth, USB, Wi-Fi"",""Wireless Network Technology"":""Bluetooth, GSM, LTE"",""Brand Name"":""Motorola"",""Box Contents"":""USB Cable"",""Warranty Description"":""1 Year Warranty"",""Manufacturer"":""Motorola Mobility Llc"",""Specific Uses For Product"":""Entertainment"",""UPC"":""840023288685"",""Packer Contact Information"":""Motorola India Pvt Ltd 12th floor, Tower-D DLF phase-3, Cyber Greens, Gurgaon-122001"",""Item Type Name"":""Motorola Edge 60 Pro 5G"",""Unit Count"":""1 Count"",""Best Sellers Rank"":""#873 in Electronics (See Top 100 in Electronics) #82 in Smartphones"",""ASIN"":""B0F83HD8SQ"",""Effective Video Resolution"":""1080 Pixels"",""Video Capture Resolution"":""1080p, 4k"",""Frame Rate"":""120 fps, 30 fps, 60 fps""}",amazon
"Motorola Edge 60 Fusion 5G Smartphone with 6.67"" 120Hz pOLED Display, 50MP OIS Camera,",Motorola,Smartphones,25890,25890,10,4.2,1397,https://m.media-amazon.com/images/I/61NsPikkMBL._AC_UL500_.jpg,https://www.amazon.in/Motorola-Smartphone-Dimensity-Processor-Amazonite/dp/B0F46SJ5SB/ref=sr_1_14?dib=eyJ2IjoiMSJ9.eXtJqnyOrk_CYy8qOLAcyvBQzBAFvsytXYQOh9__TZLua8zpDo8-fdobwaSMDGHVqjcMa0RZ8AzysVwneF9sB1AfVZoFvFwYW1Z5iDv5PmOeHTK2KLHqzHtxblPe_atPUGxi5jNMYQcPbqSal5npsqNr8xJxbwpaYDseqS8Bc7BMNxclergq3K5k0PE16n4RjUp3FNUA4L4eKN1f01feiggySjDjRZ7BGozqfGpyClo.qZ_AbuRIxfBpENtKkZ0phcMD3VhgNtPVhbkKrNKnWEk&dib_tag=se&keywords=smartphones+under+30000&qid=1779560082&sr=8-14,"Premium Curved pOLED Display – Enjoy an immersive viewing experience with a large, vibrant curved pOLED screen and smooth high refresh rate for scrolling, gaming, and streaming. | Powerful Performance: Equipped with MediaTek Dimensity 7030 processor and 8GB RAM for seamless multitasking, smooth app performance, and efficient 5G connectivity | Advanced Camera System: Capture stunning photos with the 50MP OIS main camera that reduces blur and shake, complemented by ultra-wide lens for versatile photography options | Fast Charging Technology: Stay powered throughout the day with 68W fast charging","{""Storage"":""256 GB"",""Fast Charging"":""68W"",""Display"":""6.67\"""",""Refresh Rate"":""120"",""Processor"":""Dimensity 7030 Processor"",""Connectivity"":""5G"",""Display Type"":""OLED"",""OS"":""Android"",""Operating System"":""Android 14"",""RAM Memory Installed"":""8 GB"",""Processor Series"":""Cortex A5"",""Processor Speed"":""4.2 GHz"",""Memory Storage Capacity"":""256 GB"",""Colour"":""Amazonite"",""SIM Card Slot Count"":""Dual SIM"",""Connector Type"":""USB Type C"",""Form Factor"":""Slate"",""Biometric Security Feature"":""Fingerprint Recognition"",""Sim Card Size"":""Nano"",""Water Resistance Level"":""Water Resistant"",""Headphones Jack"":""USB Type C"",""Product Features"":""Fast Charging Support, endures -20°C to 60°C temperatures, 95% humidity, and falls from up to 1.22 meters"",""Flash Memory Supported Size Maximum"":""1 TB"",""Front Photo Sensor Resolution"":""32 MP"",""Rear Facing Camera Photo Sensor Resolution"":""50 MP"",""Number of Rear Facing Cameras"":""3"",""Number of Front Cameras"":""1"",""Battery Capacity"":""5200 Milliamp Hours"",""Battery Description"":""Lithium-Ion"",""Battery Power"":""5500"",""Item Weight Unit of Measure"":""190 Grams"",""Item Dimensions"":""16.1 x 7.3 x 0.8 Centimeters"",""Effective Video Resolution"":""4000 Pixels"",""Video Capture Resolution"":""4k"",""Frame Rate"":""120 fps, 30 fps, 60 fps"",""Screen Size Unit of Measure"":""6.67 Inches"",""Resolution"":""2712 x 1220 pixels"",""Display Pixel Density"":""446 Pixels Per Inch (PPI)"",""Wireless Provider"":""Airtel"",""Cellular Technology"":""5 G; 4 G; 3 G; 2 G"",""Network Connectivity Technology"":""Bluetooth, NFC, USB, Wi-Fi"",""Wireless Network Technology"":""CDMA, GSM, LTE, Wi-Fi"",""Brand Name"":""Motorola"",""Box Contents"":""USB Cable"",""Warranty Description"":""1 year manufacturer warranty"",""Manufacturer"":""Motorola Mobility LLC"",""Specific Uses For Product"":""Business, Entertainment, Gaming, Photography"",""UPC"":""840023288005"",""Packer Contact Information"":""Padget Electronics Pvt Ltd, A-23, Sector-60, Noida, Gautam Buddha Nagar, Uttar Pradesh 201301"",""Item Type Name"":""Smartphone"",""Importer Contact Information"":""Padget Electronics Pvt Ltd, A-23, Sector-60, Noida, Gautam Buddha Nagar, Uttar Pradesh 201301"",""Unit Count"":""1 Count"",""Best Sellers Rank"":""#416 in Electronics (See Top 100 in Electronics) #56 in Smartphones"",""ASIN"":""B0F46SJ5SB"",""Phone Talk Time"":""27 Hours"",""Battery Average Life Talk Time"":""42 Hours"",""GPS Geotagging Functionality"":""True""}",amazon
"Motorola G96 144Hz 3D Curved pOLED (PANTONE Greener Pastures, 8GB RAM, 128GB Storage)",Motorola,Smartphones,20739,20999,1,4.4,352,https://m.media-amazon.com/images/I/51h0rsXmIXL._AC_UL500_.jpg,https://www.amazon.in/Motorola-G96-PANTONE-Greener-Pastures/dp/B0FHGD4VNY/ref=sr_1_15?dib=eyJ2IjoiMSJ9.eXtJqnyOrk_CYy8qOLAcyvBQzBAFvsytXYQOh9__TZLua8zpDo8-fdobwaSMDGHVqjcMa0RZ8AzysVwneF9sB1AfVZoFvFwYW1Z5iDv5PmOeHTK2KLHqzHtxblPe_atPUGxi5jNMYQcPbqSal5npsqNr8xJxbwpaYDseqS8Bc7BMNxclergq3K5k0PE16n4RjUp3FNUA4L4eKN1f01feiggySjDjRZ7BGozqfGpyClo.qZ_AbuRIxfBpENtKkZ0phcMD3VhgNtPVhbkKrNKnWEk&dib_tag=se&keywords=smartphones+under+30000&qid=1779560082&sr=8-15,,"{""RAM"":""8 GB"",""Storage"":""128 GB"",""Refresh Rate"":""144 Hz"",""Display Type"":""OLED"",""_inline"":""1K+ bought in past month · M.R.P: · FREE delivery Mon, 25 MayOr fastest delivery Tomorrow, 24 May · More Buying Choices₹18,796(22 new offers) · More Buying Choices""}",amazon
OnePlus Nord CE6 Lite,OnePlus,Smartphones,25999,33999,24,3.9,50,https://m.media-amazon.com/images/I/61T18EfkX0L._AC_UL500_.jpg,https://www.amazon.in/OnePlus-Segments-Dimensity-Processor-Recording/dp/B0GVYXPZBS/ref=sr_1_16?dib=eyJ2IjoiMSJ9.eXtJqnyOrk_CYy8qOLAcyvBQzBAFvsytXYQOh9__TZLua8zpDo8-fdobwaSMDGHVqjcMa0RZ8AzysVwneF9sB1AfVZoFvFwYW1Z5iDv5PmOeHTK2KLHqzHtxblPe_atPUGxi5jNMYQcPbqSal5npsqNr8xJxbwpaYDseqS8Bc7BMNxclergq3K5k0PE16n4RjUp3FNUA4L4eKN1f01feiggySjDjRZ7BGozqfGpyClo.qZ_AbuRIxfBpENtKkZ0phcMD3VhgNtPVhbkKrNKnWEk&dib_tag=se&keywords=smartphones+under+30000&qid=1779560082&sr=8-16,,"{""Battery"":""7000 mAh"",""Refresh Rate"":""144 Hz"",""Camera"":""50 MP"",""Processor"":""Dimensity 7400 Apex Processor"",""Display Type"":""4K"",""_inline"":""M.R.P: · FREE delivery Mon, 25 May""}",amazon
"vivo T5x 5G (Star Silver, 8GB RAM, 256GB Storage)",Vivo,Smartphones,27150,33999,20,4.4,57,https://m.media-amazon.com/images/I/71ur3D4Wt3L._AC_UL500_.jpg,https://www.amazon.in/vivo-Dimensity-7400-Turbo-Processor-Smartphone/dp/B0GTV6S8Q2/ref=sr_1_17?dib=eyJ2IjoiMSJ9.eXtJqnyOrk_CYy8qOLAcyvBQzBAFvsytXYQOh9__TZLua8zpDo8-fdobwaSMDGHVqjcMa0RZ8AzysVwneF9sB1AfVZoFvFwYW1Z5iDv5PmOeHTK2KLHqzHtxblPe_atPUGxi5jNMYQcPbqSal5npsqNr8xJxbwpaYDseqS8Bc7BMNxclergq3K5k0PE16n4RjUp3FNUA4L4eKN1f01feiggySjDjRZ7BGozqfGpyClo.qZ_AbuRIxfBpENtKkZ0phcMD3VhgNtPVhbkKrNKnWEk&dib_tag=se&keywords=smartphones+under+30000&qid=1779560082&sr=8-17,,"{""RAM"":""8 GB"",""Storage"":""256 GB"",""Battery"":""7200 mAh"",""Display"":""6.76\"""",""Processor"":""Dimensity 7400"",""Connectivity"":""5G"",""Display Type"":""FHD+"",""_inline"":""300+ bought in past month · M.R.P: · FREE delivery Mon, 25 May""}",amazon
"Samsung Galaxy M36 5G Mobile (Velvet Black, 8GB RAM, 128GB Storage)",Samsung,Smartphones,23999,26999,11,4.1,1654,https://m.media-amazon.com/images/I/71M0xLXh+4L._AC_UL500_.jpg,https://www.amazon.in/Samsung-Storage-Enhanced-Unmatched-Nightography/dp/B0FDB9ZCTD/ref=sr_1_18?dib=eyJ2IjoiMSJ9.eXtJqnyOrk_CYy8qOLAcyvBQzBAFvsytXYQOh9__TZLua8zpDo8-fdobwaSMDGHVqjcMa0RZ8AzysVwneF9sB1AfVZoFvFwYW1Z5iDv5PmOeHTK2KLHqzHtxblPe_atPUGxi5jNMYQcPbqSal5npsqNr8xJxbwpaYDseqS8Bc7BMNxclergq3K5k0PE16n4RjUp3FNUA4L4eKN1f01feiggySjDjRZ7BGozqfGpyClo.qZ_AbuRIxfBpENtKkZ0phcMD3VhgNtPVhbkKrNKnWEk&dib_tag=se&keywords=smartphones+under+30000&qid=1779560082&sr=8-18,"AI Monster – Make your search intelligent with Circle to Search with Google and Gemini Live. Become a photography pro with AI powered editing with Object Eraser, Image Clipper, Edit Suggestions, All 5G bands. | Monster design and durability - 7.7mm Sleek mobile with Upgraded Camera Deco and Plastic Back, Gorilla Glass Victus+ Protection on front, 4x Better Scratch Resistance, 2.0 m Fall Endurance. | Monster camera - Triple Rear Camera with OIS and 13MP Front Camera with Monster 4k Video Recording , 50MP (F1.8) Main Wide Angle Camera + 8MP (F2.2) Ultra Wide Angle Camera + 2MP (F2.4) Macro Angle","{""RAM"":""8 GB"",""Storage"":""128 GB"",""Connectivity"":""5G"",""Operating System"":""Android 15"",""RAM Memory Installed"":""8 GB"",""Processor Series"":""Exynos 1380 S5E8835"",""Processor Speed"":""2.4 GHz"",""Memory Storage Capacity"":""128 GB"",""Colour"":""Velvet Black"",""SIM Card Slot Count"":""Dual SIM"",""Connector Type"":""USB Type C"",""Form Factor"":""Bar"",""Biometric Security Feature"":""Fingerprint Recognition"",""Human Interface Types"":""Touchscreen"",""Sim Card Size"":""Nano"",""Water Resistance Level"":""Not Water Resistant"",""Headphones Jack"":""No headphone jack"",""EU Spare Part Availability Duration"":""6 Years"",""Product Features"":""Dual SIM, Expandable Memory, Fast Charging Support, Stereo Speakers, Supports Usb Otg"",""Flash Memory Supported Size Maximum"":""1 TB"",""Front Photo Sensor Resolution"":""13 MP"",""Rear Facing Camera Photo Sensor Resolution"":""2, 50, 8 MP"",""Camera Description"":""Front, Rear"",""Camera Flash Type"":""LED"",""Shooting Modes"":""Bixby Vision,Food,Fun,Hyperlapse,Macro,Night,Panorama,Photo,Portrait,Pro,Pro Video,Single Take,Slow Motion,Super slow-mo,Video"",""Number of Rear Facing Cameras"":""3"",""Number of Front Cameras"":""1"",""Battery Capacity"":""5000 Milliamp Hours"",""Battery Description"":""Lithium-Ion"",""Battery Power"":""5000 Milliamp Hours"",""Battery Average Life"":""2 Days"",""Phone Talk Time"":""48 Hours"",""Battery Average Life Talk Time"":""48 Hours"",""GPS Geotagging Functionality"":""True"",""Supported Satellite Navigation System"":""BeiDou, GLONASS, GPS, Galileo"",""Screen Size Unit of Measure"":""6.7 Inches"",""Resolution"":""2340 x 1080"",""Refresh Rate"":""120"",""Display Type"":""AMOLED"",""Maximum Display Resolution"":""2340 x 1080 Pixels Per Inch"",""Display Pixel Density"":""387 Pixels Per Inch (PPI)"",""Wireless Provider"":""Unlocked for All Carriers"",""Cellular Technology"":""5G"",""Network Connectivity Technology"":""Bluetooth, NFC, USB, Wi-Fi"",""Wireless Network Technology"":""GSM"",""Brand Name"":""Samsung"",""Model Year"":""2025"",""Country of Origin"":""India"",""Box Contents"":""Data Cable (C to C), Quick Start Guide, SIM Ejection PIN, Smartphone"",""Warranty Description"":""1 Year Manufacturer Warranty for Device and 6 Months for In-Box Accessories"",""Manufacturer"":""Samsung, Samsung India Electronics Pvt. Ltd. having its Registered Office at: 6th Floor, DLF Centre, Sansad Marg, New Delhi – 110001. Email us at: support.india@samsung.com"",""Specific Uses For Product"":""Entertainment, Gaming, Photography"",""Packer Contact Information"":""Samsung India Electronics Pvt. Ltd. having its Registered Office at: 6th Floor, DLF Centre, Sansad Marg, New Delhi – 110001. Email us at: support.india@samsung.com"",""Item Type Name"":""Smartphone"",""Importer Contact Information"":""Samsung India Electronics Pvt. Ltd. having its Registered Office at: 6th Floor, DLF Centre, Sansad Marg, New Delhi – 110001. Email us at: support.india@samsung.com"",""Manufacturer Contact Information"":""Samsung India Electronics Pvt. Ltd. having its Registered Office at: 6th Floor, DLF Centre, Sansad Marg, New Delhi – 110001. Email us at: support.india@samsung.com"",""Unit Count"":""1 Count"",""Best Sellers Rank"":""#388 in Electronics (See Top 100 in Electronics) #44 in Smartphones"",""ASIN"":""B0FDB9ZCTD"",""Item Weight Unit of Measure"":""197 Grams"",""Item Dimensions"":""8 x 78 x 164 Millimeters"",""Effective Video Resolution"":""2160 Pixels"",""Video Capture Resolution"":""4k"",""Frame Rate"":""240 fps, 30fps, 480 fps""}",amazon
"Motorola Edge 60 Fusion (Pantone Amazonite, 12GB RAM, 256GB Storage)",Motorola,Smartphones,26199,27999,6,4.2,702,https://m.media-amazon.com/images/I/61NsPikkMBL._AC_UL500_.jpg,https://www.amazon.in/Motorola-Fusion-Pantone-Amazonite-Storage/dp/B0F46FY98J/ref=sr_1_19?dib=eyJ2IjoiMSJ9.eXtJqnyOrk_CYy8qOLAcyvBQzBAFvsytXYQOh9__TZLua8zpDo8-fdobwaSMDGHVqjcMa0RZ8AzysVwneF9sB1AfVZoFvFwYW1Z5iDv5PmOeHTK2KLHqzHtxblPe_atPUGxi5jNMYQcPbqSal5npsqNr8xJxbwpaYDseqS8Bc7BMNxclergq3K5k0PE16n4RjUp3FNUA4L4eKN1f01feiggySjDjRZ7BGozqfGpyClo.qZ_AbuRIxfBpENtKkZ0phcMD3VhgNtPVhbkKrNKnWEk&dib_tag=se&keywords=smartphones+under+30000&qid=1779560082&sr=8-19,"The Moto Edge 60 Fusion offers a premium curved design, vibrant display, smooth and reliable performance, clean stock Android experience, versatile camera capabilities, long-lasting battery with fast charging support, and durable build quality, making it an ideal smartphone for everyday use and entertainment. || The Moto Edge 60 Fusion is a well-rounded smartphone designed for users who want a smooth, stylish, and reliable mobile experience in everyday life. It features a premium and slim design that feels comfortable in the hand while also looking modern and elegant. The phone comes with a vi","{""RAM"":""12 GB"",""Storage"":""256 GB"",""Operating System"":""Android 14"",""RAM Memory Installed"":""12 GB"",""Processor Series"":""Cortex A5"",""Processor Speed"":""4.19 GHz"",""Memory Storage Capacity"":""12 GB"",""Colour"":""Pantone Amazonite"",""SIM Card Slot Count"":""Dual SIM"",""Connector Type"":""USB Type C"",""Form Factor"":""Slate"",""Biometric Security Feature"":""Fingerprint Recognition"",""Sim Card Size"":""Nano"",""Water Resistance Level"":""Water Resistant"",""Headphones Jack"":""USB Type-C"",""Flash Memory Supported Size Maximum"":""1 TB"",""Front Photo Sensor Resolution"":""32 MP"",""Rear Facing Camera Photo Sensor Resolution"":""50 MP"",""Number of Front Cameras"":""1"",""Battery Capacity"":""5200 Milliamp Hours"",""Battery Description"":""Lithium-Ion"",""Battery Charge Time"":""2 Hours"",""Battery Power"":""5500"",""Item Weight Unit of Measure"":""190 Grams"",""Item Dimensions"":""16.1 x 7.3 x 0.8 Centimeters"",""Effective Video Resolution"":""1220 Pixels"",""Video Capture Resolution"":""1080p"",""Frame Rate"":""120 fps, 30 fps, 60 fps"",""Screen Size Unit of Measure"":""6.67 Inches"",""Resolution"":""1220 x 2712"",""Display Pixel Density"":""446 Pixels Per Inch (PPI)"",""Wireless Provider"":""Airtel"",""Cellular Technology"":""5G"",""Network Connectivity Technology"":""Bluetooth, USB, Wi-Fi"",""Wireless Network Technology"":""GSM, LTE, Wi-Fi"",""Brand Name"":""Motorola"",""Box Contents"":""USB Cable"",""Warranty Description"":""1 year manufacturer warranty"",""Manufacturer"":""MOTOROLA"",""Specific Uses For Product"":""Entertainment, Photography"",""UPC"":""840023285844"",""Packer Contact Information"":""Padget Electronics Pvt Ltd, A-23, Sector-60, Noida, Gautam Buddha Nagar, Uttar Pradesh 201301"",""Item Type Name"":""Smartphone"",""Unit Count"":""1 Count"",""Best Sellers Rank"":""#1,303 in Electronics (See Top 100 in Electronics) #101 in Smartphones"",""ASIN"":""B0F46FY98J"",""Battery Average Life"":""14 Hours"",""Phone Talk Time"":""27 Hours"",""Battery Average Life Talk Time"":""27.24 Hours"",""GPS Geotagging Functionality"":""True""}",amazon
"Samsung Galaxy M56 5G Mobile (Light Green,8GB RAM,128GB Storage)| Segment Slimmest",Samsung,Smartphones,23499,33999,31,4.2,1721,https://m.media-amazon.com/images/I/71PQ2tp0jwL._AC_UL500_.jpg,https://www.amazon.in/Samsung-Slimmest-Enhanced-Nightography-Processor/dp/B0F43VZ4H1/ref=sr_1_20?dib=eyJ2IjoiMSJ9.eXtJqnyOrk_CYy8qOLAcyvBQzBAFvsytXYQOh9__TZLua8zpDo8-fdobwaSMDGHVqjcMa0RZ8AzysVwneF9sB1AfVZoFvFwYW1Z5iDv5PmOeHTK2KLHqzHtxblPe_atPUGxi5jNMYQcPbqSal5npsqNr8xJxbwpaYDseqS8Bc7BMNxclergq3K5k0PE16n4RjUp3FNUA4L4eKN1f01feiggySjDjRZ7BGozqfGpyClo.qZ_AbuRIxfBpENtKkZ0phcMD3VhgNtPVhbkKrNKnWEk&dib_tag=se&keywords=smartphones+under+30000&qid=1779560082&sr=8-20,"Monster Design - Slimmest smartphone of the segment with just 7.2 mm sleek with Glass Back and Metal Camera Deco, Premium Design with Bold and Balanced colors. | Monster Durability - Corning Gorilla Glass Victus+ Protection on both Front and Back side, 4x Better Scratch Resistance, 2.0 m Fall Endurance. It is as tough as it is sleek. | Monster Camera - 12 MP Front HDR Camera with Flagship grade sensor and 10 Bit HDR Video capturing a wide range of colors for stunningly rich and true-to life visuals. 50MP Main Wide Angle Camera + 8MP Ultra Wide Angle Camera + 2MP Macro Angle Camera. Video recor","{""RAM"":""8 GB"",""Storage"":""128 GB"",""Camera"":""50 MP"",""Connectivity"":""5G"",""Operating System"":""Android 15.0"",""RAM Memory Installed"":""8 GB"",""Processor Series"":""Exynos 1480 S5E8845"",""Processor Speed"":""2.75 GHz"",""Memory Storage Capacity"":""128 GB"",""Colour"":""Light Green"",""SIM Card Slot Count"":""Dual SIM"",""Connector Type"":""USB Type C"",""Form Factor"":""Bar"",""Biometric Security Feature"":""Fingerprint Recognition"",""Human Interface Types"":""Touchscreen"",""Sim Card Size"":""Nano"",""Water Resistance Level"":""Not Water Resistant"",""EU Spare Part Availability Duration"":""6 Years"",""Product Features"":""Built-In GPS, Dual SIM, Fast Charging Support, Mobile Hotspot Capability, Stereo Speakers"",""Flash Memory Supported Size Maximum"":""128 GB"",""Front Photo Sensor Resolution"":""12 MP"",""Camera Description"":""Front, Rear"",""Camera Flash Type"":""LED"",""Shooting Modes"":""Bixby Vision,Dual Recording,Food,Fun,Hyperlapse,Macro,Night,Panorama,Photo,Portrait,Pro,Pro Video,Single Take,Slow Motion,Video"",""Number of Rear Facing Cameras"":""3"",""Number of Front Cameras"":""1"",""Battery Capacity"":""5000 Milliamp Hours"",""Battery Power"":""5000 Milliamp Hours"",""Item Weight Unit of Measure"":""180 Grams"",""Item Dimensions"":""7 x 77 x 162 Millimeters"",""Effective Video Resolution"":""2160 Pixels"",""Video Capture Resolution"":""4k"",""Frame Rate"":""30 fps"",""Screen Size Unit of Measure"":""6.7 Inches"",""Resolution"":""2340 x 1080"",""Refresh Rate"":""120 Hz"",""Display Type"":""AMOLED"",""Maximum Display Resolution"":""2340 x 1080 Pixels Per Inch"",""Display Pixel Density"":""382 Pixels Per Inch (PPI)"",""Wireless Provider"":""Unlocked for All Carriers"",""Cellular Technology"":""5G"",""Network Connectivity Technology"":""Bluetooth, USB, Wi-Fi"",""Wireless Network Technology"":""GSM"",""Brand Name"":""Samsung"",""Model Year"":""2025"",""Country of Origin"":""India"",""Box Contents"":""Data Cable (C to C), Quick Start Guide, SIM Ejection PIN, Smartphone"",""Warranty Description"":""1 Year Manufacturer Warranty for Device and 6 Months for In-Box Accessories"",""Manufacturer"":""Samsung, Samsung India Electronics Pvt. Ltd. having its Registered Office at: 6th Floor, DLF Centre, Sansad Marg, New Delhi – 110001 Email us at: support.india@samsung.com"",""Specific Uses For Product"":""Entertainment, Gaming, Photography"",""Packer Contact Information"":""Samsung India Electronics Pvt. Ltd. having its Registered Office at: 6th Floor, DLF Centre, Sansad Marg, New Delhi – 110001 Email us at: support.india@samsung.com"",""Item Type Name"":""Smartphone"",""Importer Contact Information"":""Samsung India Electronics Pvt. Ltd. having its Registered Office at: 6th Floor, DLF Centre, Sansad Marg, New Delhi – 110001 Email us at: support.india@samsung.com"",""Manufacturer Contact Information"":""Samsung India Electronics Pvt. Ltd. having its Registered Office at: 6th Floor, DLF Centre, Sansad Marg, New Delhi – 110001 Email us at: support.india@samsung.com"",""Unit Count"":""1 Count"",""Best Sellers Rank"":""#48 in Electronics (See Top 100 in Electronics) #11 in Smartphones"",""ASIN"":""B0F43VZ4H1"",""Battery Average Life"":""26 Hours"",""Phone Talk Time"":""26 Hours"",""GPS Geotagging Functionality"":""True"",""Supported Satellite Navigation System"":""BeiDou, GLONASS, GPS, Galileo""}",amazon
"VIVO T4 Pro 5G (Blaze Gold, 128 GB) (8 GB RAM)",Vivo,Smartphones,29789,32999,10,4.2,51,https://m.media-amazon.com/images/I/314VOn1p9oL._AC_UL500_.jpg,https://www.amazon.in/VIVO-T4-Pro-5G-Blaze/dp/B0FQBXSLQX/ref=sr_1_20?dib=eyJ2IjoiMSJ9.E9RtugMxiL_qK9_bLPZbKk3gnF9TTSHbKNh1CAIeoxqqqoEY7yi3LP1UwKlW7hgHtU_KRBXYe6HZu5sdDcVohGkR1coe5ZuN8KDJ3CeUzn9E6NqxJYk4GM9K7VA21d04tWOrBNSlOD0fvEIIrD_eNbt4sB38GX05hySXRYG9xUFJ9P27_vifBCSPOSBXsBhwlXvTPmdCs74TuLO7niYEEBvOLqPmE3Bytm0zgG1q0Aw.uAwtbu3y2H4UzIsKFtTf-UVL8vmoIUV0mjx2bGC5gNc&dib_tag=se&keywords=smartphones+under+30000&qid=1779560095,,"{""RAM"":""8 GB"",""Connectivity"":""5G"",""_inline"":""50+ bought in past month · M.R.P: · FREE delivery Tue, 26 MayOr fastest delivery Mon, 25 May · Only 1 left in stock.""}",amazon
"iQOO Z11x 5G (Titan Black, 6GB RAM, 128 GB Storage)",iQOO,Smartphones,22999,28999,21,4.2,647,https://m.media-amazon.com/images/I/618IOq-RikL._AC_UL500_.jpg,https://www.amazon.in/iQOO-Dimensity-7400-Turbo-Processor-Recording/dp/B0GP7BD27Q/ref=sr_1_21?dib=eyJ2IjoiMSJ9.E9RtugMxiL_qK9_bLPZbKk3gnF9TTSHbKNh1CAIeoxqqqoEY7yi3LP1UwKlW7hgHtU_KRBXYe6HZu5sdDcVohGkR1coe5ZuN8KDJ3CeUzn9E6NqxJYk4GM9K7VA21d04tWOrBNSlOD0fvEIIrD_eNbt4sB38GX05hySXRYG9xUFJ9P27_vifBCSPOSBXsBhwlXvTPmdCs74TuLO7niYEEBvOLqPmE3Bytm0zgG1q0Aw.uAwtbu3y2H4UzIsKFtTf-UVL8vmoIUV0mjx2bGC5gNc&dib_tag=se&keywords=smartphones+under+30000&qid=1779560095,"PERFORMANCE: Segment’s Fastest Smartphone, powered by Dimensity 7400 Turbo chipset with an AnTuTu score of 1Mn+, paired with UFS 3.1 and 256GB storage. Gaming features include Dual 10x Super Touch Control, Monster Mode, in-game overlay notifications, 4D game vibration, and Game Voice Changer for an immersive gaming experience. | BATTERY: Segment’s Biggest Battery, Z11x packs a massive 7200mAh battery. Supports 1600 complete charging cycles maintaining battery health for up to 6 years. 44W FlashCharge, battery temperature control, and overnight charging protection ensure fast and safe charging.","{""RAM"":""6 GB"",""Storage"":""128 GB"",""Battery"":""7200 mAh"",""Processor"":""Dimensity 7400"",""Connectivity"":""5G"",""Water Resistance"":""IP68"",""Display Type"":""LCD"",""Operating System"":""OriginOS 6.0 based on Android 16"",""RAM Memory Installed"":""6 GB"",""Processor Series"":""Mediatek Dimensity 7400"",""Processor Speed"":""2.6 GHz"",""Memory Storage Capacity"":""128 GB"",""Colour"":""Titan Black"",""SIM Card Slot Count"":""Dual SIM"",""Connector Type"":""USB Type C"",""Form Factor"":""Bar"",""Sim Card Size"":""Nano"",""Product Features"":""Water Resistant"",""Flash Memory Supported Size Maximum"":""128 GB"",""Front Photo Sensor Resolution"":""32 MP"",""Rear Facing Camera Photo Sensor Resolution"":""50 MP"",""Number of Rear Facing Cameras"":""2"",""Number of Front Cameras"":""1"",""Battery Capacity"":""7200"",""Battery Description"":""Lithium-Ion"",""Battery Power"":""7200"",""Item Weight Unit of Measure"":""219 Grams"",""Item Dimensions"":""16.7 x 7.8 x 0.8 Centimeters"",""GPS Geotagging Functionality"":""True"",""Screen Size Unit of Measure"":""17.17 Centimetres"",""Resolution"":""2344 x 1080"",""Refresh Rate"":""120"",""Maximum Display Resolution"":""2344 x 1080 Pixels"",""Display Pixel Density"":""382 Pixels Per Inch (PPI)"",""Wireless Provider"":""Unlocked for All Carriers"",""Cellular Technology"":""5G"",""Network Connectivity Technology"":""Bluetooth 5.4, Infrared, USB, Wi-Fi"",""Brand Name"":""iQOO"",""Model Year"":""2026"",""Box Contents"":""Cell phone, Eject Tool, Warranty card, Quick Start Guide, Phone case, Charger, USB cable, Protective Film (applied)"",""Warranty Description"":""1 year manufacturer warranty for device & 6 months for In-box accessories from the date of purchase"",""Manufacturer"":""vivo Mobile India Private Limited, vivo Mobile India Pvt Ltd, Plot No 08, Sector 24, Yamuna Expressway Area, Gautam Buddha Nagar, Uttar Pradesh, 201310"",""Item Length"":""16.66 Centimetres"",""Packer Contact Information"":""vivo Mobile India Pvt Ltd, Plot No 08, Sector 24, Yamuna Expressway Area, Gautam Buddha Nagar, Uttar Pradesh, 201310"",""Item Type Name"":""Smartphone"",""Importer Contact Information"":""vivo Mobile India Pvt Ltd, Plot No 08, Sector 24, Yamuna Expressway Area, Gautam Buddha Nagar, Uttar Pradesh, 201310"",""Manufacturer Contact Information"":""vivo Mobile India Pvt Ltd, Plot No 08, Sector 24, Yamuna Expressway Area, Gautam Buddha Nagar, Uttar Pradesh, 201310"",""Unit Count"":""1 Count"",""Best Sellers Rank"":""#63 in Electronics (See Top 100 in Electronics) #13 in Smartphones"",""ASIN"":""B0GP7BD27Q""}",amazon
"Motorola Edge 60 Fusion 5G (Pantone Zephyr, 12GB RAM, 256GB Storage)",Motorola,Smartphones,26999,27999,4,4.2,206,https://m.media-amazon.com/images/I/41ptXDFmh3L._AC_UL500_.jpg,https://www.amazon.in/Motorola-Fusion-Pantone-Zephyr-Storage/dp/B0G2CMKDXP/ref=sr_1_23?dib=eyJ2IjoiMSJ9.E9RtugMxiL_qK9_bLPZbKk3gnF9TTSHbKNh1CAIeoxqqqoEY7yi3LP1UwKlW7hgHtU_KRBXYe6HZu5sdDcVohGkR1coe5ZuN8KDJ3CeUzn9E6NqxJYk4GM9K7VA21d04tWOrBNSlOD0fvEIIrD_eNbt4sB38GX05hySXRYG9xUFJ9P27_vifBCSPOSBXsBhwlXvTPmdCs74TuLO7niYEEBvOLqPmE3Bytm0zgG1q0Aw.uAwtbu3y2H4UzIsKFtTf-UVL8vmoIUV0mjx2bGC5gNc&dib_tag=se&keywords=smartphones+under+30000&qid=1779560095,,"{""RAM"":""12 GB"",""Storage"":""256 GB"",""Connectivity"":""5G"",""_inline"":""M.R.P: · FREE delivery Mon, 25 May""}",amazon
"realme P4 Power 5G Smartphone, Trans Silver, 8GB RAM, 256GB Storage, 10001mAh Battery,",Realme,Smartphones,27999,34999,20,4.2,28,https://m.media-amazon.com/images/I/41aj5vbvvIL._AC_UL500_.jpg,https://www.amazon.in/realme-Smartphone-Storage-10001mAh-Battery/dp/B0GLZWV898/ref=sr_1_24?dib=eyJ2IjoiMSJ9.E9RtugMxiL_qK9_bLPZbKk3gnF9TTSHbKNh1CAIeoxqqqoEY7yi3LP1UwKlW7hgHtU_KRBXYe6HZu5sdDcVohGkR1coe5ZuN8KDJ3CeUzn9E6NqxJYk4GM9K7VA21d04tWOrBNSlOD0fvEIIrD_eNbt4sB38GX05hySXRYG9xUFJ9P27_vifBCSPOSBXsBhwlXvTPmdCs74TuLO7niYEEBvOLqPmE3Bytm0zgG1q0Aw.uAwtbu3y2H4UzIsKFtTf-UVL8vmoIUV0mjx2bGC5gNc&dib_tag=se&keywords=smartphones+under+30000&qid=1779560095,,"{""RAM"":""8 GB"",""Storage"":""256 GB"",""Battery"":""10001 mAh"",""Display"":""6.8\"""",""Connectivity"":""5G"",""_inline"":""100+ bought in past month · M.R.P: · FREE delivery Wed, 27 May · Only 1 left in stock.""}",amazon
"Nothing Phone (3a) Lite (White, 128 GB) (8 GB RAM)",Nothing,Smartphones,25499,29999,15,4.3,103,https://m.media-amazon.com/images/I/717B2B7Hm8L._AC_UL500_.jpg,https://www.amazon.in/Nothing-Phone-Lite-White-128/dp/B0G47YZJH6/ref=sr_1_25?dib=eyJ2IjoiMSJ9.E9RtugMxiL_qK9_bLPZbKk3gnF9TTSHbKNh1CAIeoxqqqoEY7yi3LP1UwKlW7hgHtU_KRBXYe6HZu5sdDcVohGkR1coe5ZuN8KDJ3CeUzn9E6NqxJYk4GM9K7VA21d04tWOrBNSlOD0fvEIIrD_eNbt4sB38GX05hySXRYG9xUFJ9P27_vifBCSPOSBXsBhwlXvTPmdCs74TuLO7niYEEBvOLqPmE3Bytm0zgG1q0Aw.uAwtbu3y2H4UzIsKFtTf-UVL8vmoIUV0mjx2bGC5gNc&dib_tag=se&keywords=smartphones+under+30000&qid=1779560095,,"{""RAM"":""8 GB"",""_inline"":""500+ bought in past month · M.R.P: · FREE delivery Thu, 28 MayOr fastest delivery Mon, 25 May · Only 1 left in stock.""}",amazon
"Motorola Edge 60 Stylus (Web, 8+256)",Motorola,Smartphones,22799,28999,21,4.2,388,https://m.media-amazon.com/images/I/61UTyZA5rdL._AC_UL500_.jpg,https://www.amazon.in/Motorola-Edge-Stylus-256GB-Storage/dp/B0F5Y84NWS/ref=sr_1_26?dib=eyJ2IjoiMSJ9.E9RtugMxiL_qK9_bLPZbKk3gnF9TTSHbKNh1CAIeoxqqqoEY7yi3LP1UwKlW7hgHtU_KRBXYe6HZu5sdDcVohGkR1coe5ZuN8KDJ3CeUzn9E6NqxJYk4GM9K7VA21d04tWOrBNSlOD0fvEIIrD_eNbt4sB38GX05hySXRYG9xUFJ9P27_vifBCSPOSBXsBhwlXvTPmdCs74TuLO7niYEEBvOLqPmE3Bytm0zgG1q0Aw.uAwtbu3y2H4UzIsKFtTf-UVL8vmoIUV0mjx2bGC5gNc&dib_tag=se&keywords=smartphones+under+30000&qid=1779560095,"Display : 6.7 inches, P-OLED, 1B colors with resolution 1220 x 2712 pixels, Corning Gorilla Glass 3. | Processor : Qualcomm SM7435-AB Snapdragon 7s Gen 2 (4 nm), Octa-core (4x2.40 GHz Cortex-A78 & 4x1.8 GHz Cortex-A55) | Operating System : Android 15, Memory : 8GB RAM, 256GB Memory. Battery : 5000mAh. | Camera : Rear : 50MP + 13MP, Front : 32MP, LED Flash with Video : 4K@30fps, 1080p@30/60/120fps | Connectivity : BT : 5.4v, Wifi : Wi-Fi 802.11 a/b/g/n/ac/6e, tri-band, GPS : GPS, GLONASS, GALILEO, USB : USB Type-C 2.0, 3.5mm jack. || Discover the perfect fusion of creativity, performance, and s","{""Operating System"":""Android 14"",""RAM Memory Installed"":""8 GB"",""Processor Series"":""Others"",""Processor Speed"":""2.4 GHz"",""Memory Storage Capacity"":""256 GB"",""Colour"":""Pantone Surf The Web"",""SIM Card Slot Count"":""Dual SIM"",""Form Factor"":""Bar"",""Biometric Security Feature"":""Fingerprint Recognition"",""Sim Card Size"":""Nano"",""Water Resistance Level"":""Water Resistant"",""Headphones Jack"":""3.5 mm"",""Flash Memory Supported Size Maximum"":""256 GB"",""Front Photo Sensor Resolution"":""32 MP"",""Rear Facing Camera Photo Sensor Resolution"":""50 MP"",""Number of Rear Facing Cameras"":""2"",""Number of Front Cameras"":""1"",""Battery Capacity"":""5000 Milliamp Hours"",""Battery Description"":""Lithium-Ion"",""Battery Power"":""5000"",""Item Dimensions"":""16.2 x 7.5 x 0.8 Centimeters"",""Effective Video Resolution"":""2160 Pixels"",""Video Capture Resolution"":""1080p"",""Frame Rate"":""30 fps"",""Screen Size Unit of Measure"":""6.67 Inches"",""Resolution"":""2712x1220"",""Display Type"":""OLED"",""Maximum Display Resolution"":""2712x1220"",""Display Pixel Density"":""444 Pixels Per Inch (PPI)"",""Wireless Provider"":""Unlocked for All Carriers"",""Cellular Technology"":""5G"",""Network Connectivity Technology"":""USB"",""Wireless Network Technology"":""LTE"",""Brand Name"":""Motorola"",""Manufacturer"":""Motorola Mobility"",""Specific Uses For Product"":""Business"",""UPC"":""840023286438"",""Packer Contact Information"":""Motorola India Pvt Ltd 12th floor, Tower-D DLF phase-3, Cyber Greens, Gurgaon-122001"",""Item Type Name"":""Smartphone"",""Unit Count"":""1.0 Count"",""Best Sellers Rank"":""#2,609 in Electronics (See Top 100 in Electronics) #162 in Smartphones"",""ASIN"":""B0F5Y84NWS"",""Phone Talk Time"":""34 Hours"",""Battery Average Life Talk Time"":""34 Hours"",""GPS Geotagging Functionality"":""True""}",amazon
REDMI 15 5G Frosted White 8GB + 256GB,Xiaomi,Smartphones,22499,36999,39,4.1,1993,https://m.media-amazon.com/images/I/71v4+LA3M6L._AC_UL500_.jpg,https://www.amazon.in/Redmi-Segments-7000mAhA-Snapdragon-Charging/dp/B0FJFVBSF4/ref=sr_1_29?dib=eyJ2IjoiMSJ9.E9RtugMxiL_qK9_bLPZbKk3gnF9TTSHbKNh1CAIeoxqqqoEY7yi3LP1UwKlW7hgHtU_KRBXYe6HZu5sdDcVohGkR1coe5ZuN8KDJ3CeUzn9E6NqxJYk4GM9K7VA21d04tWOrBNSlOD0fvEIIrD_eNbt4sB38GX05hySXRYG9xUFJ9P27_vifBCSPOSBXsBhwlXvTPmdCs74TuLO7niYEEBvOLqPmE3Bytm0zgG1q0Aw.uAwtbu3y2H4UzIsKFtTf-UVL8vmoIUV0mjx2bGC5gNc&dib_tag=se&keywords=smartphones+under+30000&qid=1779560095,"Massive 7000mAh Battery | 33W Charging, 18W Reverse Charging | Powerful Qualcomm Snapdragon 6s Gen 3 Processor | 17.53cm(6.9) FHD+(1080x2400) Display with up to 144Hz Refresh Rate | Aerospace-grade metal camera deco with 50MP AI Dual Camera","{""Battery"":""7000 mAh"",""Refresh Rate"":""Up to 144 Hz"",""Processor"":""Snapdragon 6s Gen 3"",""Connectivity"":""5G"",""Operating System"":""Android 15, Xiaomi HyperOS"",""RAM Memory Installed"":""8 GB"",""Processor Series"":""Others"",""Processor Speed"":""2.3 GHz"",""Memory Storage Capacity"":""256 GB"",""Colour"":""Frosted White"",""SIM Card Slot Count"":""Dual SIM"",""Connector Type"":""USB Type C"",""Form Factor"":""Bar"",""Biometric Security Feature"":""Fingerprint Recognition"",""Human Interface Types"":""Touchscreen"",""Sim Card Size"":""Nano"",""Water Resistance Level"":""Water Resistant"",""Headphones Jack"":""Type C"",""Product Features"":""dust resistance,water resistance"",""Flash Memory Supported Size Maximum"":""2 TB"",""Front Photo Sensor Resolution"":""8 MP"",""Rear Facing Camera Photo Sensor Resolution"":""50 MP"",""Camera Description"":""Front, Rear"",""Optical Sensor Resolution"":""50 MP"",""Number of Rear Facing Cameras"":""3"",""Number of Front Cameras"":""1"",""Battery Capacity"":""7000 Milliamp Hours"",""Battery Power"":""7000"",""Item Weight Unit of Measure"":""217 Grams"",""Item Dimensions"":""16.8 x 0.8 x 8 Centimeters"",""GPS Geotagging Functionality"":""True"",""Screen Size Unit of Measure"":""6.9 Inches"",""Resolution"":""1080 x 2340 pixels"",""Display Type"":""LCD"",""Maximum Display Resolution"":""2400x1080 Pixels"",""Display Pixel Density"":""374 Pixels Per Inch (PPI)"",""Wireless Provider"":""Unlocked for All Carriers"",""Cellular Technology"":""5G"",""Network Connectivity Technology"":""Bluetooth, USB, Wi-Fi"",""Wireless Network Technology"":""LTE"",""Brand Name"":""Redmi"",""Country of Origin"":""India"",""Box Contents"":""Charger, cable, SIM eject tool, Warranty card, User guide, Protective case"",""Warranty Description"":""1 year manufacturer warranty for device and 6 months manufacturer warranty for in-box accessories including batteries from the date of purchase"",""Manufacturer"":""DBG Technology (India) Pvt. Ltd.,DBG Technology (India) Pvt Ltd , PLOT NO-2, BAWAL, SECTOR-8, Rewari, Haryana, 123501., REDMI"",""Specific Uses For Product"":""Entertainment, Gaming, Photography"",""Packer Contact Information"":""DBG Technology (India) Pvt. Ltd.,DBG Technology (India) Pvt Ltd , PLOT NO-2, BAWAL, SECTOR-8, Rewari, Haryana, 123501."",""Item Type Name"":""Smartphone"",""Importer Contact Information"":""Xiaomi Technology India Private Limited, Building Orchid. Block E, Embassy Tech Village, Marathahalli Outer Ring Road, Devarabisanahalli, Bengaluru 560103"",""Manufacturer Contact Information"":""DBG Technology (India) Pvt. Ltd.,DBG Technology (India) Pvt Ltd , PLOT NO-2, BAWAL, SECTOR-8, Rewari, Haryana, 123501."",""Unit Count"":""217 Grams"",""Best Sellers Rank"":""#77 in Electronics (See Top 100 in Electronics) #16 in Smartphones"",""ASIN"":""B0FJFVBSF4"",""Effective Video Resolution"":""1080 Pixels"",""Video Capture Resolution"":""1920x1080 Pixels"",""Frame Rate"":""30 Frames Per Second""}",amazon
"Motorola Edge 70 Fusion (Pantone Silhouette, 8GB RAM, 256GB Storage)",Motorola,Smartphones,29499,42999,31,4,21,https://m.media-amazon.com/images/I/61JrgtG48jL._AC_UL500_.jpg,https://www.amazon.in/Motorola-Pantone-Silhouette-Snapdragon-TurboPower/dp/B0GRN2NQGZ/ref=sr_1_30?dib=eyJ2IjoiMSJ9.E9RtugMxiL_qK9_bLPZbKk3gnF9TTSHbKNh1CAIeoxqqqoEY7yi3LP1UwKlW7hgHtU_KRBXYe6HZu5sdDcVohGkR1coe5ZuN8KDJ3CeUzn9E6NqxJYk4GM9K7VA21d04tWOrBNSlOD0fvEIIrD_eNbt4sB38GX05hySXRYG9xUFJ9P27_vifBCSPOSBXsBhwlXvTPmdCs74TuLO7niYEEBvOLqPmE3Bytm0zgG1q0Aw.uAwtbu3y2H4UzIsKFtTf-UVL8vmoIUV0mjx2bGC5gNc&dib_tag=se&keywords=smartphones+under+30000&qid=1779560095,,"{""RAM"":""8 GB"",""Storage"":""256 GB"",""Battery"":""7000 mAh"",""Display"":""6.78\"""",""Refresh Rate"":""144 Hz"",""Processor"":""Snapdragon 7s Gen 4"",""Display Type"":""AMOLED"",""_inline"":""300+ bought in past month · M.R.P: · FREE delivery Mon, 25 MayOr fastest delivery Tomorrow, 24 May · Only 1 left in stock. · More Buying Choices₹28,907(20 new offers)""}",amazon
"vivo T5X 5G (Cyber Green, 8GB RAM, 128GB Storage)",Vivo,Smartphones,23899,30999,23,4,57,https://m.media-amazon.com/images/I/71uPWQoOysL._AC_UL500_.jpg,https://www.amazon.in/vivo-Storage-7200mAh-Dimensity-Processor/dp/B0GTTX8WG4/ref=sr_1_31?dib=eyJ2IjoiMSJ9.E9RtugMxiL_qK9_bLPZbKk3gnF9TTSHbKNh1CAIeoxqqqoEY7yi3LP1UwKlW7hgHtU_KRBXYe6HZu5sdDcVohGkR1coe5ZuN8KDJ3CeUzn9E6NqxJYk4GM9K7VA21d04tWOrBNSlOD0fvEIIrD_eNbt4sB38GX05hySXRYG9xUFJ9P27_vifBCSPOSBXsBhwlXvTPmdCs74TuLO7niYEEBvOLqPmE3Bytm0zgG1q0Aw.uAwtbu3y2H4UzIsKFtTf-UVL8vmoIUV0mjx2bGC5gNc&dib_tag=se&keywords=smartphones+under+30000&qid=1779560095,,"{""RAM"":""8 GB"",""Storage"":""128 GB"",""Battery"":""7200 mAh"",""Display"":""6.76\"""",""Refresh Rate"":""120 Hz"",""Processor"":""Dimensity 7400 Turbo Processor"",""Connectivity"":""5G"",""Display Type"":""FHD+"",""_inline"":""1K+ bought in past month · M.R.P: · FREE delivery Mon, 25 May · More Buying Choices₹23,699(9 new offers) · More Buying Choices""}",amazon
"Motorola Edge 60 Fusion 5G (Pantone Zephyr, 8GB RAM, 128GB Storage)",Motorola,Smartphones,22649,24999,9,4.4,33,https://m.media-amazon.com/images/I/41ymhRFN0kL._AC_UL500_.jpg,https://www.amazon.in/Motorola-Pantone-Storage-MediaTek-Processor/dp/B0GM7F6LH5/ref=sr_1_32?dib=eyJ2IjoiMSJ9.E9RtugMxiL_qK9_bLPZbKk3gnF9TTSHbKNh1CAIeoxqqqoEY7yi3LP1UwKlW7hgHtU_KRBXYe6HZu5sdDcVohGkR1coe5ZuN8KDJ3CeUzn9E6NqxJYk4GM9K7VA21d04tWOrBNSlOD0fvEIIrD_eNbt4sB38GX05hySXRYG9xUFJ9P27_vifBCSPOSBXsBhwlXvTPmdCs74TuLO7niYEEBvOLqPmE3Bytm0zgG1q0Aw.uAwtbu3y2H4UzIsKFtTf-UVL8vmoIUV0mjx2bGC5gNc&dib_tag=se&keywords=smartphones+under+30000&qid=1779560095,,"{""RAM"":""8 GB"",""Storage"":""128 GB"",""Battery"":""5500 mAh"",""Display"":""6.67\"""",""Connectivity"":""5G"",""Water Resistance"":""IP68"",""Display Type"":""OLED"",""_inline"":""1K+ bought in past month · M.R.P: · FREE delivery Mon, 25 MayOr fastest delivery Tomorrow, 24 May · More Buying Choices₹22,119(17 new offers) · More Buying Choices""}",amazon
"OPPO K13 5G with 7000mAh and 80W SUPERVOOC Charger in-The-Box, ICY Purple (8GB, 256GB)",OPPO,Smartphones,24992,24992,4,4.4,376,https://m.media-amazon.com/images/I/512xcnLKFUL._AC_UL500_.jpg,https://www.amazon.in/K13-5G-7000mAh-SUPERVOOC-Charger/dp/B0F8W6K8T7/ref=sr_1_33?dib=eyJ2IjoiMSJ9.E9RtugMxiL_qK9_bLPZbKk3gnF9TTSHbKNh1CAIeoxqqqoEY7yi3LP1UwKlW7hgHtU_KRBXYe6HZu5sdDcVohGkR1coe5ZuN8KDJ3CeUzn9E6NqxJYk4GM9K7VA21d04tWOrBNSlOD0fvEIIrD_eNbt4sB38GX05hySXRYG9xUFJ9P27_vifBCSPOSBXsBhwlXvTPmdCs74TuLO7niYEEBvOLqPmE3Bytm0zgG1q0Aw.uAwtbu3y2H4UzIsKFtTf-UVL8vmoIUV0mjx2bGC5gNc&dib_tag=se&keywords=smartphones+under+30000&qid=1779560095,,"{""Battery"":""7000 mAh"",""Connectivity"":""5G"",""_inline"":""500+ bought in past month · FREE delivery Tue, 26 MayOr fastest delivery Mon, 25 May · More Buying Choices₹24,989(4 new offers) · More Buying Choices""}",amazon
Nothing Phone (3a) 5G (8GB RAM + 128GB Storage) (White),Nothing,Smartphones,24999,29999,17,4.3,545,https://m.media-amazon.com/images/I/41bPQMcRflL._AC_UL500_.jpg,https://www.amazon.in/Nothing-Phone-128GB-Storage-White/dp/B0DZTMFWDB/ref=sr_1_34?dib=eyJ2IjoiMSJ9.E9RtugMxiL_qK9_bLPZbKk3gnF9TTSHbKNh1CAIeoxqqqoEY7yi3LP1UwKlW7hgHtU_KRBXYe6HZu5sdDcVohGkR1coe5ZuN8KDJ3CeUzn9E6NqxJYk4GM9K7VA21d04tWOrBNSlOD0fvEIIrD_eNbt4sB38GX05hySXRYG9xUFJ9P27_vifBCSPOSBXsBhwlXvTPmdCs74TuLO7niYEEBvOLqPmE3Bytm0zgG1q0Aw.uAwtbu3y2H4UzIsKFtTf-UVL8vmoIUV0mjx2bGC5gNc&dib_tag=se&keywords=smartphones+under+30000&qid=1779560095,"Display Excellence: Experience stunning visuals on the 17.2 cm (6.77 inch) Full HD+ Flexible AMOLED Display, delivering vibrant colors and sharp details for immersive viewing | Triple Camera Setup: Capture professional-quality photos with the versatile 50MP Main + 50MP 2X Telephoto + 8MP Ultra-Wide camera system, complemented by a 32MP front camera with 120° field of view for perfect selfies | Powerful Performance: Equipped with the advanced Snapdragon 7s Gen3 processor and 8GB RAM, ensuring smooth multitasking and efficient performance for all your daily tasks | Storage Solution: Featuring 12","{""RAM"":""8 GB"",""Storage"":""128 GB"",""Connectivity"":""5G"",""Operating System"":""Android 15"",""RAM Memory Installed"":""8 GB"",""Processor Series"":""Snapdragon 7 Gen3"",""Processor Speed"":""1.8, 2.4, 2.5 GHz"",""Memory Storage Capacity"":""128 GB"",""Colour"":""White"",""SIM Card Slot Count"":""Dual SIM"",""Connector Type"":""USB Type C"",""Form Factor"":""Bar"",""Biometric Security Feature"":""Fingerprint Recognition"",""Sim Card Size"":""Nano"",""Water Resistance Level"":""Water Resistant"",""Product Features"":""Fingerprint sensor,dust and splash resistance"",""Flash Memory Supported Size Maximum"":""128 GB"",""Front Photo Sensor Resolution"":""32 MP"",""Rear Facing Camera Photo Sensor Resolution"":""50 MP"",""Camera Description"":""50MP 2X Telephoto Camera, 50MP Main Camera"",""Optical Sensor Resolution"":""50 MP"",""Number of Rear Facing Cameras"":""3"",""Number of Front Cameras"":""1"",""Battery Capacity"":""5000 Milliamp Hours"",""Battery Power"":""5000"",""Item Dimensions"":""16.4 x 7.7 x 0.8 Centimeters"",""Video Capture Resolution"":""1080p"",""Frame Rate"":""120 fps, 30 fps, 60 fps"",""Screen Size Unit of Measure"":""6.77 Inches"",""Resolution"":""1080 x 2392"",""Refresh Rate"":""120 Hz"",""Display Type"":""AMOLED"",""Aspect Ratio"":""16:9"",""Maximum Display Resolution"":""1920 x 1080"",""Display Pixel Density"":""387 Pixels Per Inch (PPI)"",""Wireless Provider"":""Total Wireless"",""Cellular Technology"":""5G"",""Network Connectivity Technology"":""Bluetooth, USB, Wi-Fi"",""Wireless Network Technology"":""GSM, LTE, Wi-Fi"",""Brand Name"":""Nothing"",""Box Contents"":""Handset; Nothing Cable (c-c) 100 cm; Phone (3a) screen protector (pre-applied); SIM tray ejector tool; Safety card"",""Manufacturer"":""NOTHING"",""Model Series"":""Phone"",""Specific Uses For Product"":""Business,Gaming,Photography,Entertainment"",""Unit Count"":""1.0 Count"",""Best Sellers Rank"":""#4,637 in Electronics (See Top 100 in Electronics) #215 in Smartphones"",""ASIN"":""B0DZTMFWDB"",""Phone Talk Time"":""38 Hours"",""Battery Average Life Talk Time"":""38 Hours"",""GPS Geotagging Functionality"":""True"",""Supported Satellite Navigation System"":""GPS""}",amazon
"Samsung Galaxy M17 5G Mobile (Moonlight Silver, 4GB RAM, 128GB Storage)",Samsung,Smartphones,14499,16499,12,4.1,2589,https://m.media-amazon.com/images/I/71S8BY96MwL._AC_UL500_.jpg,https://www.amazon.in/Samsung-Moonlight-Storage-Upgrades-Lag-free/dp/B0FN7TJYDK/ref=sr_1_35?dib=eyJ2IjoiMSJ9.E9RtugMxiL_qK9_bLPZbKk3gnF9TTSHbKNh1CAIeoxqqqoEY7yi3LP1UwKlW7hgHtU_KRBXYe6HZu5sdDcVohGkR1coe5ZuN8KDJ3CeUzn9E6NqxJYk4GM9K7VA21d04tWOrBNSlOD0fvEIIrD_eNbt4sB38GX05hySXRYG9xUFJ9P27_vifBCSPOSBXsBhwlXvTPmdCs74TuLO7niYEEBvOLqPmE3Bytm0zgG1q0Aw.uAwtbu3y2H4UzIsKFtTf-UVL8vmoIUV0mjx2bGC5gNc&dib_tag=se&keywords=smartphones+under+30000&qid=1779560095,"Monster Camera - 50MP OIS (F1.8) Main Wide Angle Camera + 5MP (F2.2) Ultra Wide Angle Camera + 2MP Macro Angle Camera, 13MP (F2.0) Selfie Camera, Video Maximum Resolution of FHD (1920 x 1080) at 30fps. | Monster Durability and Design - Segment's Slimmest smartphone with 7.5mm stunning design. Be worry free with Segment's best durability with Gorilla Glass Victus and IP54 Rating. | AI Monster – Make your search intelligent with Circle to Search with Google and Gemini Live. Powerful Exynos 1330 Processor, Android 15 Operating System having One UI 7.0 platform, 2.4GHz, 2GHz Clock Speed with Octa-","{""RAM"":""4 GB"",""Storage"":""128 GB"",""Connectivity"":""5G"",""Water Resistance"":""IP54"",""Operating System"":""Android 15.0"",""RAM Memory Installed"":""4 GB"",""Processor Series"":""Exynos 1330 S5E8535"",""Processor Speed"":""2.4 GHz"",""Memory Storage Capacity"":""128 GB"",""Colour"":""Moonlight Silver"",""SIM Card Slot Count"":""Dual SIM"",""Connector Type"":""USB Type C"",""Form Factor"":""Bar"",""Biometric Security Feature"":""Fingerprint Recognition"",""Human Interface Types"":""Touchscreen"",""Sim Card Size"":""Nano"",""Water Resistance Level"":""Water Resistant"",""EU Spare Part Availability Duration"":""6 Years"",""Product Features"":""Dual SIM, Expandable Memory, Fast Charging Support, Stereo Speakers, Supports Usb Otg"",""Flash Memory Supported Size Maximum"":""2 TB"",""Front Photo Sensor Resolution"":""13 MP"",""Rear Facing Camera Photo Sensor Resolution"":""2, 5, 50 MP"",""Camera Description"":""Front, Rear"",""Camera Flash Type"":""LED"",""Shooting Modes"":""Food,Hyperlapse,Macro,Night,Panorama,Photo,Portrait,Pro,Slow Motion,Video"",""Number of Rear Facing Cameras"":""3"",""Number of Front Cameras"":""1"",""Battery Capacity"":""5000 Milliamp Hours"",""Battery Description"":""Lithium-Ion"",""Battery Power"":""5000 Milliamp Hours"",""Item Weight Unit of Measure"":""192 Grams"",""Item Dimensions"":""7 x 78 x 164 Millimeters"",""GPS Geotagging Functionality"":""True"",""Supported Satellite Navigation System"":""BeiDou, GLONASS, GPS, Galileo"",""Screen Size Unit of Measure"":""6.7 Inches"",""Resolution"":""1080 x 2340"",""Refresh Rate"":""90"",""Display Type"":""AMOLED"",""Aspect Ratio"":""16:9"",""Maximum Display Resolution"":""2340 x 1080 Pixels Per Inch"",""Display Pixel Density"":""387 Pixels Per Inch (PPI)"",""Wireless Provider"":""Unlocked for All Carriers"",""Cellular Technology"":""5G"",""Network Connectivity Technology"":""Bluetooth, NFC, USB, Wi-Fi"",""Wireless Network Technology"":""Bluetooth, GSM, Wi-Fi"",""Brand Name"":""Samsung"",""Model Year"":""2025"",""Country of Origin"":""India"",""Box Contents"":""Data Cable (C to C), Quick Start Guide, SIM Ejection PIN, Smartphone"",""Warranty Description"":""1 Year Manufacturer Warranty for Device and 6 Months for In-Box Accessories"",""Manufacturer"":""Samsung, Samsung India Electronics Pvt. Ltd. having its Registered Office at: 6th Floor, DLF Centre, Sansad Marg, New Delhi – 110001 Email us at: support.india@samsung.com"",""Specific Uses For Product"":""Entertainment, Gaming, Photography"",""Packer Contact Information"":""Samsung India Electronics Pvt. Ltd. having its Registered Office at: 6th Floor, DLF Centre, Sansad Marg, New Delhi – 110001 Email us at: support.india@samsung.com"",""Item Type Name"":""Smartphone"",""Importer Contact Information"":""Samsung India Electronics Pvt. Ltd. having its Registered Office at: 6th Floor, DLF Centre, Sansad Marg, New Delhi – 110001 Email us at: support.india@samsung.com"",""Manufacturer Contact Information"":""Samsung India Electronics Pvt. Ltd. having its Registered Office at: 6th Floor, DLF Centre, Sansad Marg, New Delhi – 110001 Email us at: support.india@samsung.com"",""Unit Count"":""1 Count"",""Best Sellers Rank"":""#9 in Electronics (See Top 100 in Electronics) #6 in Smartphones"",""ASIN"":""B0FN7TJYDK"",""Effective Video Resolution"":""1080 Pixels"",""Video Capture Resolution"":""1080p"",""Frame Rate"":""30fps""}",amazon
"SAMSUNG Galaxy F56 5G (Green, 128 GB) (8 GB RAM)",Samsung,Smartphones,22000,33999,35,4.2,38,https://m.media-amazon.com/images/I/51qj8Dm2p3L._AC_UL500_.jpg,https://www.amazon.in/SAMSUNG-Galaxy-F56-Green-128/dp/B0FY2K8D9S/ref=sr_1_36?dib=eyJ2IjoiMSJ9.E9RtugMxiL_qK9_bLPZbKk3gnF9TTSHbKNh1CAIeoxqqqoEY7yi3LP1UwKlW7hgHtU_KRBXYe6HZu5sdDcVohGkR1coe5ZuN8KDJ3CeUzn9E6NqxJYk4GM9K7VA21d04tWOrBNSlOD0fvEIIrD_eNbt4sB38GX05hySXRYG9xUFJ9P27_vifBCSPOSBXsBhwlXvTPmdCs74TuLO7niYEEBvOLqPmE3Bytm0zgG1q0Aw.uAwtbu3y2H4UzIsKFtTf-UVL8vmoIUV0mjx2bGC5gNc&dib_tag=se&keywords=smartphones+under+30000&qid=1779560095,,"{""RAM"":""8 GB"",""Connectivity"":""5G"",""_inline"":""500+ bought in past month · M.R.P: · FREE delivery Tue, 26 MayOr fastest delivery Mon, 25 May""}",amazon
"EBook 11.6"" HD Laptop",EBook,Laptops,11990,25000,52,3.2,36,https://m.media-amazon.com/images/I/71F8TUSryhL._AC_UL500_.jpg,https://www.amazon.in/Neopticon-Student-Celeron-Expandable-Graphics/dp/B0G2MT8YVV/ref=sr_1_3?dib=eyJ2IjoiMSJ9.zAkt9n8YIHCtdqe4HHw9Hh7N_ytnqXA8xpEcDCSio5EkFLeOvqYeJzAHvRjBceU8iqQDcw19Z2dJIKl5U0VxwSUPZ07ukzC1b46_guL0UEWJdT-_D1IkglcT-B0jf0D_nCdNb6KqpcbmtWLpLNHfAHgJrB1ICIpwfOKIx5k0oOWwOiQ81R3fzMy6jMTU9NWeRFJfJ9vCoNRrfnS9zX323pQE69NoO7UywqMAwk4nMw8.GGL7OpW_xfYYB5it2X0du1uue3uuPKYn4kABcOG8FA4&dib_tag=se&keywords=laptops&qid=1779560106&sr=8-3,,"{""Display"":""11.6\"""",""Display Type"":""UHD"",""_inline"":""200+ bought in past month · M.R.P: · FREE delivery Mon, 25 May""}",amazon
"HP 15, 13th Gen Intel Core i3-1315U Laptop (8GB DDR4,512GB SSD) Anti-Glare,",HP,Laptops,49820,50903,2,4.1,2200,https://m.media-amazon.com/images/I/61R5Ecv7i-L._AC_UL500_.jpg,https://www.amazon.in/HP-i3-1315U-Anti-Glare-Micro-Edge-fd0569TU/dp/B0F4R5W1NC/ref=sr_1_4?dib=eyJ2IjoiMSJ9.zAkt9n8YIHCtdqe4HHw9Hh7N_ytnqXA8xpEcDCSio5EkFLeOvqYeJzAHvRjBceU8iqQDcw19Z2dJIKl5U0VxwSUPZ07ukzC1b46_guL0UEWJdT-_D1IkglcT-B0jf0D_nCdNb6KqpcbmtWLpLNHfAHgJrB1ICIpwfOKIx5k0oOWwOiQ81R3fzMy6jMTU9NWeRFJfJ9vCoNRrfnS9zX323pQE69NoO7UywqMAwk4nMw8.GGL7OpW_xfYYB5it2X0du1uue3uuPKYn4kABcOG8FA4&dib_tag=se&keywords=laptops&qid=1779560106&sr=8-4,"【Processor, Memory & Storage】: Intel Core i3-1315U (up to 4.5 GHz with Intel Turbo Boost Technology 10 MB L3 cache, 6 cores, 8 threads)| Memory: 8 GB DDR4-3200 MT/s (1 x 8 GB)| Storage: 512 GB PCIe Gen4 NVMe M.2 SSD | 【Operating System & Preinstalled Software】: Windows 11 Home Single Language | MS Office Home 2024 |1 year Microsoft 365 Basic Free| | 【Display & Graphics】: 15.6"" diagonal, FHD (1920 x 1080), micro-edge, anti-glare, 250 nits, 45% NTSC| Graphics: Intel UHD Graphics | 【Warranty】 : Post purchase of HP laptop, Register product for warranty as per Customer Invoice and for any other sup","{""Processor"":""Intel Core i3"",""Display Type"":""LED"",""Weight"":""1.59 kg"",""Colour"":""Silver"",""Hard Drive Size"":""512 GB"",""Operating System"":""Windows 11 Home"",""Other Special Features of the Product"":""Anti Glare Coating, HD Audio, Numeric Keypad"",""Graphics Description"":""Integrated"",""Graphics Co Processor"":""Intel UHD Graphics"",""Hard Disk Description"":""SSD"",""Item Weight"":""1.59 Kilograms"",""Video Processor"":""Intel"",""Specific Uses For Product"":""Business, Student"",""Webcam Capability"":""Yes"",""Automatic Backup Software Included"":""Windows 11 Home Single Language | MS Office Home 2024 |1 year Microsoft 365 Basic Free"",""Form Factor"":""Clamshell"",""Hard Drive Interface"":""USB"",""Graphics Ram Type"":""VRAM"",""Compatible Devices"":""Keyboards"",""Warranty Type"":""Limited"",""Item Dimensions L x W x Thickness"":""23.6L x 36W x 1.9Th Centimeters"",""Optical Device Type"":""No"",""Video Output"":""HDMI"",""Screen Size"":""39.6 Centimetres"",""Scanner Resolution"":""1920 x 1080 pixels"",""Native Resolution"":""1920 x 1080 pixels"",""Maximum Display Resolution"":""1920 x 1080 Pixels"",""Display Technology"":""LED"",""Network Connectivity Technology"":""Bluetooth, USB, Wi-Fi"",""Wireless Technology"":""Wi-Fi"",""Computer Wireless Type"":""Bluetooth"",""Bluetooth support?"":""Yes"",""Wi-Fi Generation"":""Wifi 6"",""Battery Cell Type"":""Lithium Ion"",""Battery Life"":""8 Hours"",""Lithium Battery Energy Content"":""41 Watt Hours"",""Human Interface Types"":""Touch Pad"",""Keyboard Description"":""Numeric"",""Processor Type"":""Core i3 Family"",""Processor Speed"":""4.5 GHz"",""Processor Count"":""1"",""Processor Brand"":""Intel"",""CPU Model Number"":""i3-1315U"",""CPU Model Generation"":""13th Generation"",""CPU Model Speed Maximum"":""4.5 GHz"",""Brand Name"":""HP"",""Model Name"":""HP Laptop 15"",""Model Year"":""2025"",""Model Number"":""fd0569TU"",""Box Contents"":""Laptop, Power Adapter, User manual"",""Manufacturer"":""HP, HP India Sales Pvt. Ltd."",""UPC"":""199251084348"",""Manufacturer Contact Information"":""HP India Sales Pvt. Ltd."",""Importer Contact Information"":""HP India Sales Pvt. Ltd."",""Unit Count"":""1.0 Count"",""Item Type Name"":""Laptop"",""Warranty Description"":""1 year manufacturer warranty on the device from the date of purchase. In case of any technical/product related queries, please call 1800-258-7170 or 1860-258-3079"",""Packer Contact Information"":""HP India Sales Pvt. Ltd."",""Best Sellers Rank"":""#2,272 in Computers & Accessories (See Top 100 in Computers & Accessories) #44 in Traditional Laptops"",""ASIN"":""B0F4R5W1NC"",""RAM Memory Installed"":""8 GB"",""RAM Memory Technology"":""DDR4"",""Ram Memory Maximum Size"":""8 GB"",""Memory Speed"":""3200 MHz"",""System RAM Type"":""DDR4 SDRAM"",""Available Memory Slots"":""Yes"",""Total USB Ports"":""3"",""Hardware Interface"":""USB"",""Number Of Ports"":""5"",""Total HDMI Port"":""1"",""Speaker Description"":""Dual speakers""}",amazon
"Apple 2026 MacBook Neo 13″ Laptop with A18 Pro chip: Built for AI and Apple Intelligence,",Apple,Laptops,65000,69900,7,4.7,94,https://m.media-amazon.com/images/I/61vTx-Qa1QL._AC_UL500_.jpg,https://www.amazon.in/Apple-2026-MacBook-Laptop-chip/dp/B0GR64G4H6/ref=sr_1_6?dib=eyJ2IjoiMSJ9.zAkt9n8YIHCtdqe4HHw9Hh7N_ytnqXA8xpEcDCSio5EkFLeOvqYeJzAHvRjBceU8iqQDcw19Z2dJIKl5U0VxwSUPZ07ukzC1b46_guL0UEWJdT-_D1IkglcT-B0jf0D_nCdNb6KqpcbmtWLpLNHfAHgJrB1ICIpwfOKIx5k0oOWwOiQ81R3fzMy6jMTU9NWeRFJfJ9vCoNRrfnS9zX323pQE69NoO7UywqMAwk4nMw8.GGL7OpW_xfYYB5it2X0du1uue3uuPKYn4kABcOG8FA4&dib_tag=se&keywords=laptops&qid=1779560106&sr=8-6,,"{""Processor"":""A18 Pro chip"",""_inline"":""500+ bought in past month · M.R.P: · Flat INR 4000 Off on SBI CardsFlat INR 4000 Off on SBI Cards · FREE delivery Tue, 26 MayOr fastest delivery Mon, 25 May""}",amazon
"ASUS Vivobook 15, Smartchoice,Intel Core i3 13th Gen 1315U, 12GB RAM, 512GB SSD, FHD",Vivo,Laptops,50990,51990,2,4.2,193,https://m.media-amazon.com/images/I/61JUHhbEMxL._AC_UL500_.jpg,https://www.amazon.in/ASUS-Vivobook-Windows-Office-X1504VA-BQ332WS/dp/B0FKBM4SWJ/ref=sr_1_7?dib=eyJ2IjoiMSJ9.zAkt9n8YIHCtdqe4HHw9Hh7N_ytnqXA8xpEcDCSio5EkFLeOvqYeJzAHvRjBceU8iqQDcw19Z2dJIKl5U0VxwSUPZ07ukzC1b46_guL0UEWJdT-_D1IkglcT-B0jf0D_nCdNb6KqpcbmtWLpLNHfAHgJrB1ICIpwfOKIx5k0oOWwOiQ81R3fzMy6jMTU9NWeRFJfJ9vCoNRrfnS9zX323pQE69NoO7UywqMAwk4nMw8.GGL7OpW_xfYYB5it2X0du1uue3uuPKYn4kABcOG8FA4&dib_tag=se&keywords=laptops&qid=1779560106&sr=8-7,,"{""RAM"":""12 GB"",""Display"":""15.6\"""",""Processor"":""Intel Core i3 13th Gen 1315U"",""Display Type"":""FHD"",""Weight"":""1.7 kg"",""_inline"":""400+ bought in past month · M.R.P: · Save extra with No Cost EMISave extra with No Cost EMI · FREE delivery Mon, 25 May · Service: Device Setup""}",amazon
"Lenovo IdeaPad 1 AMD Ryzen 5 5500U 15.6"" HD Thin and Light Laptop (8GB RAM/512GB",Lenovo,Laptops,44311,68900,36,4.1,2162,https://m.media-amazon.com/images/I/71xHNSCyRsL._AC_UL500_.jpg,https://www.amazon.in/Lenovo-MSOffice-82R400BRIN-Integrated-Graphics/dp/B09MM58Y7Q/ref=sr_1_8?dib=eyJ2IjoiMSJ9.zAkt9n8YIHCtdqe4HHw9Hh7N_ytnqXA8xpEcDCSio5EkFLeOvqYeJzAHvRjBceU8iqQDcw19Z2dJIKl5U0VxwSUPZ07ukzC1b46_guL0UEWJdT-_D1IkglcT-B0jf0D_nCdNb6KqpcbmtWLpLNHfAHgJrB1ICIpwfOKIx5k0oOWwOiQ81R3fzMy6jMTU9NWeRFJfJ9vCoNRrfnS9zX323pQE69NoO7UywqMAwk4nMw8.GGL7OpW_xfYYB5it2X0du1uue3uuPKYn4kABcOG8FA4&dib_tag=se&keywords=laptops&qid=1779560106&sr=8-8,"Processor: AMD Ryzen 5 5500U | Speed: 2.1 GHz (Base) - 4.0 GHz (Max) | 6 Cores | 12 Threads | 3MB L2 & 8MB L3 Cache | OS: Pre-Loaded Windows 11 Home with Lifetime Validity | Pre-Installed: Office Home 2024 | Memory and Storage: 8GB RAM DDR4, Upgradable up to 16GB | 512 GB SSD | Display: 15.6"" FHD (1920x1080) | Brightness :220nits | Anti-Glare | 45% NTSC || Graphics: Integrated AMD Radeon Graphics | Audio: 2x 1.5W Stereo Speakers | HD Audio | Dolby AudioCamera: HD 720p with Privacy Shutter | Fixed Focus | Integrated Dual Array Microphone","{""RAM"":""8 GB"",""Display"":""15.6\"""",""Processor"":""AMD Ryzen 5 5500U 15"",""OS"":""Windows 11"",""Weight"":""1.6 kg"",""Colour"":""Cloud Grey"",""Hard Drive Size"":""512 GB"",""Operating System"":""Windows 11 Home"",""Other Special Features of the Product"":""HD Audio"",""Graphics Description"":""Integrated"",""Graphics Co Processor"":""AMD Radeon Graphics"",""Hard Disk Description"":""SSD"",""Item Weight"":""1650 Grams"",""Video Processor"":""AMD"",""Specific Uses For Product"":""Business, Personal, Student"",""Webcam Capability"":""Yes"",""Graphics RAM Size"":""8 GB"",""Automatic Backup Software Included"":""Pre-Installed: Office Home 2024, Windows® 11 Home 64, English"",""Form Factor"":""Ultra-Portable"",""Hard Drive Interface"":""USB 3.2"",""Voltage"":""9.5 Volts"",""Camera Description"":""HD 720p with Privacy Shutter, Fixed Focus"",""Biometric Security Feature"":""Fingerprint Recognition"",""Graphics Ram Type"":""Shared"",""Compatible Devices"":""Laptop"",""Warranty Type"":""On Site"",""Item Dimensions L x W x Thickness"":""35.9L x 23.7W x 2Th Centimeters"",""Chipset Type"":""amd b560"",""Optical Device Type"":""No Optical Drive"",""Video Output"":""HDMI"",""Screen Size"":""15.6 Inches"",""Scanner Resolution"":""1080p"",""Native Resolution"":""1920 x 1080 pixels"",""Display Type"":""LED"",""Maximum Display Resolution"":""1920 x 1080 Pixels"",""Display Technology"":""LED"",""Screen Finish Type"":""smooth"",""Network Connectivity Technology"":""Ethernet, HDMI, USB, Wi-Fi"",""Wireless Technology"":""Bluetooth, Wi-Fi"",""Computer Wireless Type"":""Bluetooth"",""Bluetooth support?"":""Yes"",""Wi-Fi Generation"":""Wi-Fi 6"",""Total USB Ports"":""3"",""Hardware Interface"":""HDMI, SDHC, SDXC, USB, USB 2.0"",""Number Of Ports"":""6"",""Total HDMI Port"":""1"",""Audio Output Type"":""Headphones, Speakers"",""Speaker Description"":""Stereo speakers, 1.5W x2, Dolby® Audio™"",""Processor Type"":""Ryzen 5"",""Processor Speed"":""2.1 GHz"",""Processor Count"":""6"",""Processor Brand"":""AMD"",""CPU Model Number"":""5500U"",""CPU Model Generation"":""5th Generation"",""CPU Model Speed Maximum"":""4 GHz"",""Brand Name"":""Lenovo"",""Model Name"":""IdeaPad"",""Model Year"":""2021"",""Model Number"":""82R400BGIN"",""Box Contents"":""Laptop, Power Adapter, User Manual"",""UPC"":""197532286405 197532279322 196118475738"",""Importer Contact Information"":""Lenovo (India) Private Limited, RBD Icon, Level 2, Doddenakundi Village, Marathahalli Outer Ring Road, K. R. Puram Hobli, Bangalore 560037, Karnataka, India"",""Unit Count"":""1 Piece"",""Item Type Name"":""Laptop"",""Warranty Description"":""2 Years Onsite Warranty"",""Best Sellers Rank"":""#1,782 in Computers & Accessories (See Top 100 in Computers & Accessories) #33 in Traditional Laptops"",""ASIN"":""B09MM58Y7Q"",""RAM Memory Installed"":""8 GB"",""RAM Memory Technology"":""DDR4"",""Ram Memory Maximum Size"":""12 GB"",""Memory Speed"":""3200 MHz"",""System RAM Type"":""DDR4 SDRAM"",""Cache Memory Installed Size"":""8"",""Available Memory Slots"":""2"",""Battery Cell Type"":""Polymer"",""Battery Life"":""7 Hours"",""BatteryAverage Life Standby"":""7 Hours"",""Number Of Cells"":""3"",""Lithium Battery Energy Content"":""42 Watt Hours"",""Human Interface Types"":""Keyboard"",""Keyboard Description"":""Non-Backlit"",""Control Method"":""App"",""Manufacturer"":""Lenovo, One of the below: Hefei Bitland Information Technology Co.,Ltd - No.4088 Jiuxiu Road National Hefei economic & technology development area Hefei Anhui China LCFC（Hefei) Electronics Technology Co., Ltd. - NO.1-3188,YUNGU ROAD, HEFEI EXPORT PROCESSING ZONE. ANHUI PROVINCE,CHINA Tech-Com(Shanghai) Computer Co Ltd - No.6 Ln.58,San-Zhuang Rd., Songjiang EPZ ShangHai, China Wistron InfoComm (Kunshan) Co.Ltd - 168# First Avenue, Kunshan Export Processing Zone, Kunshan, Jiangsu, China Compal information technology (kunshan) CO., LTD. - Address: No. 58, the 1st street, Kunshan Export Processing Zone, Jiangsu, P.R.O.C. CHINA Kunshan Hichain storage Co. Ltd - No. 88 Xinxiang Road Avenue Kunshan CBZ Wujiang Hichain warehousing LTD - No.2088 Pangjin road, Wujiang economic development area, Jiangsu, China"",""Manufacturer Contact Information"":""One of the below: Hefei Bitland Information Technology Co.,Ltd - No.4088 Jiuxiu Road National Hefei economic & technology development area Hefei Anhui China LCFC（Hefei) Electronics Technology Co., Ltd. - NO.1-3188,YUNGU ROAD, HEFEI EXPORT PROCESSING ZONE. ANHUI PROVINCE,CHINA Tech-Com(Shanghai) Computer Co Ltd - No.6 Ln.58,San-Zhuang Rd., Songjiang EPZ ShangHai, China Wistron InfoComm (Kunshan) Co.Ltd - 168# First Avenue, Kunshan Export Processing Zone, Kunshan, Jiangsu, China Compal information technology (kunshan) CO., LTD. - Address: No. 58, the 1st street, Kunshan Export Processing Zone, Jiangsu, P.R.O.C. CHINA Kunshan Hichain storage Co. Ltd - No. 88 Xinxiang Road Avenue Kunshan CBZ Wujiang Hichain warehousing LTD - No.2088 Pangjin road, Wujiang economic development area, Jiangsu, China"",""Packer Contact Information"":""One of the below: Hefei Bitland Information Technology Co.,Ltd - No.4088 Jiuxiu Road National Hefei economic & technology development area Hefei Anhui China LCFC（Hefei) Electronics Technology Co., Ltd. - NO.1-3188,YUNGU ROAD, HEFEI EXPORT PROCESSING ZONE. ANHUI PROVINCE,CHINA Tech-Com(Shanghai) Computer Co Ltd - No.6 Ln.58,San-Zhuang Rd., Songjiang EPZ ShangHai, China Wistron InfoComm (Kunshan) Co.Ltd - 168# First Avenue, Kunshan Export Processing Zone, Kunshan, Jiangsu, China Compal information technology (kunshan) CO., LTD. - Address: No. 58, the 1st street, Kunshan Export Processing Zone, Jiangsu, P.R.O.C. CHINA Kunshan Hichain storage Co. Ltd - No. 88 Xinxiang Road Avenue Kunshan CBZ Wujiang Hichain warehousing LTD - No.2088 Pangjin road, Wujiang economic development area, Jiangsu, China""}",amazon
"ASUS TUF A15 (2025), AMD Ryzen 7 7445HS,RTX 3050-4GB,75W TGP,16GB DDR5(Upgradeable Upto",Asus,Laptops,73990,83990,12,4.2,846,https://m.media-amazon.com/images/I/71K4CpdfmHL._AC_UL500_.jpg,https://www.amazon.in/ASUS-Upgradeable-Keyboard-Graphite-FA506NCG-HN199W/dp/B0FM3C4L2F/ref=sr_1_10?dib=eyJ2IjoiMSJ9.zAkt9n8YIHCtdqe4HHw9Hh7N_ytnqXA8xpEcDCSio5EkFLeOvqYeJzAHvRjBceU8iqQDcw19Z2dJIKl5U0VxwSUPZ07ukzC1b46_guL0UEWJdT-_D1IkglcT-B0jf0D_nCdNb6KqpcbmtWLpLNHfAHgJrB1ICIpwfOKIx5k0oOWwOiQ81R3fzMy6jMTU9NWeRFJfJ9vCoNRrfnS9zX323pQE69NoO7UywqMAwk4nMw8.GGL7OpW_xfYYB5it2X0du1uue3uuPKYn4kABcOG8FA4&dib_tag=se&keywords=laptops&qid=1779560106&sr=8-10,"Operating System & Software : Windows 11 Home | 1-month trial for new Microsoft 365 customers. Credit card required | Xbox Game Pass for PC_3 months | Display & Graphics : 15.6-inch (39.6 cm), FHD (1920 x 1080) 16:9, 144Hz Refresh Rate, 250nits Brightness, Anti-glare display, 62.5% SRGB | Graphics : NVIDIA GeForce RTX 3050 Laptop GPU (4GB GDDR6 dedicated ) | Ports & Connectivity : 1x RJ45 LAN port, 1x USB 3.2 Gen 2 Type-C with support for DisplayPort (data speed up to 10Gbps), 3x USB 3.2 Gen 1 Type-A (data speed up to 5Gbps), 1x HDMI 2.1 TMDS, 1x 3.5mm Combo Audio Jack | Other Features : 720P ","{""Display"":""15.6\"""",""Refresh Rate"":""144 Hz"",""Processor"":""A15"",""Display Type"":""LED"",""OS"":""Windows 11"",""Weight"":""2.3 kg"",""Colour"":""Graphite Black"",""Hard Drive Size"":""512 GB"",""Operating System"":""Windows 11 Home"",""Other Special Features of the Product"":""720P HD camera, Anti-glare display, Backlit Keyboard"",""Graphics Description"":""Dedicated"",""Graphics Co Processor"":""NVIDIA GeForce RTX 3050"",""Hard Disk Description"":""SSD"",""Item Weight"":""2.3 Kilograms"",""Video Processor"":""NVIDIA"",""Specific Uses For Product"":""Developer, Gaming, Student"",""Webcam Capability"":""Yes"",""Graphics RAM Size"":""4 GB"",""Form Factor"":""Netbook"",""Graphics Ram Type"":""GDDR6"",""Compatible Devices"":""Headphone, Mouse, Speaker"",""Warranty Type"":""Limited"",""Item Dimensions L x W x Thickness"":""35.9L x 25.6W x 2.3Th Centimeters"",""Optical Device Type"":""No Optical Storage"",""Video Output"":""Hdmi"",""Screen Size"":""15.6 Inches"",""Scanner Resolution"":""1080p"",""Native Resolution"":""1920 x 1080 pixels"",""Maximum Display Resolution"":""1920 x 1080 Pixels"",""Display Technology"":""LED"",""Has Color Screen"":""Yes"",""Network Connectivity Technology"":""Bluetooth, Wi-Fi"",""Computer Wireless Type"":""802.11ax"",""Bluetooth support?"":""Yes"",""Wi-Fi Generation"":""Wifi 6"",""Total USB Ports"":""4"",""Number Of Ports"":""7"",""Audio Recording"":""Yes"",""Processor Type"":""AMD Ryzen 7"",""Processor Speed"":""3.2 GHz"",""Processor Count"":""6"",""Processor Brand"":""AMD"",""CPU Model Number"":""AMD Ryzen 7 7435HS"",""CPU Model Generation"":""7th Generation"",""CPU Model Speed Maximum"":""4.7 GHz"",""Brand Name"":""ASUS"",""Model Name"":""ASUS TUF Gaming A15"",""Country of Origin"":""China"",""Model Year"":""2025"",""Model Number"":""FA506NCG-HN199W"",""Box Contents"":""Laptop, Power Adaptor, User Guide, Warranty Documents"",""Manufacturer"":""ASUS, TECH FRONT (CHONGQING) COMPUTER CO. LTD. NO. 18, ZONGBAO ROAD, SHAPINGBA DISTRICT CHONGQING, CHINA"",""Manufacturer Contact Information"":""TECH FRONT (CHONGQING) COMPUTER CO. LTD. NO. 18, ZONGBAO ROAD, SHAPINGBA DISTRICT CHONGQING, CHINA"",""Importer Contact Information"":""ASUS INDIA PRIVATE LIMITED, 402, Supreme chambers, 17/18, Shah Industrial Estate, Veera Desai Road, Andheri (West), Mumbai 400053, India"",""Unit Count"":""1.0 Count"",""Item Type Name"":""Laptop"",""Packer Contact Information"":""TECH FRONT (CHONGQING) COMPUTER CO. LTD. NO. 18, ZONGBAO ROAD, SHAPINGBA DISTRICT CHONGQING, CHINA"",""Best Sellers Rank"":""#909 in Computers & Accessories (See Top 100 in Computers & Accessories) #7 in Traditional Laptops"",""ASIN"":""B0FM3C4L2F"",""RAM Memory Installed"":""16 GB"",""RAM Memory Technology"":""DDR5"",""Ram Memory Maximum Size"":""64 GB"",""Memory Speed"":""5600 MHz"",""System RAM Type"":""DDR5 RAM"",""Battery Cell Type"":""Lithium Ion"",""Lithium Battery Energy Content"":""48 Watt Hours"",""Human Interface Types"":""Touch Pad"",""Keyboard Description"":""Backlit"",""Warranty Description"":""This genuine ASUS laptop comes with 1 year Global Warranty and Onsite Domestic Warranty from ASUS covering manufacturing defects & not covering physical damage. Register on brand website to activate warranty. For product related queries contact the brand at contact_us on: [ 18002090365 ] or Email us at : rc_india@asus.com""}",amazon
"acer SmartChoice Aspire Lite, AMD Ryzen 5-5625U Processor, 16 GB/512 GB, Full HD,",Acer,Laptops,45990,89999,49,4,849,https://m.media-amazon.com/images/I/718UBZxpxrL._AC_UL500_.jpg,https://www.amazon.in/5-5625U-Premium-Windows-AL15-41-Display/dp/B0DG2GCTD7/ref=sr_1_14?dib=eyJ2IjoiMSJ9.zAkt9n8YIHCtdqe4HHw9Hh7N_ytnqXA8xpEcDCSio5EkFLeOvqYeJzAHvRjBceU8iqQDcw19Z2dJIKl5U0VxwSUPZ07ukzC1b46_guL0UEWJdT-_D1IkglcT-B0jf0D_nCdNb6KqpcbmtWLpLNHfAHgJrB1ICIpwfOKIx5k0oOWwOiQ81R3fzMy6jMTU9NWeRFJfJ9vCoNRrfnS9zX323pQE69NoO7UywqMAwk4nMw8.GGL7OpW_xfYYB5it2X0du1uue3uuPKYn4kABcOG8FA4&dib_tag=se&keywords=laptops&qid=1779560106&sr=8-14,"Processor: AMD Ryzen 5 5625U processor (2.3 GHz base clock, up to 4.3 GHz max boost clock, 16 MB L3 cache, 6 cores) | Memory: 16 GB of DDR4 Memory Upgradable up to 32GB, DDR4 3200 MHz | Storage: 512 GB, PCIe Gen3 8 Gb/s up to 4 lanes, NVMe Upgradable up to 1 TB | Operating System: Windows 11 Home |Preinstalled Software: None | Display: 15.6"" Full HD TN 1920 x 1080, high-brightness TFT LCD :16:9 aspect ratio ,Ultra-slim design, Mercury free, environment friendly |AMD Radeon Graphics | Ports: 1 x USB 3.2 Gen 1 (Type A), 2 x USB 2.0 (Type A), 1 x USB 3.2 Gen 2 (Type C), 1 x DC-in jack | Average b","{""Display"":""15.6\"""",""Processor"":""AMD Ryzen 5"",""OS"":""Windows 11"",""Weight"":""1.59 kg"",""Colour"":""Gray"",""Hard Drive Size"":""512 GB"",""Operating System"":""Windows 11 Home"",""Other Special Features of the Product"":""HD Audio, Lightweight, Numeric Keypad"",""Graphics Description"":""Integrated"",""Graphics Co Processor"":""AMD Radeon Graphics"",""Hard Disk Description"":""SSD"",""Item Weight"":""1.59 Kilograms"",""Video Processor"":""AMD"",""Specific Uses For Product"":""Business, Multimedia, Student"",""Webcam Capability"":""Yes"",""Automatic Backup Software Included"":""yes"",""Form Factor"":""Ultra-Portable"",""Hard Drive Interface"":""Solid State"",""Voltage"":""240 Volts"",""Camera Description"":""Front"",""Graphics Ram Type"":""DDR4 SDRAM"",""Compatible Devices"":""Mice, Keyboards, Storage Devices, Printers, via USB or Bluetooth"",""Warranty Type"":""One-year International Travelers Warranty (ITW)"",""Item Dimensions L x W x Thickness"":""23.9L x 36W x 2Th Centimeters"",""Chipset Type"":""AMD SoC"",""Video Output"":""HDMI"",""Screen Size"":""15.6 Inches"",""Scanner Resolution"":""1080p"",""Native Resolution"":""1920 x 1080 pixels"",""Display Type"":""LED"",""Maximum Display Resolution"":""1920 x 1080 Pixels"",""Display Technology"":""LCD"",""Network Connectivity Technology"":""Bluetooth, HDMI, USB, Wi-Fi"",""Wireless Technology"":""Wi-Fi"",""Computer Wireless Type"":""Bluetooth"",""Bluetooth support?"":""Yes"",""Wi-Fi Generation"":""Wi-Fi 6"",""Total USB Ports"":""4"",""Hardware Interface"":""USB"",""Number Of Ports"":""4"",""Total HDMI Port"":""1"",""Audio Output Type"":""Speakers"",""Processor Type"":""Ryzen 5"",""Processor Speed"":""2.3 GHz"",""Processor Count"":""1"",""Processor Brand"":""AMD"",""CPU Model Number"":""AMD Ryzen 5-5625U Processor"",""CPU Model Generation"":""5th Gen"",""CPU Model Speed Maximum"":""4.3 GHz"",""Brand Name"":""Acer"",""Model Name"":""Aspire Lite"",""Country of Origin"":""China"",""Model Year"":""2024"",""Model Number"":""AL15-41"",""Box Contents"":""‎1U (contains Laptop 1N, Power cord 1N, Adapter 1N, User Manual 1N)"",""Manufacturer"":""ACER INDIA PRIVATE LIMITED, RS No.38/2, Sedarpet Village, Villanur Commune, Poducherry - 605111., Acer"",""Manufacturer Contact Information"":""ACER INDIA PRIVATE LIMITED, RS No.38/2, Sedarpet Village, Villanur Commune, Poducherry - 605111."",""Importer Contact Information"":""ACER INDIA PRIVATE LIMITED Embassy Heights, 6th Floor, No. 13, Magrath Road, Next to HOSMAT Hospital, Bangalore, INDIA – 560025"",""Unit Count"":""1.0 Count"",""Item Type Name"":""Laptop"",""Warranty Description"":""1 Year Manufacturer"",""Packer Contact Information"":""ACER INDIA PRIVATE LIMITED, RS No.38/2, Sedarpet Village, Villanur Commune, Poducherry - 605111."",""Best Sellers Rank"":""#1,240 in Computers & Accessories (See Top 100 in Computers & Accessories) #15 in Traditional Laptops"",""ASIN"":""B0DG2GCTD7"",""RAM Memory Installed"":""16 GB"",""RAM Memory Technology"":""DDR4"",""Ram Memory Maximum Size"":""16 GB"",""Memory Speed"":""3200 MHz"",""System RAM Type"":""DDR4 SDRAM"",""Available Memory Slots"":""yes"",""Battery Cell Type"":""Lithium Ion"",""Battery Life"":""7 Hours"",""Number Of Cells"":""3"",""Lithium Battery Energy Content"":""36 Watt Hours"",""Human Interface Types"":""Touch Pad"",""Keyboard Description"":""Chiclet""}",amazon
"Lenovo V15 G4 AMD Ryzen 5 7520U 15.6 inch FHD Laptop, AMD Graphics, 16GB DDR5 5500Mhz",Lenovo,Laptops,52760,99999,47,4,441,https://m.media-amazon.com/images/I/71aup0IO2ZL._AC_UL500_.jpg,https://www.amazon.in/Lenovo-Graphics-5500Mhz-Windows-Warranty/dp/B0F29HNJL1/ref=sr_1_15?dib=eyJ2IjoiMSJ9.zAkt9n8YIHCtdqe4HHw9Hh7N_ytnqXA8xpEcDCSio5EkFLeOvqYeJzAHvRjBceU8iqQDcw19Z2dJIKl5U0VxwSUPZ07ukzC1b46_guL0UEWJdT-_D1IkglcT-B0jf0D_nCdNb6KqpcbmtWLpLNHfAHgJrB1ICIpwfOKIx5k0oOWwOiQ81R3fzMy6jMTU9NWeRFJfJ9vCoNRrfnS9zX323pQE69NoO7UywqMAwk4nMw8.GGL7OpW_xfYYB5it2X0du1uue3uuPKYn4kABcOG8FA4&dib_tag=se&keywords=laptops&qid=1779560106&sr=8-15,"POWERHOUSE PERFORMANCE: Equipped with the AMD Ryzen 5 7520U Quad-Core processor and high-speed 16GB DDR5 RAM (5500MHz), this laptop handles multitasking, heavy spreadsheets, and student projects with zero lag. | BLAZING FAST STORAGE: Boot up in seconds and load applications instantly with the 512GB NVMe SSD. Pre-loaded with Windows 11 Home (Lifetime Validity), giving you the latest security and productivity features right out of the box. | IMMERSIVE VISUALS & AUDIO: Features a spacious 15.6-inch Full HD (1920x1080) Anti-Glare Display that reduces eye strain during long work sessions. Paired wi","{""Display"":""15.6\"""",""Processor"":""AMD Ryzen 5 7520U 15"",""Display Type"":""LCD"",""OS"":""Windows 11"",""Colour"":""Gray"",""Hard Drive Size"":""512 GB"",""Operating System"":""Windows 11"",""Other Special Features of the Product"":""HD Audio"",""Graphics Description"":""Integrated"",""Graphics Co Processor"":""Integrated AMD Radeon™ 610M Graphics"",""Hard Disk Description"":""SSD"",""Video Processor"":""AMD"",""Specific Uses For Product"":""Developer, Gaming, Multimedia"",""Webcam Capability"":""Yes"",""Graphics RAM Size"":""16 GB"",""Automatic Backup Software Included"":""Windows"",""Form Factor"":""Laptop"",""Hard Drive Interface"":""Solid State"",""Voltage"":""65 Kilovolts"",""Camera Description"":""Front"",""Graphics Ram Type"":""DDR5 SDRAM"",""Compatible Devices"":""Ethernet 100/1000M (RJ-45), Headphone, Mouse, Speaker, WLAN + Bluetooth Wi-Fi® 6, 802.11ax 2x2 + BT5.2"",""Warranty Type"":""On Site"",""Item Dimensions L x W x Thickness"":""38L x 28W x 5Th Centimeters"",""Chipset Type"":""AMD SoC Platform"",""Video Output"":""FHD"",""Screen Size"":""15.6 Inches"",""Scanner Resolution"":""1080p"",""Native Resolution"":""1920 x 1080 pixels"",""Maximum Display Resolution"":""1920 x 1080"",""Display Technology"":""LCD"",""Touch Screen Type"":""Adaptive"",""Screen Finish Type"":""Glossy"",""Network Connectivity Technology"":""Bluetooth, Ethernet, HDMI, USB, Wi-Fi"",""Computer Wireless Type"":""Bluetooth"",""Cellular Technology"":""5G"",""Bluetooth support?"":""Yes"",""Wi-Fi Generation"":""Wi-Fi 6"",""Total USB Ports"":""3"",""Hardware Interface"":""Bluetooth"",""Number Of Ports"":""8"",""Total HDMI Port"":""1"",""Audio Output Type"":""Speakers"",""Speaker Description"":""Dolby Sound 2.0"",""Processor Type"":""Ryzen 5"",""Processor Speed"":""3.4 GHz"",""Processor Count"":""1"",""Processor Brand"":""AMD"",""CPU Model Number"":""7520U"",""CPU Model Generation"":""14th Generation"",""CPU Model Speed Maximum"":""4.3 GHz"",""Brand Name"":""Lenovo"",""Model Name"":""Lenovo V15"",""Country of Origin"":""China"",""Model Year"":""2024"",""Model Number"":""83CQA00WIN"",""Box Contents"":""Adaptor, Laptop, Power chord"",""Manufacturer"":""Lenovo India Pvt Ltd, lenovo india"",""Series Number"":""15"",""UPC"":""198155913334"",""Manufacturer Contact Information"":""lenovo india"",""Importer Contact Information"":""Lenovo Pvt Ltd"",""Unit Count"":""1 Set"",""Item Type Name"":""Laptop"",""Warranty Description"":""1 Year Onsite Brand Warranty"",""Packer Contact Information"":""Lenovo India Pvt Ltd"",""Best Sellers Rank"":""#1,156 in Computers & Accessories (See Top 100 in Computers & Accessories) #11 in Traditional Laptops"",""ASIN"":""B0F29HNJL1"",""RAM Memory Installed"":""16 GB"",""RAM Memory Technology"":""SO-DIMM"",""Ram Memory Maximum Size"":""16 GB"",""Memory Speed"":""5500 MHz"",""System RAM Type"":""DDR5 RAM"",""Cache Memory Installed Size"":""16"",""Available Memory Slots"":""YES"",""Battery Cell Type"":""Lithium Ion"",""Battery Life"":""8.5 Hours"",""BatteryAverage Life Standby"":""5.5 Hours"",""Number Of Cells"":""2"",""Lithium Battery Energy Content"":""1 Watt Hours"",""Human Interface Types"":""Touch Pad"",""Keyboard Description"":""Chiclet"",""Wireless Technology"":""Standard Ports 2x USB 3.2 Gen 1 1x USB-C® 3.2 Gen 1 (support data transfer, Power Delivery (20V only) and DisplayPort™ 1.2) 1x HDMI® 1.4b 1x Headphone / microphone combo jack (3.5mm) 1x Ethernet (RJ-45) 1x Power connector, WLAN + Bluetooth Wi-Fi® 6, 802.11ax 2x2 + BT5.2""}",amazon
"Acer Aspire Lite 12th Gen, Intel Core i5-12450H, Office 2024 + M365 Basic, 12GB RAM/512GB",Acer,Laptops,49990,65999,24,4,82,https://m.media-amazon.com/images/I/81qzE9lsXkL._AC_UL500_.jpg,https://www.amazon.in/i5-12450H-Win11Home-Graphics-AL15-52H-Keyboard/dp/B0DDL4CPZ5/ref=sr_1_16?dib=eyJ2IjoiMSJ9.zAkt9n8YIHCtdqe4HHw9Hh7N_ytnqXA8xpEcDCSio5EkFLeOvqYeJzAHvRjBceU8iqQDcw19Z2dJIKl5U0VxwSUPZ07ukzC1b46_guL0UEWJdT-_D1IkglcT-B0jf0D_nCdNb6KqpcbmtWLpLNHfAHgJrB1ICIpwfOKIx5k0oOWwOiQ81R3fzMy6jMTU9NWeRFJfJ9vCoNRrfnS9zX323pQE69NoO7UywqMAwk4nMw8.GGL7OpW_xfYYB5it2X0du1uue3uuPKYn4kABcOG8FA4&dib_tag=se&keywords=laptops&qid=1779560106&sr=8-16,,"{""RAM"":""12 GB"",""Display"":""15.6\"""",""Processor"":""Intel Core i5"",""Display Type"":""FHD"",""Weight"":""1.7 kg"",""_inline"":""100+ bought in past month · M.R.P: · Save extra with No Cost EMISave extra with No Cost EMI · FREE delivery Mon, 25 May · Service: Device Setup""}",amazon
"Dell 15 (Previously Inspiron) Laptop, 14th Gen Intel Core i3/Core 3 100U Processor, 8GB",Dell,Laptops,46490,49100,5,4.1,1109,https://m.media-amazon.com/images/I/717WZ7WriwL._AC_UL500_.jpg,https://www.amazon.in/Dell-Previously-Inspiron-Processor-Display/dp/B0BQJ68HHC/ref=sr_1_17?dib=eyJ2IjoiMSJ9.zAkt9n8YIHCtdqe4HHw9Hh7N_ytnqXA8xpEcDCSio5EkFLeOvqYeJzAHvRjBceU8iqQDcw19Z2dJIKl5U0VxwSUPZ07ukzC1b46_guL0UEWJdT-_D1IkglcT-B0jf0D_nCdNb6KqpcbmtWLpLNHfAHgJrB1ICIpwfOKIx5k0oOWwOiQ81R3fzMy6jMTU9NWeRFJfJ9vCoNRrfnS9zX323pQE69NoO7UywqMAwk4nMw8.GGL7OpW_xfYYB5it2X0du1uue3uuPKYn4kABcOG8FA4&dib_tag=se&keywords=laptops&qid=1779560106&sr=8-17,"Processor: Intel Core 3 100U 14th Generation (up to 4.70 GHz, 10MB 6 Cores) | RAM & Storage: 8 GB, 1 x 8 GB, DDR4, 2666 MT/s & 512GB SSD | Software: Pre-Loaded Windows 11 Home with Lifetime Validity | MS Office Home and Student 2024 with lifetime validity| McAfee Multi-Device Security 12-month subscription Graphics & Keyboard: Intel UHD Graphics & Standard Keyboard | Display: 15.6"" NT FHD 120Hz WVA IPS AG 250 nit Narrow Border LED-Backlit // Warranty: 1 Year Onsite Hardware Service | Ports: 1 USB 3.2 Gen 1 Type-A port + 1 USB 3.2 Gen 1 Type-C data only​ (on systems configured with plastic chas","{""Display"":""15.6\"""",""Refresh Rate"":""120 Hz"",""Processor"":""Intel Core i3"",""Display Type"":""LED"",""Weight"":""1.63 kg"",""Colour"":""Black"",""Hard Drive Size"":""512 GB"",""Operating System"":""Windows 11 Home"",""Other Special Features of the Product"":""Thin"",""Graphics Description"":""Integrated"",""Graphics Co Processor"":""INTEGRATED"",""Hard Disk Description"":""SSD"",""Item Weight"":""1.69 Kilograms"",""Video Processor"":""Intel"",""Specific Uses For Product"":""Student"",""Webcam Capability"":""No"",""Graphics RAM Size"":""8 GB"",""Automatic Backup Software Included"":""Microsoft Office 2021"",""Form Factor"":""laptop"",""Hard Drive Interface"":""Solid State"",""Voltage"":""240 Volts"",""Graphics Ram Type"":""Shared"",""Compatible Devices"":""Headphone"",""Warranty Type"":""Limited"",""Item Dimensions L x W x Thickness"":""25L x 22W x 358Th Millimeters"",""Chipset Type"":""intel"",""Optical Device Type"":""No Optical Drive"",""Video Output"":""HDMI"",""Is Electric"":""Yes"",""Screen Size"":""14.96 Inches"",""Scanner Resolution"":""1920*1080"",""Native Resolution"":""1920 x 1080 pixels"",""Maximum Display Resolution"":""1920 x 1080"",""Display Technology"":""FHD"",""Network Connectivity Technology"":""HDMI, USB"",""Wireless Technology"":""Bluetooth, Wi-Fi"",""Computer Wireless Type"":""802.11ac"",""Bluetooth support?"":""Yes"",""Wi-Fi Generation"":""Wi-Fi 5"",""Total USB Ports"":""3"",""Hardware Interface"":""USB"",""Number Of Ports"":""7"",""Total HDMI Port"":""1"",""Processor Type"":""Core i3 Family"",""Processor Speed"":""4.4 GHz"",""Processor Count"":""1"",""Processor Brand"":""Intel"",""CPU Model Number"":""i3-1215U"",""CPU Model Generation"":""12th Generation"",""CPU Model Speed Maximum"":""4400 MHz"",""Brand Name"":""Dell"",""Model Name"":""Vostro"",""Country of Origin"":""China"",""Model Year"":""2022"",""Model Number"":""Vostro 3520"",""Box Contents"":""‎‎Laptop, Battery, AC Adapter, User Guide, Manuals"",""Manufacturer"":""Dell, Dell"",""Manufacturer Contact Information"":""Dell"",""Importer Contact Information"":""Dell India Pvt Ltd"",""Unit Count"":""1 Count"",""Item Length"":""32.3 Centimetres"",""Item Type Name"":""Laptop"",""Warranty Description"":""1 Year Onsite Hardware Service"",""Packer Contact Information"":""Dell India Pvt Ltd"",""Best Sellers Rank"":""#1,661 in Computers & Accessories (See Top 100 in Computers & Accessories) #29 in Traditional Laptops"",""ASIN"":""B0BQJ68HHC"",""RAM Memory Installed"":""8 GB"",""RAM Memory Technology"":""DDR4"",""Memory Clock Speed"":""2666 MHz"",""Ram Memory Maximum Size"":""16 GB"",""Memory Speed"":""2666 MHz"",""System RAM Type"":""DDR4 SDRAM"",""Battery Cell Type"":""Lithium Ion"",""Battery Life"":""10 Hours"",""BatteryAverage Life Standby"":""10 Hours"",""Lithium Battery Energy Content"":""2.6 Watt Hours"",""Human Interface Types"":""Keyboard"",""Keyboard Description"":""Backlit"",""Audio Output Type"":""Speakers""}",amazon
"ASUS Vivobook 15, Smartchoice, AMD Ryzen 7 5825U, 16GB RAM, 512GB SSD, FHD 15.6"", Windows",Vivo,Laptops,54990,57990,5,4,167,https://m.media-amazon.com/images/I/71zMooVIVAL._AC_UL500_.jpg,https://www.amazon.in/ASUS-Vivobook-Smartchoice-Windows-M1502YA-BQ703WS/dp/B0FC2LKFSC/ref=sr_1_18?dib=eyJ2IjoiMSJ9.zAkt9n8YIHCtdqe4HHw9Hh7N_ytnqXA8xpEcDCSio5EkFLeOvqYeJzAHvRjBceU8iqQDcw19Z2dJIKl5U0VxwSUPZ07ukzC1b46_guL0UEWJdT-_D1IkglcT-B0jf0D_nCdNb6KqpcbmtWLpLNHfAHgJrB1ICIpwfOKIx5k0oOWwOiQ81R3fzMy6jMTU9NWeRFJfJ9vCoNRrfnS9zX323pQE69NoO7UywqMAwk4nMw8.GGL7OpW_xfYYB5it2X0du1uue3uuPKYn4kABcOG8FA4&dib_tag=se&keywords=laptops&qid=1779560106&sr=8-18,,"{""RAM"":""16 GB"",""Display"":""15.6\"""",""Processor"":""AMD Ryzen 7 5825U"",""Display Type"":""FHD"",""OS"":""Windows 11"",""Weight"":""1.7 kg"",""_inline"":""500+ bought in past month · M.R.P: · Save extra with No Cost EMISave extra with No Cost EMI · FREE delivery Mon, 25 May · Service: Device Setup""}",amazon
"Dell 15, Intel Core i3/Core 3 14th Gen-100U, 16GB DDR4, 512GB SSD, FHD IPS,",Dell,Laptops,49990,53074,6,3.8,43,https://m.media-amazon.com/images/I/71I4NoKj-oL._AC_UL500_.jpg,https://www.amazon.in/Dell-15-Processor-Graphics-Display/dp/B0FDWH5WTL/ref=sr_1_19?dib=eyJ2IjoiMSJ9.zAkt9n8YIHCtdqe4HHw9Hh7N_ytnqXA8xpEcDCSio5EkFLeOvqYeJzAHvRjBceU8iqQDcw19Z2dJIKl5U0VxwSUPZ07ukzC1b46_guL0UEWJdT-_D1IkglcT-B0jf0D_nCdNb6KqpcbmtWLpLNHfAHgJrB1ICIpwfOKIx5k0oOWwOiQ81R3fzMy6jMTU9NWeRFJfJ9vCoNRrfnS9zX323pQE69NoO7UywqMAwk4nMw8.GGL7OpW_xfYYB5it2X0du1uue3uuPKYn4kABcOG8FA4&dib_tag=se&keywords=laptops&qid=1779560106&sr=8-19,,"{""Display"":""15.6\"""",""Processor"":""Intel Core i3"",""Display Type"":""FHD"",""OS"":""Windows 11"",""Weight"":""1.63 kg"",""_inline"":""300+ bought in past month · M.R.P: · FREE delivery Mon, 25 May · Service: Device Setup""}",amazon
"HP Victus, AMD Ryzen 7 7445HS, 4GB RTX 2050, 16GB DDR5(Upgradable) 512GB SSD, FHD, 144Hz,",HP,Laptops,69990,74026,5,4.2,362,https://m.media-amazon.com/images/I/71qIJPTTD3L._AC_UL500_.jpg,https://www.amazon.in/HP-Upgradable-Office24-fb3123AX-Backlit/dp/B0G9239R5S/ref=sr_1_19?dib=eyJ2IjoiMSJ9.PjYdFJh5rHDJBMNfPsAmuaPQdvrbkDmfmoI8W6gVWOqu549JkGsLX3vOLqoi7J5DhSZ_o4yNm6uO8loUUucdvV2XbtPduMQbL3aIeFyaJF6VRVyEB4585PuRudDx7kHKOWVM5GSJsb9LNd-uEtpwuP_5XCxrcfbwf3qbO95O8GsQl5bK6ghRy18f__CQmv0rZ4WCpUokGnRUqWRVzf_0Pebu4-cu0Zl9Dmt5BDHVl6I.9w-ApV5RSkE_a7zlp9ggqIMekLHmBFpSTWsOaleycy4&dib_tag=se&keywords=laptops&qid=1779560119,"Processor, Memory & Storage: AMD Ryzen 7 7445HS (up to 4.7 GHz max boost clock,16 MB L3 cache, 6 cores, 12 threads)| Memory: 16 GB DDR5-5600 MT/s (1 x 16 GB)| Storage: 512 GB PCIe Gen4 NVMe M.2 SSD | Operating System & Preinstalled Software: Windows 11 Home | MS Office Home 2024 + MISC PC Game Pass DA 3M| 1 year Microsoft 365 Basic Free | Display & Graphics: 39.6 cm (15.6"") diagonal, FHD (1920 x 1080), 144 Hz, IPS, micro-edge, anti-glare, 300 nits, 62.5% sRGB| Graphics: NVIDIA GeForce RTX 2050 Laptop GPU (4 GB GDDR6 dedicated) | Warranty : Post purchase of HP laptop, Register product for warra","{""Refresh Rate"":""144 Hz"",""Processor"":""AMD Ryzen 7 7445HS"",""Display Type"":""LED"",""Weight"":""2.29 kg"",""Colour"":""Mica Silver-Ryzen 7 7445HS, 4GB RTX 2050"",""Hard Drive Size"":""512 GB"",""Operating System"":""Windows 11 Home"",""Other Special Features of the Product"":""Anti Glare Coating, Backlit Keyboard, HD Audio, NVIDIA® GeForce RTX™ 2050 Laptop GPU (4 GB GDDR6 dedicated)"",""Graphics Description"":""Dedicated"",""Graphics Co Processor"":""NVIDIA GeForce RTX 2050"",""Hard Disk Description"":""SSD"",""Item Weight"":""2.29 Kilograms"",""Video Processor"":""NVIDIA"",""Specific Uses For Product"":""Entertainment, Gaming, Student"",""Webcam Capability"":""Yes"",""Graphics RAM Size"":""4 GB"",""Automatic Backup Software Included"":""Microsoft Office"",""Form Factor"":""Clamshell"",""Graphics Ram Type"":""VRAM"",""Compatible Devices"":""External displays, mice, keyboards, storage devices, printers, and other accessories via HDMI, USB, and Bluetooth"",""Warranty Type"":""On Site"",""Item Dimensions L x W x Thickness"":""35.8L x 25.5W x 2.4Th Centimeters"",""Video Output"":""HDMI"",""Screen Size"":""39.6 Centimetres"",""Scanner Resolution"":""1080p"",""Native Resolution"":""1920 x 1080 pixels"",""Maximum Display Resolution"":""1920 x 1080"",""Display Technology"":""IPS"",""RAM Memory Installed"":""16 GB"",""RAM Memory Technology"":""DDR5"",""Ram Memory Maximum Size"":""16 GB"",""Memory Speed"":""5600 MHz"",""System RAM Type"":""DDR5 RAM"",""Total USB Ports"":""2"",""Number Of Ports"":""6"",""Speaker Description"":""DTS:X® Ultra; Dual speakers; HP Audio Boost"",""Processor Type"":""Ryzen 7"",""Processor Speed"":""4.7 GHz"",""Processor Count"":""1"",""Processor Brand"":""AMD"",""CPU Model Number"":""AMD Ryzen™ 7 7445H"",""CPU Model Generation"":""7th Generation"",""CPU Model Speed Maximum"":""4.7 GHz"",""Brand Name"":""HP"",""Model Name"":""HP Gaming Laptop"",""Model Year"":""2025"",""Model Number"":""15-fb3123AX"",""Box Contents"":""Laptop, Power Adapter, User manual"",""Manufacturer"":""HP, HP India Sales Pvt. Ltd."",""UPC"":""199251982095"",""Manufacturer Contact Information"":""HP India Sales Pvt. Ltd."",""Importer Contact Information"":""HP India Sales Pvt. Ltd."",""Unit Count"":""1.0 Count"",""Item Type Name"":""Laptop"",""Warranty Description"":""1 year manufacturer warranty on the device from the date of purchase. In case of any technical/product related queries, please call 1800-258-7170 or 1860-258-3079"",""Packer Contact Information"":""HP India Sales Pvt. Ltd."",""Best Sellers Rank"":""#1,574 in Computers & Accessories (See Top 100 in Computers & Accessories) #27 in Traditional Laptops"",""ASIN"":""B0G9239R5S"",""Network Connectivity Technology"":""Bluetooth, Wi-Fi"",""Computer Wireless Type"":""802.11ac, 802.11ax"",""Bluetooth support?"":""Yes"",""Battery Cell Type"":""Lithium Ion"",""Battery Life"":""6 Hours"",""Lithium Battery Energy Content"":""52.5 Watt Hours"",""Human Interface Types"":""Touch Pad"",""Keyboard Description"":""Backlit""}",amazon
"Acer Smartchoice Aspire One, Intel Core Celeron N4500, Office 2024 + M365 Basic, 12GB",Acer,Laptops,37990,59999,37,3.4,586,https://m.media-amazon.com/images/I/71uoRYyilhL._AC_UL500_.jpg,https://www.amazon.in/Acer-Celeron-LPDDR4X-35-56cm-A114-45/dp/B0GW8JNM6J/ref=sr_1_20?dib=eyJ2IjoiMSJ9.PjYdFJh5rHDJBMNfPsAmuaPQdvrbkDmfmoI8W6gVWOqu549JkGsLX3vOLqoi7J5DhSZ_o4yNm6uO8loUUucdvV2XbtPduMQbL3aIeFyaJF6VRVyEB4585PuRudDx7kHKOWVM5GSJsb9LNd-uEtpwuP_5XCxrcfbwf3qbO95O8GsQl5bK6ghRy18f__CQmv0rZ4WCpUokGnRUqWRVzf_0Pebu4-cu0Zl9Dmt5BDHVl6I.9w-ApV5RSkE_a7zlp9ggqIMekLHmBFpSTWsOaleycy4&dib_tag=se&keywords=laptops&qid=1779560119,"Processor : Whether you're at home, school, or work, get all the performance you need with the latest Intel Celeron N4500 Processor @ 1.10GHz ( 2 Cores, 4M Cache, up to 2.80 GHz); maintaining order and keeping your apps running consistently and smoothly. | Performance : 12GB LPDDR4X RAM for full-power multitasking; 512GB SSD; Thisthin and light laptop offers a good experience for watching videos, browsing the web, remote work, or study from home. | Display : 14.0-inch HD 1366 x 768 resolution display keeps images and videos stunning while the narrow border offers-up more viewable space. To pro","{""Display"":""14.0\"""",""Processor"":""Intel Core Celeron N4500"",""Weight"":""1.3 kg"",""Colour"":""Pure Silver"",""Hard Drive Size"":""512 GB"",""Operating System"":""Windows 11 Home"",""Other Special Features of the Product"":""Thin"",""Graphics Description"":""Integrated"",""Graphics Co Processor"":""Intel UHD Graphics"",""Hard Disk Description"":""SSD"",""Item Weight"":""1.3 Kilograms"",""Video Processor"":""Intel"",""Specific Uses For Product"":""Entertaniment, Student"",""Webcam Capability"":""Yes"",""Form Factor"":""Clamshell"",""Hard Drive Interface"":""USB 2.0/3.0"",""Graphics Ram Type"":""SDRAM"",""Compatible Devices"":""External Display, USB Devices"",""Warranty Type"":""Limited"",""Item Dimensions L x W x Thickness"":""20.8L x 32.2W x 1.8Th Centimeters"",""Video Output"":""HDMI"",""Screen Size"":""14 Inches"",""Scanner Resolution"":""1366 x 768"",""Native Resolution"":""1366 x 768 pixels"",""Display Type"":""LED"",""Maximum Display Resolution"":""1366 x 768 Pixels"",""Display Technology"":""LCD"",""Network Connectivity Technology"":""Wi-Fi"",""Computer Wireless Type"":""802.11a/b/g/n/ac"",""Bluetooth support?"":""Yes"",""Battery Cell Type"":""Lithium Ion"",""Lithium Battery Energy Content"":""38 Watt Hours"",""Processor Type"":""Celeron"",""Processor Speed"":""1.1 GHz"",""Processor Count"":""1"",""Processor Brand"":""Intel"",""CPU Model Number"":""N4500"",""CPU Model Speed Maximum"":""2.8 GHz"",""Brand Name"":""Acer"",""Model Name"":""Aspire One"",""Country of Origin"":""India"",""Model Year"":""2026"",""Model Number"":""A114-45"",""Box Contents"":""1U (contains Laptop 1N, Power cord 1N, Adapter 1N, User Manual 1N)"",""Manufacturer"":""ACER INDIA (PRIVATE) LTD, R.S. no 38/2, Sederapet Village,Villianur Commune,Puducherry-605111, Acer"",""Manufacturer Contact Information"":""ACER INDIA (PRIVATE) LTD, R.S. no 38/2, Sederapet Village,Villianur Commune,Puducherry-605111"",""Importer Contact Information"":""ACER INDIA PRIVATE LIMITED Embassy Heights, 6th Floor, No. 13 Magrath Road, Next to HOSMAT Hospital, Bangalore, INDIA – 560025"",""Unit Count"":""1.0 Count"",""Item Type Name"":""Laptop"",""Warranty Description"":""1 Year Warranty"",""Packer Contact Information"":""ACER INDIA (PRIVATE) LTD, R.S. no 38/2, Sederapet Village,Villianur Commune,Puducherry-605111"",""Best Sellers Rank"":""#994 in Computers & Accessories (See Top 100 in Computers & Accessories) #8 in Traditional Laptops"",""ASIN"":""B0GW8JNM6J"",""RAM Memory Installed"":""12 GB"",""RAM Memory Technology"":""LPDDR4X"",""Ram Memory Maximum Size"":""12 GB"",""System RAM Type"":""DDR4 SDRAM"",""Total USB Ports"":""3"",""Human Interface Types"":""Touch Pad""}",amazon
"Lenovo V15 G4 AMD Athlon Silver 7120U Laptop 8GB LPDDR5 Ram, 512 GB SSD PCIe, Windows 11",Lenovo,Laptops,41999,41999,0,3.9,344,https://m.media-amazon.com/images/I/61AccNkmFFL._AC_UL500_.jpg,https://www.amazon.in/Lenovo-V15-Lifetime-Validity-Warranty/dp/B0CL7CMTXS/ref=sr_1_21?dib=eyJ2IjoiMSJ9.PjYdFJh5rHDJBMNfPsAmuaPQdvrbkDmfmoI8W6gVWOqu549JkGsLX3vOLqoi7J5DhSZ_o4yNm6uO8loUUucdvV2XbtPduMQbL3aIeFyaJF6VRVyEB4585PuRudDx7kHKOWVM5GSJsb9LNd-uEtpwuP_5XCxrcfbwf3qbO95O8GsQl5bK6ghRy18f__CQmv0rZ4WCpUokGnRUqWRVzf_0Pebu4-cu0Zl9Dmt5BDHVl6I.9w-ApV5RSkE_a7zlp9ggqIMekLHmBFpSTWsOaleycy4&dib_tag=se&keywords=laptops&qid=1779560119,Windows 11 Lifetime Validity,"{""Display"":""15.6\"""",""Processor"":""AMD Athlon Silver 7120U Laptop 8GB LPDDR"",""Display Type"":""LCD"",""OS"":""Windows 11"",""Colour"":""Silver"",""Hard Drive Size"":""512 GB"",""Operating System"":""Windows 11"",""Other Special Features of the Product"":""Windows 11 Lifetime Validity"",""Graphics Description"":""Dedicated"",""Graphics Co Processor"":""AMD Radeon 610M"",""Hard Disk Description"":""512GB NVMe M.2 SSD"",""Item Weight"":""1.5 Kilograms"",""Video Processor"":""AMD"",""Specific Uses For Product"":""Business, Entertainment, Gaming"",""Webcam Capability"":""Yes"",""Graphics RAM Size"":""8 GB"",""Form Factor"":""Clamshell"",""Voltage"":""20 Volts"",""Compatible Devices"":""Headphone"",""Warranty Type"":""Limited"",""Item Dimensions L x W x Thickness"":""20L x 359W x 236Th Millimeters"",""Chipset Type"":""Intel"",""Video Output"":""HDMI"",""RAM Memory Installed"":""8 GB"",""RAM Memory Technology"":""Lpddr 5"",""Ram Memory Maximum Size"":""8 GB"",""System RAM Type"":""DDR5 RAM"",""Available Memory Slots"":""yes"",""Network Connectivity Technology"":""Bluetooth, HDMI, USB, Wi-Fi"",""Wireless Technology"":""Bluetooth, Wi-Fi"",""Computer Wireless Type"":""Bluetooth"",""Cellular Technology"":""5G"",""Bluetooth support?"":""Yes"",""Wi-Fi Generation"":""WIiFi 6"",""Human Interface Types"":""Microphone"",""Keyboard Description"":""Backlit"",""Processor Type"":""Athlon"",""Processor Speed"":""2.4 GHz"",""Processor Count"":""2"",""Processor Brand"":""AMD"",""CPU Model Number"":""V15"",""CPU Model Generation"":""3000"",""Brand Name"":""Lenovo"",""Model Name"":""V15"",""Model Number"":""V15"",""Manufacturer"":""Lenovo Group Limited"",""UPC"":""197532896741"",""Unit Count"":""1.00 Set"",""Best Sellers Rank"":""#2,842 in Computers & Accessories (See Top 100 in Computers & Accessories) #57 in Traditional Laptops"",""ASIN"":""B0CL7CMTXS"",""Screen Size"":""15.6 Inches"",""Scanner Resolution"":""1080p"",""Native Resolution"":""1920 x 1080 pixels"",""Maximum Display Resolution"":""1920 x 1080"",""Display Technology"":""LED or LCD"",""Battery Cell Type"":""Lithium Polymer"",""Battery Life"":""15 Hours"",""Lithium Battery Energy Content"":""65 Watt Hours"",""Total USB Ports"":""3"",""Hardware Interface"":""Solid State Drive"",""Number Of Ports"":""3"",""Total HDMI Port"":""1""}",amazon
"HP 255 Notebook, AMD Athlon Silver 7120U,8GB DDR4, 256GB SSD, 15.6-inch(39.6cm),",HP,Laptops,38890,44990,14,4,265,https://m.media-amazon.com/images/I/71rw7cd14mL._AC_UL500_.jpg,https://www.amazon.in/HP-Notebook-15-6-inch-Anti-Glare-Graphics/dp/B0DV984J97/ref=sr_1_22?dib=eyJ2IjoiMSJ9.PjYdFJh5rHDJBMNfPsAmuaPQdvrbkDmfmoI8W6gVWOqu549JkGsLX3vOLqoi7J5DhSZ_o4yNm6uO8loUUucdvV2XbtPduMQbL3aIeFyaJF6VRVyEB4585PuRudDx7kHKOWVM5GSJsb9LNd-uEtpwuP_5XCxrcfbwf3qbO95O8GsQl5bK6ghRy18f__CQmv0rZ4WCpUokGnRUqWRVzf_0Pebu4-cu0Zl9Dmt5BDHVl6I.9w-ApV5RSkE_a7zlp9ggqIMekLHmBFpSTWsOaleycy4&dib_tag=se&keywords=laptops&qid=1779560119,"Processor - AMD Athlon Silver 7120U (up to 3.5 GHz max boost clock, 2 MB L3 cache, 2 cores, 2 threads) ; Memory - 8 GB DDR4-3200 MT/s (onboard); Storage - 256 GB PCIe NVMe M.2 SSD | Display and Graphics - 39.6 cm (15.6"") diagonal, HD (1366 x 768), narrow bezel, anti-glare, 250 nits, 45% NTSC; Graphics -AMD Radeon 610M Graphics | Operating System & Preinstalled Software: Windows 11 Home | Ports - 1 USB Type-C 5Gbps signaling rate; 2 USB Type-A 5Gbps signaling rate; 1 AC power; 1 HDMI 1.4b; 1 stereo headphone/microphone combo jack | Other Features: Webcam:720p HD camera|Networking: Realtek Wi-Fi","{""Processor"":""AMD Athlon Silver 7120U"",""Weight"":""1.52 kg"",""Colour"":""Silver"",""Hard Drive Size"":""256 GB"",""Operating System"":""Windows 11 Home"",""Other Special Features of the Product"":""Anti Glare Coating"",""Graphics Description"":""Integrated"",""Graphics Co Processor"":""AMD Radeon 610M Graphics"",""Hard Disk Description"":""SSD"",""Item Weight"":""1.52 Kilograms"",""Video Processor"":""AMD"",""Specific Uses For Product"":""Business"",""Webcam Capability"":""Yes"",""Automatic Backup Software Included"":""yes"",""Form Factor"":""Clamshell"",""Hard Drive Interface"":""USB"",""Graphics Ram Type"":""DDR4 SDRAM"",""Compatible Devices"":""External displays, keyboards, mice, storage devices, printers, and other accessories with USB, HDMI, or wireless connectivity options"",""Warranty Type"":""Limited"",""Item Dimensions L x W x Thickness"":""23.6L x 36W x 1.9Th Centimeters"",""Video Output"":""HDMI"",""Screen Size"":""39.6 Centimetres"",""Scanner Resolution"":""1366 x 768"",""Native Resolution"":""1366 x 768 pixels"",""Display Type"":""LCD"",""Maximum Display Resolution"":""1366 x 768 Pixels"",""Display Technology"":""LCD"",""Screen Finish Type"":""Glossy"",""Network Connectivity Technology"":""Bluetooth, Ethernet, HDMI, USB, Wi-Fi"",""Wireless Technology"":""Wi-Fi"",""Computer Wireless Type"":""802.11ax"",""Cellular Technology"":""5G"",""Bluetooth support?"":""Yes"",""Wi-Fi Generation"":""Wi-Fi 6"",""Total USB Ports"":""3"",""Hardware Interface"":""USB"",""Number Of Ports"":""6"",""Total HDMI Port"":""1"",""Audio Output Type"":""Speakers"",""Processor Type"":""Others"",""Processor Speed"":""3.5 GHz"",""Processor Count"":""1"",""Processor Brand"":""AMD"",""CPU Model Number"":""7120U"",""CPU Model Generation"":""AMD Athlon Silver 3000 Series"",""CPU Model Speed Maximum"":""3.5 GHz"",""Brand Name"":""HP"",""Model Name"":""255 G10"",""Country of Origin"":""China"",""Model Year"":""2025"",""Model Number"":""B69V0PT#ACJ"",""Box Contents"":""Laptop, charger"",""Manufacturer"":""HP, HP India"",""UPC"":""198990212425"",""Manufacturer Contact Information"":""HP India"",""Importer Contact Information"":""HP India Sales Private Limited, No. 24, Kothari Arena, Hosur Main Road, Adugodi, Bangalore, Karnataka, India, 560030"",""Unit Count"":""1 Count"",""Item Type Name"":""Laptop"",""Warranty Description"":""1 year manufacturer warranty on the device from the date of purchase. In case of any technical/product related queries, please call 1800-258-7170 or 1860-258-3079"",""Packer Contact Information"":""HP India Sales Pvt. Ltd."",""Best Sellers Rank"":""#6,201 in Computers & Accessories (See Top 100 in Computers & Accessories) #143 in Traditional Laptops"",""ASIN"":""B0DV984J97"",""RAM Memory Installed"":""8 GB"",""RAM Memory Technology"":""DDR4"",""Ram Memory Maximum Size"":""8 GB"",""Memory Speed"":""3200 MHz"",""System RAM Type"":""DDR4 SDRAM"",""Available Memory Slots"":""yes"",""Battery Cell Type"":""Lithium Ion"",""Battery Life"":""8 Hours"",""BatteryAverage Life Standby"":""8 Hours"",""Lithium Battery Energy Content"":""41 Watt Hours"",""Human Interface Types"":""Touch Pad"",""Keyboard Description"":""Full-size with numeric keypad""}",amazon
"HP Smartchoice Victus, 13th Gen Intel Core i5-13420H, 4GB RTX 3050, 16GB",HP,Laptops,74990,81201,8,4.3,152,https://m.media-amazon.com/images/I/71wT57gW0hL._AC_UL500_.jpg,https://www.amazon.in/HP-Smartchoice-i5-13420H-Upgradeable-Office24/dp/B0F6CVT23B/ref=sr_1_24?dib=eyJ2IjoiMSJ9.PjYdFJh5rHDJBMNfPsAmuaPQdvrbkDmfmoI8W6gVWOqu549JkGsLX3vOLqoi7J5DhSZ_o4yNm6uO8loUUucdvV2XbtPduMQbL3aIeFyaJF6VRVyEB4585PuRudDx7kHKOWVM5GSJsb9LNd-uEtpwuP_5XCxrcfbwf3qbO95O8GsQl5bK6ghRy18f__CQmv0rZ4WCpUokGnRUqWRVzf_0Pebu4-cu0Zl9Dmt5BDHVl6I.9w-ApV5RSkE_a7zlp9ggqIMekLHmBFpSTWsOaleycy4&dib_tag=se&keywords=laptops&qid=1779560119,,"{""Refresh Rate"":""144 Hz"",""Processor"":""Intel Core i5"",""Display Type"":""FHD"",""Weight"":""2.29 kg"",""_inline"":""300+ bought in past month · M.R.P: · Save extra with No Cost EMISave extra with No Cost EMI · FREE delivery Mon, 25 May · Service: Device Setup""}",amazon
"Dell 15, 13th Gen Intel Core i5-1334U (16GB DDR4, 512GB SSD) Anti-Glare FHD",Dell,Laptops,62990,73163,14,3.8,537,https://m.media-amazon.com/images/I/712WiT-wexL._AC_UL500_.jpg,https://www.amazon.in/Dell-i5-1334U-Anti-Glare-Vostro-3530/dp/B0D2Y1BLDT/ref=sr_1_25?dib=eyJ2IjoiMSJ9.PjYdFJh5rHDJBMNfPsAmuaPQdvrbkDmfmoI8W6gVWOqu549JkGsLX3vOLqoi7J5DhSZ_o4yNm6uO8loUUucdvV2XbtPduMQbL3aIeFyaJF6VRVyEB4585PuRudDx7kHKOWVM5GSJsb9LNd-uEtpwuP_5XCxrcfbwf3qbO95O8GsQl5bK6ghRy18f__CQmv0rZ4WCpUokGnRUqWRVzf_0Pebu4-cu0Zl9Dmt5BDHVl6I.9w-ApV5RSkE_a7zlp9ggqIMekLHmBFpSTWsOaleycy4&dib_tag=se&keywords=laptops&qid=1779560119,"Processor: 13th Generation Intel Core i5-1334U (Up to 4.60GHz, 10 Cores, 12MB Cache) | RAM: 16 GB: 2 x 8 GB, DDR4, 2666 MT/s & Storage: 512GB SSD | Display: 15.6"" FHD WVA AG 120Hz 250 nits Narrow Border | Standard Keyboard | Software: Pre-Loaded Windows 11 Home with Lifetime Validity | MS Office Home and Student 2024 with lifetime validity| McAfee Multi Device Security 15-month subscription","{""Display"":""15.6\"""",""Processor"":""Intel Core i5"",""Display Type"":""LED"",""OS"":""Windows 11"",""Weight"":""1.66 kg"",""Colour"":""Titan Grey"",""Hard Drive Size"":""512 GB"",""Operating System"":""Windows 11 Home"",""Other Special Features of the Product"":""10 Key Numeric Pad"",""Graphics Description"":""Integrated"",""Graphics Co Processor"":""Intel UHD Graphics"",""Hard Disk Description"":""SSD"",""Item Weight"":""1620 Grams"",""Video Processor"":""Intel"",""Specific Uses For Product"":""Student"",""Webcam Capability"":""No"",""Automatic Backup Software Included"":""Microsoft Office 365"",""Form Factor"":""Standard Laptop"",""Hard Drive Interface"":""Solid State"",""Graphics Ram Type"":""Shared"",""Compatible Devices"":""Headphone, Mouse, Speaker"",""Warranty Type"":""1 Year Onsite Hardware Service"",""Item Dimensions L x W x Thickness"":""23.5L x 35.8W x 1.9Th Centimeters"",""Power Device"":""AC adapter"",""Video Output"":""HDMI"",""Screen Size"":""15.6 Inches"",""Scanner Resolution"":""1080p"",""Native Resolution"":""1920 x 1080 pixels"",""Maximum Display Resolution"":""1920 x 1080 Pixels"",""Display Technology"":""LED"",""Touch Screen Type"":""Capacitive"",""Has Color Screen"":""Yes"",""Network Connectivity Technology"":""USB"",""Wireless Technology"":""Wi-Fi"",""Computer Wireless Type"":""802.11ac"",""Bluetooth support?"":""Yes"",""Wi-Fi Generation"":""Wifi 5"",""Total USB Ports"":""3"",""Hardware Interface"":""HDMI"",""Number Of Ports"":""6"",""Total HDMI Port"":""1"",""Audio Output Type"":""Speakers"",""Microphone Form Factor"":""Integrated microphone"",""Audio Recording"":""Yes"",""Processor Type"":""Core i5"",""Processor Speed"":""4.6 GHz"",""Processor Count"":""1"",""Processor Brand"":""Intel"",""CPU Model Number"":""i5-1334U"",""CPU Model Generation"":""13th Generation"",""CPU Model Speed Maximum"":""4.6 GHz"",""Brand Name"":""Dell"",""Model Name"":""Vostro 3530"",""Country of Origin"":""China"",""Model Year"":""2024"",""Model Number"":""DC15250"",""Box Contents"":""‎‎Laptop, Battery, AC Adapter, User Guide, Manuals"",""Manufacturer"":""Dell India Pvt Ltd, Dell India Pvt Ltd"",""Manufacturer Contact Information"":""Dell India Pvt Ltd"",""Importer Contact Information"":""Dell India Pvt Ltd"",""Unit Count"":""1 Count"",""Item Type Name"":""Laptop"",""Warranty Description"":""1 Year Onsite Hardware Service"",""Packer Contact Information"":""Dell India Pvt Ltd"",""Best Sellers Rank"":""#1,407 in Computers & Accessories (See Top 100 in Computers & Accessories) #19 in Traditional Laptops"",""ASIN"":""B0D2Y1BLDT"",""RAM Memory Installed"":""16 GB"",""RAM Memory Technology"":""DDR4"",""Ram Memory Maximum Size"":""16 GB"",""Memory Speed"":""2666 MHz"",""System RAM Type"":""DDR4 SDRAM"",""Available Memory Slots"":""2"",""Battery Cell Type"":""Lithium Ion"",""Battery Life"":""7 Hours"",""Number Of Cells"":""1"",""Lithium Battery Energy Content"":""41 Watt Hours"",""Human Interface Types"":""Keyboard"",""Keyboard Description"":""Backlit"",""Notebook Pointing Device Description"":""Touchpad"",""Keyboard Layout"":""QWERTY"",""Control Method"":""Touch""}",amazon
"ASUS Vivobook 15, 13th Gen, Intel Core i3-1315U, 16GB RAM, 512GB SSD, FHD, Anti-Glare,",Vivo,Laptops,52990,60990,13,4.2,274,https://m.media-amazon.com/images/I/71OUu3JeNIL._AC_UL500_.jpg,https://www.amazon.in/ASUS-Vivobook-i3-1315U-Anti-Glare-X1504VA-BQ342WS/dp/B0G4QP6FXJ/ref=sr_1_26?dib=eyJ2IjoiMSJ9.PjYdFJh5rHDJBMNfPsAmuaPQdvrbkDmfmoI8W6gVWOqu549JkGsLX3vOLqoi7J5DhSZ_o4yNm6uO8loUUucdvV2XbtPduMQbL3aIeFyaJF6VRVyEB4585PuRudDx7kHKOWVM5GSJsb9LNd-uEtpwuP_5XCxrcfbwf3qbO95O8GsQl5bK6ghRy18f__CQmv0rZ4WCpUokGnRUqWRVzf_0Pebu4-cu0Zl9Dmt5BDHVl6I.9w-ApV5RSkE_a7zlp9ggqIMekLHmBFpSTWsOaleycy4&dib_tag=se&keywords=laptops&qid=1779560119,"Processor, Memory & Storage : Intel Core i3-1315U Processor 1.2 GHz (10MB Cache, up to 4.5 GHz, 6 cores, 8 Threads) | Memory : DDR4 16GB RAM | Storage : 512GB M.2 NVMe PCIe 4.0 SSD | Operating System & Software : Windows 11 Home | Software : Microsoft 365 Basic with 100GB Cloud Storage for 1 Year + Office Home 2024 with lifetime validity, McAfee 1 year | Display & Graphics : 15.6-inch, FHD (1920 x 1080) 16:9 aspect ratio, 60Hz refresh rate, 250nits Brightness, 45% NTSC color gamut, Anti-glare display, 84% Screen-to-body ratio | Graphics : Intergrated Intel UHD Graphics | Ports & Connectivity :","{""RAM"":""16 GB"",""Display"":""15.6\"""",""Processor"":""Intel Core i3"",""Display Type"":""LED"",""OS"":""Windows 11"",""Weight"":""1.70 kg"",""Colour"":""Quiet Blue"",""Hard Drive Size"":""512 GB"",""Operating System"":""Windows 11 Home"",""Other Special Features of the Product"":""250nits Brightness, 45% NTSC color gamut, 60Hz refresh rate, Anti-glare display"",""Graphics Description"":""Integrated"",""Hard Disk Description"":""SSD"",""Item Weight"":""1.7 Kilograms"",""Video Processor"":""Intel"",""Specific Uses For Product"":""Business, Entertainment, Student"",""Webcam Capability"":""Yes"",""Form Factor"":""Clamshell"",""Graphics Ram Type"":""Shared"",""Compatible Devices"":""External displays, mice, keyboards, storage devices, printers, and other accessories that use USB, HDMI, or wireless connectivity options."",""Warranty Type"":""On Site"",""Item Dimensions L x W x Thickness"":""36L x 23.3W x 1.8Th Centimeters"",""Video Output"":""HDMI"",""Screen Size"":""15.6 Inches"",""Scanner Resolution"":""1080p"",""Native Resolution"":""1920 x 1080 pixels"",""Maximum Display Resolution"":""1920 x 1080"",""Display Technology"":""LED"",""RAM Memory Installed"":""16 GB"",""RAM Memory Technology"":""DDR4"",""Ram Memory Maximum Size"":""16 GB"",""System RAM Type"":""DDR4 SDRAM"",""Battery Cell Type"":""Lithium Ion"",""Lithium Battery Energy Content"":""42 Watt Hours"",""Human Interface Types"":""Touch Pad"",""Keyboard Description"":""Backlit"",""Processor Type"":""Core i3"",""Processor Speed"":""1.2 GHz"",""Processor Count"":""8"",""Processor Brand"":""Intel"",""CPU Model Number"":""Intel® Core™ i3-1315U Processor"",""CPU Model Generation"":""13th Gen"",""CPU Model Speed Maximum"":""4.5 GHz"",""Brand Name"":""ASUS"",""Model Name"":""ASUS Vivobook 15"",""Model Year"":""2025"",""Model Number"":""X1504VA-BQ342WS"",""Box Contents"":""Laptop, Power Adaptor, User Guide, Warranty Documents"",""Manufacturer"":""ASUS, DIGITEK (CHONGQING) Limited, B01 SEC C Airport Function Zone Lianglu Cuntan Free Trade Port Area, Yubei District, China"",""Manufacturer Contact Information"":""DIGITEK (CHONGQING) Limited, B01 SEC C Airport Function Zone Lianglu Cuntan Free Trade Port Area, Yubei District, China"",""Importer Contact Information"":""ASUS INDIA PRIVATE LIMITED, 402, Supreme chambers, 17/18, Shah Industrial Estate, Veera Desai Road, Andheri (West), Mumbai 400053, India"",""Unit Count"":""1 Count"",""Item Type Name"":""Laptop"",""Packer Contact Information"":""DIGITEK (CHONGQING) Limited, B01 SEC C Airport Function Zone Lianglu Cuntan Free Trade Port Area, Yubei District, China"",""Best Sellers Rank"":""#1,751 in Computers & Accessories (See Top 100 in Computers & Accessories) #32 in Traditional Laptops"",""ASIN"":""B0G4QP6FXJ"",""Network Connectivity Technology"":""Wi-Fi 6E, Bluetooth 5.3"",""Computer Wireless Type"":""802.11ax, Bluetooth"",""Bluetooth support?"":""Yes"",""Total USB Ports"":""4"",""Number Of Ports"":""7"",""Audio Recording"":""Yes"",""Warranty Description"":""This genuine ASUS laptop comes with 1 year Global Warranty and Onsite Domestic Warranty from ASUS covering manufacturing defects & not covering physical damage. Register on brand website to activate warranty. For product related queries contact the brand at contact_us on: [ 18002090365 ] or Email us at : rc_india@asus.com""}",amazon
"Dell G15, 13th Gen Intel Core i5-13450HX Processor, NVIDIA RTX 3050-6GB, (16GB RAM 1TB",Dell,Laptops,80490,105398,24,4,1494,https://m.media-amazon.com/images/I/61ko2a0owDL._AC_UL500_.jpg,https://www.amazon.in/Dell-Smartchoice-G15-5530-Gaming-i5-13450HX/dp/B0CRKXDX83/ref=sr_1_29?dib=eyJ2IjoiMSJ9.PjYdFJh5rHDJBMNfPsAmuaPQdvrbkDmfmoI8W6gVWOqu549JkGsLX3vOLqoi7J5DhSZ_o4yNm6uO8loUUucdvV2XbtPduMQbL3aIeFyaJF6VRVyEB4585PuRudDx7kHKOWVM5GSJsb9LNd-uEtpwuP_5XCxrcfbwf3qbO95O8GsQl5bK6ghRy18f__CQmv0rZ4WCpUokGnRUqWRVzf_0Pebu4-cu0Zl9Dmt5BDHVl6I.9w-ApV5RSkE_a7zlp9ggqIMekLHmBFpSTWsOaleycy4&dib_tag=se&keywords=laptops&qid=1779560119,"SMOOTH VISUALS: Experience immersive gaming with the 15.6-inch FHD display and 120Hz refresh rate | POWERFUL PERFORMANCE: Run demanding games with ease with the 13th Gen Intel Core i5-13450HX processor | ADVANCED GRAPHICS: Enjoy superior visuals with the NVIDIA GeForce RTX 3050 GPU and 6 GB GDDR6 memory | FAST STORAGE: Store and access your files quickly with the 1 TB M2 PCIe NVMe SSD | PERFORMANCE-BUILT DESIGN: Weighing 2.65 kg, this laptop is engineered to deliver high performance in a durable, high-capacity form factor","{""RAM"":""16 GB"",""Display"":""15.6\"""",""Processor"":""Intel Core i5"",""Display Type"":""LED"",""Weight"":""2.65 kg"",""Colour"":""Dark Shadow Gray - RTX 3050 6GB"",""Hard Drive Size"":""1 TB"",""Operating System"":""Windows 11 Home"",""Other Special Features of the Product"":""Backlit Keyboard"",""Graphics Description"":""Dedicated"",""Graphics Co Processor"":""NVIDIA GeForce RTX 3050, 6 GB GDDR6"",""Hard Disk Description"":""SSD"",""Item Weight"":""2600 Grams"",""Video Processor"":""NVIDIA"",""Specific Uses For Product"":""Gaming"",""Webcam Capability"":""Yes"",""Graphics RAM Size"":""6 GB"",""Automatic Backup Software Included"":""MS Office H&S 2021, McAfee"",""Form Factor"":""Gaming"",""Hard Drive Interface"":""Solid State"",""Voltage"":""110 Volts"",""Graphics Ram Type"":""GDDR6"",""Compatible Devices"":""Laptop"",""Warranty Type"":""1 Year Basic Onsite Service after remote diagnosis with Hardware-Only Support"",""Item Dimensions L x W x Thickness"":""27.4L x 35.7W x 2.7Th Centimeters"",""Chipset Type"":""Intel"",""Optical Device Type"":""No Optical Device"",""Video Output"":""HDMI 2.1"",""Screen Size"":""15.6 Inches"",""Scanner Resolution"":""1080p"",""Native Resolution"":""1920 x 1080 pixels"",""Maximum Display Resolution"":""1920 x 1080"",""Display Technology"":""LED"",""Touch Screen Type"":""False"",""Has Color Screen"":""Yes"",""Network Connectivity Technology"":""HDMI, USB"",""Wireless Technology"":""Bluetooth, Wi-Fi"",""Computer Wireless Type"":""Bluetooth"",""Bluetooth support?"":""Yes"",""Total USB Ports"":""4"",""Hardware Interface"":""Ethernet"",""Number Of Ports"":""7"",""Total HDMI Port"":""1"",""Audio Output Type"":""Headphones"",""Microphone Form Factor"":""Built-in"",""Audio Recording"":""Yes"",""Processor Type"":""Core i5"",""Processor Speed"":""4.6 GHz"",""Processor Count"":""1"",""Processor Brand"":""Intel"",""CPU Model Number"":""i5-13450HX"",""CPU Model Generation"":""13th Generation"",""CPU Model Speed Maximum"":""4.6 GHz"",""CPU L1 Cache"":""20 MB"",""CPU L3 Cache"":""20 MB"",""CPU Codename"":""Raptor Lake"",""Brand Name"":""Dell"",""Model Name"":""Dell Laptop"",""Country of Origin"":""China"",""Model Year"":""2024"",""Model Number"":""New Dell Gaming G15"",""Box Contents"":""‎‎User Manual, Laptop, Charger & Adapter"",""Manufacturer"":""DELL, Dell India Pvt Ltd"",""Manufacturer Contact Information"":""DELL"",""Importer Contact Information"":""Dell India Pvt Ltd"",""Unit Count"":""1 Piece"",""Item Type Name"":""Laptop"",""Warranty Description"":""1 Year Basic Onsite Service after remote diagnosis with Hardware-Only Support"",""Packer Contact Information"":""Dell India Pvt Ltd"",""Best Sellers Rank"":""#1,924 in Computers & Accessories (See Top 100 in Computers & Accessories) #38 in Traditional Laptops"",""ASIN"":""B0CRKXDX83"",""RAM Memory Installed"":""16 GB"",""RAM Memory Technology"":""DDR5"",""Memory Clock Speed"":""4800 MHz"",""Ram Memory Maximum Size"":""32 GB"",""Memory Speed"":""4800 MHz"",""System RAM Type"":""DDR5 RAM"",""Available Memory Slots"":""2"",""Battery Cell Type"":""Lithium Ion"",""Battery Life"":""7 Hours"",""Lithium Battery Energy Content"":""56 Watt Hours"",""Human Interface Types"":""Keyboard, Microphone, Numeric Keypad"",""Keyboard Description"":""Backlit"",""Notebook Pointing Device Description"":""Touchpad (size and other specifics not mentioned in the product details)"",""Keyboard Layout"":""QWERTY""}",amazon
Acer Aspire 3 Laptop Intel Core Celeron N4500 Processor Laptop (8 GB LPDDR4X SDRAM/256 GB,Acer,Laptops,36990,39999,8,3.6,445,https://m.media-amazon.com/images/I/41bdNUDc8pL._AC_UL500_.jpg,https://www.amazon.in/Acer-Celeron-Processor-LPDDR4X-A325-45/dp/B0D7PTFFZH/ref=sr_1_30?dib=eyJ2IjoiMSJ9.PjYdFJh5rHDJBMNfPsAmuaPQdvrbkDmfmoI8W6gVWOqu549JkGsLX3vOLqoi7J5DhSZ_o4yNm6uO8loUUucdvV2XbtPduMQbL3aIeFyaJF6VRVyEB4585PuRudDx7kHKOWVM5GSJsb9LNd-uEtpwuP_5XCxrcfbwf3qbO95O8GsQl5bK6ghRy18f__CQmv0rZ4WCpUokGnRUqWRVzf_0Pebu4-cu0Zl9Dmt5BDHVl6I.9w-ApV5RSkE_a7zlp9ggqIMekLHmBFpSTWsOaleycy4&dib_tag=se&keywords=laptops&qid=1779560119,"Processor : Whether you're at home, school, or work, get all the performance you need with the latest Intel Celeron N4500 Processor @ 1.10GHz ( 2 Cores, 4M Cache, up to 2.80 GHz); maintaining order and keeping your apps running consistently and smoothly. | Performance : 8GB LPDDR4X RAM for full-power multitasking; 256GB SSD; Thisthin and light laptop offers a good experience for watching videos, browsing the web, remote work, or study from home. | Display : 15.6-inch HD 1366 x 768 resolution display keeps images and videos stunning while the narrow border offers-up more viewable space. To prot","{""Display"":""15.6\"""",""Processor"":""Intel Core Celeron N4500 Processor Lapto"",""Weight"":""1.5 kg"",""Colour"":""Silver"",""Hard Drive Size"":""256 GB"",""Operating System"":""Windows 11 Home"",""Other Special Features of the Product"":""Thin"",""Graphics Description"":""Integrated"",""Graphics Co Processor"":""â€ŽCeleron N4500"",""Hard Disk Description"":""SSD"",""Item Weight"":""1.5 Grams"",""Video Processor"":""Intel"",""Specific Uses For Product"":""Student"",""Webcam Capability"":""Yes"",""Automatic Backup Software Included"":""Webcam"",""Form Factor"":""Clamshell"",""Hard Drive Interface"":""Ethernet"",""Graphics Ram Type"":""SDRAM"",""Compatible Devices"":""smartphone"",""Warranty Type"":""Limited"",""Item Dimensions L x W x Thickness"":""22.8L x 35.7W x 1.8Th Centimeters"",""Chipset Type"":""intel"",""Video Output"":""HDMI, Type-C"",""Screen Size"":""15.6 Inches"",""Scanner Resolution"":""1366 x 768"",""Native Resolution"":""1366 x 768 pixels"",""Display Type"":""LED"",""Maximum Display Resolution"":""1366 x 768 Pixels"",""Display Technology"":""LCD"",""Network Connectivity Technology"":""Wi-Fi"",""Wireless Technology"":""Wi-Fi"",""Computer Wireless Type"":""802.11ac"",""Bluetooth support?"":""No"",""Wi-Fi Generation"":""Wifi 5"",""Total USB Ports"":""3"",""Hardware Interface"":""USB"",""Number Of Ports"":""7"",""Total HDMI Port"":""1"",""Audio Output Type"":""Speakers"",""Processor Type"":""Celeron N"",""Processor Speed"":""1.1 GHz"",""Processor Count"":""1"",""Processor Brand"":""Intel"",""CPU Model Number"":""N4500"",""CPU Model Generation"":""10th Generation"",""CPU Model Speed Maximum"":""1.1 GHz"",""Brand Name"":""Acer"",""Model Name"":""Aspire 3"",""Model Year"":""2024"",""Model Number"":""A325-45"",""Box Contents"":""1U (contains Laptop 1N, Power cord 1N, Adapter 1N, User Manual 1N)"",""Manufacturer"":""ACER INDIA (PRIVATE) LTD, R.S. no 38/2, Sederapet Village,Villianur Commune,Puducherry-605111, Acer"",""Manufacturer Contact Information"":""ACER INDIA (PRIVATE) LTD, R.S. no 38/2, Sederapet Village,Villianur Commune,Puducherry-605111"",""Importer Contact Information"":""ACER INDIA PRIVATE LIMITED Embassy Heights, 6th Floor, No. 13 Magrath Road, Next to HOSMAT Hospital, Bangalore, INDIA – 560025"",""Unit Count"":""1.0 Count"",""Item Type Name"":""Laptop"",""Warranty Description"":""1 Year Warranty"",""Packer Contact Information"":""ACER INDIA (PRIVATE) LTD, R.S. no 38/2, Sederapet Village,Villianur Commune,Puducherry-605111"",""Best Sellers Rank"":""#2,700 in Computers & Accessories (See Top 100 in Computers & Accessories) #53 in Traditional Laptops"",""ASIN"":""B0D7PTFFZH"",""RAM Memory Installed"":""8 GB"",""RAM Memory Technology"":""LPDDR4X"",""Ram Memory Maximum Size"":""8 GB"",""Memory Speed"":""1.1 GHz"",""System RAM Type"":""DDR4 SDRAM"",""Available Memory Slots"":""yes"",""Battery Cell Type"":""Lithium Ion"",""Lithium Battery Energy Content"":""38 Watt Hours"",""Human Interface Types"":""Touch Pad"",""Keyboard Description"":""Chiclet"",""Keyboard Layout"":""QWERTY"",""Control Method"":""Remote""}",amazon
"Lenovo IdeaPad Slim 3 13th Gen Intel Core i5-13420H 15.3""(38.8cm) WUXGA IPS Laptop(16GB",Lenovo,Laptops,66360,92990,29,4.2,93,https://m.media-amazon.com/images/I/71Q6JmLZE7L._AC_UL500_.jpg,https://www.amazon.in/Lenovo-IdeaPad-i5-13420H-Backlit-83K100CGIN/dp/B0F637DPFW/ref=sr_1_33?dib=eyJ2IjoiMSJ9.PjYdFJh5rHDJBMNfPsAmuaPQdvrbkDmfmoI8W6gVWOqu549JkGsLX3vOLqoi7J5DhSZ_o4yNm6uO8loUUucdvV2XbtPduMQbL3aIeFyaJF6VRVyEB4585PuRudDx7kHKOWVM5GSJsb9LNd-uEtpwuP_5XCxrcfbwf3qbO95O8GsQl5bK6ghRy18f__CQmv0rZ4WCpUokGnRUqWRVzf_0Pebu4-cu0Zl9Dmt5BDHVl6I.9w-ApV5RSkE_a7zlp9ggqIMekLHmBFpSTWsOaleycy4&dib_tag=se&keywords=laptops&qid=1779560119,,"{""RAM"":""16 GB"",""Display"":""15.3\"""",""Processor"":""Intel Core i5"",""Weight"":""1.6 kg"",""_inline"":""M.R.P: · FREE delivery Wed, 27 MayOr fastest delivery Tue, 26 May · Only 2 left in stock. · Service: Device Setup""}",amazon
"HP Victus, AMD Ryzen 7 7445HS, 4GB RTX 2050, 16GB DDR5(Upgradeable) 512GB SSD, FHD,",HP,Laptops,65990,80595.83,18,3.9,16,https://m.media-amazon.com/images/I/71EyWp8nvUL._AC_UL500_.jpg,https://www.amazon.in/HP-Upgradeable-Office24-fb3189ax-Backlit/dp/B0FQWH1TT3/ref=sr_1_34?dib=eyJ2IjoiMSJ9.PjYdFJh5rHDJBMNfPsAmuaPQdvrbkDmfmoI8W6gVWOqu549JkGsLX3vOLqoi7J5DhSZ_o4yNm6uO8loUUucdvV2XbtPduMQbL3aIeFyaJF6VRVyEB4585PuRudDx7kHKOWVM5GSJsb9LNd-uEtpwuP_5XCxrcfbwf3qbO95O8GsQl5bK6ghRy18f__CQmv0rZ4WCpUokGnRUqWRVzf_0Pebu4-cu0Zl9Dmt5BDHVl6I.9w-ApV5RSkE_a7zlp9ggqIMekLHmBFpSTWsOaleycy4&dib_tag=se&keywords=laptops&qid=1779560119,,"{""Refresh Rate"":""144 Hz"",""Processor"":""AMD Ryzen 7 7445HS"",""Display Type"":""FHD"",""Weight"":""2.29 kg"",""_inline"":""100+ bought in past month · M.R.P: · FREE delivery Mon, 25 May · Service: Device Setup""}",amazon
"HP Smartchoice Victus, 13th Gen Intel Core i7-13620H, 8GB RTX 5060, 24GB",HP,Laptops,125990,135620.06,7,4.7,19,https://m.media-amazon.com/images/I/71ZDvI4yXAL._AC_UL500_.jpg,https://www.amazon.in/HP-i7-13620H-Upgradeable-300nits-fa2308TX/dp/B0FMYJK33B/ref=sr_1_35?dib=eyJ2IjoiMSJ9.PjYdFJh5rHDJBMNfPsAmuaPQdvrbkDmfmoI8W6gVWOqu549JkGsLX3vOLqoi7J5DhSZ_o4yNm6uO8loUUucdvV2XbtPduMQbL3aIeFyaJF6VRVyEB4585PuRudDx7kHKOWVM5GSJsb9LNd-uEtpwuP_5XCxrcfbwf3qbO95O8GsQl5bK6ghRy18f__CQmv0rZ4WCpUokGnRUqWRVzf_0Pebu4-cu0Zl9Dmt5BDHVl6I.9w-ApV5RSkE_a7zlp9ggqIMekLHmBFpSTWsOaleycy4&dib_tag=se&keywords=laptops&qid=1779560119,,"{""Display"":""15.6\"""",""Refresh Rate"":""144 Hz"",""Processor"":""Intel Core i7"",""Display Type"":""FHD"",""Weight"":""2.29 kg"",""_inline"":""50+ bought in past month · M.R.P: · Save extra with No Cost EMISave extra with No Cost EMI · FREE delivery Mon, 25 May · Service: Device Setup""}",amazon
"HP 15 Smartchoice, 13th Gen Intel Core i3-1315U (12GB DDR4, 512GB SSD) FHD, Anti-Glare,",HP,Laptops,52690,52720.16,0,4.2,535,https://m.media-amazon.com/images/I/71FXHAM+jWL._AC_UL500_.jpg,https://www.amazon.in/HP-i3-1315U-Anti-Glare-Micro-Edge-fd0573TU/dp/B0F4R3GFMQ/ref=sr_1_36?dib=eyJ2IjoiMSJ9.PjYdFJh5rHDJBMNfPsAmuaPQdvrbkDmfmoI8W6gVWOqu549JkGsLX3vOLqoi7J5DhSZ_o4yNm6uO8loUUucdvV2XbtPduMQbL3aIeFyaJF6VRVyEB4585PuRudDx7kHKOWVM5GSJsb9LNd-uEtpwuP_5XCxrcfbwf3qbO95O8GsQl5bK6ghRy18f__CQmv0rZ4WCpUokGnRUqWRVzf_0Pebu4-cu0Zl9Dmt5BDHVl6I.9w-ApV5RSkE_a7zlp9ggqIMekLHmBFpSTWsOaleycy4&dib_tag=se&keywords=laptops&qid=1779560119,"Processor, Memory & Storage: Intel Core i3-1315U (up to 4.5 GHz with Intel Turbo Boost Technology 10 MB L3 cache, 6 cores, 8 threads)| Memory: 12 GB DDR4-3200 MT/s (1 x 8 GB)| Storage: 512 GB PCIe Gen4 NVMe M.2 SSD | Operating System & Preinstalled Software: Windows 11 Home Single Language | MS Office Home 2024 |1 year Microsoft 365 Basic Free| | Display & Graphics: 15.6"" diagonal, FHD (1920 x 1080), micro-edge, anti-glare, 250 nits, 45% NTSC| Graphics: Intel UHD Graphics | Ports & Connectivity :1 USB Type-C 5Gbps signaling rate (supports data transfer only and does not support charging or ext","{""Processor"":""Intel Core i3"",""Display Type"":""LED"",""Weight"":""1.59 kg"",""Colour"":""Natural Silver"",""Hard Drive Size"":""512 GB"",""Operating System"":""Windows 11 Home"",""Other Special Features of the Product"":""Anti Glare Coating"",""Graphics Description"":""Integrated"",""Graphics Co Processor"":""Intel UHD Graphics"",""Hard Disk Description"":""SSD"",""Item Weight"":""1.59 Kilograms"",""Video Processor"":""Intel"",""Specific Uses For Product"":""Business, Student"",""Webcam Capability"":""Yes"",""Automatic Backup Software Included"":""yes"",""Form Factor"":""Netbook"",""Hard Drive Interface"":""USB"",""Graphics Ram Type"":""VRAM"",""Compatible Devices"":""Keyboards"",""Warranty Type"":""Limited"",""Item Dimensions L x W x Thickness"":""23.6L x 36W x 1.9Th Centimeters"",""Optical Device Type"":""No"",""Video Output"":""HDMI"",""Screen Size"":""39.6 Centimetres"",""Scanner Resolution"":""1920x1080 pixels"",""Native Resolution"":""1920 x 1080 pixels"",""Maximum Display Resolution"":""1920 x 1080 Pixels"",""Display Technology"":""FHD"",""Network Connectivity Technology"":""Bluetooth, USB, Wi-Fi"",""Wireless Technology"":""Wi-Fi"",""Computer Wireless Type"":""Bluetooth"",""Bluetooth support?"":""Yes"",""Wi-Fi Generation"":""Wi-Fi 6"",""Battery Cell Type"":""Lithium Ion"",""Battery Life"":""7.45 Hours"",""Lithium Battery Energy Content"":""41 Watt Hours"",""Human Interface Types"":""Keyboard"",""Keyboard Description"":""Numeric"",""Processor Type"":""Core i3 Family"",""Processor Speed"":""4.5 GHz"",""Processor Count"":""1"",""Processor Brand"":""Intel"",""CPU Model Number"":""i3-1315U"",""CPU Model Generation"":""13th Generation"",""CPU Model Speed Maximum"":""4.5 GHz"",""Brand Name"":""HP"",""Model Name"":""HP Laptop"",""Country of Origin"":""China"",""Model Year"":""2025"",""Model Number"":""fd0573TU"",""Box Contents"":""Laptop, Power Adapter, User manual"",""Manufacturer"":""HP, HP India Sales Pvt. Ltd."",""UPC"":""199251084355"",""Manufacturer Contact Information"":""HP India Sales Pvt. Ltd."",""Importer Contact Information"":""HP India Sales Private Limited, No. 24, Kothari Arena, Hosur Main Road, Adugodi, Bangalore, Karnataka, India, 560030"",""Unit Count"":""1 Count"",""Item Type Name"":""Laptop"",""Warranty Description"":""1 year manufacturer warranty on the device from the date of purchase. In case of any technical/product related queries, please call 1800-258-7170 or 1860-258-3079"",""Packer Contact Information"":""HP India Sales Pvt. Ltd."",""Best Sellers Rank"":""#1,621 in Computers & Accessories (See Top 100 in Computers & Accessories) #28 in Traditional Laptops"",""ASIN"":""B0F4R3GFMQ"",""RAM Memory Installed"":""12 GB"",""RAM Memory Technology"":""DDR4"",""Ram Memory Maximum Size"":""12 GB"",""Memory Speed"":""1600 MHz"",""System RAM Type"":""DDR4 SDRAM"",""Available Memory Slots"":""Yes"",""Total USB Ports"":""3"",""Hardware Interface"":""USB"",""Number Of Ports"":""5"",""Total HDMI Port"":""1"",""Speaker Description"":""Dual speakers""}",amazon
"Wireless Bluetooth Headphones with Deep Bass Sound, Foldable Design, Comfortable",Wireless,Headphones,299,999,70,3.1,5,https://m.media-amazon.com/images/I/71GYkqELJsL._AC_UL500_.jpg,https://www.amazon.in/BfsTeckt-Bluetooth-Headphones-Comfortable-Cushioned/dp/B0GXDP9V8C/ref=sr_1_3?dib=eyJ2IjoiMSJ9.3FG0hAQj11YeQa2gJFqEeh0bv34p9YTLymVS6fQuYUmMt_sW2rs51nIU-HkOMHGWYj6tO7V4jtv6AdL0MhGE3wVfGm1QTQi7dzMcpItvVpSVGFZLNHS4898qfVbHcEXVu1qZMHR32eNRDFgaKEHDrWbLqmxE_leluKZqzgzcKpUwIzaMAC9I5I4rzj1ARWv0XMiHzAx5p5AbIY8y7frq2tJm6eptwyG8zDmhh6GgrPo.IW2lGCARsam8S3VhCbt9FLiDYfB8entEP9-RIxnGiy8&dib_tag=se&keywords=wireless+headphones&qid=1779560129&sr=8-3,,"{""_inline"":""M.R.P: · FREE delivery Thu, 28 May""}",amazon
"pTron Studio Evo 70hrs Playtime Wireless Over Ear Headphones w/HD Mic, Dual Device",pTron,Headphones,798,3199,75,4.1,1700,https://m.media-amazon.com/images/I/51+Zl86jLkL._AC_UL500_.jpg,https://www.amazon.in/pTron-Studio-Headphones-Low-Latency-Assistant/dp/B0FGTZ19JS/ref=sr_1_4?dib=eyJ2IjoiMSJ9.3FG0hAQj11YeQa2gJFqEeh0bv34p9YTLymVS6fQuYUmMt_sW2rs51nIU-HkOMHGWYj6tO7V4jtv6AdL0MhGE3wVfGm1QTQi7dzMcpItvVpSVGFZLNHS4898qfVbHcEXVu1qZMHR32eNRDFgaKEHDrWbLqmxE_leluKZqzgzcKpUwIzaMAC9I5I4rzj1ARWv0XMiHzAx5p5AbIY8y7frq2tJm6eptwyG8zDmhh6GgrPo.IW2lGCARsam8S3VhCbt9FLiDYfB8entEP9-RIxnGiy8&dib_tag=se&keywords=wireless+headphones&qid=1779560129&sr=8-4,,"{""_inline"":""2K+ bought in past month · M.R.P: · FREE delivery Wed, 27 MayOr fastest delivery Tomorrow 7:59 am - 10:00 am""}",amazon
"Zebronics Thunder (2026 Upgrade) Wireless Headphones, BT v6.0, True 60 hrs Playback, 40mm",Zebronics,Headphones,799,1199,33,3.8,79396,https://m.media-amazon.com/images/I/61qArVOtW3L._AC_UL500_.jpg,https://www.amazon.in/ZEBRONICS-Bluetooth-Headphones-assistant-Comfortable/dp/B07L8KNP5F/ref=sr_1_5?dib=eyJ2IjoiMSJ9.3FG0hAQj11YeQa2gJFqEeh0bv34p9YTLymVS6fQuYUmMt_sW2rs51nIU-HkOMHGWYj6tO7V4jtv6AdL0MhGE3wVfGm1QTQi7dzMcpItvVpSVGFZLNHS4898qfVbHcEXVu1qZMHR32eNRDFgaKEHDrWbLqmxE_leluKZqzgzcKpUwIzaMAC9I5I4rzj1ARWv0XMiHzAx5p5AbIY8y7frq2tJm6eptwyG8zDmhh6GgrPo.IW2lGCARsam8S3VhCbt9FLiDYfB8entEP9-RIxnGiy8&dib_tag=se&keywords=wireless+headphones&qid=1779560129&sr=8-5,"LONG PLAYBACK: Enjoy up to 60hrs* of wireless entertainment on a single charge for uninterrupted music, gaming, and calls. | RAPID CHARGING: Get up to 7hrs* of usage with just a 10-minute charge, ensuring quick power when needed. | POWERFUL AUDIO: Equipped with 40mm drivers that deliver immersive sound with clear vocals and enhanced bass performance. | ENC CALLING: Environmental Noise Cancellation helps reduce surrounding noise for clearer voice calls and communication. | LOW LATENCY GAMING: Gaming mode minimizes audio delay for a more synchronized and responsive gaming experience.","{""Brand Name"":""ZEBRONICS"",""Model Number"":""ZEB"",""Model Name"":""ZEB"",""Box Contents"":""AUX Cable - 1 Unit, Cable, Headphone - 1 unit, QR code guide"",""Age Range Description"":""Adult"",""Country of Origin"":""India"",""Warranty Description"":""1 year carry into service center"",""Customer Package Type"":""Standard Packaging"",""Manufacturer"":""AJZ Industries Pvt. Ltd, AJZ Industries Pvt. Ltd., Survey No. 508/2, 200 ft. Inner Ring Road, Madhavaram, Chennai, Tamil Nadu - 600060"",""Manufacturer Contact Information"":""AJZ Industries Pvt. Ltd., Survey No. 508/2, 200 ft. Inner Ring Road, Madhavaram, Chennai, Tamil Nadu - 600060"",""Item Type Name"":""ELECTRONICS"",""Importer Contact Information"":""AJZ Industries Pvt. Ltd., Survey No. 508/2, 200 ft. Inner Ring Road, Madhavaram, Chennai, Tamil Nadu - 600060"",""Packer Contact Information"":""Zebronics India Pvt. Ltd. No.13/7, Smith Road, Royapettah, Chennai - 600 003"",""Is Autographed"":""No"",""Best Sellers Rank"":""#125 in Electronics (See Top 100 in Electronics) #1 in On-Ear Headphones"",""ASIN"":""B07L8KNP5F"",""Headphones Ear Placement"":""Over Ear"",""Headphone Form Factor"":""On Ear"",""Earpiece Shape"":""rounded"",""Control Type"":""Call Control, Touch Control, Volume Control"",""Control Method"":""Push Button"",""Controller Type"":""Not Available"",""Battery Charge Time"":""1.5 Hours"",""Battery Average Life"":""60 Hours"",""Impedance Unit of Measure"":""32 Ohms"",""Noise Control"":""Environmental Noise Cancellation"",""Frequency Response"":""20000 Hz"",""Sensitivity"":""116 dB"",""Audio Driver Type"":""Dynamic Driver"",""Audio Driver Size"":""40 Millimetres"",""Frequency Range"":""0.04kHz - 20kHz"",""Enclosure Material"":""Plastic"",""Specific Uses For Product"":""Music"",""Antenna Location"":""Entertainment, Calling, Gaming, Outdoor, Recording, Exercising, Running, Audio Monitoring, Travelling, Listening Music"",""Compatible Devices"":""Bluetooth Devices"",""Cable Features"":""Without Cable"",""Water Resistance Level"":""Water Resistant"",""Product Features"":""Wireless, Bluetooth 5.3, Built-In Mic"",""Headphone Jack"":""3.5 mm Jack"",""Network Connectivity Technology"":""Bluetooth 5.3, Wireless"",""Wireless Technology Type"":""Bluetooth"",""Bluetooth Range"":""10 Metres"",""Bluetooth Version"":""5.3"",""Colour"":""Black"",""Style Name"":""Zeb-Thunder"",""Item Weight Unit of Measure"":""142 Grams"",""Unit Count"":""1 Count""}",amazon
"Boat Rockerz 371, 40mm Drivers, 50hrs Battery, 60ms Low Latency, ENx Tech, BT v5.4,",boAt,Headphones,1099,2999,63,4.1,309,https://m.media-amazon.com/images/I/61BWskzWNIL._AC_UL500_.jpg,https://www.amazon.in/Foldable-Assistant-Bluetooth-Headphones-Headphone/dp/B0FM37JFPH/ref=sr_1_6?dib=eyJ2IjoiMSJ9.3FG0hAQj11YeQa2gJFqEeh0bv34p9YTLymVS6fQuYUmMt_sW2rs51nIU-HkOMHGWYj6tO7V4jtv6AdL0MhGE3wVfGm1QTQi7dzMcpItvVpSVGFZLNHS4898qfVbHcEXVu1qZMHR32eNRDFgaKEHDrWbLqmxE_leluKZqzgzcKpUwIzaMAC9I5I4rzj1ARWv0XMiHzAx5p5AbIY8y7frq2tJm6eptwyG8zDmhh6GgrPo.IW2lGCARsam8S3VhCbt9FLiDYfB8entEP9-RIxnGiy8&dib_tag=se&keywords=wireless+headphones&qid=1779560129&sr=8-6,,"{""_inline"":""1K+ bought in past month · M.R.P: · FREE delivery 25 May - 1 JunOr fastest delivery Tomorrow 7:59 am - 10:00 am""}",amazon
P47 Wireless Over Ear Bluetooth Headphones with Mic (Green),P47,Headphones,392,1599,75,5,1,https://m.media-amazon.com/images/I/41EJ2DiagiL._AC_UL500_.jpg,https://www.amazon.in/P47-Wireless-Bluetooth-Headphones-Green/dp/B0GS53KH5V/ref=sr_1_7?dib=eyJ2IjoiMSJ9.3FG0hAQj11YeQa2gJFqEeh0bv34p9YTLymVS6fQuYUmMt_sW2rs51nIU-HkOMHGWYj6tO7V4jtv6AdL0MhGE3wVfGm1QTQi7dzMcpItvVpSVGFZLNHS4898qfVbHcEXVu1qZMHR32eNRDFgaKEHDrWbLqmxE_leluKZqzgzcKpUwIzaMAC9I5I4rzj1ARWv0XMiHzAx5p5AbIY8y7frq2tJm6eptwyG8zDmhh6GgrPo.IW2lGCARsam8S3VhCbt9FLiDYfB8entEP9-RIxnGiy8&dib_tag=se&keywords=wireless+headphones&qid=1779560129&sr=8-7,,"{""_inline"":""M.R.P: · FREE delivery Thu, 28 May""}",amazon
"Boat Rockerz 411, 40Ms Low Latency, 40Hrs Battery, 40Mm Drivers, ENx Tech, Stream Ad Free",boAt,Headphones,1499,2999,50,4.2,28349,https://m.media-amazon.com/images/I/71QdB7hDCAL._AC_UL500_.jpg,https://www.amazon.in/boAt-Bluetooth-Headphones-Wireless-Headphone/dp/B0FC2Y8XYF/ref=sr_1_8?dib=eyJ2IjoiMSJ9.3FG0hAQj11YeQa2gJFqEeh0bv34p9YTLymVS6fQuYUmMt_sW2rs51nIU-HkOMHGWYj6tO7V4jtv6AdL0MhGE3wVfGm1QTQi7dzMcpItvVpSVGFZLNHS4898qfVbHcEXVu1qZMHR32eNRDFgaKEHDrWbLqmxE_leluKZqzgzcKpUwIzaMAC9I5I4rzj1ARWv0XMiHzAx5p5AbIY8y7frq2tJm6eptwyG8zDmhh6GgrPo.IW2lGCARsam8S3VhCbt9FLiDYfB8entEP9-RIxnGiy8&dib_tag=se&keywords=wireless+headphones&qid=1779560129&sr=8-8,"40 hours of Playtime: Watch the latest series and movies or unwind to podcasts with your Rockerz. 40 hours of non-stop entertainment is all yours! | 40 ms Low Latency BEAST Mode: Forget lag with the 40 ms low latency of BEAST mode. Synchronized visuals and audio raise the adrenaline levels, whether you are playing solo or in a multi-player game. | 40 mm Drivers: Upgrade your audio gear with the 40 mm drivers of the boAt Rockerz 411 Bluetooth Headphones. Bass-heavy boAt Signature Sound lets you immerse completely in your playlist with exceptional tonal clarity | ENx Technology: Answer calls no ","{""Brand Name"":""boAt"",""Model Number"":""PB0007"",""Model Name"":""Rockerz"",""Box Contents"":""Cable, Headphones"",""Age Range Description"":""Teen, Adult"",""Country of Origin"":""China"",""Warranty Description"":""1 year warranty from the date of purchase"",""Number of Items"":""2"",""Manufacturer"":""Imagine Marketing Ltd, info@imaginemarketingindia.com"",""Manufacturer Contact Information"":""info@imaginemarketingindia.com"",""Item Type Name"":""Headphones"",""Importer Contact Information"":""Imagine Marketing Ltd"",""Packer Contact Information"":""Imagine Marketing Ltd"",""Best Sellers Rank"":""#214 in Electronics (See Top 100 in Electronics) #2 in Over-Ear Headphones"",""ASIN"":""B0FC2Y8XYF"",""Colour"":""Active Black"",""Item Weight Unit of Measure"":""300 Grams"",""Unit Count"":""1 Piece"",""Noise Control"":""Active Noise Cancellation"",""Audio Driver Type"":""Dynamic Driver"",""Frequency Range"":""20Hz - 20,000Hz"",""Enclosure Material"":""Fabric and Foam"",""Specific Uses For Product"":""Entertainment, Gaming"",""Compatible Devices"":""Tablets, Cellphones, Laptops, Desktops, Smart Speaker, Gaming Consoles"",""Water Resistance Level"":""Water Resistant"",""Product Features"":""Echo Cancellation, Wireless Connectivity, Low Latency Mode, Rechargeable Battery, Integrated Remote Control, Built-In Voice Assistant, Adjustable Headband"",""Headphone Jack"":""No Jack"",""Network Connectivity Technology"":""Bluetooth"",""Wireless Technology Type"":""Bluetooth"",""Bluetooth Version"":""5.4"",""Headphones Ear Placement"":""On Ear"",""Headphone Form Factor"":""Over Ear"",""Earpiece Shape"":""Round"",""Control Method"":""Push Button, Voice"",""Battery Average Life"":""40 Hours""}",amazon
"Boat Rockerz 113, 40H Battery, Dual Pair, Fast Charge, ENx Tech, Stream Ad Free Music via",boAt,Headphones,999,2490,60,4,10092,https://m.media-amazon.com/images/I/61FSJbnM3rL._AC_UL500_.jpg,https://www.amazon.in/boAt-Rockerz-Magnetic-Bluetooth-Earphones/dp/B0F7Y67F6C/ref=sr_1_9?dib=eyJ2IjoiMSJ9.3FG0hAQj11YeQa2gJFqEeh0bv34p9YTLymVS6fQuYUmMt_sW2rs51nIU-HkOMHGWYj6tO7V4jtv6AdL0MhGE3wVfGm1QTQi7dzMcpItvVpSVGFZLNHS4898qfVbHcEXVu1qZMHR32eNRDFgaKEHDrWbLqmxE_leluKZqzgzcKpUwIzaMAC9I5I4rzj1ARWv0XMiHzAx5p5AbIY8y7frq2tJm6eptwyG8zDmhh6GgrPo.IW2lGCARsam8S3VhCbt9FLiDYfB8entEP9-RIxnGiy8&dib_tag=se&keywords=wireless+headphones&qid=1779560129&sr=8-9,40 Hrs Playback & ASAP Charge: Sing along to the latest beats with 40 hours of massive playtime. Resume your watchlist with 10 hours of playtime boost after 10 minutes of charging thanks to ASAP charge. | Dual Pairing: Keep your earphones connected to two devices simultaneously and toggle seamlessly between them with dual pairing. | ENx Technology: Enjoy noise-free calls on the go with ENx tech in these earphones. Call your contacts while waiting in the airport lounge or travelling and converse without pesky background noise. | BEAST Mode: Race lag-free in the virtual world with up to 60 ms lo,"{""Brand Name"":""boAt"",""Model Number"":""Rockerz"",""Model Name"":""Rockerz"",""Box Contents"":""Cable, Earmuffs, Neckband, User Manual"",""Age Range Description"":""Adult"",""Country of Origin"":""India"",""Warranty Description"":""1 year warranty from the date of purchase"",""Number of Items"":""4"",""Manufacturer"":""Imagine Marketing Ltd, info@imaginemarketingindia.com"",""Manufacturer Contact Information"":""info@imaginemarketingindia.com"",""Item Type Name"":""Bluetooth Neckband"",""Importer Contact Information"":""Imagine Marketing Ltd"",""Packer Contact Information"":""Imagine Marketing Ltd"",""Best Sellers Rank"":""#38 in Electronics (See Top 100 in Electronics) #11 in In-Ear Headphones"",""ASIN"":""B0F7Y67F6C"",""Colour"":""Ash Grey"",""Control Method"":""Push Button"",""Battery Charge Time"":""50 Minutes"",""Battery Average Life"":""40 Hours"",""Noise Control"":""Environmental Noise Cancellation"",""Audio Driver Type"":""Dynamic Driver"",""Frequency Range"":""20Hz-20KHz"",""Enclosure Material"":""Plastic, Silicone, Fabric"",""Specific Uses For Product"":""Entertainment, Gaming, Music, Travel"",""Compatible Devices"":""Smartphones, Tablets, Laptops, Desktops, Cars"",""Water Resistance Level"":""Water Resistant"",""Product Features"":""ENx Technology, BEAST Mode"",""Headphone Jack"":""No Jack"",""Network Connectivity Technology"":""Bluetooth"",""Wireless Technology Type"":""Bluetooth"",""Bluetooth Range"":""10 Metres"",""Bluetooth Version"":""5.3"",""Headphones Ear Placement"":""In Ear"",""Headphone Form Factor"":""In Ear"",""Earpiece Shape"":""In-Ear"",""Item Weight Unit of Measure"":""30 Grams"",""Unit Count"":""1 Piece""}",amazon
"boAt Rockerz 480, RGB LEDs,6 Light Modes, 40mm Drivers,Beast Mode, 60H Battery, ENx Tech,",boAt,Headphones,1899,3790,50,4.1,3797,https://m.media-amazon.com/images/I/61cIHzCDl6L._AC_UL500_.jpg,https://www.amazon.in/boAt-Rockerz-480-Bluetooth-Headphones/dp/B0DGTTKCJX/ref=sr_1_10?dib=eyJ2IjoiMSJ9.3FG0hAQj11YeQa2gJFqEeh0bv34p9YTLymVS6fQuYUmMt_sW2rs51nIU-HkOMHGWYj6tO7V4jtv6AdL0MhGE3wVfGm1QTQi7dzMcpItvVpSVGFZLNHS4898qfVbHcEXVu1qZMHR32eNRDFgaKEHDrWbLqmxE_leluKZqzgzcKpUwIzaMAC9I5I4rzj1ARWv0XMiHzAx5p5AbIY8y7frq2tJm6eptwyG8zDmhh6GgrPo.IW2lGCARsam8S3VhCbt9FLiDYfB8entEP9-RIxnGiy8&dib_tag=se&keywords=wireless+headphones&qid=1779560129&sr=8-10,Blazing RGB LEDs with 6 Modes: Amp your audio corner with the striking design of the boAt Rockerz 480 Bluetooth Headphones. The blazing RGB LEDs on these headphones are integrated with 6 modes that can be modified as per your preference. | BEAST Mode: Play solo or multiplayer games by activating BEAST mode. Its 40 ms low latency eliminates pesky lag for a realistic feel. | 60 hours of Playback: Charge less and enjoy more with the massive playtime of these headphones. Tune into your playlist or podcasts uninterrupted without charging these headphones for up to 60 hours. | 40 mm Drivers: No matt,"{""Brand Name"":""boAt"",""Model Number"":""Rockerz 480"",""Model Name"":""Rockerz 480"",""Box Contents"":""Cable, Headphones, User Manual"",""Age Range Description"":""Teen, Adult"",""Country of Origin"":""China"",""Warranty Description"":""1 year warranty from the date of purchase"",""Number of Items"":""3"",""Manufacturer"":""Imagine Marketing Ltd, info@imaginemarketingindia.com"",""Manufacturer Contact Information"":""info@imaginemarketingindia.com"",""Item Type Name"":""Headphones"",""Importer Contact Information"":""Imagine Marketing Limited Unit no. 204 & 205, 2nd floor, D-wing & E-wing, Corporate Avenue, Andheri Ghatkopar Link Road Mumbai Mumbai City MH 400093 IN"",""Packer Contact Information"":""Imagine Marketing Limited Unit no. 204 & 205, 2nd floor, D-wing & E-wing, Corporate Avenue, Andheri Ghatkopar Link Road Mumbai Mumbai City MH 400093 IN"",""Best Sellers Rank"":""#253 in Electronics (See Top 100 in Electronics) #2 in On-Ear Headphones"",""ASIN"":""B0DGTTKCJX"",""Colour"":""White Sabre"",""Item Weight Unit of Measure"":""120 Grams"",""Unit Count"":""1 Piece"",""Noise Control"":""Active Noise Cancellation"",""Audio Driver Type"":""Dynamic Driver"",""Frequency Range"":""20-20000 hertz"",""Enclosure Material"":""Silicone/Fabric with soft touch material for controls"",""Specific Uses For Product"":""Entertainment, Fitness, Gaming, Travel"",""Compatible Devices"":""smartphone, laptop"",""Product Features"":""Blazing RGB LEDs with 6 Modes, BEAST™ Mode, 60 hours of Playback, Type-C Interface"",""Headphone Jack"":""No Jack"",""Network Connectivity Technology"":""Bluetooth"",""Wireless Technology Type"":""Bluetooth"",""Bluetooth Range"":""10 Metres"",""Bluetooth Version"":""5.3"",""Headphones Ear Placement"":""Over Ear"",""Headphone Form Factor"":""Over Ear"",""Earpiece Shape"":""Over Ear"",""Control Method"":""Touch, Voice"",""Battery Charge Time"":""1.5 Hours"",""Battery Average Life"":""60 Hours""}",amazon
"Sony WH-CH520 Wireless Bluetooth Headphones On Ear with Mic, Up to 50Hrs Battery, Quick",Sony,Headphones,4490,5990,25,4.2,29243,https://m.media-amazon.com/images/I/41lArSiD5hL._AC_UL500_.jpg,https://www.amazon.in/Sony-Bluetooth-Headphones-Multipoint-Connectivity/dp/B0BS1PRC4L/ref=sr_1_13?dib=eyJ2IjoiMSJ9.3FG0hAQj11YeQa2gJFqEeh0bv34p9YTLymVS6fQuYUmMt_sW2rs51nIU-HkOMHGWYj6tO7V4jtv6AdL0MhGE3wVfGm1QTQi7dzMcpItvVpSVGFZLNHS4898qfVbHcEXVu1qZMHR32eNRDFgaKEHDrWbLqmxE_leluKZqzgzcKpUwIzaMAC9I5I4rzj1ARWv0XMiHzAx5p5AbIY8y7frq2tJm6eptwyG8zDmhh6GgrPo.IW2lGCARsam8S3VhCbt9FLiDYfB8entEP9-RIxnGiy8&dib_tag=se&keywords=wireless+headphones&qid=1779560129&sr=8-13,"With up to 50-hour battery life and quick charging, you’ll have enough power for multi-day road trips and long festival weekends. | Great sound quality customizable to your music preference with EQ Custom on the Sony | Headphones Connect App. | Boost the quality of compressed music files and enjoy streaming music with high quality sound through DSEE. | Designed to be lightweight and comfortable for all-day use. | Crystal clear hands-free calling with built-in mic.","{""Brand Name"":""Sony"",""Model Number"":""WHCH520/B"",""Model Name"":""WH-CH520"",""Box Contents"":""USB C-Type Cable, Reference Guide"",""Age Range Description"":""Adult"",""Country of Origin"":""Vietnam"",""Warranty Description"":""1 Year"",""Number of Items"":""1"",""Series Number"":""520"",""UPC"":""027242925205"",""Global Trade Identification Number"":""00027242925205"",""Manufacturer"":""Sony Corporation, Sony Corporation, Vietnam"",""Manufacturer Contact Information"":""Sony Corporation, Vietnam"",""Item Type Name"":""Hedphones"",""Importer Contact Information"":""Sony India Private Limited, A-18, Mohan Co-operative Industrial Estate, Mathura Road, NEW DELHI 110044, INDIA , Customer Care Number : 080 6500 6500, email: sonyindia.care@ap.sony.com"",""Packer Contact Information"":""sony corporation, 1-7-1, konan, minato-ku, tokyo, 108-0075, japan"",""Is Autographed"":""No"",""Best Sellers Rank"":""#259 in Electronics (See Top 100 in Electronics) #3 in On-Ear Headphones"",""ASIN"":""B0BS1PRC4L"",""Colour"":""Black"",""Style Name"":""Classic"",""Theme"":""Fantasy"",""Item Weight Unit of Measure"":""5.1 Ounces"",""Unit Count"":""1 Count"",""Battery Charge Time"":""3 Hours"",""Battery Average Life"":""3 Hours"",""Impedance Unit of Measure"":""100 Ohms"",""Noise Control"":""Sound Isolation"",""Sensitivity"":""98 dB"",""Audio Driver Type"":""Dynamic Driver"",""Audio Driver Size"":""30 Millimetres"",""Frequency Range"":""20 hertz - 20 kHz"",""Enclosure Material"":""Plastic"",""Specific Uses For Product"":""Dry Sanding, Personal, Business, Amateur"",""Antenna Location"":""Entertainment, Calling, Gaming, Outdoor, Recording, Exercising, Running, Audio Monitoring, Travelling, Listening Music"",""Compatible Devices"":""All Bluetooth Devices, Laptops, Mobile Phones, Tablets, PC, Smart TVs, iOS, Android"",""Cable Features"":""Without Cable"",""Water Resistance Level"":""Not Water Resistant"",""Product Features"":""Foldable, Microphone Included"",""Headphone Jack"":""USB"",""Network Connectivity Technology"":""Wireless"",""Wireless Technology Type"":""Bluetooth"",""Bluetooth Range"":""10 Metres"",""Bluetooth Version"":""5.2"",""Headphones Ear Placement"":""On Ear"",""Headphone Form Factor"":""On Ear"",""Earpiece Shape"":""Circle"",""Control Type"":""Voice Control, Volume Control, Call Control"",""Control Method"":""Voice"",""Controller Type"":""AMAZON ALEXA, BIXBY, BUTTON, CORTANA, GOOGLE ASSISTANT, SIRI""}",amazon
"Boat Rockerz 255 Pro+, 60HRS Battery, Fast Charge, IPX7, Dual Pairing, Low Latency,",boAt,Headphones,1099,3990,72,4,1,https://m.media-amazon.com/images/I/61+SW9nDTEL._AC_UL500_.jpg,https://www.amazon.in/boAt-Rockerz-255-Pro-Earphones/dp/B08TV2P1N8/ref=sr_1_15?dib=eyJ2IjoiMSJ9.3FG0hAQj11YeQa2gJFqEeh0bv34p9YTLymVS6fQuYUmMt_sW2rs51nIU-HkOMHGWYj6tO7V4jtv6AdL0MhGE3wVfGm1QTQi7dzMcpItvVpSVGFZLNHS4898qfVbHcEXVu1qZMHR32eNRDFgaKEHDrWbLqmxE_leluKZqzgzcKpUwIzaMAC9I5I4rzj1ARWv0XMiHzAx5p5AbIY8y7frq2tJm6eptwyG8zDmhh6GgrPo.IW2lGCARsam8S3VhCbt9FLiDYfB8entEP9-RIxnGiy8&dib_tag=se&keywords=wireless+headphones&qid=1779560129&sr=8-15,,"{""_inline"":""5K+ bought in past month · M.R.P: · FREE delivery Mon, 25 MayOr fastest delivery Tomorrow 7:59 am - 10:00 am""}",amazon
"Sony WH-CH720N Active Noise Cancellation Wireless Bluetooth Over Ear Headphones with Mic,",Sony,Headphones,9887,14990,34,4.3,15606,https://m.media-amazon.com/images/I/51rpbVmi9XL._AC_UL500_.jpg,https://www.amazon.in/Sony-Cancellation-Headphones-Multi-Point-Connection/dp/B0BS1QCFHX/ref=sr_1_16?dib=eyJ2IjoiMSJ9.3FG0hAQj11YeQa2gJFqEeh0bv34p9YTLymVS6fQuYUmMt_sW2rs51nIU-HkOMHGWYj6tO7V4jtv6AdL0MhGE3wVfGm1QTQi7dzMcpItvVpSVGFZLNHS4898qfVbHcEXVu1qZMHR32eNRDFgaKEHDrWbLqmxE_leluKZqzgzcKpUwIzaMAC9I5I4rzj1ARWv0XMiHzAx5p5AbIY8y7frq2tJm6eptwyG8zDmhh6GgrPo.IW2lGCARsam8S3VhCbt9FLiDYfB8entEP9-RIxnGiy8&dib_tag=se&keywords=wireless+headphones&qid=1779560129&sr=8-16,"Sony’s lightest Wireless Noise-cancelling headband ever | Up to 50-hour battery life with quick charging (3 min charge for up to 1 hour of playback) | Multi-Point Connection helps to pair with two Bluetooth devices at the same time | Take noise cancelling to the next level with Sony’s Integrated Processor V1,so you can fully immerse yourself in the music | Super comfortable and lightweight design ( 192 Grams )","{""Brand Name"":""Sony"",""Model Number"":""WHCH720N/B"",""Model Name"":""700"",""Box Contents"":""Headphone Connection Cable, USB Type-C cable, Reference Guide and 1U Headphone"",""Age Range Description"":""Adult"",""Country of Origin"":""Vietnam"",""Warranty Description"":""1 Year"",""Customer Package Type"":""Box"",""Number of Items"":""1"",""Series Number"":""720"",""UPC"":""027242925397"",""Global Trade Identification Number"":""07501450720010"",""Manufacturer Contact Information"":""Sony India Pvt.Ltd., A-18, Mohan Co-operative Industrial Estate, Mathura Road, New Delhi-110044 Complaint Contact Toll Free: 1800-103-7799 Customer Service Email: sonyindia.care@ap.sony.com"",""Item Type Name"":""Headphones"",""Importer Contact Information"":""Sony India Private Limited, A-18, Mohan Co-operative Industrial Estate, Mathura Road, NEW DELHI 110044, INDIA , Customer Care Number : 080 6500 6500, email: sonyindia.care@ap.sony.com"",""Packer Contact Information"":""sony corporation, 1-7-1, konan, minato-ku, tokyo, 108-0075, japan"",""Is Autographed"":""No"",""Best Sellers Rank"":""#682 in Electronics (See Top 100 in Electronics) #14 in Over-Ear Headphones"",""ASIN"":""B0BS1QCFHX"",""Colour"":""Black"",""Style Name"":""WH-CH720N/Black"",""Carrying Case Color"":""Blanc-802"",""Theme"":""music"",""Subject Character"":""CH Series"",""Item Weight Unit of Measure"":""3.5 Ounces"",""Unit Count"":""1 Count"",""Impedance Unit of Measure"":""325 Ohms"",""Noise Control"":""Sound Isolation"",""Frequency Response"":""20000 Hz"",""Sensitivity"":""108 dB"",""Audio Driver Type"":""Dynamic Driver"",""Audio Driver Size"":""30 Millimetres"",""Frequency Range"":""7 hertz - 20000 hertz"",""Enclosure Material"":""Faux Leather, Plastic"",""Specific Uses For Product"":""Personal"",""Antenna Location"":""Entertainment, Calling, Outdoor, Recording, Exercising, Running, Audio Monitoring, Travelling, Listening Music"",""Compatible Devices"":""Cellphones, Desktops, Laptops, Music Production Equipment"",""Cable Features"":""Without Cable"",""Water Resistance Level"":""Not Water Resistant"",""Product Features"":""Foldable"",""Headphone Jack"":""3.5 mm Jack"",""Network Connectivity Technology"":""Wireless"",""Wireless Technology Type"":""Bluetooth"",""Bluetooth Range"":""10 Metres"",""Bluetooth Version"":""5.2"",""Headphones Ear Placement"":""Open Ear"",""Headphone Form Factor"":""Over Ear"",""Earpiece Shape"":""Circle"",""Control Type"":""Media Control"",""Control Method"":""Voice"",""Controller Type"":""Touch"",""Battery Charge Time"":""3 Hours"",""Battery Average Life"":""35 Hours"",""Manufacturer"":""Sony Corporation, Sony India Pvt.Ltd., A-18, Mohan Co-operative Industrial Estate, Mathura Road, New Delhi-110044 Complaint Contact Toll Free: 1800-103-7799 Customer Service Email: sonyindia.care@ap.sony.com""}",amazon
"Wireless Bluetooth Headphones with Deep Bass Sound, Foldable Design & Comfortable",Wireless,Headphones,349,999,65,3.1,33,https://m.media-amazon.com/images/I/41pbQ4DIjyL._AC_UL500_.jpg,https://www.amazon.in/BfsTeckt-Bluetooth-Headphones-Comfortable-Cushioned/dp/B0G2BBS19W/ref=sr_1_17?dib=eyJ2IjoiMSJ9.3FG0hAQj11YeQa2gJFqEeh0bv34p9YTLymVS6fQuYUmMt_sW2rs51nIU-HkOMHGWYj6tO7V4jtv6AdL0MhGE3wVfGm1QTQi7dzMcpItvVpSVGFZLNHS4898qfVbHcEXVu1qZMHR32eNRDFgaKEHDrWbLqmxE_leluKZqzgzcKpUwIzaMAC9I5I4rzj1ARWv0XMiHzAx5p5AbIY8y7frq2tJm6eptwyG8zDmhh6GgrPo.IW2lGCARsam8S3VhCbt9FLiDYfB8entEP9-RIxnGiy8&dib_tag=se&keywords=wireless+headphones&qid=1779560129&sr=8-17,,"{""_inline"":""200+ bought in past month · M.R.P: · Save 3% 3% off coupon appliedSave 3%  with coupon · FREE delivery Thu, 28 May""}",amazon
INVICTO K47 Wireless Bluetooth Headphones Over Ear with Mic (Black),INVICTO,Headphones,395,899,56,3.5,6,https://m.media-amazon.com/images/I/51jzr19rF3L._AC_UL500_.jpg,https://www.amazon.in/INVICTO-Wireless-Bluetooth-Headphones-Black/dp/B0GTFNBF6Q/ref=sr_1_18?dib=eyJ2IjoiMSJ9.3FG0hAQj11YeQa2gJFqEeh0bv34p9YTLymVS6fQuYUmMt_sW2rs51nIU-HkOMHGWYj6tO7V4jtv6AdL0MhGE3wVfGm1QTQi7dzMcpItvVpSVGFZLNHS4898qfVbHcEXVu1qZMHR32eNRDFgaKEHDrWbLqmxE_leluKZqzgzcKpUwIzaMAC9I5I4rzj1ARWv0XMiHzAx5p5AbIY8y7frq2tJm6eptwyG8zDmhh6GgrPo.IW2lGCARsam8S3VhCbt9FLiDYfB8entEP9-RIxnGiy8&dib_tag=se&keywords=wireless+headphones&qid=1779560129&sr=8-18,,"{""_inline"":""100+ bought in past month · M.R.P: · FREE delivery Thu, 28 May""}",amazon
"Boat Rockerz Trendz, 40mm Drivers, 50hrs Battery, 60ms Low Latency, ENx Tech, BT v5.4,",boAt,Headphones,999,2999,67,3.9,104,https://m.media-amazon.com/images/I/61ppR1KR+iL._AC_UL500_.jpg,https://www.amazon.in/Rockerz-Assistant-Bluetooth-Headphones-Headphone/dp/B0FRSPKL34/ref=sr_1_19?dib=eyJ2IjoiMSJ9.3FG0hAQj11YeQa2gJFqEeh0bv34p9YTLymVS6fQuYUmMt_sW2rs51nIU-HkOMHGWYj6tO7V4jtv6AdL0MhGE3wVfGm1QTQi7dzMcpItvVpSVGFZLNHS4898qfVbHcEXVu1qZMHR32eNRDFgaKEHDrWbLqmxE_leluKZqzgzcKpUwIzaMAC9I5I4rzj1ARWv0XMiHzAx5p5AbIY8y7frq2tJm6eptwyG8zDmhh6GgrPo.IW2lGCARsam8S3VhCbt9FLiDYfB8entEP9-RIxnGiy8&dib_tag=se&keywords=wireless+headphones&qid=1779560129&sr=8-19,,"{""_inline"":""500+ bought in past month · M.R.P: · FREE delivery Tue, 26 MayOr fastest delivery Mon, 25 May""}",amazon
"Portronics Muffs M6 Over Ear Wireless Bluetooth Headphone with Upto 40 Hours Playtime,",Portronics,Headphones,1149,2499,54,4.3,292,https://m.media-amazon.com/images/I/61ZMTLmF4ZL._AC_UL500_.jpg,https://www.amazon.in/Portronics-Wireless-Bluetooth-Headphone-Playtime/dp/B0G599TLD9/ref=sr_1_20?dib=eyJ2IjoiMSJ9.3FG0hAQj11YeQa2gJFqEeh0bv34p9YTLymVS6fQuYUmMt_sW2rs51nIU-HkOMHGWYj6tO7V4jtv6AdL0MhGE3wVfGm1QTQi7dzMcpItvVpSVGFZLNHS4898qfVbHcEXVu1qZMHR32eNRDFgaKEHDrWbLqmxE_leluKZqzgzcKpUwIzaMAC9I5I4rzj1ARWv0XMiHzAx5p5AbIY8y7frq2tJm6eptwyG8zDmhh6GgrPo.IW2lGCARsam8S3VhCbt9FLiDYfB8entEP9-RIxnGiy8&dib_tag=se&keywords=wireless+headphones&qid=1779560129&sr=8-20,,"{""_inline"":""1K+ bought in past month · M.R.P: · FREE delivery Mon, 25 May""}",amazon
"JBL Tune 510BT, On Ear Wireless Headphones with Mic, up to 40 Hours Playtime, Pure Bass,",JBL,Headphones,2799,4449,37,4.1,25851,https://m.media-amazon.com/images/I/61kFL7ywsZS._AC_UL500_.jpg,https://www.amazon.in/JBL-Wireless-Headphones-Bluetooth-Assistant/dp/B08QTYYNDN/ref=sr_1_19?dib=eyJ2IjoiMSJ9.uANdGswugvuYF0y9a3insUZGxW2MkGubkfXFpZbBRPlSadehWHPY64r0ahwasEGa43657u6KOTpsxPYR-l_rFmLzSH0EYrUAy7mAFwPFrF-co6_FfCSoPHJMLq7_ft0sNmnG2F4rY45za6qd8FKTPitw9vcbEWUi9Wjt1rbEFTR8CS0nsdntWqyV85_AVa14AnnWMfkxFsNXfoEeWhmy6Mr8U00PyEKpVkeuDa63gF0.MGQtzlLXJ98zUjPC3g3d5hcvZUiF6-NwZwz8lYHnVn0&dib_tag=se&keywords=wireless+headphones&qid=1779560142,"JBL PURE BASE SOUND: Packed with 32mm Dynamic drivers, the JBL Tune 510BT features the renowned JBL Pure Bass sound, which can be found in the most famous venues all around the world.;UPTO 40 HOURS PLAYTIME: Designed for long playhours, the Tune 510BT allows you to Listen wirelessly upto 40 hours non-stop under optimal audio settings. | QUICK CHARGING: With its superior USB Type-C charging cable, a quick 5 min recharge of your Tune 510BT provides you with playtime upto 2 Hours while in a span of 2 hours, get your headphones completely charged up.;DUAL PAIRING: The Multi Point Connectivity (Dua","{""Brand Name"":""JBL"",""Model Number"":""JBLT510BTBLK"",""Model Name"":""Tune"",""Box Contents"":""1 x Tune 510BT headphones, 1 x USB-C Charging Cable, 1 x Warranty/Warning 1 x QSG"",""Age Range Description"":""Adult"",""Country of Origin"":""China"",""Warranty Description"":""1 year warranty provided by the manufacturer from date of purchase"",""Number of Items"":""1"",""Series Number"":""510"",""Global Trade Identification Number"":""06925281982767"",""Manufacturer"":""JBL, JBL"",""Manufacturer Contact Information"":""JBL"",""Item Type Name"":""On Ear Wireless Headphones"",""Is Autographed"":""No"",""Best Sellers Rank"":""#400 in Electronics (See Top 100 in Electronics) #6 in On-Ear Headphones"",""ASIN"":""B08QTYYNDN"",""Colour"":""Black"",""Style Name"":""Tune510BT"",""Theme"":""Movie, TV Series, Video Game"",""Item Weight Unit of Measure"":""160 Grams"",""Unit Count"":""1 Pack"",""Impedance Unit of Measure"":""32 Ohms"",""Noise Control"":""None"",""Sensitivity"":""103 dB"",""Audio Driver Type"":""Dynamic Driver"",""Frequency Range"":""20-20000 hertz"",""Enclosure Material"":""Plastic"",""Specific Uses For Product"":""Entertainment, Gaming, Travel"",""Antenna Location"":""Audio Monitoring, Calling, Recording, Running"",""Compatible Devices"":""Bluetooth Devices"",""Cable Features"":""Without Cable"",""Water Resistance Level"":""Not Water Resistant"",""Product Features"":""Dual Pairing, Foldable, Wireless Bluetooth 5.0, Voice Assistant support"",""Headphone Jack"":""3.5 mm Jack"",""Network Connectivity Technology"":""Bluetooth 5.0"",""Wireless Technology Type"":""Bluetooth"",""Bluetooth Range"":""10 Metres"",""Bluetooth Version"":""5"",""Headphones Ear Placement"":""On Ear"",""Headphone Form Factor"":""On Ear"",""Earpiece Shape"":""Circle"",""Control Type"":""Call Control, Volume Control, Media Control"",""Control Method"":""Touch"",""Battery Charge Time"":""2 Hours"",""Battery Average Life"":""40 Hours"",""Importer Contact Information"":""Harman International (India) Pvt Ltd, Salarpuria Sattva Knowledge Court, Office-1, Wing ‘A’ & ‘B’ 6th floor, Plot No. 9, Phase I , Doddenakkundi Industrial Area, Bearing Khata bearing Sl. No. 299 old No.62, situated at Survey No. 77, Doddenakkundi Village, K.R. Puram Hobli, Bangalore East Taluk, Bangalore -560048, Karnataka."",""Packer Contact Information"":""Harman International (India) Pvt Ltd, Salarpuria Sattva Knowledge Court, Office-1, Wing ‘A’ & ‘B’ 6th floor, Plot No. 9, Phase I , Doddenakkundi Industrial Area, Bearing Khata bearing Sl. No. 299 old No.62, situated at Survey No. 77, Doddenakkundi Village, K.R. Puram Hobli, Bangalore East Taluk, Bangalore -560048, Karnataka.""}",amazon
"Skullcandy Hesh ANC Wireless Bluetooth Over-Ear Headphones with Mic, 100 dB Active Noise",Noise,Headphones,8999,29999,70,4,8742,https://m.media-amazon.com/images/I/71XV1uzAw8L._AC_UL500_.jpg,https://www.amazon.in/Skullcandy-Cancelling-Headphones-Flat-Folding-Collapsible/dp/B08G1ZBKGP/ref=sr_1_20?dib=eyJ2IjoiMSJ9.uANdGswugvuYF0y9a3insUZGxW2MkGubkfXFpZbBRPlSadehWHPY64r0ahwasEGa43657u6KOTpsxPYR-l_rFmLzSH0EYrUAy7mAFwPFrF-co6_FfCSoPHJMLq7_ft0sNmnG2F4rY45za6qd8FKTPitw9vcbEWUi9Wjt1rbEFTR8CS0nsdntWqyV85_AVa14AnnWMfkxFsNXfoEeWhmy6Mr8U00PyEKpVkeuDa63gF0.MGQtzlLXJ98zUjPC3g3d5hcvZUiF6-NwZwz8lYHnVn0&dib_tag=se&keywords=wireless+headphones&qid=1779560142,"Active Noise Cancellation 4-Mic Active Noise Cancelling Bluetooth Headphones Block out distractions with advanced active noise cancelling headphones powered by four microphones, delivering immersive sound for music, travel, and work. | Battery Life 22-Hour Wireless Battery + Rapid Charge Enjoy up to 22 hours of battery life, and get 3 hours of playback from a quick 10-minute charge, perfect for long commutes, travel, and daily use. | Powerful Sound 40 mm Drivers for Deep Bass Audio These over-ear Bluetooth headphones deliver rich sound with powerful bass and clear vocals for music, movies, and","{""Brand Name"":""Skullcandy"",""Model Number"":""S6HHW-N740"",""Model Name"":""Hesh ANC"",""Box Contents"":""User Manual"",""Age Range Description"":""Adult"",""Country of Origin"":""Philippines"",""Warranty Description"":""1 Year"",""Number of Items"":""1"",""UPC"":""810015588512"",""Global Trade Identification Number"":""00810015588512"",""Manufacturer"":""Skullcandy Inc.Grandsun Advanced Elect. ph Co.Inc Panoram Building 1 Santiago Malvar,Philippine-4233, ‎Skullcandy, Skullcandy Inc. P. O. Box 25442, Salt Lake City, UT 84125 USA"",""External Testing Certification"":""77892417923"",""Manufacturer Contact Information"":""‎Skullcandy, Skullcandy Inc. P. O. Box 25442, Salt Lake City, UT 84125 USA"",""Item Type Name"":""Skullcandy Hesh ANC"",""Importer Contact Information"":""Brand Eyes Distributors Pvt. Ltd.Noida India"",""Packer Contact Information"":""Skullcandy, Skullcandy Inc. P. O. Box 25442, Salt Lake City, UT 84125 USA"",""Is Autographed"":""No"",""Best Sellers Rank"":""#13,088 in Electronics (See Top 100 in Electronics) #92 in Over-Ear Headphones"",""ASIN"":""B08G1ZBKGP"",""Colour"":""Black"",""Style Name"":""Over Ear"",""Item Weight Unit of Measure"":""0.2 Grams"",""Unit Count"":""1 Count"",""Impedance Unit of Measure"":""32 Ohms"",""Noise Control"":""Active Noise Cancellation"",""Sensitivity"":""99.63 dB"",""Audio Driver Type"":""Dynamic Driver"",""Frequency Range"":""20 Hz - 20kHz"",""Enclosure Material"":""Plastic"",""Specific Uses For Product"":""Personal"",""Antenna Location"":""Entertainment, Calling, Gaming, Outdoor, Recording, Exercising, Running, Audio Monitoring, Travelling, Listening Music"",""Compatible Devices"":""All Bluetooth Devices, Laptops, Mobile Phones, Tablets, PC, Smart TVs, iOS, Android"",""Cable Features"":""Detachable"",""Water Resistance Level"":""Not Water Resistant"",""Product Features"":""Noise Cancellation"",""Headphone Jack"":""bluetooth"",""Network Connectivity Technology"":""Wireless"",""Wireless Technology Type"":""Bluetooth"",""Bluetooth Range"":""10 Metres"",""Bluetooth Version"":""5"",""Headphones Ear Placement"":""Over Ear"",""Headphone Form Factor"":""Over Ear"",""Earpiece Shape"":""over_ear"",""Control Type"":""Volume Control"",""Control Method"":""Touch"",""Battery Charge Time"":""22 Hours"",""Battery Average Life"":""22 Hours""}",amazon
"JBL Tune 770NC Wireless Over Ear ANC Headphones with Mic, Upto 70 Hrs Battery, Speed",JBL,Headphones,5499,9999,45,4.1,11249,https://m.media-amazon.com/images/I/61JU2HicMQL._AC_UL500_.jpg,https://www.amazon.in/JBL-Wireless-Headphones-Speedcharge-Customize/dp/B09CYX92NB/ref=sr_1_21?dib=eyJ2IjoiMSJ9.uANdGswugvuYF0y9a3insUZGxW2MkGubkfXFpZbBRPlSadehWHPY64r0ahwasEGa43657u6KOTpsxPYR-l_rFmLzSH0EYrUAy7mAFwPFrF-co6_FfCSoPHJMLq7_ft0sNmnG2F4rY45za6qd8FKTPitw9vcbEWUi9Wjt1rbEFTR8CS0nsdntWqyV85_AVa14AnnWMfkxFsNXfoEeWhmy6Mr8U00PyEKpVkeuDa63gF0.MGQtzlLXJ98zUjPC3g3d5hcvZUiF6-NwZwz8lYHnVn0&dib_tag=se&keywords=wireless+headphones&qid=1779560142,"Adaptive Noise Cancelling with adjustable Ambient Aware and Talk Thru to sharpen the surrounding sounds | Up to 70-hour battery life with quick charging (5 min charge for up to 3 hour of playback) | Multi-Point Connection helps to pair with two Bluetooth devices at the same time | JBL Tune 770NC headphones feature the renowned JBL Pure Bass sound ensure high sound quality and well-balanced sound tuning | Hands-free calls with Voice aware, manage your calls from your headphones with the buttons on the ear-cup","{""Brand Name"":""JBL"",""Model Number"":""JBLT770NCBLK"",""Model Name"":""Tune 770NC"",""Box Contents"":""1 x JBL Tune 770NC Headphones, 1 x USB-C Charging Cable"",""Age Range Description"":""Adult"",""Country of Origin"":""China"",""Warranty Description"":""1 year warranty provided by the manufacturer from date of purchase"",""Number of Items"":""1"",""Global Trade Identification Number"":""06925281974526"",""Manufacturer"":""JBL, JBL"",""External Testing Certification"":""03186-23-07120, 03186-23-07120"",""Manufacturer Contact Information"":""JBL"",""Item Type Name"":""Over ear headphones"",""Is Autographed"":""No"",""Best Sellers Rank"":""#385 in Electronics (See Top 100 in Electronics) #6 in Over-Ear Headphones"",""ASIN"":""B09CYX92NB"",""Colour"":""Black"",""Style Name"":""TUNE770NC"",""Theme"":""music"",""Item Weight Unit of Measure"":""232 Grams"",""Unit Count"":""1 Count"",""Impedance Unit of Measure"":""32 Ohms"",""Noise Control"":""Adaptive Noise Cancellation"",""Sensitivity"":""85 dB"",""Audio Driver Type"":""Dynamic Driver"",""Frequency Range"":""2.4 GHz – 2.4835 GHz"",""Enclosure Material"":""Plastic"",""Specific Uses For Product"":""Business, Gaming, Travel"",""Antenna Location"":""Entertainment, Calling, Gaming, Outdoor, Recording, Exercising, Running"",""Compatible Devices"":""Laptops, Mobile Phones, Tablets, PC, Smart TVs, All Bluetooth Devices, iOS, Andriod"",""Cable Features"":""Without Cable"",""Water Resistance Level"":""Not Water Resistant"",""Headphone Jack"":""3.5 mm Jack"",""Network Connectivity Technology"":""Wireless"",""Wireless Technology Type"":""Bluetooth"",""Bluetooth Range"":""10 Metres"",""Bluetooth Version"":""5.3"",""Headphones Ear Placement"":""Over Ear"",""Headphone Form Factor"":""Over Ear"",""Earpiece Shape"":""Oval"",""Control Type"":""Touch Control, Call Control"",""Control Method"":""Push Button"",""Battery Charge Time"":""120 Minutes"",""Battery Average Life"":""70 Hours"",""Importer Contact Information"":""Harman International (India) Pvt Ltd, Salarpuria Sattva Knowledge Court, Office-1, Wing ‘A’ & ‘B’ 6th floor, Plot No. 9, Phase I , Doddenakkundi Industrial Area, Bearing Khata bearing Sl. No. 299 old No.62, situated at Survey No. 77, Doddenakkundi Village, K.R. Puram Hobli, Bangalore East Taluk, Bangalore -560048, Karnataka."",""Packer Contact Information"":""Harman International (India) Pvt Ltd, Salarpuria Sattva Knowledge Court, Office-1, Wing ‘A’ & ‘B’ 6th floor, Plot No. 9, Phase I , Doddenakkundi Industrial Area, Bearing Khata bearing Sl. No. 299 old No.62, situated at Survey No. 77, Doddenakkundi Village, K.R. Puram Hobli, Bangalore East Taluk, Bangalore -560048, Karnataka."",""Product Features"":""Adaptive Noise Cancelling With Smart Ambient Bluetooth 5.3 With LE Audio (*) JBL Pure Bass Sound Customize Your Listening Experience Hands-Free Calls With Voiceaware Up To 70H* Battery Life With Speed Charge Multi-Point Connection Lightweight, Comfortable And Foldable Design, With Built In Microphone, Up to 70 Hrs of Playtime, Bluetooth Wireless Connectivity, Touch Control, Call Control""}",amazon
"OnePlus Bullets Wireless Z3 in-Ear Neckband with 12.4mm Drivers, 3D Spatial Audio,10 mins",OnePlus,Headphones,1978,1999,1,4.2,2,https://m.media-amazon.com/images/I/51vT4GzBObL._AC_UL500_.jpg,https://www.amazon.in/OnePlus-Wireless-Neckband-Playback-Enhancement/dp/B0FBRGKXHG/ref=sr_1_22?dib=eyJ2IjoiMSJ9.uANdGswugvuYF0y9a3insUZGxW2MkGubkfXFpZbBRPlSadehWHPY64r0ahwasEGa43657u6KOTpsxPYR-l_rFmLzSH0EYrUAy7mAFwPFrF-co6_FfCSoPHJMLq7_ft0sNmnG2F4rY45za6qd8FKTPitw9vcbEWUi9Wjt1rbEFTR8CS0nsdntWqyV85_AVa14AnnWMfkxFsNXfoEeWhmy6Mr8U00PyEKpVkeuDa63gF0.MGQtzlLXJ98zUjPC3g3d5hcvZUiF6-NwZwz8lYHnVn0&dib_tag=se&keywords=wireless+headphones&qid=1779560142,,"{""_inline"":""10K+ bought in past month · M.R.P: · FREE delivery Mon, 25 MayOr fastest delivery Tomorrow 7:59 am - 10:00 am""}",amazon
Sony WH-1000XM5 Best Active Noise Cancelling Wireless Bluetooth Over Ear Headphones with,Sony,Headphones,29990,34990,14,4.4,16864,https://m.media-amazon.com/images/I/61sGlge485L._AC_UL500_.jpg,https://www.amazon.in/Sony-WH-1000XM5-Wireless-Cancelling-Headphones/dp/B09XSDMT4F/ref=sr_1_23?dib=eyJ2IjoiMSJ9.uANdGswugvuYF0y9a3insUZGxW2MkGubkfXFpZbBRPlSadehWHPY64r0ahwasEGa43657u6KOTpsxPYR-l_rFmLzSH0EYrUAy7mAFwPFrF-co6_FfCSoPHJMLq7_ft0sNmnG2F4rY45za6qd8FKTPitw9vcbEWUi9Wjt1rbEFTR8CS0nsdntWqyV85_AVa14AnnWMfkxFsNXfoEeWhmy6Mr8U00PyEKpVkeuDa63gF0.MGQtzlLXJ98zUjPC3g3d5hcvZUiF6-NwZwz8lYHnVn0&dib_tag=se&keywords=wireless+headphones&qid=1779560142,"Industry Leading noise cancellation-two processors control 8 microphones for unprecedented noise cancellation. With Auto NC Optimizer, noise cancelling is automatically optimized based on your wearing conditions and environment. | Industry-leading call quality with our Precise Voice Pickup Technology uses four beamforming microphones and an AI-based noise reduction algorithm | Magnificent Sound, engineered to perfection with the new Integrated Processor V1 | Crystal clear hands-free calling with 4 beamforming microphones, precise voice pickup, and advanced audio signal processing. | Up to 40-h","{""Brand Name"":""Sony"",""Model Number"":""WH1000XM5/S"",""Model Name"":""WH-1000XM5"",""Box Contents"":""Cable"",""Age Range Description"":""Adult"",""Country of Origin"":""Malaysia"",""Warranty Description"":""1 Year"",""Customer Package Type"":""Standard Packaging"",""Number of Items"":""1"",""Series Number"":""1000"",""UPC"":""027242923249"",""Manufacturer"":""Sony, sony corporation, 1-7-1, konan, minato-ku, tokyo, 108-0075, japan"",""External Testing Certification"":""sim"",""Manufacturer Contact Information"":""sony corporation, 1-7-1, konan, minato-ku, tokyo, 108-0075, japan"",""Item Type Name"":""Headphones"",""Importer Contact Information"":""Sony India Private Limited, A-18, Mohan Co-operative Industrial Estate, Mathura Road, NEW DELHI 110044, INDIA , Customer Care Number : 080 6500 6500, email: sonyindia.care@ap.sony.com"",""Packer Contact Information"":""sony corporation, 1-7-1, konan, minato-ku, tokyo, 108-0075, japan"",""Best Sellers Rank"":""#5,828 in Electronics (See Top 100 in Electronics) #51 in Over-Ear Headphones"",""ASIN"":""B09XSDMT4F"",""Headphones Ear Placement"":""Over Ear"",""Headphone Form Factor"":""Over Ear"",""Earpiece Shape"":""Oval"",""Control Type"":""Voice Control, Touch Control"",""Control Method"":""Voice"",""Controller Type"":""AMAZON ALEXA, BUTTON, GOOGLE ASSISTANT, SIRI"",""Item Weight Unit of Measure"":""8.82 Ounces"",""Carrying Case Weight"":""2 Ounces"",""Unit Count"":""1 Piece"",""Impedance Unit of Measure"":""48 Ohms"",""Noise Control"":""Sound Isolation"",""Frequency Response"":""2.4 GHz"",""Sensitivity"":""99 dB"",""Audio Driver Type"":""Dynamic Driver"",""Audio Latency"":""150 Milliseconds"",""Audio Driver Size"":""12 Millimetres"",""Frequency Range"":""4 Hz - 40,000 Hz"",""Enclosure Material"":""Leather"",""Specific Uses For Product"":""Music"",""Antenna Location"":""Entertainment, Calling, Gaming, Outdoor, Recording, Exercising, Running, Audio Monitoring, Travelling, Listening Music"",""Compatible Devices"":""iphones, ipods, Android smartphones, Laptops, Computers & other bluetooth device"",""Cable Features"":""Without Cable"",""Water Resistance Level"":""Not Water Resistant"",""Carrying Case Material"":""Leather"",""Product Features"":""Foldable"",""Headphone Jack"":""3.5 mm Jack"",""Network Connectivity Technology"":""Wireless"",""Wireless Technology Type"":""Bluetooth"",""Bluetooth Range"":""10 Metres"",""Bluetooth Version"":""5.2"",""Colour"":""Silver"",""Style Name"":""WH-1000XM5/Silver"",""Carrying Case Color"":""Silver"",""Theme"":""Fantasy"",""Subject Character"":""alex"",""Battery Charge Time"":""3 Hours"",""Battery Average Life"":""30 Hours""}",amazon
INVICTO Wireless Bluetooth Over Ear Headphone with Mic,INVICTO,Headphones,454,899,49,3.6,55,https://m.media-amazon.com/images/I/61xaolOBMcL._AC_UL500_.jpg,https://www.amazon.in/INVICTO-Wireless-Bluetooth-Headphone-Multicolour/dp/B0C956HLCK/ref=sr_1_24?dib=eyJ2IjoiMSJ9.uANdGswugvuYF0y9a3insUZGxW2MkGubkfXFpZbBRPlSadehWHPY64r0ahwasEGa43657u6KOTpsxPYR-l_rFmLzSH0EYrUAy7mAFwPFrF-co6_FfCSoPHJMLq7_ft0sNmnG2F4rY45za6qd8FKTPitw9vcbEWUi9Wjt1rbEFTR8CS0nsdntWqyV85_AVa14AnnWMfkxFsNXfoEeWhmy6Mr8U00PyEKpVkeuDa63gF0.MGQtzlLXJ98zUjPC3g3d5hcvZUiF6-NwZwz8lYHnVn0&dib_tag=se&keywords=wireless+headphones&qid=1779560142,,"{""_inline"":""100+ bought in past month · M.R.P: · FREE delivery Thu, 28 May""}",amazon
"Boat Rockerz 421, 60H Battery, Low Latency(40Ms), 40Mm Drivers, ENx Tech, Stream Ad Free",boAt,Headphones,1499,2490,40,3.8,2000,https://m.media-amazon.com/images/I/71quB2GTUKL._AC_UL500_.jpg,https://www.amazon.in/boAt-Rockerz-Bluetooth-Headphones-Headphone/dp/B0F7LY85KB/ref=sr_1_25?dib=eyJ2IjoiMSJ9.uANdGswugvuYF0y9a3insUZGxW2MkGubkfXFpZbBRPlSadehWHPY64r0ahwasEGa43657u6KOTpsxPYR-l_rFmLzSH0EYrUAy7mAFwPFrF-co6_FfCSoPHJMLq7_ft0sNmnG2F4rY45za6qd8FKTPitw9vcbEWUi9Wjt1rbEFTR8CS0nsdntWqyV85_AVa14AnnWMfkxFsNXfoEeWhmy6Mr8U00PyEKpVkeuDa63gF0.MGQtzlLXJ98zUjPC3g3d5hcvZUiF6-NwZwz8lYHnVn0&dib_tag=se&keywords=wireless+headphones&qid=1779560142,,"{""_inline"":""1K+ bought in past month · M.R.P: · FREE delivery Mon, 25 MayOr fastest delivery Tomorrow 7:59 am - 10:00 am""}",amazon
"pTron Studio w/ 60Hrs Playtime, Wireless Over-Ear Headphones with HD Mic, Dual-Device",pTron,Headphones,649,2599,75,3.8,429,https://m.media-amazon.com/images/I/51AUMs7zTkL._AC_UL500_.jpg,https://www.amazon.in/pTron-Studio-Headphones-Immersive-Dual-Device/dp/B0FQJNJPPV/ref=sr_1_26?dib=eyJ2IjoiMSJ9.uANdGswugvuYF0y9a3insUZGxW2MkGubkfXFpZbBRPlSadehWHPY64r0ahwasEGa43657u6KOTpsxPYR-l_rFmLzSH0EYrUAy7mAFwPFrF-co6_FfCSoPHJMLq7_ft0sNmnG2F4rY45za6qd8FKTPitw9vcbEWUi9Wjt1rbEFTR8CS0nsdntWqyV85_AVa14AnnWMfkxFsNXfoEeWhmy6Mr8U00PyEKpVkeuDa63gF0.MGQtzlLXJ98zUjPC3g3d5hcvZUiF6-NwZwz8lYHnVn0&dib_tag=se&keywords=wireless+headphones&qid=1779560142,,"{""_inline"":""M.R.P: · FREE delivery 29 May - 8 Jun""}",amazon
"P47 Headphones Stereo, Memory Card Bluetooth Headset (Multicolor)",P47,Headphones,359,1599,78,3.8,6,https://m.media-amazon.com/images/I/41y-uaZIp9L._AC_UL500_.jpg,https://www.amazon.in/P47-Headphones-Stereo-Bluetooth-Headset/dp/B0D2QVGGHF/ref=sr_1_29?dib=eyJ2IjoiMSJ9.uANdGswugvuYF0y9a3insUZGxW2MkGubkfXFpZbBRPlSadehWHPY64r0ahwasEGa43657u6KOTpsxPYR-l_rFmLzSH0EYrUAy7mAFwPFrF-co6_FfCSoPHJMLq7_ft0sNmnG2F4rY45za6qd8FKTPitw9vcbEWUi9Wjt1rbEFTR8CS0nsdntWqyV85_AVa14AnnWMfkxFsNXfoEeWhmy6Mr8U00PyEKpVkeuDa63gF0.MGQtzlLXJ98zUjPC3g3d5hcvZUiF6-NwZwz8lYHnVn0&dib_tag=se&keywords=wireless+headphones&qid=1779560142,,"{""_inline"":""50+ bought in past month · M.R.P: · FREE delivery Thu, 28 May""}",amazon
"Portronics Harmonics Z7 Bluetooth Wireless in Ear Earphones with Upto 40 Hours Playback,",Portronics,Headphones,605,1999,70,4,3628,https://m.media-amazon.com/images/I/51dl2fDChGL._AC_UL500_.jpg,https://www.amazon.in/Portronics-Harmonics-Bluetooth-Earphones-Resistant/dp/B0C9V3437T/ref=sr_1_30?dib=eyJ2IjoiMSJ9.uANdGswugvuYF0y9a3insUZGxW2MkGubkfXFpZbBRPlSadehWHPY64r0ahwasEGa43657u6KOTpsxPYR-l_rFmLzSH0EYrUAy7mAFwPFrF-co6_FfCSoPHJMLq7_ft0sNmnG2F4rY45za6qd8FKTPitw9vcbEWUi9Wjt1rbEFTR8CS0nsdntWqyV85_AVa14AnnWMfkxFsNXfoEeWhmy6Mr8U00PyEKpVkeuDa63gF0.MGQtzlLXJ98zUjPC3g3d5hcvZUiF6-NwZwz8lYHnVn0&dib_tag=se&keywords=wireless+headphones&qid=1779560142,"Uninterrupted Play Time - Enjoy 40 hours of continuous playback time after 2 hours of full charging. Supports type-C charging. | Powerful Bass - Get immersive sound quality with 10 mm dynamic drivers for listening to music, gaming, calls along with rich bass and crisp details. | High-Speed Connectivity - Designed with latest Bluetooth 5.3, the wireless neckband allows super-fast pairing and is compatible with Android, iOS devices. | Voice-Enabled Earphone Interface - The multifunction ON/OFF button can be used to call upon your device’s voice assistant- google voice assistant, Apple’s Siri and","{""Brand Name"":""Portronics"",""Model Number"":""POR-1979"",""Model Name"":""Harmonics Z7"",""Box Contents"":""Cable 1N, Documentation 1N, headset 1N"",""Age Range Description"":""Adult"",""Country of Origin"":""India"",""Warranty Description"":""1 Year Manufacturing Warranty"",""Number of Items"":""1"",""Global Trade Identification Number"":""08904336809790"",""Manufacturer"":""Portronics Digital Pvt Ltd., Portronics Digital Pvt Ltd., Portronics Digital Pvt Ltd, Unit No. 1082-1090, 10th Floor, Block-B, Vegas, Dwarka, Sec-14, New Delhi-110075, 9555-245-245"",""Manufacturer Contact Information"":""Portronics Digital Pvt Ltd., Portronics Digital Pvt Ltd, Unit No. 1082-1090, 10th Floor, Block-B, Vegas, Dwarka, Sec-14, New Delhi-110075, 9555-245-245"",""Item Type Name"":""Bluetooth Neckband"",""Importer Contact Information"":""Portronics Digital Pvt Ltd, FLOOR-1st and 2nd, B-76, Wazirpur Industrial area, Wazirpur, New Delhi, Delhi, 110052"",""Packer Contact Information"":""Portronics Digital Pvt Ltd., Portronics Digital Pvt Ltd, Unit No. 1082-1090, 10th Floor, Block-B, Vegas, Dwarka, Sec-14, New Delhi-110075, 9555-245-245"",""Best Sellers Rank"":""#729 in Electronics (See Top 100 in Electronics) #100 in In-Ear Headphones"",""ASIN"":""B0C9V3437T"",""Headphones Ear Placement"":""In Ear"",""Headphone Form Factor"":""In Ear"",""Earpiece Shape"":""rounded tips"",""Control Type"":""Voice Control"",""Control Method"":""Touch"",""Battery Charge Time"":""2 Hours"",""Battery Average Life"":""40 Hours"",""Impedance Unit of Measure"":""4 Ohms"",""Noise Control"":""None"",""Audio Driver Type"":""Dynamic Driver"",""Audio Driver Size"":""10 Millimetres"",""Frequency Range"":""20hz - 20khz"",""Enclosure Material"":""Silicone"",""Specific Uses For Product"":""Entertainment, Travel"",""Antenna Location"":""Gaming"",""Compatible Devices"":""Android, iOS devices"",""Cable Features"":""Without Cable"",""Water Resistance Level"":""Water Resistant"",""Product Features"":""10mm Dynamic Drivers, 40 Hrs playtime, Bluetooth Version 5.3, Magnetic Latch, Type C Charging Port"",""Headphone Jack"":""usb"",""Network Connectivity Technology"":""Wireless"",""Wireless Technology Type"":""Bluetooth"",""Bluetooth Range"":""10 Metres"",""Bluetooth Version"":""5.3"",""Colour"":""Black"",""Style Name"":""Harmonics Z7"",""Theme"":""music"",""Item Weight Unit of Measure"":""150 Grams"",""Unit Count"":""1.00 Count""}",amazon
"Boat Rockerz 512 ANC,(~40dB) Hybrid ANC, 80H Battery, 40mm Drivers, 40ms Low Latency, ENx",boAt,Headphones,3099,7990,61,4.2,30980,https://m.media-amazon.com/images/I/61Ql5di0WhL._AC_UL500_.jpg,https://www.amazon.in/boAt-Bluetooth-Headphones-Wireless-Headphone/dp/B0FG2QDFD7/ref=sr_1_32?dib=eyJ2IjoiMSJ9.uANdGswugvuYF0y9a3insUZGxW2MkGubkfXFpZbBRPlSadehWHPY64r0ahwasEGa43657u6KOTpsxPYR-l_rFmLzSH0EYrUAy7mAFwPFrF-co6_FfCSoPHJMLq7_ft0sNmnG2F4rY45za6qd8FKTPitw9vcbEWUi9Wjt1rbEFTR8CS0nsdntWqyV85_AVa14AnnWMfkxFsNXfoEeWhmy6Mr8U00PyEKpVkeuDa63gF0.MGQtzlLXJ98zUjPC3g3d5hcvZUiF6-NwZwz8lYHnVn0&dib_tag=se&keywords=wireless+headphones&qid=1779560142,"40dB Hybrid ANC: Dive into sound with the boAt Rockerz 512 ANC Bluetooth Headphones. Advanced hybrid Active Noise Cancellation technology effectively reduces ambient sound by up to 40dB, letting you relax in a world of undisturbed audio. | 80 Hours of Playback: Keep the music flowing with an incredible 80-hour battery life. Whether you are jamming to your playlist or catching up with friends, your Rockerz won’t let you down with charging woes. | 40mm Drivers: Experience dynamic sound with powerful 40mm drivers. From cinematic soundtracks to high-energy beats, the bass-heavy boAt Signature Soun","{""Brand Name"":""boAt"",""Model Number"":""PB0012"",""Model Name"":""Rockerz"",""Box Contents"":""Cable, Headphones, User Manual"",""Age Range Description"":""Adult, Teen"",""Country of Origin"":""China"",""Warranty Description"":""1 year warranty from the date of purchase"",""Number of Items"":""2"",""Manufacturer"":""Imagine Marketing Limited, info@imaginemarketingindia.com"",""Manufacturer Contact Information"":""info@imaginemarketingindia.com"",""Item Type Name"":""Headphones"",""Importer Contact Information"":""Imagine Marketing Ltd"",""Packer Contact Information"":""Imagine Marketing Ltd"",""Best Sellers Rank"":""#367 in Electronics (See Top 100 in Electronics) #5 in Over-Ear Headphones"",""ASIN"":""B0FG2QDFD7"",""Colour"":""Bold Blue"",""Item Weight Unit of Measure"":""250 Grams"",""Unit Count"":""1 Piece"",""Noise Control"":""Adaptive Noise Cancellation"",""Audio Driver Type"":""Dynamic Driver"",""Enclosure Material"":""Plastic"",""Specific Uses For Product"":""Sports, Travel, Gaming"",""Compatible Devices"":""Smartphones, Laptops, Tablets, Smart Speakers"",""Water Resistance Level"":""Water Resistant"",""Product Features"":""Hybrid ANC, ENx Technology, BEAST Mode, Water Resistant"",""Headphone Jack"":""No Jack"",""Network Connectivity Technology"":""Bluetooth"",""Wireless Technology Type"":""Bluetooth"",""Bluetooth Version"":""5.4"",""Headphones Ear Placement"":""Over Ear"",""Headphone Form Factor"":""Over Ear"",""Earpiece Shape"":""Over Ear"",""Control Method"":""Voice"",""Battery Average Life"":""80 Hours""}",amazon
"ZEBRONICS Zeb-Evolve BTv5.0, Voice Assistant, Rapid Charge, Dual Pairing, Call Function,",Zebronics,Headphones,449,1870.83,70,3.8,2100,https://m.media-amazon.com/images/I/519ubHUdP3L._AC_UL500_.jpg,https://www.amazon.in/ZEBRONICS-Zeb-Evolve-Supporting-Metallic-Green/dp/B09GFVB6N8/ref=sr_1_33?dib=eyJ2IjoiMSJ9.uANdGswugvuYF0y9a3insUZGxW2MkGubkfXFpZbBRPlSadehWHPY64r0ahwasEGa43657u6KOTpsxPYR-l_rFmLzSH0EYrUAy7mAFwPFrF-co6_FfCSoPHJMLq7_ft0sNmnG2F4rY45za6qd8FKTPitw9vcbEWUi9Wjt1rbEFTR8CS0nsdntWqyV85_AVa14AnnWMfkxFsNXfoEeWhmy6Mr8U00PyEKpVkeuDa63gF0.MGQtzlLXJ98zUjPC3g3d5hcvZUiF6-NwZwz8lYHnVn0&dib_tag=se&keywords=wireless+headphones&qid=1779560142,Metallic Wireless Neckband Earphone for Make Calls & Music Playback | Seamless Connectivity with Bluetooth Version 5.0 | Voice Assistant Support: Ok Google & Hey Siri | Rapid Charging Technology with Type C Port | Can be Connected via 2 Devices Simultaneously with Dual Pairing Feature,"{""Brand Name"":""ZEBRONICS"",""Model Number"":""ZEB-EVOLVE (Metallic Green)"",""Model Name"":""ZEB-EVOLVE"",""Box Contents"":""1 Unit Neckband,1 Unit Charging Cable,1 Unit User Manual,2 Pairs Earbuds"",""Age Range Description"":""Adult"",""Country of Origin"":""India"",""Warranty Description"":""One year carry into service centre"",""Number of Items"":""1"",""Manufacturer"":""Zebronics India Private Limited, ‎Zebronics India Private Limited, 13/7, Smith Road,,Royapettah CHENNAI-600002"",""Manufacturer Contact Information"":""Zebronics India Private Limited"",""Item Type Name"":""Zebronics ZEB-EVOLVE Wireless ​in Ear​ ​Neckband Earphone​ ​with Supporting BTv5.0, Voice Assistant, Rapid Charge, Up to 17H Playback, Dual Pairing, Call Function & Magnetic Earpiece (Metallic Green)"",""Importer Contact Information"":""Survey No 508/2, Door No 50/2, Inner Ring Road, Madhavaram, Chennai - 600060"",""Packer Contact Information"":""13/7, Smith Road,,Royapettah CHENNAI-600002"",""Best Sellers Rank"":""#1,037 in Electronics (See Top 100 in Electronics) #136 in In-Ear Headphones"",""ASIN"":""B09GFVB6N8"",""Colour"":""Metallic green"",""Style Name"":""ZEB-EVOLVE (Metallic Green)"",""Theme"":""music"",""Item Weight Unit of Measure"":""24 Grams"",""Unit Count"":""24 Grams"",""Impedance Unit of Measure"":""16 Ohms"",""Noise Control"":""Active Noise Cancellation"",""Audio Driver Type"":""Dynamic Driver"",""Audio Driver Size"":""10 Millimetres"",""Specific Uses For Product"":""Music"",""Antenna Location"":""Exercising, Motorcycling, Running"",""Compatible Devices"":""All Bluetooth Devices, Laptops, Mobile Phones, Tablets, PC, Smart TVs, iOS, Android"",""Cable Features"":""Without Cable"",""Product Features"":""Dual Pairing, Fast Charging, Flexible, Sweatproof"",""Headphone Jack"":""usb"",""Network Connectivity Technology"":""Bluetooth 5.0"",""Wireless Technology Type"":""Bluetooth"",""Bluetooth Version"":""5"",""Headphones Ear Placement"":""In Ear"",""Headphone Form Factor"":""In Ear"",""Earpiece Shape"":""in_ear"",""Control Type"":""Call Control, Volume Control & Media Control"",""Control Method"":""Voice"",""Battery Charge Time"":""1 Hours"",""Battery Average Life"":""17 Hours""}",amazon
"Boat Rockerz Plus 550, Customizable Earcups, 100H Battery, 50mm Drivers, Dual Pair,",boAt,Headphones,2299,4990,54,4.1,66309,https://m.media-amazon.com/images/I/81nacVY+yVL._AC_UL500_.jpg,https://www.amazon.in/boAt-Customizable-Bluetooth-Headphones-Headphone/dp/B0FHHM74H8/ref=sr_1_34?dib=eyJ2IjoiMSJ9.uANdGswugvuYF0y9a3insUZGxW2MkGubkfXFpZbBRPlSadehWHPY64r0ahwasEGa43657u6KOTpsxPYR-l_rFmLzSH0EYrUAy7mAFwPFrF-co6_FfCSoPHJMLq7_ft0sNmnG2F4rY45za6qd8FKTPitw9vcbEWUi9Wjt1rbEFTR8CS0nsdntWqyV85_AVa14AnnWMfkxFsNXfoEeWhmy6Mr8U00PyEKpVkeuDa63gF0.MGQtzlLXJ98zUjPC3g3d5hcvZUiF6-NwZwz8lYHnVn0&dib_tag=se&keywords=wireless+headphones&qid=1779560142,"Customizable Earcups: Match your vibe every day with the boAt Rockerz Plus 550 Bluetooth Headphones, featuring customizable earcups. Effortlessly change the design and flaunt your unique style while enjoying your favorite tracks in comfort. | 50mm Drivers: Feel every beat with powerful 50mm drivers that pump out punchy audio. boAt Signature Sound brings rich bass and vibrant clarity to elevate music, movies, and more. | Up to 100 Hours of Playback: Power through long playlists or back-to-back calls with up to 100 hours of battery life. Rockerz Plus 550 is built to keep up with your daily hustl","{""Brand Name"":""boAt"",""Model Number"":""1000003843"",""Model Name"":""Rockerz 550"",""Box Contents"":""Aux Cable, Cable, Headphones, User Manual"",""Age Range Description"":""Adult"",""Country of Origin"":""China"",""Warranty Description"":""1 year warranty date of purchase"",""Number of Items"":""4"",""Manufacturer"":""Imagine Marketing Ltd, info@imaginemarketingindia.com"",""Manufacturer Contact Information"":""info@imaginemarketingindia.com"",""Item Type Name"":""Headphones"",""Importer Contact Information"":""Imagine Marketing Ltd"",""Packer Contact Information"":""Imagine Marketing Ltd"",""Best Sellers Rank"":""#947 in Electronics (See Top 100 in Electronics) #20 in Over-Ear Headphones"",""ASIN"":""B0FHHM74H8"",""Colour"":""Black Psyche"",""Control Method"":""Push Button"",""Battery Charge Time"":""2.5 Hours"",""Battery Average Life"":""100 Hours"",""Noise Control"":""Passive Noise Cancellation"",""Audio Driver Type"":""Dynamic Driver"",""Frequency Range"":""20Hz - 20kHz"",""Enclosure Material"":""Memory Foam, Silicone"",""Specific Uses For Product"":""Entertainment, Travel"",""Compatible Devices"":""Cellphones"",""Water Resistance Level"":""Water Resistant"",""Product Features"":""Noise Isolation"",""Headphone Jack"":""3.5 mm Jack"",""Network Connectivity Technology"":""Bluetooth"",""Wireless Technology Type"":""Bluetooth"",""Bluetooth Range"":""10 Metres"",""Bluetooth Version"":""5.4"",""Headphones Ear Placement"":""Over Ear"",""Headphone Form Factor"":""Over Ear"",""Earpiece Shape"":""over_ear"",""Item Weight Unit of Measure"":""250 Grams"",""Unit Count"":""1 Piece""}",amazon
"Boat Airdopes Joy, 35Hrs Battery, Fast Charge, IWP Tech, Low Latency, 2Mic ENx, Type-C",boAt,Headphones,899,3490,74,3.8,9405,https://m.media-amazon.com/images/I/512jrg8-68L._AC_UL500_.jpg,https://www.amazon.in/boAt-Airdopes-Alpha-Wireless-Earbuds/dp/B0C3ZYFZ77/ref=sr_1_35?dib=eyJ2IjoiMSJ9.uANdGswugvuYF0y9a3insUZGxW2MkGubkfXFpZbBRPlSadehWHPY64r0ahwasEGa43657u6KOTpsxPYR-l_rFmLzSH0EYrUAy7mAFwPFrF-co6_FfCSoPHJMLq7_ft0sNmnG2F4rY45za6qd8FKTPitw9vcbEWUi9Wjt1rbEFTR8CS0nsdntWqyV85_AVa14AnnWMfkxFsNXfoEeWhmy6Mr8U00PyEKpVkeuDa63gF0.MGQtzlLXJ98zUjPC3g3d5hcvZUiF6-NwZwz8lYHnVn0&dib_tag=se&keywords=wireless+headphones&qid=1779560142,"Low Latency BEAST Mode: Experience lag-free high-quality gaming with low latency of up to 50 ms. Visuals align with impactful audio for realistic action. | Extensive Playtime: Up to 35 hours of performance gives you plenty of time to listen to your preferred tunes. As for OTT, you can tick off your watchlist with Airdopes Alpha as your audio companion. | boAt Signature Sound: Powered by dual 13 mm drivers, these earbuds deliver matchless boAt Signature sound with superior bass. | ENx Tech with Dual Mics: To offer unparalleled sound clarity, the dual mics of these earbuds are enhanced with ENxT","{""Brand Name"":""boAt"",""Model Number"":""1000002458"",""Model Name"":""Airdopes Alpha"",""Box Contents"":""1 X TWS Earbuds,1 X Charging Cable,1 X User Manual,2 X Additional Earbuds"",""Age Range Description"":""Adult"",""Country of Origin"":""India"",""Warranty Description"":""1 year warranty from the date of purchase"",""Customer Package Type"":""Carrying Case"",""Number of Items"":""4"",""Manufacturer"":""‎Imagine Marketing Ltd, ‎Imagine Marketing Ltd"",""External Testing Certification"":""00549-24-16456"",""Manufacturer Contact Information"":""‎Imagine Marketing Ltd"",""Item Type Name"":""Airdopes Alpha"",""Importer Contact Information"":""Imagine Marketing Limited, Unit no. 204 & 205, 2nd floor, D-wing & E-wing, Corporate Avenue, Andheri Ghatkopar Link Road, Mumbai, Maharashtra-400093, India"",""Packer Contact Information"":""Imagine Marketing Limited, Unit no. 204 & 205, 2nd floor, D-wing & E-wing, Corporate Avenue, Andheri Ghatkopar Link Road, Mumbai, Maharashtra-400093, India"",""Best Sellers Rank"":""#59 in Electronics (See Top 100 in Electronics) #17 in In-Ear Headphones"",""ASIN"":""B0C3ZYFZ77"",""Headphones Ear Placement"":""In Ear"",""Headphone Form Factor"":""In Ear"",""Earpiece Shape"":""Bud"",""Control Type"":""Voice Control"",""Control Method"":""Touch"",""Controller Type"":""Voice Control"",""Battery Charge Time"":""10 Minutes"",""Battery Average Life"":""35 Hours"",""Impedance Unit of Measure"":""100 Ohms"",""Noise Control"":""Active Noise Cancellation"",""Audio Driver Type"":""Dynamic Driver"",""Audio Driver Size"":""13 Millimetres"",""Frequency Range"":""20Hz-20KHz"",""Enclosure Material"":""Plastic"",""Specific Uses For Product"":""Entertainment, Gaming, Travel"",""Antenna Location"":""Entertainment"",""Compatible Devices"":""Smartphones, Tablets, Laptops, Desktops, Smart TVs, Car Audio Systems"",""Cable Features"":""Without Cable"",""Water Resistance Level"":""Water Resistant"",""Carrying Case Material"":""Plastic"",""Product Features"":""ENx Tech"",""Headphone Jack"":""usb"",""Network Connectivity Technology"":""Bluetooth"",""Wireless Technology Type"":""Bluetooth"",""Bluetooth Range"":""10 Metres"",""Bluetooth Version"":""5.3"",""Colour"":""Jet Black"",""Style Name"":""Modern"",""Carrying Case Color"":""Black"",""Theme"":""sport"",""Subject Character"":""Headset"",""Item Weight Unit of Measure"":""50 Grams"",""Unit Count"":""1 Count""}",amazon
"Boat Rockerz 412, 60H Battery, 40Mm Drivers, 40Ms Low Latency, ENx Tech, Stream Ad Free",boAt,Headphones,1599,2999,47,3.8,515,https://m.media-amazon.com/images/I/71YVHVhNNkL._AC_UL500_.jpg,https://www.amazon.in/boAt-Bluetooth-Headphones-Wireless-Headphone/dp/B0FC327SXQ/ref=sr_1_36?dib=eyJ2IjoiMSJ9.uANdGswugvuYF0y9a3insUZGxW2MkGubkfXFpZbBRPlSadehWHPY64r0ahwasEGa43657u6KOTpsxPYR-l_rFmLzSH0EYrUAy7mAFwPFrF-co6_FfCSoPHJMLq7_ft0sNmnG2F4rY45za6qd8FKTPitw9vcbEWUi9Wjt1rbEFTR8CS0nsdntWqyV85_AVa14AnnWMfkxFsNXfoEeWhmy6Mr8U00PyEKpVkeuDa63gF0.MGQtzlLXJ98zUjPC3g3d5hcvZUiF6-NwZwz8lYHnVn0&dib_tag=se&keywords=wireless+headphones&qid=1779560142,,"{""_inline"":""500+ bought in past month · M.R.P: · FREE delivery Mon, 25 MayOr fastest delivery Tomorrow 7:59 am - 10:00 am""}",amazon
"Bouncefit D20 Y68 Fitness Band Smart Watch for Men, Women, Boys, Girls, Kids – Single",Bouncefit,Watches,396,2999,87,3.4,4096,https://m.media-amazon.com/images/I/51VZN8HIAFL._AC_UL500_.jpg,https://www.amazon.in/Bouncefit-D20-Fitness-Band-Smartwatch/dp/B0BSGXWTGP/ref=sr_1_4?dib=eyJ2IjoiMSJ9.oTBssbyzdzfSCM1jTz-pBsz5JMNrPUF1SO-uCuet9f8DnUHIjAmD8lx56d5jmakLnKUjQeqci79SJSLvPdOdGyZ0pyRDRsfc5hTXWTleZ-MZSjOh3J3rxu2bTZZFqjiY918y_I_YGTJDAJt9iW6M92X9J9zptmFggaDpO7e4xPPyDJZUffQfnKlO40WaR_s-uGpsRGCD8YbzcZ3hqvxMJKCu8rw-FfHZLhArySaqA7M.xjY8t4HAPXysxuv5h8h9RwRUdAZ9jvGwBkDzCHioRIE&dib_tag=se&keywords=smartwatches&qid=1779560152&sr=8-4,"NOTE- NO CALLING FEATURE-You will receive only notification to See Calls & Messages on Your Wrist: Receive/Rejection call, calendar, SMS and SNS (Facebook, WhatsApp, LinkedIn, Instagram, and Twitter) notifications on display, fitness tracker band let you never miss the messages that matter. | Water proof Smart fitness Watch with Bluetooth And Heart Rate sensor, Activity Recorder, Sleep Monitor, Calorie Counter, Call Notifications, Alarm, Message, Usb Charging Supports smart phones, Tablets and PC's and also support Android and IOS | All-day activity tracking: Track steps, distance, calories bu","{""Operating System"":""Android, ios"",""Product Features"":""Activity Tracker, Blood Pressure Monitor, Calorie Tracker, Daily Workout Memory, Sedentary Reminder"",""GPS Geotagging Functionality"":""No GPS"",""Band Material Type"":""Silicone"",""Case Material Type"":""Plastic"",""Water Resistance Level"":""Water Resistant"",""Sport Type"":""Multi-Sports"",""Human Interface Input"":""Touch Pad"",""Clasp Type"":""Tang Buckle"",""Supported Application"":""Fitpro"",""Water Resistance Depth"":""10 Metres"",""Controller Type"":""Touch Control"",""Metrics Measured"":""Blood Oxygen (SpO2), Calories Burned, Distance, Step Count"",""Closure Type"":""pin buckle"",""Shape"":""Square"",""Style Name"":""Sports Strap"",""Colour"":""Jet Black"",""Band Color"":""Jet Black"",""Battery Capacity"":""150 Milliamp Hours"",""Battery Cell Type"":""Lithium Ion"",""Battery Average Life"":""1 Days"",""Battery Charge Time"":""2 Hours"",""Battery Power"":""100"",""Compatible Devices"":""Smartphone"",""Compatible Phone Models"":""Android Devices, iOS Devices"",""Band Width"":""20 Millimetres"",""Item Weight Unit of Measure"":""0.08 Kilograms"",""Item Dimensions"":""30 x 30 x 4 Millimeters"",""Band Length"":""220 Millimetres"",""Item Dimensions D x W x H"":""30D x 30W x 4H Millimeters"",""Brand Name"":""Bouncefit"",""Model Name"":""D20-JB-10"",""Target Audience"":""Boys, Men, Unisex Adults, Unisex Kids, Women"",""Age Range Description"":""Adult, Kids"",""Model Number"":""D20-JB-10"",""Box Contents"":""1 X D20 Smartwatch (No Charging Cable included as it it Direct Plug In Watch), 1 X Instructions Manual"",""Warranty Description"":""6 Months Manufacturer Warranty"",""Wearable Computer Type"":""Smart Watch"",""Manufacturer"":""Matrix International, Matrix International"",""Packer Contact Information"":""Matrix International, Ph : 9560335864"",""Unit Count"":""1.00 Piece"",""Manufacturer Contact Information"":""Matrix International"",""Country of Origin"":""China"",""Importer Contact Information"":""Matrix International, Ph : 9560335864"",""Item Type Name"":""Smart Watch"",""Best Sellers Rank"":""#1,057 in Electronics (See Top 100 in Electronics) #35 in Smart Watches"",""ASIN"":""B0BSGXWTGP"",""Connectivity Technology"":""Bluetooth"",""Wireless Compability"":""Bluetooth"",""Wireless Provider"":""du"",""Communication Feature"":""Bluetooth"",""Screen Size Unit of Measure"":""3.04 Centimetres"",""Display Type"":""OLED"",""Resolution"":""240 x 240"",""Memory Storage Capacity"":""100 MB"",""RAM Memory Installed"":""100 MB"",""Warranty Type"":""Limited""}",amazon
"Fire-Boltt Talk Round Smart Watch 1.39″ TFT Display with Bluetooth Calling, Dual Button,",Fire-Boltt,Watches,1299,11999,89,4,60488,https://m.media-amazon.com/images/I/718aQSkSKmL._AC_UL500_.jpg,https://www.amazon.in/Fire-Boltt-Bluetooth-Calling-Smartwatch-Assistance/dp/B0F2Z2TRK9/ref=sr_1_5?dib=eyJ2IjoiMSJ9.oTBssbyzdzfSCM1jTz-pBsz5JMNrPUF1SO-uCuet9f8DnUHIjAmD8lx56d5jmakLnKUjQeqci79SJSLvPdOdGyZ0pyRDRsfc5hTXWTleZ-MZSjOh3J3rxu2bTZZFqjiY918y_I_YGTJDAJt9iW6M92X9J9zptmFggaDpO7e4xPPyDJZUffQfnKlO40WaR_s-uGpsRGCD8YbzcZ3hqvxMJKCu8rw-FfHZLhArySaqA7M.xjY8t4HAPXysxuv5h8h9RwRUdAZ9jvGwBkDzCHioRIE&dib_tag=se&keywords=smartwatches&qid=1779560152&sr=8-5,"【1.39 inch HD Display】- This smartwatch has a 1.39” TFT LCD Full Touch Display with a 2D High Hardness Glass for super protection and a high resolution of 240*240 pixels The watch has 650 NITS Peak Brightness【Full Metal Body】- This watch is long lasting and durable with its metal body feature | 【 Battery Life】- The watch can work for 3 Days with Bluetooth Calling ( Normal Usage )*, 8 Days without Bluetooth Calling. System requirements: Bluetooth version 5.0 and above. IOS 7.0 and above, Android version 4.4 and above. | Charging Specs - The watch needs to be charged for 3 hours to reach 100%. T","{""Operating System"":""Smartwatch"",""GPS Geotagging Functionality"":""No GPS"",""Band Material Type"":""Silicone"",""Case Material Type"":""Zinc Alloy"",""Water Resistance Level"":""Water Resistant"",""Sport Type"":""Fitness"",""Human Interface Input"":""Buttons, Microphone, Touchscreen"",""Clasp Type"":""Tang Buckle"",""Supported Application"":""Contacts, Email, Heart Rate Monitor, Phone, Weather"",""Water Resistance Depth"":""1 Metres"",""Controller Type"":""Touch Control"",""Metrics Measured"":""Accelerometer, Optical Heart Rate Sensor, Blood Oxygen Sensor"",""Closure Type"":""Buckle"",""Shape"":""Round"",""Style Name"":""Talk"",""Colour"":""Green Wave"",""Band Color"":""Green"",""Connectivity Technology"":""Bluetooth"",""Wireless Compability"":""Bluetooth"",""Communication Feature"":""Bluetooth"",""Compatible Devices"":""Smartphone"",""Compatible Phone Models"":""Android Devices, iOS Devices"",""Band Width"":""22 Millimetres"",""Item Weight Unit of Measure"":""50 Grams"",""Band Length"":""257 Millimetres"",""Brand Name"":""Fire-Boltt"",""Model Name"":""Talk 2"",""Target Audience"":""Men, Smart Watch, Unisex Adults, Unisex Youth, Women"",""Age Range Description"":""13 - 65"",""Model Number"":""BSW118"",""Box Contents"":""1U Smartwatch, 1U Charging Cable, 1U Manual"",""Warranty Description"":""1 Year"",""Wearable Computer Type"":""Smart Watch"",""Manufacturer"":""Fire-Boltt"",""Packer Contact Information"":""Boltt Games Pvt Ltd"",""Unit Count"":""1 Piece"",""Country of Origin"":""India"",""Importer Contact Information"":""Boltt Games Pvt Ltd"",""Item Type Name"":""smartwatch"",""Best Sellers Rank"":""#122 in Electronics (See Top 100 in Electronics) #5 in Smart Watches"",""ASIN"":""B0F2Z2TRK9"",""Battery Cell Type"":""Lithium Ion"",""Battery Average Life"":""8 Days"",""Battery Charge Time"":""8 Days"",""Screen Size Unit of Measure"":""1.39 Inches"",""Display Type"":""Digital"",""Resolution"":""240 x 240"",""Maximum Display Brightness"":""650 Nit"",""Warranty Type"":""Brand Warranty"",""Product Features"":""1.39\"" Display Bluetooth Calling , 120 Sports Mode Tracking, In Built Mic & Speaker,IP68 Rating, Accelerometer, Activity Tracker, Alarm Clock, Breathe, SpO2, Heart Rate Tracking, Calorie Tracker, Camera, Daily Workout Memory, Distance Tracker, Multisport Tracker, Music Player, Notifications, Pedometer, Phone Call, Sedentary Reminder, Sleep Monitor, Text message, Time Display""}",amazon
"Fastrack Limitless Glide X 1.83"" Smart Watch with Ultra UV HD Display, SpO2, Heart Rate &",Fastrack,Watches,1299,2799,54,4,3909,https://m.media-amazon.com/images/I/71rNSvzQGlL._AC_UL500_.jpg,https://www.amazon.in/Fastrack-Limitless-SingleSync-Smartwatch-Assistant/dp/B0D9629NJQ/ref=sr_1_6?dib=eyJ2IjoiMSJ9.oTBssbyzdzfSCM1jTz-pBsz5JMNrPUF1SO-uCuet9f8DnUHIjAmD8lx56d5jmakLnKUjQeqci79SJSLvPdOdGyZ0pyRDRsfc5hTXWTleZ-MZSjOh3J3rxu2bTZZFqjiY918y_I_YGTJDAJt9iW6M92X9J9zptmFggaDpO7e4xPPyDJZUffQfnKlO40WaR_s-uGpsRGCD8YbzcZ3hqvxMJKCu8rw-FfHZLhArySaqA7M.xjY8t4HAPXysxuv5h8h9RwRUdAZ9jvGwBkDzCHioRIE&dib_tag=se&keywords=smartwatches&qid=1779560152&sr=8-6,"1.83” Large Display With 450 Nits Brightness - This smart watch features a 1.83"" vivid display with 240×286 resolution, 203 PPI sharpness, and panda glass for clear visibility indoors and outdoors—perfect for men and women | Bluetooth Calling & Seamless Controls - Answer or mute calls directly from your smartwatch with single-sync Bluetooth calling. Enjoy music & camera control, find phone, alarm, and calculator features—ideal smart watch for man & woman. | 100+ Sports Modes & Fitness Features - Track 100+ sports and fitness activities including walking, running, yoga, and more. Customize with","{""Display"":""1.83\"""",""Operating System"":""android & ios"",""Product Features"":""Activity Tracker, Heart Rate Monitor, Multisport Tracker, Phone Call, Stress Tracking"",""GPS Geotagging Functionality"":""No GPS"",""Band Material Type"":""Silicon"",""Case Material Type"":""Polycarbonate"",""Water Resistance Level"":""Water Resistant"",""Sport Type"":""Badminton, Basketball, Cycling, Running, Walking"",""Human Interface Input"":""Buttons, Microphone, Touchscreen"",""Clasp Type"":""Hook Buckle"",""Supported Application"":""Contacts, Heart Rate Monitor, Sleep Monitor"",""Water Resistance Depth"":""1.5 Metres"",""Controller Type"":""Google Assistant, Siri"",""Metrics Measured"":""Blood Oxygen, Calories Burned, Distance, Heart Rate, Sleep Duration, Step Count"",""Closure Type"":""Hook Buckle"",""Shape"":""Rectangular"",""Style Name"":""Limitless Glide"",""Colour"":""Jet Black"",""Band Color"":""Black"",""Battery Capacity"":""280"",""Battery Cell Type"":""Lithium Polymer"",""Battery Average Life"":""7 Days"",""Battery Power"":""280"",""Compatible Devices"":""Smartphone"",""Compatible Phone Models"":""Android Devices, iOS Devices"",""Item Weight Unit of Measure"":""48 Grams"",""Item Dimensions D x W x H"":""12D x 40W x 48H Millimeters"",""Warranty Type"":""1 Year Manufacturer Warranty"",""Waterproof Rating"":""IP68"",""Brand Name"":""Fastrack"",""Model Name"":""Fastrack Glide"",""Target Audience"":""Unisex Adults"",""Age Range Description"":""Youth"",""Model Number"":""38100PP06/38100PP06K"",""Box Contents"":""Watch, Magnetic Charging Cable, Quick Start Guide, Warranty Card"",""Warranty Description"":""1 Year Manufacturer"",""Wearable Computer Type"":""Smart Watch"",""Manufacturer"":""Fastrack, Imported by Titan Company Limited 3 Sipcot Industries complex, Hosur- 635126"",""Packer Contact Information"":""Titan Company Ltd, Titan Company Limited 3 Sipcot Industries Complex Hosur - 635126 Customer Care at 1800-266-0123 or email us at customercare@titan.co.in"",""Unit Count"":""1 Piece"",""Manufacturer Contact Information"":""Imported by Titan Company Limited 3 Sipcot Industries complex, Hosur- 635126"",""Country of Origin"":""China"",""Importer Contact Information"":""Titan Company Limited 3 Sipcot Industries complex, Hosur- 635126"",""Item Type Name"":""Smartwatch"",""Best Sellers Rank"":""#43 in Electronics (See Top 100 in Electronics) #2 in Smart Watches"",""ASIN"":""B0D9629NJQ"",""Connectivity Technology"":""Bluetooth"",""Wireless Compability"":""Bluetooth"",""Communication Feature"":""Notification"",""Screen Size Unit of Measure"":""46.48 Millimetres"",""Display Type"":""LCD"",""Resolution"":""240×286"",""Maximum Display Brightness"":""450 Nit"",""Memory Storage Capacity"":""16 MB""}",amazon
"Bouncefit M I D116 Fitness Band Smart Watch for Men, Women, Boys, Girls, Kids – Single",Bouncefit,Watches,396,2999,87,3.6,523,https://m.media-amazon.com/images/I/61kjHG3wqrL._AC_UL500_.jpg,https://www.amazon.in/D116-Fitness-Smart-Watch-Women/dp/B0D45BT2S2/ref=sr_1_7?dib=eyJ2IjoiMSJ9.oTBssbyzdzfSCM1jTz-pBsz5JMNrPUF1SO-uCuet9f8DnUHIjAmD8lx56d5jmakLnKUjQeqci79SJSLvPdOdGyZ0pyRDRsfc5hTXWTleZ-MZSjOh3J3rxu2bTZZFqjiY918y_I_YGTJDAJt9iW6M92X9J9zptmFggaDpO7e4xPPyDJZUffQfnKlO40WaR_s-uGpsRGCD8YbzcZ3hqvxMJKCu8rw-FfHZLhArySaqA7M.xjY8t4HAPXysxuv5h8h9RwRUdAZ9jvGwBkDzCHioRIE&dib_tag=se&keywords=smartwatches&qid=1779560152&sr=8-7,,"{""_inline"":""M.R.P:""}",amazon
"Fire-Boltt Ninja Call Pro Plus Bluetooth Calling Smart Watch, 1.83″ HD Display, AI Voice",Fire-Boltt,Watches,1199,19999,94,3.9,1,https://m.media-amazon.com/images/I/61rmkmqD5VL._AC_UL500_.jpg,https://www.amazon.in/Fire-Boltt-Bluetooth-Calling-Assistance-Resolution/dp/B0BF57RN3K/ref=sr_1_8?dib=eyJ2IjoiMSJ9.oTBssbyzdzfSCM1jTz-pBsz5JMNrPUF1SO-uCuet9f8DnUHIjAmD8lx56d5jmakLnKUjQeqci79SJSLvPdOdGyZ0pyRDRsfc5hTXWTleZ-MZSjOh3J3rxu2bTZZFqjiY918y_I_YGTJDAJt9iW6M92X9J9zptmFggaDpO7e4xPPyDJZUffQfnKlO40WaR_s-uGpsRGCD8YbzcZ3hqvxMJKCu8rw-FfHZLhArySaqA7M.xjY8t4HAPXysxuv5h8h9RwRUdAZ9jvGwBkDzCHioRIE&dib_tag=se&keywords=smartwatches&qid=1779560152&sr=8-8,,"{""Water Resistance"":""IP67"",""_inline"":""2K+ bought in past month · M.R.P: · FREE delivery Mon, 25 MayOr fastest delivery Tomorrow 7:59 am - 10:00 am""}",amazon
"Fire-Boltt Phoenix Pro Round Smart Watch 1.39″ HD Display with Bluetooth Calling, AI",Fire-Boltt,Watches,1099,11999,91,3.7,6708,https://m.media-amazon.com/images/I/61Cx3vx0mLL._AC_UL500_.jpg,https://www.amazon.in/Fire-Boltt-Bluetooth-Assistant-Monitoring-Burgandy/dp/B0DY7YPBJL/ref=sr_1_10?dib=eyJ2IjoiMSJ9.oTBssbyzdzfSCM1jTz-pBsz5JMNrPUF1SO-uCuet9f8DnUHIjAmD8lx56d5jmakLnKUjQeqci79SJSLvPdOdGyZ0pyRDRsfc5hTXWTleZ-MZSjOh3J3rxu2bTZZFqjiY918y_I_YGTJDAJt9iW6M92X9J9zptmFggaDpO7e4xPPyDJZUffQfnKlO40WaR_s-uGpsRGCD8YbzcZ3hqvxMJKCu8rw-FfHZLhArySaqA7M.xjY8t4HAPXysxuv5h8h9RwRUdAZ9jvGwBkDzCHioRIE&dib_tag=se&keywords=smartwatches&qid=1779560152&sr=8-10,【35.3mm (1.39 inch) Bigger Round Display】- Comes with a 35.3mm (1.39 inch) TFT Color Full Touch Screen and a 240*240 Pixel High Resolution this smart watch is covered to flaunt the sleek looks with a 280 NITS peak brightness | This men and women fashion smartwatch will work on a single charge for about 7 days (without Bluetooth calling) and about 4 Days with Bluetooth calling. | Charging Specs - The smart watch needs to be charged for 3 hours to reach 100%. The charger should be a 3.7V to 5V adapter or any laptop output. For a bare minimum of 20% charge the smartwatch needs to be charged for a,"{""Water Resistance"":""IP67"",""Operating System"":""Smartwatch"",""Product Features"":""Heart Rate Monitor,MultiSport Tracker,Touch Screen,Notifications,Sleep Monitor,Oxymeter (SpO2),Activity Tracker"",""GPS Geotagging Functionality"":""No GPS"",""Band Material Type"":""Silicone"",""Case Material Type"":""Metal"",""Water Resistance Level"":""Water Resistant"",""Sport Type"":""Fitness"",""Human Interface Input"":""Buttons, Dial, Microphone, Touchscreen"",""Clasp Type"":""Tang Buckle"",""Water Resistance Depth"":""1 Metres"",""Controller Type"":""Touch Control"",""Metrics Measured"":""Heart Rate, Blood Oxygen Monitor"",""Closure Type"":""Buckle"",""Shape"":""Round"",""Style Name"":""Phoenix Pro"",""Colour"":""Pro Burgandy"",""Band Color"":""Burgandy"",""Connectivity Technology"":""Bluetooth"",""Wireless Compability"":""Bluetooth"",""Communication Feature"":""Notification, Phone Call"",""Screen Size Unit of Measure"":""1.39 Inches"",""Display Type"":""LCD"",""Resolution"":""240 x 240"",""Maximum Display Brightness"":""280 Nit"",""Memory Storage Capacity"":""128 MB"",""Warranty Type"":""1 Year Brand"",""Waterproof Rating"":""IPX7"",""Brand Name"":""Fire-Boltt"",""Model Name"":""Phoenix Pro"",""Target Audience"":""Men, Unisex Adults, Unisex Youth, Women"",""Age Range Description"":""13 - 65"",""Model Number"":""BSW100"",""Box Contents"":""Smartwatch, Charging Cable, Warranty Card"",""Warranty Description"":""1 Year Brand Warranty"",""Wearable Computer Type"":""Smart Watch"",""Manufacturer"":""Fire-Boltt"",""Packer Contact Information"":""Boltt Games Pvt Ltd"",""Country of Origin"":""India"",""Importer Contact Information"":""Boltt Games Pvt Ltd"",""Item Type Name"":""Smartwatch"",""Best Sellers Rank"":""#179 in Electronics (See Top 100 in Electronics) #9 in Smart Watches"",""ASIN"":""B0DY7YPBJL"",""Battery Capacity"":""280"",""Battery Cell Type"":""Lithium Ion"",""Battery Average Life"":""5 Days"",""Battery Charge Time"":""3 Hours"",""Battery Power"":""220 Milliamp Hours"",""Compatible Devices"":""android & iOs"",""Compatible Phone Models"":""Android Devices, iOS Devices"",""Band Width"":""3 Millimetres"",""Item Weight Unit of Measure"":""30 Grams"",""Band Length"":""220 Millimetres"",""Supported Application"":""Alarm, Remote Camera, Contacts, Fitness Tracker, Heart Rate Monitor, SpO2,, Bluetooth Calling, IP67 Rating, 1.39\"" Round Display, Find Phone, Contact Sync, Dial Pad, Messages, Multisport Tracker, Remote Music Player, Pedometer, Phone, Reminders, Sleep Monitor, Social Media, Time Display,, Weather, Built In Mic & Speaker, Stopwatch, Timer, Find Phone""}",amazon
"Fire-Boltt Rise Smart Watch 1.85″ with Bluetooth Calling, AI Voice Assistant, Rotating",Fire-Boltt,Watches,1299,14999,91,4,41072,https://m.media-amazon.com/images/I/61Q7wKMrsIL._AC_UL500_.jpg,https://www.amazon.in/Fire-Boltt-Bluetooth-Rotating-Assistant-Monitoring/dp/B0DSF14WQZ/ref=sr_1_13?dib=eyJ2IjoiMSJ9.oTBssbyzdzfSCM1jTz-pBsz5JMNrPUF1SO-uCuet9f8DnUHIjAmD8lx56d5jmakLnKUjQeqci79SJSLvPdOdGyZ0pyRDRsfc5hTXWTleZ-MZSjOh3J3rxu2bTZZFqjiY918y_I_YGTJDAJt9iW6M92X9J9zptmFggaDpO7e4xPPyDJZUffQfnKlO40WaR_s-uGpsRGCD8YbzcZ3hqvxMJKCu8rw-FfHZLhArySaqA7M.xjY8t4HAPXysxuv5h8h9RwRUdAZ9jvGwBkDzCHioRIE&dib_tag=se&keywords=smartwatches&qid=1779560152&sr=8-13,"Effortless Bluetooth Calling: Stay connected on the go with a single BT connection chipset that ensures seamless Bluetooth calling. Built-in speaker and microphone provide crystal-clear calls for hands-free convenience. | AI Voice Assistance: Empower your daily routine with AI-powered voice assistance, letting you manage tasks, set alarms, get answers, and operate your smartwatch using simple voice commands. | 123 Sports Modes for Fitness Enthusiasts: Push your fitness goals further with 123 sports modes, including running, cycling, yoga, and swimming, to track and analyze performance for ever","{""Water Resistance"":""IP67"",""Operating System"":""android & ios"",""GPS Geotagging Functionality"":""No GPS"",""Band Material Type"":""Stainless Steel"",""Case Material Type"":""Metal"",""Water Resistance Level"":""Water Resistant"",""Human Interface Input"":""Buttons"",""Clasp Type"":""Tang Buckle"",""Water Resistance Depth"":""1 Metres"",""Controller Type"":""Touch control"",""Metrics Measured"":""optical heart rate sensor"",""Closure Type"":""Buckle"",""Shape"":""Square"",""Style Name"":""Rise Chain"",""Colour"":""Elite Black"",""Band Color"":""Black"",""Battery Capacity"":""250"",""Battery Cell Type"":""Lithium Ion"",""Battery Average Life"":""7 Days"",""Battery Charge Time"":""120 Minutes"",""Screen Size Unit of Measure"":""1.85 Inches"",""Display Type"":""Digital"",""Resolution"":""240 x 280"",""Warranty Type"":""Limited"",""Brand Name"":""Fire-Boltt"",""Model Name"":""Rise"",""Target Audience"":""Unisex Adult"",""Age Range Description"":""Adult"",""Model Number"":""BSW204"",""Box Contents"":""1 Smartwatch, 1 Charging Cable, 1 Manual, 1 Warranty Card"",""Warranty Description"":""1 Year Brand Warranty"",""Wearable Computer Type"":""Smart Watch"",""Manufacturer"":""Boltt Games Pvt Ltd, Fire-Boltt"",""Packer Contact Information"":""Boltt Games Pvt Ltd"",""Unit Count"":""1 Count"",""Manufacturer Contact Information"":""Boltt Games Pvt Ltd"",""Country of Origin"":""India"",""Importer Contact Information"":""Boltt Games Pvt Ltd"",""Item Type Name"":""Smart Watch"",""Best Sellers Rank"":""#76 in Electronics (See Top 100 in Electronics) #4 in Smart Watches"",""ASIN"":""B0DSF14WQZ"",""Connectivity Technology"":""Bluetooth"",""Wireless Compability"":""Bluetooth"",""Communication Feature"":""Bluetooth"",""Compatible Devices"":""Smartphone, Tablet"",""Compatible Phone Models"":""Android Devices"",""Item Weight Unit of Measure"":""0.4 Kilograms"",""Item Dimensions"":""38 x 43 x 11 Millimeters"",""Band Length"":""220 Millimetres"",""Item Dimensions D x W x H"":""11D x 43W x 38H Millimeters"",""Product Features"":""Accelerometer, Activity Tracker, Alarm Clock, Calorie Tracker, Camera, Bluetooth Calling, IP67 Smartwatch, 1.85\"" HD Display, Built In Mic & Speaker, Voice Assistant, Games, Find Phone, Daily Workout Memory, Distance Tracker, Multisport Tracker, Music Player, Notifications, Pedometer, Phone Call, Sedentary Reminder, Sleep Monitor, Text message, Time Display, Spo2 (Blood Oxygen Monitoring), Heart Rate Tracking"",""Supported Application"":""Alarm, Remote Camera, Contacts, Fitness Tracker, Heart Rate Monitor, SpO2,, Bluetooth Calling, IP67 Rating, 1.85\"" HD Display, Find Phone, Messages, Multisport Tracker, Remote Music Player, Pedometer, Phone, Reminders, Sleep Monitor, Social Media, Time Display,, Weather, Built In Mic & Speaker, Voice Assistant, Stopwatch, Timer, Games, Find Phone""}",amazon
"Boat Wave Call 3 Smartwatch 1.83” HD Display with Animated Watch Faces; BT Calling,",boAt,Watches,1399,6999,80,4.1,25881,https://m.media-amazon.com/images/I/71HwtfJ3c6L._AC_UL500_.jpg,https://www.amazon.in/Smartwatch-Display-Animated-Functional-Multiple/dp/B0FLF5KFQ8/ref=sr_1_14?dib=eyJ2IjoiMSJ9.oTBssbyzdzfSCM1jTz-pBsz5JMNrPUF1SO-uCuet9f8DnUHIjAmD8lx56d5jmakLnKUjQeqci79SJSLvPdOdGyZ0pyRDRsfc5hTXWTleZ-MZSjOh3J3rxu2bTZZFqjiY918y_I_YGTJDAJt9iW6M92X9J9zptmFggaDpO7e4xPPyDJZUffQfnKlO40WaR_s-uGpsRGCD8YbzcZ3hqvxMJKCu8rw-FfHZLhArySaqA7M.xjY8t4HAPXysxuv5h8h9RwRUdAZ9jvGwBkDzCHioRIE&dib_tag=se&keywords=smartwatches&qid=1779560152&sr=8-14,"1.83” (4.64 cm) HD Display: Enjoy a 4.64 cm big HD touchscreen that makes every glance feel premium. From checking time in bright sunlight to tracking health stats, the large display delivers crisp visibility. Moreover, the Raise to Wake gesture instantly when you lift your wrist, combining convenience with style. | Animated Watch Faces: Set an animated watch face as per your mood and style. Choose from a variety of playful, minimal, and tech-themed cloud watch faces to make your watch feel truly yours every day. | Advanced Bluetooth Calling: Get advanced Bluetooth calling functionality on you","{""Water Resistance"":""IP68"",""GPS Geotagging Functionality"":""No GPS"",""Band Material Type"":""Wood"",""Water Resistance Level"":""Water Resistant"",""Human Interface Input"":""Buttons, Microphone, Touchscreen"",""Supported Application"":""Notifications, Music & Camera Control, Fitness Tracking"",""Water Resistance Depth"":""1 Metres"",""Metrics Measured"":""Heart Rate Monitor, Sleep Duration Monitor, Distance/Step Count Monitor"",""Shape"":""Rectangular"",""Colour"":""Timber Brown"",""Battery Cell Type"":""Lithium Ion"",""Connectivity Technology"":""Bluetooth"",""Wireless Compability"":""Bluetooth"",""Communication Feature"":""Bluetooth"",""Screen Size Unit of Measure"":""1.83 Inches"",""Display Type"":""LCD"",""Item Weight Unit of Measure"":""60 Grams"",""Brand Name"":""boAt"",""Model Name"":""Wave"",""Target Audience"":""Unisex"",""Box Contents"":""Charging Cable, Smart Watch"",""Warranty Description"":""1 year warranty from the date of purchase"",""Wearable Computer Type"":""Smart Watch"",""Manufacturer"":""Imagine Marketing Ltd, info@imaginemarketingindia.com"",""Packer Contact Information"":""Imagine Marketing Ltd"",""Unit Count"":""1 Piece"",""Manufacturer Contact Information"":""info@imaginemarketingindia.com"",""Country of Origin"":""India"",""Importer Contact Information"":""Imagine Marketing Ltd"",""Item Type Name"":""Smart Watch"",""Best Sellers Rank"":""#258 in Electronics (See Top 100 in Electronics) #10 in Smart Watches"",""ASIN"":""B0FLF5KFQ8"",""Compatible Devices"":""Smartphone"",""Compatible Phone Models"":""Compatible with iOS and Android devices""}",amazon
"Fire-Boltt Phoenix Pro Round Smart Watch 1.39″ HD Display with Bluetooth Calling, AI",Fire-Boltt,Watches,1299,11999,89,3.9,1,https://m.media-amazon.com/images/I/61643EQDHqL._AC_UL500_.jpg,https://www.amazon.in/Fire-Boltt-Bluetooth-Smartwatch-Assistant-Monitoring/dp/B0BRKZG8GH/ref=sr_1_15?dib=eyJ2IjoiMSJ9.oTBssbyzdzfSCM1jTz-pBsz5JMNrPUF1SO-uCuet9f8DnUHIjAmD8lx56d5jmakLnKUjQeqci79SJSLvPdOdGyZ0pyRDRsfc5hTXWTleZ-MZSjOh3J3rxu2bTZZFqjiY918y_I_YGTJDAJt9iW6M92X9J9zptmFggaDpO7e4xPPyDJZUffQfnKlO40WaR_s-uGpsRGCD8YbzcZ3hqvxMJKCu8rw-FfHZLhArySaqA7M.xjY8t4HAPXysxuv5h8h9RwRUdAZ9jvGwBkDzCHioRIE&dib_tag=se&keywords=smartwatches&qid=1779560152&sr=8-15,,"{""Water Resistance"":""IP67"",""_inline"":""400+ bought in past month · M.R.P: · FREE delivery Wed, 27 MayOr fastest delivery Tomorrow 7:59 am - 10:00 am""}",amazon
"Bouncefit M I D116 Fitness Band Smart Watch for Men, Women, Boys, Girls, Kids – Single",Bouncefit,Watches,396,2999,87,3.5,1049,https://m.media-amazon.com/images/I/61xvs-2sD0L._AC_UL500_.jpg,https://www.amazon.in/D116-Fitness-Smart-Watch-Women/dp/B0D95TMQ3M/ref=sr_1_17?dib=eyJ2IjoiMSJ9.oTBssbyzdzfSCM1jTz-pBsz5JMNrPUF1SO-uCuet9f8DnUHIjAmD8lx56d5jmakLnKUjQeqci79SJSLvPdOdGyZ0pyRDRsfc5hTXWTleZ-MZSjOh3J3rxu2bTZZFqjiY918y_I_YGTJDAJt9iW6M92X9J9zptmFggaDpO7e4xPPyDJZUffQfnKlO40WaR_s-uGpsRGCD8YbzcZ3hqvxMJKCu8rw-FfHZLhArySaqA7M.xjY8t4HAPXysxuv5h8h9RwRUdAZ9jvGwBkDzCHioRIE&dib_tag=se&keywords=smartwatches&qid=1779560152&sr=8-17,"NOTE- NO CALLING FEATURE-You will receive only notification to See Calls & Messages on Your Wrist: Receive/Rejection call, calendar, SMS and SNS (Facebook, WhatsApp, LinkedIn, Instagram, and Twitter) notifications on display, fitness tracker band let you never miss the messages that matter. | Water proof Smart fitness Watch with Bluetooth And Heart Rate sensor, Activity Recorder, Sleep Monitor, Calorie Counter, Call Notifications, Alarm, Message, Usb Charging Supports smart phones, Tablets and PC's and also support Android and IOS | All-day activity tracking: Track steps, distance, calories bu","{""Operating System"":""Android, ios"",""Product Features"":""Activity Tracker, Blood Pressure Monitor, Calorie Tracker, Daily Workout Memory, Sedentary Reminder"",""GPS Geotagging Functionality"":""No GPS"",""Band Material Type"":""Silicone"",""Case Material Type"":""Plastic"",""Water Resistance Level"":""Water Resistant"",""Sport Type"":""Multi-Sports"",""Human Interface Input"":""Touchscreen"",""Clasp Type"":""Hook Buckle"",""Supported Application"":""Fitpro"",""Water Resistance Depth"":""10 Metres"",""Controller Type"":""Touch Control"",""Metrics Measured"":""Blood Oxygen (SpO2), Calories Burned, Distance, Step Count"",""Shape"":""Square"",""Style Name"":""Buckle Strap"",""Colour"":""Black"",""Band Color"":""Black"",""Battery Capacity"":""150 Milliamp Hours"",""Battery Cell Type"":""Lithium Ion"",""Battery Average Life"":""1 Days"",""Battery Charge Time"":""2 Hours"",""Battery Power"":""100"",""Compatible Devices"":""Smartphone"",""Compatible Phone Models"":""Android Devices, iOS Devices"",""Memory Storage Capacity"":""100 MB"",""RAM Memory Installed"":""100 MB"",""Warranty Type"":""Limited"",""Brand Name"":""Bouncefit"",""Target Audience"":""Boys, Men, Unisex Adults, Unisex Kids, Women"",""Age Range Description"":""Adult, Kids"",""Model Number"":""D116"",""Box Contents"":""1 X D116 Smartwatch, 1 X Instructions Manual"",""Warranty Description"":""6 Months Manufacturer Warranty"",""Wearable Computer Type"":""Smart Watch"",""Manufacturer"":""Matrix International, Matrix International"",""Packer Contact Information"":""Matrix International, Ph : 9560335864"",""Unit Count"":""1.00 Piece"",""Manufacturer Contact Information"":""Matrix International"",""Country of Origin"":""China"",""Importer Contact Information"":""Matrix International, Ph : 9560335864"",""Item Type Name"":""Smart Watch"",""Best Sellers Rank"":""#2,801 in Electronics (See Top 100 in Electronics) #75 in Smart Watches"",""ASIN"":""B0D95TMQ3M"",""Connectivity Technology"":""Bluetooth"",""Wireless Compability"":""Bluetooth"",""Communication Feature"":""Bluetooth"",""Screen Size Unit of Measure"":""3.04 Centimetres"",""Display Type"":""OLED"",""Resolution"":""240 x 240"",""Band Width"":""20 Millimetres"",""Item Weight Unit of Measure"":""0.08 Kilograms"",""Item Dimensions"":""30 x 30 x 4 Millimeters"",""Band Length"":""220 Millimetres"",""Item Dimensions D x W x H"":""30D x 30W x 4H Millimeters""}",amazon
"Fire-Boltt Axiom Round Smart Watch 1.43″ Super AMOLED Display with Always‑On Mode,",Fire-Boltt,Watches,1899,18999,90,3.8,6830,https://m.media-amazon.com/images/I/71gdP7CfeiL._AC_UL500_.jpg,https://www.amazon.in/Fire-Boltt-Bluetooth-Rotating-Waterproof-Smartwatch/dp/B0FP2H4K27/ref=sr_1_18?dib=eyJ2IjoiMSJ9.oTBssbyzdzfSCM1jTz-pBsz5JMNrPUF1SO-uCuet9f8DnUHIjAmD8lx56d5jmakLnKUjQeqci79SJSLvPdOdGyZ0pyRDRsfc5hTXWTleZ-MZSjOh3J3rxu2bTZZFqjiY918y_I_YGTJDAJt9iW6M92X9J9zptmFggaDpO7e4xPPyDJZUffQfnKlO40WaR_s-uGpsRGCD8YbzcZ3hqvxMJKCu8rw-FfHZLhArySaqA7M.xjY8t4HAPXysxuv5h8h9RwRUdAZ9jvGwBkDzCHioRIE&dib_tag=se&keywords=smartwatches&qid=1779560152&sr=8-18,"VIBRANT AMOLED DISPLAY WITH ALWAYS-ON MODE: Experience stunning clarity with a 1.43"" AMOLED display featuring a sharp 466×466 resolution and up to 1000 nits brightness. Enjoy vivid visuals with smart watch for men even in direct sunlight, with Always-On Display keeping key info visible at a glance. | HASSLE-FREE WIRELESS CHARGING: Say goodbye to tangled cables. The Axiom smart watch for women supports wireless charging for a clean, effortless power-up experience. Just place it on the pad and you're ready to go. | INTUITIVE NAVIGATION WITH ROTATING CROWN & BUTTONS: Easily scroll and navigate th","{""Water Resistance"":""IP67"",""Display Type"":""AMOLED"",""GPS Geotagging Functionality"":""No GPS"",""Band Material Type"":""Stainless Steel"",""Water Resistance Level"":""Water Resistant"",""Human Interface Input"":""Buttons, Dial, Touchscreen"",""Supported Application"":""Alarm, Fitness Tracker, Heart Rate Monitor, Messages, Pedometer, Phone, Sleep Monitor, Time Display"",""Water Resistance Depth"":""1.5 Metres"",""Metrics Measured"":""Heart Rate Monitor, Blood Oxygen Monitor, Sleep Duration, Distance, Step Count"",""Closure Type"":""Buckle"",""Shape"":""Round"",""Style Name"":""AMOLED"",""Colour"":""Silver White"",""Battery Cell Type"":""Lithium Ion"",""Connectivity Technology"":""Bluetooth"",""Wireless Compability"":""Bluetooth"",""Communication Feature"":""Bluetooth"",""Compatible Devices"":""Smartphone"",""Compatible Phone Models"":""Compatible with iOS and Android devices"",""Brand Name"":""Fire-Boltt"",""Model Name"":""Axiom"",""Model Number"":""BSW259"",""Box Contents"":""Charging Cable"",""Warranty Description"":""1 Year Brand Waaranty"",""Wearable Computer Type"":""Smart Watch"",""Manufacturer"":""Boltt Games Pvt Ltd, Boltt Games Pvt Ltd"",""Packer Contact Information"":""Boltt Games Pvt Ltd"",""Manufacturer Contact Information"":""Boltt Games Pvt Ltd"",""Country of Origin"":""India"",""Importer Contact Information"":""Boltt Games Pvt Ltd"",""Item Type Name"":""Smartwatch"",""Best Sellers Rank"":""#610 in Electronics (See Top 100 in Electronics) #20 in Smart Watches"",""ASIN"":""B0FP2H4K27"",""Screen Size Unit of Measure"":""1.43 Inches"",""Resolution"":""466 x 466"",""Maximum Display Brightness"":""1000 Nit"",""Item Weight Unit of Measure"":""46 Grams"",""Product Features"":""Wireless Charging Convenience, 1.43\"" AMOLED Always-On Display, Ultra-Bright 1000 Nits Screen, 466×466 High-Resolution Clarity, Triple Button Design with Rotating Crown, Seamless Bluetooth Calling, Premium Metal Build, Health & Fitness Tracking""}",amazon
"Fastrack Astor FR2 Pro 1.43"" AMOLED Stainless Steel Smart Watch with SpO2, Heart Rate, BT",Fastrack,Watches,3499,5499,36,4.3,1321,https://m.media-amazon.com/images/I/71rjlGEi+1L._AC_UL500_.jpg,https://www.amazon.in/Fastrack-Resolution-SingleSync-Assistant-Smartwatch/dp/B0DGGVHMDS/ref=sr_1_19?dib=eyJ2IjoiMSJ9.oTBssbyzdzfSCM1jTz-pBsz5JMNrPUF1SO-uCuet9f8DnUHIjAmD8lx56d5jmakLnKUjQeqci79SJSLvPdOdGyZ0pyRDRsfc5hTXWTleZ-MZSjOh3J3rxu2bTZZFqjiY918y_I_YGTJDAJt9iW6M92X9J9zptmFggaDpO7e4xPPyDJZUffQfnKlO40WaR_s-uGpsRGCD8YbzcZ3hqvxMJKCu8rw-FfHZLhArySaqA7M.xjY8t4HAPXysxuv5h8h9RwRUdAZ9jvGwBkDzCHioRIE&dib_tag=se&keywords=smartwatches&qid=1779560152&sr=8-19,"Stylish Design Meets Smart Tech – A sleek smartwatch for man or woman with a 1.43” AMOLED display, premium metal build, and adaptive always-on screen. Designed for those who want their smart watch to double as a fashion statement. | Smart Calling, Smarter Living – Take calls from your wrist with SingleSync Bluetooth Calling. A must-have feature for professionals looking for a digital watch for man or women that keeps them effortlessly connected. | Smooth Navigation, Maximum Control – Functional crown and dual menu styles ensure seamless interaction. Whether you're wearing a watch for man smart","{""Display"":""1.43\"""",""Display Type"":""AMOLED"",""Operating System"":""android"",""Product Features"":""Activity Tracker, Heart Rate Monitor, Multisport Tracker, Phone Call, Stress Tracking"",""GPS Geotagging Functionality"":""No GPS"",""Band Material Type"":""Stainless Steel"",""Case Material Type"":""Metal"",""Water Resistance Level"":""Water Resistant"",""Sport Type"":""Badminton, Basketball, Cycling, Running, Walking"",""Human Interface Input"":""Buttons, Microphone, Touchscreen"",""Clasp Type"":""Buckle"",""Supported Application"":""Contacts, Heart Rate Monitor, Sleep Monitor"",""Water Resistance Depth"":""1.5 Metres"",""Supported Satellite Navigation System"":""GPS"",""Controller Type"":""Touch control"",""Metrics Measured"":""Heart Rate Monitor, SpO2 (Blood Oxygen) Monitor, Pedometer, Sleep Monitor, Calorie Count, Step Count"",""Closure Type"":""Hook Buckle"",""Shape"":""Round"",""Style Name"":""Astor FR2 Pro"",""Colour"":""Black_Metal"",""Band Color"":""Black"",""Connectivity Technology"":""Bluetooth"",""Wireless Compability"":""Bluetooth"",""Communication Feature"":""Bluetooth Calling"",""Screen Size Unit of Measure"":""1.43 Inches"",""Resolution"":""466 x 466"",""RAM Memory Installed"":""128 MB"",""Warranty Type"":""1 Year Manufacturer Warranty"",""Waterproof Rating"":""IP68"",""Brand Name"":""Fastrack"",""Model Name"":""Astor FR2 Pro"",""Target Audience"":""Boys, Girls, Men, Unisex Adults, Women"",""Age Range Description"":""Adult"",""Model Number"":""38156NM01 |38156NM01K"",""Box Contents"":""Watch, Magnetic Charging Cable, Quick Start Guide, Warranty Card"",""Warranty Description"":""1 Year Manufacturer"",""Wearable Computer Type"":""Smart Watch"",""Manufacturer"":""Imported by Titan Company Limited, Imported by Titan Company Limited 3 Sipcot Industries complex, Hosur- 635126"",""Packer Contact Information"":""Titan Company Ltd, Titan Company Limited 3 Sipcot Industries Complex Hosur - 635126 Customer Care at 1800-266-0123 or email us at customercare@titan.co.in"",""Unit Count"":""1 Piece"",""Manufacturer Contact Information"":""Imported by Titan Company Limited 3 Sipcot Industries complex, Hosur- 635126"",""Country of Origin"":""China"",""Importer Contact Information"":""Titan Company Limited 3 Sipcot Industries complex, Hosur- 635126"",""Item Type Name"":""Smartwatch"",""Best Sellers Rank"":""#157 in Electronics (See Top 100 in Electronics) #7 in Smart Watches"",""ASIN"":""B0DGGVHMDS"",""Battery Capacity"":""5"",""Battery Cell Type"":""Lithium Polymer"",""Battery Average Life"":""5 Days"",""Battery Charge Time"":""120 Minutes"",""Compatible Devices"":""Smartphone"",""Compatible Phone Models"":""Android Devices, iOS Devices"",""Item Weight Unit of Measure"":""117 Grams"",""Band Length"":""220 Millimetres"",""Item Dimensions D x W x H"":""1.2D x 5.2W x 4.6H Centimeters""}",amazon
"Fastrack Limitless Glide X 1.83"" Smart Watch with Ultra UV HD Display, SpO2, Heart Rate &",Fastrack,Watches,1299,2799,54,4,406,https://m.media-amazon.com/images/I/81Dk8SDkmRL._AC_UL500_.jpg,https://www.amazon.in/Fastrack-Limitless-SingleSync-Smartwatch-Assistant/dp/B0D963J6GN/ref=sr_1_20?dib=eyJ2IjoiMSJ9.oTBssbyzdzfSCM1jTz-pBsz5JMNrPUF1SO-uCuet9f8DnUHIjAmD8lx56d5jmakLnKUjQeqci79SJSLvPdOdGyZ0pyRDRsfc5hTXWTleZ-MZSjOh3J3rxu2bTZZFqjiY918y_I_YGTJDAJt9iW6M92X9J9zptmFggaDpO7e4xPPyDJZUffQfnKlO40WaR_s-uGpsRGCD8YbzcZ3hqvxMJKCu8rw-FfHZLhArySaqA7M.xjY8t4HAPXysxuv5h8h9RwRUdAZ9jvGwBkDzCHioRIE&dib_tag=se&keywords=smartwatches&qid=1779560152&sr=8-20,,"{""Display"":""1.83\"""",""_inline"":""1K+ bought in past month · M.R.P: · FREE delivery Mon, 25 MayOr fastest delivery Tomorrow 7:59 am - 10:00 am""}",amazon
mi Smart Watch for Kids Boys Men Women Girls ID116 2026 Waterproof Fitness Band for,Xiaomi,Watches,449,1899,76,3.4,4911,https://m.media-amazon.com/images/I/51lzi7pee7L._AC_UL500_.jpg,https://www.amazon.in/Smart-2026-Waterproof-Fitness-Android/dp/B0GTHRY7CM/ref=sr_1_19?dib=eyJ2IjoiMSJ9.0xn8VTOjwbO7rozxcUybbMPK0CY6TXxi92yutyl8qwKIuXw71i0wojCwO9XhVb5KaT-qHrzrbL2SqyXsAICBMNtZp9-xlEzjlNbP-o_E3tsa6W-dZBjVpwzTodXpGZCkMXmKvJQ5B1xs37i1yylHe9AS1gAEdxYMbVl2SmM5qBSa4bYVeLl3GD62hB1WK8QsFZpvS4DMq-lezZ1Hz6U2AQax1z8uGOJnHcINsCtvTR0.IpQd1BTUeNBjQy378x6RtGWjcOsdERxVUfa29naW5iU&dib_tag=se&keywords=smartwatches&qid=1779560162,"This Smartwatch includes more practical functions, Fitness Tracker (Pedometer, Calories, Distance), GPS tracking, Heart Rate Monitor, Blood Pressure Monitor, 8 Sports Modes, Sleep Monitor, Blood Oxygen Monitor, Breath Training, Call Notifications, SMS and APP Messages (WhatsAPP, Facebook, Messenger, Instagram...), Music & Camera Control, Brightness Adjustment, Weather Display, Sedentary & Water Drink Reminder, | All-in-One Smart Watch – ID116 Bluetooth smartwatch with color touch screen, compatible with Android & iOS phones, designed for men, women, boys, girls & kids. | Health & Fitness Track","{""OS"":""Android"",""Operating System"":""Android"",""Product Features"":""GPS Tracking, Blood Pressure Monitor, Blood Oxygen Monitor, Breath Training, Call & Message Notifications, Music & Camera Control, Weather Display, Sedentary & Water Intake Reminders"",""GPS Geotagging Functionality"":""GPS Via Smartphone"",""Band Material Type"":""Silicone"",""Water Resistance Level"":""Waterproof"",""Human Interface Input"":""Touchscreen"",""Supported Application"":""Messaging Apps, WhatsApp, Facebook, Messenger, Instagram, Android and iOS Apps"",""Water Resistance Depth"":""1.5 Metres"",""Supported Satellite Navigation System"":""GPS"",""Metrics Measured"":""Heart Rate, Sleep Duration, Blood Oxygen, Blood Pressure"",""Closure Type"":""Buckle"",""Shape"":""Rectangular"",""Colour"":""SW"",""Connectivity Technology"":""Bluetooth"",""Wireless Compability"":""Bluetooth"",""Communication Feature"":""Bluetooth, GPS, Wi-Fi"",""Compatible Devices"":""Smartphone, Tablet"",""Compatible Phone Models"":""Compatible with iOS and Android devices"",""Brand Name"":""OLICOM"",""Model Name"":""Watch"",""Model Number"":""2026"",""Box Contents"":""Smart Watch, User Manual"",""Warranty Description"":""1 Year Warranty"",""Wearable Computer Type"":""Smart Watch"",""Manufacturer"":""Haryana, OLICOM"",""Packer Contact Information"":""Haryana"",""Unit Count"":""1.00 Count"",""Manufacturer Contact Information"":""Haryana"",""Item Type Name"":""Smart Watch"",""Best Sellers Rank"":""#1,526 in Electronics (See Top 100 in Electronics) #46 in Smart Watches"",""ASIN"":""B0GTHRY7CM"",""Display Type"":""LCD"",""Item Weight Unit of Measure"":""155 Grams"",""Warranty Type"":""10 Days""}",amazon
"Noise Diva (Smartchoice) Smartwatch with Diamond Cut dial, Glossy Metallic Finish, AMOLED",Noise,Watches,3499,5999,42,4.2,4485,https://m.media-amazon.com/images/I/81jVNXMKhEL._AC_UL500_.jpg,https://www.amazon.in/Noise-Smartwatch-Diamond-Metallic-Display/dp/B0C5X2MGX3/ref=sr_1_20?dib=eyJ2IjoiMSJ9.0xn8VTOjwbO7rozxcUybbMPK0CY6TXxi92yutyl8qwKIuXw71i0wojCwO9XhVb5KaT-qHrzrbL2SqyXsAICBMNtZp9-xlEzjlNbP-o_E3tsa6W-dZBjVpwzTodXpGZCkMXmKvJQ5B1xs37i1yylHe9AS1gAEdxYMbVl2SmM5qBSa4bYVeLl3GD62hB1WK8QsFZpvS4DMq-lezZ1Hz6U2AQax1z8uGOJnHcINsCtvTR0.IpQd1BTUeNBjQy378x6RtGWjcOsdERxVUfa29naW5iU&dib_tag=se&keywords=smartwatches&qid=1779560162,"Diamond-cut dial: Enhance your style with a diamond-cut dial that perfectly complements your glamorous lifestyle, adding a touch of sophistication to your everyday look. | Multiple strap options: Celebrate your unique sense of style with meticulously designed metallic and leather straps, offering a wide array of options to match any occasion or outfit. | 1.1” AMOLED display -Ignite your senses with mesmerising visuals, illuminating every second of your life and providing a truly captivating experience at every glance. Always on display - yes | Battery life - Spend less time charging and more t","{""Display Type"":""AMOLED"",""Operating System"":""Android & Ios"",""Product Features"":""Activity Tracker, Calorie Tracker, Heart Rate Monitor, Notifications, Oxymeter (SpO2)"",""GPS Geotagging Functionality"":""No GPS"",""Band Material Type"":""Stainless Steel"",""Case Material Type"":""Zinc Alloy"",""Water Resistance Level"":""Water Resistant"",""Sport Type"":""Multi-Sports"",""Human Interface Input"":""Touchscreen"",""Clasp Type"":""Magnetic"",""Supported Application"":""Alarm, Calendar, Email, Find My Phone, Messages"",""Water Resistance Depth"":""1.5 Metres"",""Controller Type"":""Touch Control"",""Metrics Measured"":""Heart Rate Monitor, Blood Oxygen Monitor, Sleep Duration"",""Closure Type"":""Magnetic"",""Shape"":""Round"",""Style Name"":""NoiseFit Diva"",""Colour"":""Gold Link"",""Band Color"":""Gold"",""Battery Capacity"":""230"",""Battery Cell Type"":""Lithium Ion"",""Battery Average Life"":""4 Days"",""Battery Charge Time"":""2 Hours"",""Screen Size Unit of Measure"":""1.01 Inches"",""Resolution"":""360 x 360"",""Maximum Display Brightness"":""500 Nit"",""Warranty Type"":""1 Year"",""Brand Name"":""Noise"",""Model Name"":""NoiseFit Diva"",""Target Audience"":""Women"",""Age Range Description"":""Youth"",""Model Number"":""wrb-sw-diva-mtl-gld_gld"",""Box Contents"":""‎Smartwatch, Magnetic Charger, User Manual, Warranty Card"",""Warranty Description"":""1 year warranty provided by the manufacturer from date of purchase"",""Wearable Computer Type"":""Smart Watch"",""Global Trade Identification Number"":""08906146817873"",""Manufacturer"":""Khasra No-146/25/2/1, Jail Road Badshahpur, Gurugram Haryana-122101, Contact: 02268056289, help@nexxbase.com, Nexxbase Marketing Pvt. Ltd"",""Packer Contact Information"":""Nexxbase Marketing Pvt. Ltd, Khasra No-146/25/2/1, Jail Road Badshahpur, Gurugram Haryana-122101, Contact: 02268056289, help@nexxbase.com"",""Unit Count"":""1 Piece"",""Manufacturer Contact Information"":""Khasra No-146/25/2/1, Jail Road Badshahpur, Gurugram Haryana-122101, Contact: 02268056289, help@nexxbase.com"",""Country of Origin"":""India"",""Importer Contact Information"":""Nexxbase Marketing Pvt. Ltd, Khasra No-146/25/2/1, Jail Road Badshahpur, Gurugram Haryana-122101, Contact: 02268056289, help@nexxbase.com"",""Item Type Name"":""Smartwatch"",""Best Sellers Rank"":""#604 in Electronics (See Top 100 in Electronics) #19 in Smart Watches"",""ASIN"":""B0C5X2MGX3"",""Connectivity Technology"":""Bluetooth"",""Wireless Compability"":""Bluetooth"",""Communication Feature"":""Bluetooth"",""Compatible Devices"":""Laptop, Smartphone, Tablet"",""Compatible Phone Models"":""Android Devices, iOS Devices"",""Band Width"":""16 Millimetres"",""Item Weight Unit of Measure"":""45 Grams"",""Item Dimensions"":""5.9 x 9 x 0.4 Centimeters""}",amazon
"T800 Ultra Smart Watch, Orange Ocean Band, Wireless Charging, 1.99 Inch Infinite Display",T800,Watches,439.02,999,56,3,4,https://m.media-amazon.com/images/I/71iH1Vz0jKL._AC_UL500_.jpg,https://www.amazon.in/SANTUSHTI-FASHION-T800-Ultra-Wireless/dp/B0GXCKY88C/ref=sr_1_21?dib=eyJ2IjoiMSJ9.0xn8VTOjwbO7rozxcUybbMPK0CY6TXxi92yutyl8qwKIuXw71i0wojCwO9XhVb5KaT-qHrzrbL2SqyXsAICBMNtZp9-xlEzjlNbP-o_E3tsa6W-dZBjVpwzTodXpGZCkMXmKvJQ5B1xs37i1yylHe9AS1gAEdxYMbVl2SmM5qBSa4bYVeLl3GD62hB1WK8QsFZpvS4DMq-lezZ1Hz6U2AQax1z8uGOJnHcINsCtvTR0.IpQd1BTUeNBjQy378x6RtGWjcOsdERxVUfa29naW5iU&dib_tag=se&keywords=smartwatches&qid=1779560162,,"{""Display"":""1.99\"""",""_inline"":""200+ bought in past month · M.R.P: · FREE delivery Fri, 29 May""}",amazon
CrossBeats Armour Pro AI Premium Smart Watch for man,CrossBeats,Watches,5999,9999,40,4.4,300,https://m.media-amazon.com/images/I/71zJRygiXvL._AC_UL500_.jpg,https://www.amazon.in/CrossBeats-Pro-Waterproof-Smartwatch-Black/dp/B0G64PBQYB/ref=sr_1_22?dib=eyJ2IjoiMSJ9.0xn8VTOjwbO7rozxcUybbMPK0CY6TXxi92yutyl8qwKIuXw71i0wojCwO9XhVb5KaT-qHrzrbL2SqyXsAICBMNtZp9-xlEzjlNbP-o_E3tsa6W-dZBjVpwzTodXpGZCkMXmKvJQ5B1xs37i1yylHe9AS1gAEdxYMbVl2SmM5qBSa4bYVeLl3GD62hB1WK8QsFZpvS4DMq-lezZ1Hz6U2AQax1z8uGOJnHcINsCtvTR0.IpQd1BTUeNBjQy378x6RtGWjcOsdERxVUfa29naW5iU&dib_tag=se&keywords=smartwatches&qid=1779560162,,"{""Display Type"":""AMOLED"",""_inline"":""400+ bought in past month · M.R.P: · FREE delivery Mon, 25 MayOr fastest delivery Tomorrow 7:59 am - 10:00 am""}",amazon
"Boat Lunar Discovery w/ 1.39"" (3.5 cm) HD Display, Turn-by-Turn Navigation, DIY Watch",boAt,Watches,1499,8499,82,3.8,5616,https://m.media-amazon.com/images/I/71Iit7U1S+L._AC_UL500_.jpg,https://www.amazon.in/boAt-Lunar-Discovery-Navigation-Bluetooth/dp/B0DFYL4635/ref=sr_1_23?dib=eyJ2IjoiMSJ9.0xn8VTOjwbO7rozxcUybbMPK0CY6TXxi92yutyl8qwKIuXw71i0wojCwO9XhVb5KaT-qHrzrbL2SqyXsAICBMNtZp9-xlEzjlNbP-o_E3tsa6W-dZBjVpwzTodXpGZCkMXmKvJQ5B1xs37i1yylHe9AS1gAEdxYMbVl2SmM5qBSa4bYVeLl3GD62hB1WK8QsFZpvS4DMq-lezZ1Hz6U2AQax1z8uGOJnHcINsCtvTR0.IpQd1BTUeNBjQy378x6RtGWjcOsdERxVUfa29naW5iU&dib_tag=se&keywords=smartwatches&qid=1779560162,"Turn-By-Turn Navigation with MapMyIndia: Whether it’s a new destination or a familiar place, find your way without being lost using the boAt Lunar Discovery Smartwatch. Access directions using Turn-by-Turn navigation by MapMyIndia without reaching for your phone. | HD Display: Check the time, navigation routes, activity records, and more on the 1.39” (3.53 cm) TFT display. Designed with 240x240p resolution for high clarity, this watch makes it easy to view details round-the-clock. | DIY Watch Face Studio: Flaunt your vibe with personalized watch faces using the DIY Watch Face Studio of Lunar D","{""Display"":""1.39\"""",""Operating System"":""android"",""Product Features"":""Activity Tracker, Alarm Clock, Calendaring, GPS, Lightweight, Notifications, Phone Call, Time Display, Weather Forecast"",""GPS Geotagging Functionality"":""Built-in GPS"",""Band Material Type"":""Silicone"",""Case Material Type"":""Plastic"",""Water Resistance Level"":""Water Resistant"",""Human Interface Input"":""Touchscreen"",""Clasp Type"":""Tang Buckle"",""Supported Application"":""Bluetooth Calling, Fitness Tracker, GPS, Heart Rate Monitor, Messages, Sleep Monitor"",""Water Resistance Depth"":""1 Metres"",""Supported Satellite Navigation System"":""GPS"",""Controller Type"":""Touch Control"",""Metrics Measured"":""optical heart rate sensor"",""Closure Type"":""Buckle"",""Shape"":""Rectangular"",""Style Name"":""Modern"",""Colour"":""Active Black"",""Band Color"":""Active Black"",""Battery Capacity"":""260 Milliamp Hours"",""Battery Cell Type"":""Lithium Polymer"",""Battery Average Life"":""7 Days"",""Battery Charge Time"":""2 Hours"",""Screen Size Unit of Measure"":""1.39 Centimetres"",""Display Type"":""LCD"",""Resolution"":""240 x 240"",""Maximum Display Brightness"":""800 Nit"",""Warranty Type"":""Limited"",""Waterproof Rating"":""IP67"",""Brand Name"":""boAt"",""Model Name"":""Lunar"",""Target Audience"":""Unisex Adult"",""Age Range Description"":""Adult"",""Model Number"":""Lunar Dicovery"",""Box Contents"":""Charging Cable, Smart Watch, User Manual"",""Warranty Description"":""1 year warranty from the date of purchase"",""Wearable Computer Type"":""Smart Watch"",""Manufacturer"":""Imagine Marketing Ltd, info@imaginemarketingindia.com"",""Packer Contact Information"":""Imagine Marketing Limited Unit no. 204 & 205, 2nd floor, D-wing & E-wing, Corporate Avenue, Andheri Ghatkopar Link Road Mumbai Mumbai City MH 400093 IN"",""Unit Count"":""1 Piece"",""Manufacturer Contact Information"":""info@imaginemarketingindia.com"",""Country of Origin"":""India"",""Importer Contact Information"":""Imagine Marketing Limited Unit no. 204 & 205, 2nd floor, D-wing & E-wing, Corporate Avenue, Andheri Ghatkopar Link Road Mumbai Mumbai City MH 400093 IN"",""Item Type Name"":""Smart Watch"",""Best Sellers Rank"":""#731 in Electronics (See Top 100 in Electronics) #26 in Smart Watches"",""ASIN"":""B0DFYL4635"",""Connectivity Technology"":""Bluetooth"",""Wireless Compability"":""Bluetooth"",""Wireless Provider"":""Unlocked for All Carriers"",""Communication Feature"":""Bluetooth"",""Compatible Devices"":""Smartphone"",""Compatible Phone Models"":""Android devices (specific models not mentioned)"",""Item Weight Unit of Measure"":""45 Grams"",""Band Length"":""220 Millimetres"",""Item Dimensions D x W x H"":""45.9D x 44W x 12.3H Centimeters""}",amazon
"Titan Crest 1.43” AMOLED Smart Watch with BT Calling, AI Morning Briefs, Functional",Titan,Watches,4999,11995,58,4,796,https://m.media-amazon.com/images/I/719RiDAGXtL._AC_UL500_.jpg,https://www.amazon.in/Titan-Resolution-Functional-SingleSync-WatchfacesIP68/dp/B0CLRCTC58/ref=sr_1_24?dib=eyJ2IjoiMSJ9.0xn8VTOjwbO7rozxcUybbMPK0CY6TXxi92yutyl8qwKIuXw71i0wojCwO9XhVb5KaT-qHrzrbL2SqyXsAICBMNtZp9-xlEzjlNbP-o_E3tsa6W-dZBjVpwzTodXpGZCkMXmKvJQ5B1xs37i1yylHe9AS1gAEdxYMbVl2SmM5qBSa4bYVeLl3GD62hB1WK8QsFZpvS4DMq-lezZ1Hz6U2AQax1z8uGOJnHcINsCtvTR0.IpQd1BTUeNBjQy378x6RtGWjcOsdERxVUfa29naW5iU&dib_tag=se&keywords=smartwatches&qid=1779560162,,"{""Display Type"":""AMOLED"",""_inline"":""700+ bought in past month · M.R.P: · FREE delivery Wed, 27 May""}",amazon
"GOBOULT Drift+ Smart Watch 1.85''HD Screen, Bluetooth Calling, IP68, 500 Nits",Boult,Watches,1199,8499,86,3.9,835,https://m.media-amazon.com/images/I/71Ar4cKZKYL._AC_UL500_.jpg,https://www.amazon.in/Bluetooth-Brightness-Watchfaces-Monitoring-Smartwatch/dp/B0CQLZ7W1N/ref=sr_1_25?dib=eyJ2IjoiMSJ9.0xn8VTOjwbO7rozxcUybbMPK0CY6TXxi92yutyl8qwKIuXw71i0wojCwO9XhVb5KaT-qHrzrbL2SqyXsAICBMNtZp9-xlEzjlNbP-o_E3tsa6W-dZBjVpwzTodXpGZCkMXmKvJQ5B1xs37i1yylHe9AS1gAEdxYMbVl2SmM5qBSa4bYVeLl3GD62hB1WK8QsFZpvS4DMq-lezZ1Hz6U2AQax1z8uGOJnHcINsCtvTR0.IpQd1BTUeNBjQy378x6RtGWjcOsdERxVUfa29naW5iU&dib_tag=se&keywords=smartwatches&qid=1779560162,,"{""Water Resistance"":""IP68"",""_inline"":""200+ bought in past month · M.R.P: · FREE delivery Thu, 28 MayOr fastest delivery Tomorrow 7:59 am - 10:00 am""}",amazon
"Fire-Boltt Ninja X Ring Smart Watch with 1.96” Large Display, Bluetooth Calling, Wireless",Fire-Boltt,Watches,1299,9999,87,4.1,18620,https://m.media-amazon.com/images/I/61wT6-UtrlL._AC_UL500_.jpg,https://www.amazon.in/Fire-Boltt-Bluetooth-Wireless-Charging-Assistant/dp/B0G61F9SDY/ref=sr_1_26?dib=eyJ2IjoiMSJ9.0xn8VTOjwbO7rozxcUybbMPK0CY6TXxi92yutyl8qwKIuXw71i0wojCwO9XhVb5KaT-qHrzrbL2SqyXsAICBMNtZp9-xlEzjlNbP-o_E3tsa6W-dZBjVpwzTodXpGZCkMXmKvJQ5B1xs37i1yylHe9AS1gAEdxYMbVl2SmM5qBSa4bYVeLl3GD62hB1WK8QsFZpvS4DMq-lezZ1Hz6U2AQax1z8uGOJnHcINsCtvTR0.IpQd1BTUeNBjQy378x6RtGWjcOsdERxVUfa29naW5iU&dib_tag=se&keywords=smartwatches&qid=1779560162,"LARGE 1.96” IPS DISPLAY WITH VIBRANT VISUALS: Experience immersive clarity with a 1.96” IPS full-touch display featuring 2.5D curved glass and 240x296 resolution, with premium smart watch for men enjoy vibrant colors, smooth scrolling, and intuitive multi-touch navigation. | BLUETOOTH CALLING & AI VOICE ASSISTANT FOR HANDS-FREE CONTROL: Make and receive calls directly from your wrist with stable BT 3.0 + 5.1 connectivity. Use the built-in AI voice assistant to set reminders, play music with smart watch for women or check the weather—all without touching your phone. | WIRELESS CHARGING WITH LON","{""Product Features"":""AI Voice Assistant, Bluetooth Calling"",""GPS Geotagging Functionality"":""No GPS"",""Band Material Type"":""Nylon"",""Water Resistance Level"":""Water Resistant"",""Sport Type"":""Fitness"",""Human Interface Input"":""Touchscreen"",""Supported Application"":""Voice Assistant"",""Water Resistance Depth"":""1.5 Metres"",""Controller Type"":""Touch Control"",""Metrics Measured"":""Heart Rate Monitor, Blood Oxygen Monitor, Sleep Duration, Stress"",""Closure Type"":""Buckle"",""Shape"":""Square"",""Style Name"":""Ninja X Ring"",""Colour"":""Blush Pink"",""Band Color"":""Green"",""Battery Capacity"":""280 Milliamp Hours"",""Battery Cell Type"":""Lithium Ion"",""Battery Average Life"":""7 Days"",""Battery Charge Time"":""2 Hours"",""Battery Power"":""280 Milliamp Hours"",""Screen Size Unit of Measure"":""1.96 Inches"",""Display Type"":""TFT"",""Resolution"":""240x296"",""Memory Storage Capacity"":""128 MB"",""Waterproof Rating"":""IP67"",""Brand Name"":""Fire-Boltt"",""Model Name"":""Ninja X Ring"",""Target Audience"":""Boys, Girls, Men, Unisex Adults, Women"",""Age Range Description"":""Youth,Adult"",""Model Number"":""B0G61F9SDY"",""Box Contents"":""Charging Cable"",""Warranty Description"":""1 Year Brand Waaranty"",""Wearable Computer Type"":""Smart Watch"",""Manufacturer"":""Boltt Games Pvt Ltd, Fire-Boltt"",""Packer Contact Information"":""Boltt Games Pvt Ltd"",""Manufacturer Contact Information"":""Boltt Games Pvt Ltd"",""Country of Origin"":""India"",""Importer Contact Information"":""Boltt Games Pvt Ltd"",""Item Type Name"":""Smart Watch"",""Best Sellers Rank"":""#310 in Electronics (See Top 100 in Electronics) #11 in Smart Watches"",""ASIN"":""B0G61F9SDY"",""Connectivity Technology"":""Bluetooth"",""Wireless Compability"":""Bluetooth"",""Communication Feature"":""Bluetooth"",""Compatible Devices"":""Smartphone, Tablet"",""Compatible Phone Models"":""Compatible with iOS and Android devices"",""Band Width"":""22 Millimetres"",""Item Weight Unit of Measure"":""46 Grams""}",amazon
"Boat Ultima Ember smartwatch with 1.96” AMOLED Display, AOD, Personalized Fitness Nudges,",boAt,Watches,1699,8999,81,3.9,2283,https://m.media-amazon.com/images/I/71wgrC1xc3L._AC_UL500_.jpg,https://www.amazon.in/boAt-Ultima-Ember-Smartwatch-Personalized/dp/B0DSFS2LLC/ref=sr_1_29?dib=eyJ2IjoiMSJ9.0xn8VTOjwbO7rozxcUybbMPK0CY6TXxi92yutyl8qwKIuXw71i0wojCwO9XhVb5KaT-qHrzrbL2SqyXsAICBMNtZp9-xlEzjlNbP-o_E3tsa6W-dZBjVpwzTodXpGZCkMXmKvJQ5B1xs37i1yylHe9AS1gAEdxYMbVl2SmM5qBSa4bYVeLl3GD62hB1WK8QsFZpvS4DMq-lezZ1Hz6U2AQax1z8uGOJnHcINsCtvTR0.IpQd1BTUeNBjQy378x6RtGWjcOsdERxVUfa29naW5iU&dib_tag=se&keywords=smartwatches&qid=1779560162,"1.96” (4.97 cm) AMOLED Display: Experience a crystal-clear view on the 1.96” (4.97 cm) AMOLED display of the boAt Ultima Ember Smartwatch. With a 368x448p resolution and Always on Display, it makes checking the time, notifications, vital stats, and more effortless. | Functional Crown: Navigate through the options on the menu, scroll through notifications, and control other features effortlessly with the functional crown. | 100+ Sports Modes: Ultima Ember features multiple sports modes that make this watch your all-round fitness companion. | Bluetooth Calling: Enjoy up to 5 days of uninterrupte","{""Display Type"":""AMOLED"",""Operating System"":""android"",""Product Features"":""Bluetooth Calling"",""GPS Geotagging Functionality"":""No GPS"",""Band Material Type"":""Silicone"",""Case Material Type"":""Aluminium"",""Water Resistance Level"":""Water Resistant"",""Human Interface Input"":""Touchscreen"",""Supported Application"":""Voice Assistant, Music & Camera Control, Messaging, Social Media, boAt Crest App"",""Water Resistance Depth"":""1.5 Metres"",""Metrics Measured"":""Heart Rate Monitor, Blood Oxygen Monitor, Stress Monitor, Sleep Duration"",""Closure Type"":""Buckle"",""Shape"":""Rectangular"",""Colour"":""Rose Gold"",""Battery Capacity"":""300 Milliamp Hours"",""Battery Cell Type"":""Lithium Polymer"",""Battery Average Life"":""5 Days"",""Battery Charge Time"":""1.4 Hours"",""Screen Size Unit of Measure"":""4.97 Centimetres"",""Resolution"":""368 x 448"",""Maximum Display Brightness"":""800 Nit"",""Item Weight Unit of Measure"":""45 Grams"",""Band Length"":""220 Millimetres"",""Brand Name"":""boAt"",""Model Name"":""Ultima Ember"",""Target Audience"":""Unisex"",""Model Number"":""Ultima Ember"",""Box Contents"":""1 x Smart Watch, Charging Cable, Warranty Card, User Manual"",""Warranty Description"":""1 Year Warranty from the date of purchase"",""Wearable Computer Type"":""Smart Watch"",""Manufacturer"":""Imagine Marketing Limited Unit no. 204 & 205, 2nd floor, D-wing & E-wing, Corporate Avenue, Andheri Ghatkopar Link Road, Mumbai, Maharashtra-400093, India, ‎‎Imagine Marketing Ltd."",""Packer Contact Information"":""Imagine Marketing Ltd., Unit no. 204 & 205, 2nd floor, D-wing & E-wing, Corporate Avenue, Andheri Ghatkopar, Link Road, Mumbai, Maharashtra, India - 400093"",""Unit Count"":""1 Piece"",""Manufacturer Contact Information"":""Imagine Marketing Limited Unit no. 204 & 205, 2nd floor, D-wing & E-wing, Corporate Avenue, Andheri Ghatkopar Link Road, Mumbai, Maharashtra-400093, India"",""Country of Origin"":""India"",""Importer Contact Information"":""Imagine Marketing Ltd., Unit no. 204 & 205, 2nd floor, D-wing & E-wing, Corporate Avenue, Andheri Ghatkopar, Link Road, Mumbai, Maharashtra, India - 400093"",""Item Type Name"":""Smart Watch"",""Best Sellers Rank"":""#1,077 in Electronics (See Top 100 in Electronics) #36 in Smart Watches"",""ASIN"":""B0DSFS2LLC"",""Connectivity Technology"":""Bluetooth"",""Wireless Compability"":""Bluetooth"",""Cellular Technology"":""No Cellular"",""Communication Feature"":""Bluetooth"",""Compatible Devices"":""Smartphone"",""Compatible Phone Models"":""iPhone, Samsung Galaxy, OnePlus, Pixel, and other Android and iOS devices"",""Warranty Type"":""Limited""}",amazon
"Boat Lunar Discovery Neo, 1.39"" (3.5 cm) Round HD Display, Premium Metallic Finish,",boAt,Watches,1399,6999,80,4,21326,https://m.media-amazon.com/images/I/61frMaBqWgL._AC_UL500_.jpg,https://www.amazon.in/Discovery-Metallic-Animated-Watchfaces-Bluetooth/dp/B0G1T2GZP9/ref=sr_1_30?dib=eyJ2IjoiMSJ9.0xn8VTOjwbO7rozxcUybbMPK0CY6TXxi92yutyl8qwKIuXw71i0wojCwO9XhVb5KaT-qHrzrbL2SqyXsAICBMNtZp9-xlEzjlNbP-o_E3tsa6W-dZBjVpwzTodXpGZCkMXmKvJQ5B1xs37i1yylHe9AS1gAEdxYMbVl2SmM5qBSa4bYVeLl3GD62hB1WK8QsFZpvS4DMq-lezZ1Hz6U2AQax1z8uGOJnHcINsCtvTR0.IpQd1BTUeNBjQy378x6RtGWjcOsdERxVUfa29naW5iU&dib_tag=se&keywords=smartwatches&qid=1779560162,"1.39” (3.53 cm) Bright HD Display: Introducing the boAt Lunar Discovery Neo, the next-gen smartwatch with a large 1.39” (3.53 cm) display for crystal-clear readability, indoors or out. With 240x240 HD resolution, 500 nits brightness, it ensures exceptionally rich colour contrast, sharp visuals, and quick screen access. | Health & Wellness Tracking: At the core of Lunar Discovery Neo is the high-performance sensors, powering a premium smartwatch experience. Get reliable results for heart rate, blood oxygen monitoring, and guided breathing exercises. It also tracks your sleep, everyday stress an","{""Display"":""1.39\"""",""Product Features"":""Bluetooth Calling"",""GPS Geotagging Functionality"":""No GPS"",""Band Material Type"":""Silicone/Rubber"",""Human Interface Input"":""Dial"",""Supported Application"":""Time Display, Notifications, Fitness Tracker, Phone"",""Metrics Measured"":""Heart Rate Monitor, Blood Oxygen Monitor, Sleep Duration"",""Closure Type"":""Buckle"",""Shape"":""Round"",""Colour"":""Black Active"",""Battery Cell Type"":""Lithium Polymer"",""Connectivity Technology"":""Bluetooth"",""Wireless Compability"":""Bluetooth"",""Communication Feature"":""Bluetooth"",""Screen Size Unit of Measure"":""1.39 Inches"",""Display Type"":""LCD or OLED"",""Resolution"":""240 x 240"",""Maximum Display Brightness"":""500 Nit"",""Item Weight Unit of Measure"":""60 Grams"",""Brand Name"":""boAt"",""Model Name"":""Lunar"",""Target Audience"":""Unisex Adult"",""Model Number"":""WA0054"",""Box Contents"":""Charging Cable, Smart Watch, User Manual"",""Warranty Description"":""1 year warranty from the date of purchase"",""Wearable Computer Type"":""Smart Watch"",""Manufacturer"":""Imagine Marketing Ltd, info@imaginemarketingindia.com"",""Packer Contact Information"":""Imagine Marketing LTD Unit no 204 205 2nd floor D and E wing Corporate Avenue Andheri Ghatkopar Road Mumbai MH 400093"",""Unit Count"":""1 Piece"",""Manufacturer Contact Information"":""info@imaginemarketingindia.com"",""Country of Origin"":""India"",""Importer Contact Information"":""Imagine Marketing LTD Unit no 204 205 2nd floor D and E wing Corporate Avenue Andheri Ghatkopar Road Mumbai MH 400093"",""Item Type Name"":""Smart Watch"",""Best Sellers Rank"":""#825 in Electronics (See Top 100 in Electronics) #30 in Smart Watches"",""ASIN"":""B0G1T2GZP9"",""Compatible Devices"":""Smartphone"",""Compatible Phone Models"":""Compatible with iOS and Android devices""}",amazon
"Fastrack Jupitor R2 Smart Watch, 1.38” TFT Display, 240 * 240 Pixel Resolution,",Fastrack,Watches,1799,3999,55,4.1,186,https://m.media-amazon.com/images/I/81p2I9e7gmL._AC_UL500_.jpg,https://www.amazon.in/Fastrack-Resolution-SingleSync-Assistant-Smartwatch/dp/B0DDQCDQQG/ref=sr_1_31?dib=eyJ2IjoiMSJ9.0xn8VTOjwbO7rozxcUybbMPK0CY6TXxi92yutyl8qwKIuXw71i0wojCwO9XhVb5KaT-qHrzrbL2SqyXsAICBMNtZp9-xlEzjlNbP-o_E3tsa6W-dZBjVpwzTodXpGZCkMXmKvJQ5B1xs37i1yylHe9AS1gAEdxYMbVl2SmM5qBSa4bYVeLl3GD62hB1WK8QsFZpvS4DMq-lezZ1Hz6U2AQax1z8uGOJnHcINsCtvTR0.IpQd1BTUeNBjQy378x6RtGWjcOsdERxVUfa29naW5iU&dib_tag=se&keywords=smartwatches&qid=1779560162,,"{""Water Resistance"":""IP68"",""_inline"":""500+ bought in past month · M.R.P: · FREE delivery Mon, 25 May""}",amazon
T800 Ultra Smart Watch with Touch Display – Bluetooth Calling Smartwatch,T800,Watches,493,999,51,3.5,5,https://m.media-amazon.com/images/I/51HMhpVbtBL._AC_UL500_.jpg,https://www.amazon.in/Ultra-Smart-Watch-Touch-Display/dp/B0GRVG7C8D/ref=sr_1_32?dib=eyJ2IjoiMSJ9.0xn8VTOjwbO7rozxcUybbMPK0CY6TXxi92yutyl8qwKIuXw71i0wojCwO9XhVb5KaT-qHrzrbL2SqyXsAICBMNtZp9-xlEzjlNbP-o_E3tsa6W-dZBjVpwzTodXpGZCkMXmKvJQ5B1xs37i1yylHe9AS1gAEdxYMbVl2SmM5qBSa4bYVeLl3GD62hB1WK8QsFZpvS4DMq-lezZ1Hz6U2AQax1z8uGOJnHcINsCtvTR0.IpQd1BTUeNBjQy378x6RtGWjcOsdERxVUfa29naW5iU&dib_tag=se&keywords=smartwatches&qid=1779560162,,"{""OS"":""Android"",""_inline"":""50+ bought in past month · M.R.P: · FREE delivery Fri, 5 Jun""}",amazon
"OnePlus Watch 2 with Wear OS 4,Snapdragon W5 Chipset,Upto 100hrs battery life,1.43’’",OnePlus,Watches,13037,27999,53,4.4,764,https://m.media-amazon.com/images/I/718YrDupr0L._AC_UL500_.jpg,https://www.amazon.in/OnePlus-Snapdragon-Stainless-Frequency-Bluetooth/dp/B0CVQDZWVX/ref=sr_1_33?dib=eyJ2IjoiMSJ9.0xn8VTOjwbO7rozxcUybbMPK0CY6TXxi92yutyl8qwKIuXw71i0wojCwO9XhVb5KaT-qHrzrbL2SqyXsAICBMNtZp9-xlEzjlNbP-o_E3tsa6W-dZBjVpwzTodXpGZCkMXmKvJQ5B1xs37i1yylHe9AS1gAEdxYMbVl2SmM5qBSa4bYVeLl3GD62hB1WK8QsFZpvS4DMq-lezZ1Hz6U2AQax1z8uGOJnHcINsCtvTR0.IpQd1BTUeNBjQy378x6RtGWjcOsdERxVUfa29naW5iU&dib_tag=se&keywords=smartwatches&qid=1779560162,,"{""Processor"":""Snapdragon W5 Chipset"",""Water Resistance"":""IP68"",""Display Type"":""AMOLED"",""_inline"":""300+ bought in past month · M.R.P: · FREE delivery Mon, 25 MayOr fastest delivery Tomorrow 7:59 am - 10:00 am · More Buying Choices₹12,999(3 new offers) · More Buying Choices""}",amazon
"Samsung Galaxy Watch6 Classic (Smartchoice) (Black, 47mm)",Samsung,Watches,16999,50999,67,4.3,848,https://m.media-amazon.com/images/I/71sRBqqrOpL._AC_UL500_.jpg,https://www.amazon.in/Samsung-Galaxy-Classic-Compatible-Android/dp/B0CCV8DBFH/ref=sr_1_34?dib=eyJ2IjoiMSJ9.0xn8VTOjwbO7rozxcUybbMPK0CY6TXxi92yutyl8qwKIuXw71i0wojCwO9XhVb5KaT-qHrzrbL2SqyXsAICBMNtZp9-xlEzjlNbP-o_E3tsa6W-dZBjVpwzTodXpGZCkMXmKvJQ5B1xs37i1yylHe9AS1gAEdxYMbVl2SmM5qBSa4bYVeLl3GD62hB1WK8QsFZpvS4DMq-lezZ1Hz6U2AQax1z8uGOJnHcINsCtvTR0.IpQd1BTUeNBjQy378x6RtGWjcOsdERxVUfa29naW5iU&dib_tag=se&keywords=smartwatches&qid=1779560162,,"{""Water Resistance"":""IP68"",""_inline"":""500+ bought in past month · M.R.P: · FREE delivery Wed, 27 MayOr fastest delivery Mon, 25 May""}",amazon
"Samsung Galaxy Watch8 (44mm, LTE, Graphite) with 3nm Processor",Samsung,Watches,25499,45999,45,4.2,221,https://m.media-amazon.com/images/I/619tP9hJ1sL._AC_UL500_.jpg,https://www.amazon.in/Samsung-Graphite-Processor-Monitoring-Anti-oxidant/dp/B0FDQK5KSZ/ref=sr_1_36?dib=eyJ2IjoiMSJ9.0xn8VTOjwbO7rozxcUybbMPK0CY6TXxi92yutyl8qwKIuXw71i0wojCwO9XhVb5KaT-qHrzrbL2SqyXsAICBMNtZp9-xlEzjlNbP-o_E3tsa6W-dZBjVpwzTodXpGZCkMXmKvJQ5B1xs37i1yylHe9AS1gAEdxYMbVl2SmM5qBSa4bYVeLl3GD62hB1WK8QsFZpvS4DMq-lezZ1Hz6U2AQax1z8uGOJnHcINsCtvTR0.IpQd1BTUeNBjQy378x6RtGWjcOsdERxVUfa29naW5iU&dib_tag=se&keywords=smartwatches&qid=1779560162,,"{""Water Resistance"":""IP68"",""_inline"":""400+ bought in past month · M.R.P: · FREE delivery Mon, 25 MayOr fastest delivery Tomorrow, 24 May""}",amazon
Lenovo Tab| 10.1 Inch Display| Wi-Fi Only| 4 GB RAM + 64 GB ROM (Expandable up to 1 TB)|,Lenovo,Tablets,13999,18000,22,4.3,494,https://m.media-amazon.com/images/I/71PwporL-mL._AC_UL500_.jpg,https://www.amazon.in/Lenovo-Display-Expandable-Speakers-Android/dp/B0FDWFRC48/ref=sr_1_1?dib=eyJ2IjoiMSJ9.EzCF-rU5tEUKiBL_coMiy6-DEoqck1z7tv8CZcU2mr-JfuEPhLvMLaKf70mhgfpITbUwSHGECnxwhHJJMb5Jcy_AGJRvFH2Tu2FQUW8AfAxTC-ZxnlrXmNZ4MD-NB6CD51Yjn_g1VUoA9vyUz_GP6nGCkgIagy-iT41j_XXWkspzUgN0KnD9HtaeaDHXuq9BrmMPB0M-qMXfzBfVzm7ZHvbiSikZBSZMhFKVIFZu520.Qqa5BDPvYAUPPArEUHj_9LpsM5F3DWcr6EZ-AFIcshU&dib_tag=se&keywords=tablets+android&qid=1779560172&sr=8-1,"Display:- 10.1"" WUXGA LCD IPS Screen | Resolution: 1920 x 1200 | Refresh Rate: 60Hz | Brightness: 400nits | 72% NTSC | Processor:- MediaTek Helio G85 (8C, 2x A75 @2.0GHz + 6x A55 @1.8GHz) || WLAN + Bluetooth: Wi-Fi 5, 802.11ac 1x1 + BT5.3 | Memory & Storage : 4GB Soldered LPDDR4x | 64GB eMMC 5.1 | Max Storage support: 64GB eMMC 5.1 on systemboard, microSD card, supports up to 1TB | Speakers & Camera: 2 side speakers, optimized with Dolby Atmos | Front 5.0MP / Rear 8.0MP | Battery: Integrated 5100mAh (Typ.) | Video streaming: 9.5 hr of YouTube streaming, Web browsing: 10.5 hr of Chrome browsing","{""RAM"":""4 GB"",""Storage"":""64 GB"",""Display"":""10.1\"""",""OS"":""Android"",""Brand Name"":""Lenovo"",""Model Name"":""Lenovo Tab"",""Model Year"":""2024"",""Age Range Description"":""Adult"",""Box Contents"":""20W In-Box Charging Adapter, Lenovo Tab, MicroSD/SIM Tray Pin, Quick Start Guide & Safety, Warranty, USB Type-C 2.0 Charging Cable"",""Country of Origin"":""India"",""Warranty Description"":""1 Year Comprehensive Warranty"",""Model Number"":""ZAEH0019IN"",""Specific Uses For Product"":""Entertainment, Kids, Personal"",""UPC"":""198154670368"",""Style Name"":""Wi-Fi Only"",""Manufacturer"":""A-23, SECTOR-60, NOIDA, GAUTAM BUDDHA NAGAR UTTAR PRADESH,India-201301, Lenovo"",""Size"":""64 GB"",""Manufacturer Part Number"":""ZAEH0019IN"",""Importer Contact Information"":""Lenovo (India) Pvt Ltd., Ferns Icon, Level 2, Donnaekundi Village, Marathalli Outer Ring Road, K. R. Puram Hobli, Bangalore-560037"",""Packer Contact Information"":""Motorola (Wuhan) Mobility Communication Technologies Communication co Ltd., No 19 Gaoxin 4th Road, East Lake High-Tech Zone, Wuhan, Hubei, P.R. China"",""Unit Count"":""1 Count"",""Item Type Name"":""Tablet"",""Manufacturer Contact Information"":""A-23, SECTOR-60, NOIDA, GAUTAM BUDDHA NAGAR UTTAR PRADESH,India-201301"",""Best Sellers Rank"":""#262 in Computers & Accessories (See Top 100 in Computers & Accessories) #6 in Tablets"",""ASIN"":""B0FDWFRC48"",""Hardware Interface"":""USB"",""Wireless Technology Type"":""Bluetooth, Wi-Fi"",""Cellular Technology"":""wifi"",""Total USB Ports"":""1"",""Network Connectivity Technology"":""Wi-Fi"",""Wireless Compability"":""802.11ac"",""Other Special Features of the Product"":""Expandable Storage, Stereo Speakers"",""Speaker Description"":""2 side speakers, optimized with Dolby Atmos"",""Operating Systems"":""Android, Android 14"",""Colour"":""Polar Blue"",""Video Processor"":""MediaTek"",""Item Weight Unit of Measure"":""425 Grams"",""Item Dimensions L x W x Thickness"":""23.5L x 15.4W x 0.8Th Centimeters"",""Graphics Description"":""Integrated"",""Compatible Devices"":""Headphone, Speaker"",""Warranty Type"":""Limited"",""Screen Size Unit of Measure"":""10.1 Inches"",""Maximum Display Resolution"":""1920x1200 Pixels"",""Display Type"":""LCD"",""Native Resolution"":""1920 x 1200 pixels"",""Aspect Ratio"":""16:10"",""Maximum Display Brightness"":""400 Nit"",""Display Refresh Rate in Hertz"":""60"",""Memory Storage Capacity"":""64 GB"",""RAM Memory Installed"":""4 GB"",""Battery Average Life"":""11 Hours"",""Battery Capacity"":""5100"",""Battery Cell Type"":""Lithium Polymer"",""Battery Power"":""5100 Milliamp Hours"",""Lithium Battery Energy Content"":""5100 Milliampere Hour (mAh)"",""Processor Speed"":""1.8, 2 GHz"",""Processor Description"":""MediaTek Dimensity Helio G85"",""Processor Brand"":""MediaTek"",""Video Capture Resolution"":""FHD 1080p"",""Camera Description"":""Front"",""Rear Facing Camera Photo Sensor Resolution"":""8 MP"",""Front Photo Sensor Resolution"":""5 MP"",""Number of Rear Facing Cameras"":""1""}",amazon
"OnePlus Pad Lite with Biggest Battery in Segment 9340 mAh, 11""(27.94 cm) Display with 500",OnePlus,Tablets,17999,19999,10,4.4,716,https://m.media-amazon.com/images/I/61NmETUvDiL._AC_UL500_.jpg,https://www.amazon.in/OnePlus-Biggest-Battery-Brightness-Playback/dp/B0FHWWDRRM/ref=sr_1_2?dib=eyJ2IjoiMSJ9.EzCF-rU5tEUKiBL_coMiy6-DEoqck1z7tv8CZcU2mr-JfuEPhLvMLaKf70mhgfpITbUwSHGECnxwhHJJMb5Jcy_AGJRvFH2Tu2FQUW8AfAxTC-ZxnlrXmNZ4MD-NB6CD51Yjn_g1VUoA9vyUz_GP6nGCkgIagy-iT41j_XXWkspzUgN0KnD9HtaeaDHXuq9BrmMPB0M-qMXfzBfVzm7ZHvbiSikZBSZMhFKVIFZu520.Qqa5BDPvYAUPPArEUHj_9LpsM5F3DWcr6EZ-AFIcshU&dib_tag=se&keywords=tablets+android&qid=1779560172&sr=8-2,"[Biggest battery in segment]: 9340 mAh battery with up to 54 days of standby, 80 hours of music playback & 11 hours of video playback. 33W SUPERVOOC fast charging supported. | [Triple your phone's real estate with a 27.94cm (11"") display]: 500 nits brightneess,1 billion colors with 1920x1200 resolution, 11-inch/27.94cm Massive Display, 16:10 Screen-to-body ratio & 90 Hz refresh rate. | [16:10 cinematic aspect ratio - all around Sound]: Four Hi-Res Audio-certified speakers dance with the OnePlus-exclusive Omnibearing Sound Field for immersive, cinematic sound that surrounds. | [Eye care display","{""RAM"":""6 GB"",""Storage"":""128 GB"",""Battery"":""9340 mAh"",""Display"":""11\"""",""Brand Name"":""OnePlus"",""Model Name"":""Pad Lite"",""Generation"":""1st Generation"",""Model Year"":""2025"",""Box Contents"":""1 safety and warranty, 1 sim ejector tool, 1 smart tablet, 1 charger, 1 charger cable, 1 user guide"",""Country of Origin"":""India"",""Warranty Description"":""1 year manufacturer"",""Model Number"":""OPD2480"",""Specific Uses For Product"":""Entertainment, Student"",""Style Name"":""Wifi-only"",""Manufacturer"":""Bhagwati Products Limited, Entire tower Tec-1, Entire tower Tec-2, Entire Tower WTC one C, TZ-13A, IT park, sector-techzone, Greater Noida, Gautambuddha Nagar, Uttar Pradesh, 201308"",""Manufacturer Part Number"":""OnePlus Pad Lite 6+128 Blue"",""Importer Contact Information"":""Product is local manufactured"",""Packer Contact Information"":""Bhagwati Products Limited, Entire tower Tec-1, Entire tower Tec-2, Entire Tower WTC one C, TZ-13A, IT park, sector-techzone, Greater Noida, Gautambuddha Nagar, Uttar Pradesh, 201308"",""Unit Count"":""1.0 Count"",""Item Type Name"":""Tablet"",""Manufacturer Contact Information"":""Entire tower Tec-1, Entire tower Tec-2, Entire Tower WTC one C, TZ-13A, IT park, sector-techzone, Greater Noida, Gautambuddha Nagar, Uttar Pradesh, 201308"",""Best Sellers Rank"":""#43 in Computers & Accessories (See Top 100 in Computers & Accessories) #1 in Tablets"",""ASIN"":""B0FHWWDRRM"",""Hardware Interface"":""USB"",""Wireless Technology Type"":""Wi-Fi"",""Cellular Technology"":""Wifi"",""Network Connectivity Technology"":""Bluetooth, USB, Wi-Fi"",""Wireless Compability"":""802.11ac"",""Video Capture Resolution"":""FHD 1080p"",""Camera Description"":""5MP"",""Rear Facing Camera Photo Sensor Resolution"":""5 MP"",""Operating Systems"":""Oxygen OS 15.0.1"",""Colour"":""Aero Blue"",""Item Weight Unit of Measure"":""539 Grams"",""Item Dimensions L x W x Thickness"":""25.5L x 16.7W x 0.7Th Centimeters"",""Human Interface Types"":""Touchscreen"",""Graphics Description"":""Integrated"",""Compatible Devices"":""External Display, OnePlus Phone"",""Warranty Type"":""1 year manufacturer warranty"",""Operating System Family"":""Android"",""Screen Size Unit of Measure"":""27.94 Centimetres"",""Maximum Display Resolution"":""1920*1200"",""Display Type"":""LCD"",""Native Resolution"":""1920 x 1200 pixels"",""Aspect Ratio"":""16:10"",""Maximum Display Brightness"":""500 Nit"",""Display Refresh Rate in Hertz"":""90"",""Memory Storage Capacity"":""128 GB"",""RAM Memory Installed"":""6 GB"",""Battery Average Life"":""80 Hours"",""Battery Capacity"":""9340 Milliamp Hours"",""Battery Power"":""9340 Milliamp Hours"",""Processor Speed"":""2, 2.2 GHz"",""Processor Description"":""MTK G100"",""Processor Brand"":""MediaTek"",""Other Special Features of the Product"":""500 nits Brightness""}",amazon
"IWEGGO 15 Android Tablet, 10 18GB RAM + 128GB ROM/2TB Expandable Tablet, 2.0GHz Quad-Core",IWEGGO,Tablets,13296,13296,8,3.9,197,https://m.media-amazon.com/images/I/715upBp3uML._AC_UL500_.jpg,https://www.amazon.in/IWEGGO-Expandable-Quad-Core-Processor-Touchscreen/dp/B0CDLBNZQH/ref=sr_1_3?dib=eyJ2IjoiMSJ9.EzCF-rU5tEUKiBL_coMiy6-DEoqck1z7tv8CZcU2mr-JfuEPhLvMLaKf70mhgfpITbUwSHGECnxwhHJJMb5Jcy_AGJRvFH2Tu2FQUW8AfAxTC-ZxnlrXmNZ4MD-NB6CD51Yjn_g1VUoA9vyUz_GP6nGCkgIagy-iT41j_XXWkspzUgN0KnD9HtaeaDHXuq9BrmMPB0M-qMXfzBfVzm7ZHvbiSikZBSZMhFKVIFZu520.Qqa5BDPvYAUPPArEUHj_9LpsM5F3DWcr6EZ-AFIcshU&dib_tag=se&keywords=tablets+android&qid=1779560172&sr=8-3,"【Latest Android 13 Tablet】 Android tablet works on the latest version of Android 13.0 operating system. It offers a user-friendly interface and access to a wide range of Google Play Store apps such as Netflix, YouTube, TikTok, Facebook, Instagram, WhatsApp, Disney+, etc. | 【8GB RAM + 128GB ROM+1TB Expansion】 10.1"" Android 13 tablet is equipped with 8GB RAM (4GB fixed memory, 4GB virtual memory) for smooth multitasking and efficient performance. It also has 128GB ROM storage to store your apps, files and media. Micro SD card slot provides up to 1TB of expandable memory giving you unlimited opti","{""RAM"":""18 GB"",""Storage"":""128 GB"",""Connectivity"":""5G"",""OS"":""Android"",""Brand Name"":""IWEGGO"",""Model Name"":""CP20 MAX"",""Generation"":""Android 13"",""Model Year"":""2025"",""Age Range Description"":""Adult"",""Box Contents"":""Bluetooth Keyboard, Protective Case, Stylus, Type C Cable, Wireless Mouse"",""Country of Origin"":""USA"",""Model Number"":""CP20 Pro"",""Specific Uses For Product"":""Work/Study & Entertainment"",""Style Name"":""Professional/Sophisticated 2-in-1"",""Manufacturer"":""IWEGGO"",""Set Name"":""IWEGGO 15 Android Tablet 2-in-1 Bundle"",""Configuration"":""8GB RAM + 128GB ROM + 1TB Expansion"",""Size"":""18GB+128GB"",""Unit Count"":""1 Count"",""Best Sellers Rank"":""#3,882 in Computers & Accessories (See Top 100 in Computers & Accessories) #47 in Tablets"",""ASIN"":""B0CDLBNZQH"",""Battery Average Life"":""10 Hours"",""Battery Capacity"":""6000 Milliamp Hours"",""Battery Cell Type"":""Lithium Ion"",""Battery Power"":""6000 Milliamp Hours"",""Lithium Battery Energy Content"":""6000 Watt Hours"",""Processor Speed"":""2 GHz"",""Processor Description"":""2.0GHz Quad-Core Processor"",""Processor Brand"":""IWEGGO"",""CPU Model Number"":""RK3562"",""Other Special Features of the Product"":""2-in-1 functionality with keyboard, mouse, and stylus pen"",""Operating Systems"":""Android 13"",""Colour"":""8GB+128GB Navy Blue"",""Item Weight Unit of Measure"":""1.2 Kilograms"",""Item Dimensions L x W x Thickness"":""24.9L x 16.5W x 0.8Th Centimeters"",""Human Interface Types"":""Touchscreen"",""Graphics Description"":""Integrated"",""Compatible Devices"":""Keyboard, Mouse, Stylus Pen"",""Operating System Family"":""Android"",""Screen Size Unit of Measure"":""10.1 Inches"",""Maximum Display Resolution"":""1280*800 Pixels"",""Display Type"":""LED"",""Native Resolution"":""1280 x 800 pixels"",""Aspect Ratio"":""16:10"",""Memory Storage Capacity"":""128 GB"",""RAM Memory Installed"":""18 GB"",""Memory Slots Available"":""1"",""Flash Memory Supported Size Maximum"":""2 TB"",""Compatible Flash Memory Type"":""microSD"",""RAM Size"":""8 GB"",""Hard-Drive Size"":""128 GB"",""Hardware Interface"":""USB"",""Wireless Technology Type"":""Bluetooth"",""Cellular Technology"":""Wi-Fi"",""Network Connectivity Technology"":""Wi-Fi"",""Wireless Compability"":""802.11ax"",""Video Capture Resolution"":""FHD 1080p"",""Camera Description"":""Front"",""Rear Facing Camera Photo Sensor Resolution"":""8 MP"",""Photo Sensor Resolution"":""8 MP""}",amazon
"Lenovo Tab Plus with Octa JBL Hi-Fi Speakers| 8 GB RAM, 128 GB ROM| 11.5 Inch, 2K, 90 Hz",Lenovo,Tablets,21999,32000,31,4.5,2040,https://m.media-amazon.com/images/I/61ZEkMXevXL._AC_UL500_.jpg,https://www.amazon.in/Lenovo-Speakers-Refresh-Android-Kickstand/dp/B0D6G4CVZ7/ref=sr_1_4?dib=eyJ2IjoiMSJ9.EzCF-rU5tEUKiBL_coMiy6-DEoqck1z7tv8CZcU2mr-JfuEPhLvMLaKf70mhgfpITbUwSHGECnxwhHJJMb5Jcy_AGJRvFH2Tu2FQUW8AfAxTC-ZxnlrXmNZ4MD-NB6CD51Yjn_g1VUoA9vyUz_GP6nGCkgIagy-iT41j_XXWkspzUgN0KnD9HtaeaDHXuq9BrmMPB0M-qMXfzBfVzm7ZHvbiSikZBSZMhFKVIFZu520.Qqa5BDPvYAUPPArEUHj_9LpsM5F3DWcr6EZ-AFIcshU&dib_tag=se&keywords=tablets+android&qid=1779560172&sr=8-4,"[Joy in Every Beat] Octa JBL Hi-Fi Speakers (sound by JBL), 4 x tweeters, 4 x force-balanced bass units with Dolby Atmos | [Outstanding Display] 11.5 Inch, 2K Display with 90 Hz Refresh Rate | [Never miss a beat] 8600 mAh Battery with 45 W Fast Charger available in the box | [Seamless Experience] Android 14 with upgrades until Android 16, and security patches available until June 2028 | [Processor] Mediatek Helio G99 Octa Processor","{""RAM"":""8 GB"",""Storage"":""128 GB"",""Display"":""11.5\"""",""Refresh Rate"":""90 Hz"",""OS"":""Android"",""Brand Name"":""Lenovo"",""Model Name"":""Tab Plus"",""Generation"":""2nd Generation"",""Model Year"":""2024"",""Age Range Description"":""Adult"",""Box Contents"":""1 Unit Table"",""Country of Origin"":""China"",""Warranty Description"":""1 Year Comprehensive Warranty from Lenovo"",""Model Number"":""ZADX0098IN"",""Specific Uses For Product"":""Business, Creative, Entertainment, Kids, Student"",""UPC"":""197530689826"",""Style Name"":""128GB"",""Manufacturer"":""Lenovo, ‎Lenovo, Motorola (Wuhan) Mobility Communication Technologies Communication co Ltd., No 19 Gaoxin 4th Road, East Lake High-Tech Zone, Wuhan, Hubei, P.R. China"",""Set Name"":""Lenovo Tab Plus"",""Size"":""8GB RAM + 128GB ROM"",""Importer Contact Information"":""Lenovo (India) Pvt Ltd., Ferns Icon, Level 2, Donnaekundi Village, Marathalli Outer Ring Road, K. R. Puram Hobli, Bangalore-560037"",""Packer Contact Information"":""Motorola (Wuhan) Mobility Communication Technologies Communication co Ltd., No 19 Gaoxin 4th Road, East Lake High-Tech Zone, Wuhan, Hubei, P.R. China"",""Unit Count"":""1 Count"",""Item Type Name"":""Tablet"",""Manufacturer Contact Information"":""‎Lenovo, Motorola (Wuhan) Mobility Communication Technologies Communication co Ltd., No 19 Gaoxin 4th Road, East Lake High-Tech Zone, Wuhan, Hubei, P.R. China"",""Best Sellers Rank"":""#1,196 in Computers & Accessories (See Top 100 in Computers & Accessories) #19 in Tablets"",""ASIN"":""B0D6G4CVZ7"",""Hardware Interface"":""USB Type C"",""Wireless Technology Type"":""Wi-Fi"",""Cellular Technology"":""Wi Fi"",""Total USB Ports"":""1"",""Network Connectivity Technology"":""Wi-Fi"",""Wireless Compability"":""802.11a, 802.11ac, 802.11b, 802.11g, 802.11n"",""Video Capture Resolution"":""2K"",""Camera Description"":""Front, Rear"",""Rear Facing Camera Photo Sensor Resolution"":""8 MP"",""Front Photo Sensor Resolution"":""8 MP"",""Operating Systems"":""Android"",""Colour"":""luna grey"",""Item Weight Unit of Measure"":""1120 Grams"",""Item Dimensions L x W x Thickness"":""26.8L x 17.4W x 1.4Th Centimeters"",""Human Interface Types"":""OCR"",""Graphics Description"":""Integrated"",""Compatible Devices"":""Stylus,Keyboard"",""Warranty Type"":""Limited"",""Operating System Family"":""Android"",""Screen Size Unit of Measure"":""11.5 Inches"",""Maximum Display Resolution"":""2560x1440"",""Display Type"":""LED"",""Native Resolution"":""2K"",""Frame Rate"":""90"",""Aspect Ratio"":""16:9"",""Display Refresh Rate in Hertz"":""90"",""Memory Storage Capacity"":""128 GB"",""RAM Memory Installed"":""8 GB"",""Memory Slots Available"":""2"",""Flash Memory Supported Size Maximum"":""1 TB"",""Battery Average Life"":""12 Hours"",""Battery Capacity"":""8600 Milliamp Hours"",""Battery Cell Type"":""Lithium Polymer"",""Battery Power"":""8600 Milliamp Hours"",""Lithium Battery Energy Content"":""8600 Milliampere Hour (mAh)"",""Processor Speed"":""2.2 GHz"",""Processor Description"":""MediaTek Helio G99"",""Processor Brand"":""MediaTek"",""CPU Model Number"":""MediaTek Helio G99 (Octa-Core)"",""Other Special Features of the Product"":""Fast Charging"",""Biometric Security Feature"":""Face Unlock""}",amazon
IKALL N12 Pro 7-Inch Android Tablet,IKALL,Tablets,4199,5999,30,3,1,https://m.media-amazon.com/images/I/519Oi-AK2aL._AC_UL500_.jpg,https://www.amazon.in/IKALL-N12-Pro-Performance-Portable/dp/B0GZBDCHP6/ref=sr_1_5?dib=eyJ2IjoiMSJ9.EzCF-rU5tEUKiBL_coMiy6-DEoqck1z7tv8CZcU2mr-JfuEPhLvMLaKf70mhgfpITbUwSHGECnxwhHJJMb5Jcy_AGJRvFH2Tu2FQUW8AfAxTC-ZxnlrXmNZ4MD-NB6CD51Yjn_g1VUoA9vyUz_GP6nGCkgIagy-iT41j_XXWkspzUgN0KnD9HtaeaDHXuq9BrmMPB0M-qMXfzBfVzm7ZHvbiSikZBSZMhFKVIFZu520.Qqa5BDPvYAUPPArEUHj_9LpsM5F3DWcr6EZ-AFIcshU&dib_tag=se&keywords=tablets+android&qid=1779560172&sr=8-5,"📶 Seamless Wi-Fi Connectivity: Stay connected with stable Wi-Fi support for smooth browsing, video streaming, online classes, and app downloads without interruptions | ⚙️ Efficient Performance with Quad-Core Processor: Powered by a responsive Quad-Core processor with Android OS, ensuring smooth multitasking, faster app launches, and lag-free everyday usage | 💾 3GB RAM + 16GB Storage (Expandable): Enjoy effortless multitasking with 3GB RAM and store your apps, photos, and videos with 16GB internal storage, expandable up to 32GB for additional space | 📸 Dual Camera Setup for Everyday Use: Cap","{""RAM"":""3 GB"",""Storage"":""16 GB"",""Battery"":""3000 mAh"",""OS"":""Android"",""Brand Name"":""IKALL"",""Model Name"":""N12 Pro"",""Model Year"":""2026"",""Age Range Description"":""Adult, Kid"",""Box Contents"":""Adapter_IN, Tablet_IN, USB Cable, User Manual"",""Country of Origin"":""India"",""Warranty Description"":""1 Year Manufacturing Warranty for Product and 6 month on Accessories."",""Model Number"":""N12 Pro"",""Manufacturer"":""Arigato & Obligado Merchandise Private Limited, Arigato and Obligado Merchandise Pvt. Ltd. Sector-2 Noida U.P. Pin-201301 Contact No. - 0120-4731048"",""Manufacturer Part Number"":""IKL-N12ProTAB-BLK"",""Packer Contact Information"":""Arigato and Obligado Merchandise Pvt. Ltd. Sector-2 Noida U.P. Pin-201301 Contact No. - 0120-4731048"",""Unit Count"":""1.0 Count"",""Manufacturer Contact Information"":""Arigato and Obligado Merchandise Pvt. Ltd. Sector-2 Noida U.P. Pin-201301 Contact No. - 0120-4731048"",""Best Sellers Rank"":""#3,436 in Computers & Accessories (See Top 100 in Computers & Accessories) #42 in Tablets"",""ASIN"":""B0GZBDCHP6"",""Wireless Technology Type"":""Cellular"",""Cellular Technology"":""4G"",""Total USB Ports"":""1"",""Network Connectivity Technology"":""Cellular"",""Other Special Features of the Product"":""Supports USB OTG"",""Supported Audio Format"":""Mp3"",""Operating Systems"":""Android 10"",""Colour"":""Black"",""Item Weight Unit of Measure"":""40 Grams"",""Item Dimensions L x W x Thickness"":""18L x 12W x 1Th Centimeters"",""Graphics Description"":""Integrated"",""Screen Size Unit of Measure"":""7 Inches"",""Maximum Display Resolution"":""720p HD Ready"",""Display Type"":""LCD"",""Native Resolution"":""1024 x 576 pixels"",""RAM Memory Installed"":""3 GB"",""Battery Average Life"":""3 Hours"",""Battery Capacity"":""3000 Milliamp Hours"",""Battery Cell Type"":""Lithium Polymer"",""Battery Power"":""3000 Amp Hours"",""Lithium Battery Energy Content"":""3000 Milliampere Hour (mAh)"",""Processor Speed"":""1.6 GHz"",""Processor Brand"":""MediaTek"",""Video Capture Resolution"":""HD 720p"",""Camera Description"":""Front, Rear"",""Rear Facing Camera Photo Sensor Resolution"":""2 MP"",""Front Photo Sensor Resolution"":""0.3 MP""}",amazon
Lenovo Idea Tab Pro Gen 2 with Pen Plus,Lenovo,Tablets,39999,70000,43,4.5,38,https://m.media-amazon.com/images/I/815gFtA2UVL._AC_UL500_.jpg,https://www.amazon.in/Lenovo-Resolution-Snapdragon-10200mAh-Speakers/dp/B0GWHYQW77/ref=sr_1_6?dib=eyJ2IjoiMSJ9.EzCF-rU5tEUKiBL_coMiy6-DEoqck1z7tv8CZcU2mr-JfuEPhLvMLaKf70mhgfpITbUwSHGECnxwhHJJMb5Jcy_AGJRvFH2Tu2FQUW8AfAxTC-ZxnlrXmNZ4MD-NB6CD51Yjn_g1VUoA9vyUz_GP6nGCkgIagy-iT41j_XXWkspzUgN0KnD9HtaeaDHXuq9BrmMPB0M-qMXfzBfVzm7ZHvbiSikZBSZMhFKVIFZu520.Qqa5BDPvYAUPPArEUHj_9LpsM5F3DWcr6EZ-AFIcshU&dib_tag=se&keywords=tablets+android&qid=1779560172&sr=8-6,"Stunning 13-Inch Display with Pro-Grade Performance – Boasting an ultra-sharp 3504 × 2190 resolution across a large 13-inch LCD panel, a silky-smooth 144Hz refresh rate, up to 800 nits of peak brightness, and 99% DCI-P3 cinema-grade colour coverage, this display delivers razor-crisp visuals, fluid motion, and true-to-life colours — making it perfect for gaming, streaming, creative work, and everything in between. | Powered by Latest Snapdragon 8s Gen 4 Processor – Built on the advanced Snapdragon 8s Gen 4 (SM8735P) platform, this 8-core chip intelligently balances a high-performance core clock","{""Battery"":""10200 mAh"",""Display"":""13\"""",""Refresh Rate"":""144 Hz"",""Processor"":""Snapdragon 8s Gen 4"",""Brand Name"":""Lenovo"",""Model Name"":""IdeaTab Pro Gen 2"",""Model Year"":""2026"",""Age Range Description"":""Adult"",""Box Contents"":""1 Pen Nib Replacement, 45W Charging Adapter, Lenovo Idea Tab Pro Gen 2 Tablet with Pen Plus, MicroSD Tray Pin, Quick Start Guide & Safety, Warranty, USB Type-C 2.0 Charging Cable"",""Country of Origin"":""India"",""Warranty Description"":""1 Year Comprehensive Warranty"",""Model Number"":""ZAHD0731IN"",""Specific Uses For Product"":""Creative, Entertainment, Student"",""UPC"":""199274982065"",""Manufacturer"":""BHAGWATI PRODUCTS LIMITED, Entire tower Tec-1, Entire tower Tec-2, Entire Tower WTC one C, TZ -13 A,IT park, Sector- TechZone, Greater Noida, Gautambuddha Nagar, UttarPradesh, 201308, Lenovo"",""Manufacturer Part Number"":""ZAHD0731IN"",""Importer Contact Information"":""Lenovo (India) Pvt Ltd., Ferns Icon, Level 2, Donnaekundi Village, Marathalli Outer Ring Road, K. R. Puram Hobli, Bangalore-560037"",""Packer Contact Information"":""BHAGWATI PRODUCTS LIMITED, Entire tower Tec-1, Entire tower Tec-2, Entire Tower WTC one C, TZ -13 A,IT park, Sector- TechZone, Greater Noida, Gautambuddha Nagar, UttarPradesh, 201308"",""Unit Count"":""1 Count"",""Item Type Name"":""Tablet"",""Manufacturer Contact Information"":""BHAGWATI PRODUCTS LIMITED, Entire tower Tec-1, Entire tower Tec-2, Entire Tower WTC one C, TZ -13 A,IT park, Sector- TechZone, Greater Noida, Gautambuddha Nagar, UttarPradesh, 201308"",""Best Sellers Rank"":""#929 in Computers & Accessories (See Top 100 in Computers & Accessories) #16 in Tablets"",""ASIN"":""B0GWHYQW77"",""Hardware Interface"":""DisplayPort, USB Type C"",""Wireless Technology Type"":""Bluetooth, Wi-Fi"",""Total USB Ports"":""1"",""Network Connectivity Technology"":""Wi-Fi"",""Wireless Compability"":""802.11b"",""Camera Description"":""Front"",""Rear Facing Camera Photo Sensor Resolution"":""13 MP"",""Front Photo Sensor Resolution"":""8 MP"",""Number of Rear Facing Cameras"":""1"",""Operating Systems"":""Android, Android 16"",""Colour"":""Luna Grey"",""Video Processor"":""Qualcomm"",""Item Weight Unit of Measure"":""598 Grams"",""Item Dimensions L x W x Thickness"":""29.6L x 19.2W x 0.6Th Centimeters"",""Human Interface Types"":""Touchscreen with Stylus Support"",""Graphics Description"":""Integrated"",""Warranty Type"":""Limited"",""Screen Size Unit of Measure"":""13 Inches"",""Maximum Display Resolution"":""3504x2190 Pixels"",""Display Type"":""LCD"",""Native Resolution"":""3504x2190"",""Aspect Ratio"":""16:10"",""Maximum Display Brightness"":""800 Nit"",""Display Refresh Rate in Hertz"":""144"",""Memory Storage Capacity"":""256 GB"",""RAM Memory Installed"":""8 GB"",""Battery Average Life"":""11 Hours"",""Battery Capacity"":""10200"",""Battery Cell Type"":""Lithium Ion"",""Lithium Battery Energy Content"":""10200 Milliampere Hour (mAh)"",""Processor Speed"":""2 GHz"",""Processor Description"":""Snapdragon 800 Series, Snapdragon 8s Gen 4"",""Processor Brand"":""Qualcomm"",""CPU Model Speed Maximum"":""3.2 GHz"",""Other Special Features of the Product"":""Expandable Storage, Stereo Speakers, Stylus Support"",""Speaker Description"":""4 JBL speakers, optimized with Dolby Atmos""}",amazon
"Redmi Pad 2, WiFi Active Pen Support, 27.94Cm(11"") Model, 2.5K Sharp & Clear Display,",Xiaomi,Tablets,16999,16999,0,4.2,398,https://m.media-amazon.com/images/I/71XIM211EkL._AC_UL500_.jpg,https://www.amazon.in/Redmi-Pad-Support-AI-Enabled-Graphite/dp/B0FBRS76BR/ref=sr_1_7?dib=eyJ2IjoiMSJ9.EzCF-rU5tEUKiBL_coMiy6-DEoqck1z7tv8CZcU2mr-JfuEPhLvMLaKf70mhgfpITbUwSHGECnxwhHJJMb5Jcy_AGJRvFH2Tu2FQUW8AfAxTC-ZxnlrXmNZ4MD-NB6CD51Yjn_g1VUoA9vyUz_GP6nGCkgIagy-iT41j_XXWkspzUgN0KnD9HtaeaDHXuq9BrmMPB0M-qMXfzBfVzm7ZHvbiSikZBSZMhFKVIFZu520.Qqa5BDPvYAUPPArEUHj_9LpsM5F3DWcr6EZ-AFIcshU&dib_tag=se&keywords=tablets+android&qid=1779560172&sr=8-7,"Active stylus support this good is rare in the segment — and once you try it, there’s no going back. Designed for creativity and productivity, mark up documents, take notes, sketch ideas, or navigate like a pro. With ultra-low latency and precision performance, every stroke feels smooth, natural, and intuitive. *sold seperately | Crisp, Bright, and Unbeatable in Its Class* - Experience crystal-clear visuals with sharp 2.5K resolution and smooth 90Hz refresh. Whether you’re binge-watching, reading, or sketching, enjoy vibrant, seamless details illuminated by up to 600 nits of brightness, ready ","{""Battery"":""9000 mAh"",""Display"":""11\"""",""Brand Name"":""Redmi"",""Model Name"":""Redmi Pad 2"",""Generation"":""1st Generation"",""Model Year"":""2025"",""Box Contents"":""Tablet Computer/Adapter/USB Type-C Cable/Sim Ejector tool"",""Country of Origin"":""India"",""Warranty Description"":""1 year manufacturer"",""Model Number"":""Redmi Pad 2"",""Specific Uses For Product"":""Entertainment"",""Style Name"":""Wifi"",""Manufacturer"":""BYD (India) Private Limited, Developed Plot No. OZ 7, Sipcot, Oragadam, Sriperambudur, Kancheepuram, Tamil Nadu 602105, India, Xiaomi"",""Size"":""4GB RAM + 128GB Storage"",""Manufacturer Part Number"":""Redmi Pad 2"",""Packer Contact Information"":""DBG Technology (India) Private Limited, Plot No. 2, N. H. No. 8, ICD Bawal, Sector – 8, Bawal, District – Rewari, Haryana 123501, India"",""Unit Count"":""1 Count"",""Item Type Name"":""Tablet"",""Manufacturer Contact Information"":""BYD (India) Private Limited, Developed Plot No. OZ 7, Sipcot, Oragadam, Sriperambudur, Kancheepuram, Tamil Nadu 602105, India"",""Best Sellers Rank"":""#81 in Computers & Accessories (See Top 100 in Computers & Accessories) #3 in Tablets"",""ASIN"":""B0FBRS76BR"",""Battery Capacity"":""9000"",""Battery Cell Type"":""Lithium Ion"",""Battery Power"":""9000"",""Lithium Battery Energy Content"":""34.56 Watt Hours"",""Processor Speed"":""2.2 GHz"",""Processor Description"":""MediaTek Helio G100-Ultra"",""Processor Brand"":""MediaTek"",""Video Capture Resolution"":""FHD 1080p, HD 720p"",""Camera Description"":""5MP, Front"",""Rear Facing Camera Photo Sensor Resolution"":""8 MP"",""Front Photo Sensor Resolution"":""5 MP"",""Operating Systems"":""Android, HyperOS 2"",""Colour"":""Graphite Grey"",""Video Processor"":""MediaTek"",""Item Weight Unit of Measure"":""510 Grams"",""Item Dimensions L x W x Thickness"":""25.5L x 16.6W x 0.7Th Centimeters"",""Graphics Coprocessor"":""Mali-G57 MC2"",""Human Interface Types"":""Touchscreen with Stylus Support"",""Graphics Description"":""Intergrated"",""Compatible Devices"":""Stylus"",""Warranty Type"":""Limited"",""Operating System Family"":""Android"",""Screen Size Unit of Measure"":""11 Inches"",""Maximum Display Resolution"":""2560x1600 Pixels"",""Display Type"":""LCD"",""Native Resolution"":""2560 x 1600 pixels"",""Aspect Ratio"":""16:10"",""Maximum Display Brightness"":""600 Nit"",""Display Refresh Rate in Hertz"":""90"",""Memory Storage Capacity"":""128 GB"",""RAM Memory Installed"":""4 GB"",""Memory Slots Available"":""yes"",""Hardware Interface"":""USB 2.0"",""Wireless Technology Type"":""Wi-Fi"",""Cellular Technology"":""Wi-Fi"",""Total USB Ports"":""1"",""Network Connectivity Technology"":""Wi-Fi"",""Wireless Compability"":""802.11a, 802.11ac, 802.11b, 802.11g, 802.11n"",""Other Special Features of the Product"":""Expandable Storage, Stylus Support"",""Supported Audio Format"":""MP3, FLAC, AAC, OGG, WAV, OTA, MIDI, AMR, 3GP, APE, AWB"",""Headphones Jack"":""3.5 mm""}",amazon
"IWEGGO - Android 14 tablet, 10 inch, 8GB RAM+64GB ROM+1TB expandable, 1.8GHz quad-core",IWEGGO,Tablets,10566,10566,0,3.9,1268,https://m.media-amazon.com/images/I/71uAB45BlfL._AC_UL500_.jpg,https://www.amazon.in/IWEGGO-expandable-quad-core-processor-keyboard/dp/B0CTH1JX6P/ref=sr_1_8?dib=eyJ2IjoiMSJ9.EzCF-rU5tEUKiBL_coMiy6-DEoqck1z7tv8CZcU2mr-JfuEPhLvMLaKf70mhgfpITbUwSHGECnxwhHJJMb5Jcy_AGJRvFH2Tu2FQUW8AfAxTC-ZxnlrXmNZ4MD-NB6CD51Yjn_g1VUoA9vyUz_GP6nGCkgIagy-iT41j_XXWkspzUgN0KnD9HtaeaDHXuq9BrmMPB0M-qMXfzBfVzm7ZHvbiSikZBSZMhFKVIFZu520.Qqa5BDPvYAUPPArEUHj_9LpsM5F3DWcr6EZ-AFIcshU&dib_tag=se&keywords=tablets+android&qid=1779560172&sr=8-8,"2024 Android 13 Tablet The portable tablet has a 2 in 1 working mode, you can use the Bluetooth function to connect keyboard, mouse, comes with a foldable protective stylus and film, you can flexibly convert the tablet into a portable mode or computer mode for different usage, edit your papers, emails, ppts conveniently. | 8GB RAM + 64GB ROM Storage - The latest Android 13 system, 1.8GHz quad-core processor, 8GB RAM (contains 4GB extended memory) + 64GB ROM + 512GB expandable, ensure android tablet work faster, stable, enough memory allows you to store more favorite e-books, movies, music, pic","{""RAM"":""8 GB"",""Storage"":""64 GB"",""Display"":""10\"""",""Connectivity"":""5G"",""OS"":""Android"",""Brand Name"":""IWEGGO"",""Model Name"":""CP20"",""Generation"":""Android 13"",""Model Year"":""2025"",""Age Range Description"":""Adult"",""Box Contents"":""Bluetooth Keyboard, Protective Case, Stylus Pen, Tempered film, wireless mouse"",""Country of Origin"":""USA"",""Model Number"":""NV10"",""Specific Uses For Product"":""Note taking, presentations, fieldwork, drawing, photography, videography, gaming, entertainment, professional purposes (data analysis, design work)"",""UPC"":""658362039666"",""Manufacturer"":""IWEGGO"",""Size"":""4GB+64GB"",""Best Sellers Rank"":""#10,087 in Computers & Accessories (See Top 100 in Computers & Accessories) #90 in Tablets"",""ASIN"":""B0CTH1JX6P"",""Battery Capacity"":""6000 Milliamp Hours"",""Battery Cell Type"":""Lithium Polymer"",""Battery Power"":""6000"",""Lithium Battery Energy Content"":""22.5 Watt Hours"",""Hardware Interface"":""USB"",""Wireless Technology Type"":""Wi-Fi"",""Cellular Technology"":""wifi"",""Total USB Ports"":""1"",""Network Connectivity Technology"":""Bluetooth, Wi-Fi"",""Wireless Compability"":""802.11ax"",""Other Special Features of the Product"":""Tablet, Keyboard, Mouse, Stylus 2 in 1"",""Operating Systems"":""Android 13"",""Colour"":""blue"",""Video Processor"":""IWEGGO"",""Item Weight Unit of Measure"":""1.21 Kilograms"",""Item Dimensions L x W x Thickness"":""24.1L x 16.5W x 0.8Th Centimeters"",""Human Interface Types"":""Touchscreen"",""Graphics Description"":""Integrated"",""Compatible Devices"":""PC, tablet"",""Operating System Family"":""Android"",""Screen Size Unit of Measure"":""10.1 Inches"",""Maximum Display Resolution"":""1280*800 Pixels"",""Display Type"":""LED"",""Native Resolution"":""1280 x 800 pixels"",""Aspect Ratio"":""16:10"",""Memory Storage Capacity"":""64 GB"",""RAM Memory Installed"":""12 GB"",""Memory Slots Available"":""1"",""Flash Memory Supported Size Maximum"":""1 TB"",""RAM Size"":""8 GB"",""Processor Speed"":""1.8 GHz"",""Processor Description"":""IWEGGO Quad-core 1.8 GHz"",""Processor Brand"":""IWEGGO"",""Video Capture Resolution"":""FHD 1080p"",""Camera Description"":""Front"",""Rear Facing Camera Photo Sensor Resolution"":""8 MP"",""Photo Sensor Resolution"":""8 MP""}",amazon
"ECOPAD Android 13 Tablet 2023 - 10 Inch With 6GB RAM, 64GB ROM, 1TB Expanded, Quad-Core,",ECOPAD,Tablets,9092.12,22591,60,4,2468,https://m.media-amazon.com/images/I/71TIm-ACq-L._AC_UL500_.jpg,https://www.amazon.in/ECOPAD-Android-Tablet-2023-Quad-Core/dp/B0CG89T15H/ref=sr_1_9?dib=eyJ2IjoiMSJ9.EzCF-rU5tEUKiBL_coMiy6-DEoqck1z7tv8CZcU2mr-JfuEPhLvMLaKf70mhgfpITbUwSHGECnxwhHJJMb5Jcy_AGJRvFH2Tu2FQUW8AfAxTC-ZxnlrXmNZ4MD-NB6CD51Yjn_g1VUoA9vyUz_GP6nGCkgIagy-iT41j_XXWkspzUgN0KnD9HtaeaDHXuq9BrmMPB0M-qMXfzBfVzm7ZHvbiSikZBSZMhFKVIFZu520.Qqa5BDPvYAUPPArEUHj_9LpsM5F3DWcr6EZ-AFIcshU&dib_tag=se&keywords=tablets+android&qid=1779560172&sr=8-9,"2-in-1 Android Tablet - Our versatile tablet effortlessly transforms from a tablet to a portable laptop with the included mouse and keyboard, you can use it easily for productivity while on the move or switch to tablet mode to enjoy entertainment. | Android 15 Tablet with GMS Certification - The tablet is powered by the latest Android 15 operating system. It offers an easy-to-use interface and access to a wide range of apps, games and services through Google Play Store. You can keep up with the latest features and experience a seamless and simple user experience. | 10.1 Inch HD Screen - Immers","{""RAM"":""6 GB"",""Storage"":""64 GB"",""Display"":""10\"""",""OS"":""Android"",""Brand Name"":""ECOPAD"",""Model Name"":""K12E"",""Generation"":""Android 13"",""Model Year"":""2025"",""Age Range Description"":""Adult"",""Box Contents"":""Keyboard, Mouse"",""Model Number"":""2025-2023"",""Specific Uses For Product"":""productivity tasks, multimedia consumption, web browsing, gaming"",""Manufacturer"":""ECOPAD"",""Size"":""Tablet Set"",""Best Sellers Rank"":""#4,177 in Computers & Accessories (See Top 100 in Computers & Accessories) #49 in Tablets"",""ASIN"":""B0CG89T15H"",""Memory Storage Capacity"":""64 GB"",""RAM Memory Installed"":""12 GB"",""Memory Slots Available"":""1"",""RAM Size"":""12 GB"",""Hardware Interface"":""USB"",""Wireless Technology Type"":""Bluetooth"",""Cellular Technology"":""Wi Fi"",""Total USB Ports"":""1"",""Network Connectivity Technology"":""USB"",""Wireless Compability"":""802.11ax"",""Other Special Features of the Product"":""Expandable Storage"",""Sensor Type"":""Ambient Light Sensor"",""Supported Audio Format"":""MP3, AAC, WAV"",""Operating Systems"":""Android"",""Colour"":""black"",""Video Processor"":""ARM"",""Item Weight Unit of Measure"":""1.25 Kilograms"",""Item Dimensions L x W x Thickness"":""24.6L x 15.2W x 0.8Th Centimeters"",""Graphics Coprocessor"":""Mali-Gxx MPx"",""Human Interface Types"":""Touchscreen"",""Graphics Description"":""Integrated"",""Compatible Devices"":""Laptop"",""Screen Size Unit of Measure"":""10.1 Inches"",""Maximum Display Resolution"":""1280*800 Pixels"",""Display Type"":""LCD"",""Native Resolution"":""1280 x 800 pixels"",""Aspect Ratio"":""16:9"",""Battery Average Life"":""6 Hours"",""Battery Capacity"":""6000 Milliamp Hours"",""Battery Cell Type"":""Lithium Polymer"",""Battery Power"":""6000"",""Lithium Battery Energy Content"":""0.6 Watt Hours"",""Processor Description"":""ARM Cortex"",""Processor Brand"":""ARM"",""CPU Model Number"":""2023"",""Video Capture Resolution"":""HD 720p"",""Camera Description"":""Front, Rear"",""Rear Facing Camera Photo Sensor Resolution"":""8 MP"",""Front Photo Sensor Resolution"":""0.3 MP"",""Photo Sensor Resolution"":""8 MP"",""Number of Rear Facing Cameras"":""1""}",amazon
"DOMO Slate SL39 10.1-Inch 4G Tablet PC, inbuilt Storage, 4GB RAM + 32GB,1TB Expandable,",DOMO,Tablets,7550,24990,70,5,2,https://m.media-amazon.com/images/I/513rGKFUKLL._AC_UL500_.jpg,https://www.amazon.in/DOMO-SL39-10-1-Inch-Expandable-Bluetooth/dp/B0GWMMPJ42/ref=sr_1_10?dib=eyJ2IjoiMSJ9.EzCF-rU5tEUKiBL_coMiy6-DEoqck1z7tv8CZcU2mr-JfuEPhLvMLaKf70mhgfpITbUwSHGECnxwhHJJMb5Jcy_AGJRvFH2Tu2FQUW8AfAxTC-ZxnlrXmNZ4MD-NB6CD51Yjn_g1VUoA9vyUz_GP6nGCkgIagy-iT41j_XXWkspzUgN0KnD9HtaeaDHXuq9BrmMPB0M-qMXfzBfVzm7ZHvbiSikZBSZMhFKVIFZu520.Qqa5BDPvYAUPPArEUHj_9LpsM5F3DWcr6EZ-AFIcshU&dib_tag=se&keywords=tablets+android&qid=1779560172&sr=8-10,"10.1 Inch IPS 1280*800 pixels HD LCD Display | 4GB High Speed RAM, 32GB Internal Storage and 1TB Expandable | DUAL Camera - 5MP Front and 13MP Rear with LED Flash | MTK 6750 A53 64 bit Octa Core Processor running @ 2.5GHz (1.5GHz QuadCore + 1GHz QuadCore) | Android 10 | Dual SIM Card Slots which support 2G, 3G and 4G VoLTE networks | 5020 mAh battery","{""RAM"":""4 GB"",""Brand Name"":""DOMO"",""Model Name"":""Slate SL39 OS10"",""Box Contents"":""1 Pc Device, 1 Pc Charging Power Adapter, 1 Pc USB Cable, 1 SimCard Tray Eject Pin & User Manual"",""Country of Origin"":""India"",""Model Number"":""SL39"",""Manufacturer"":""DOMO Gadgets Pvt Ltd"",""Packer Contact Information"":""Bombay Mall"",""Item Type Name"":""Tablet PC"",""Best Sellers Rank"":""#1,791 in Computers & Accessories (See Top 100 in Computers & Accessories) #24 in Tablets"",""ASIN"":""B0GWMMPJ42"",""Wireless Technology Type"":""Bluetooth, Cellular, Wi-Fi"",""Cellular Technology"":""4G"",""Operating Systems"":""Android 10"",""Colour"":""Green"",""Item Weight Unit of Measure"":""480 Grams"",""Item Dimensions L x W x Thickness"":""24L x 16.8W x 0.8Th Centimeters"",""Graphics Description"":""Dual Core Mali T860 GPU (Graphics Processor) running @ up to 650MHz"",""Screen Size Unit of Measure"":""10.1 Inches"",""Maximum Display Resolution"":""1280 x 800 Pixels"",""Display Type"":""LCD"",""Memory Storage Capacity"":""32 GB"",""RAM Memory Installed"":""4 GB"",""Battery Capacity"":""5020 Milliamp Hours"",""Battery Power"":""5020 Milliamp Hours"",""Processor Brand"":""ARM"",""Warranty Description"":""Warranty Term Device: 1 Year, Warranty Type : Onsite (Free pickups and deliveries), Accessories: 3 Months, Not Covered in Warranty : Physical damages, Water Damages, Moisture Damages, Seal Tampering & Burnout Cases, Online Support : Online Knowledge Base, Support Tickets, Phone Support, Post Warranty Type : Onsite (Paid Services)""}",amazon
"Lenovo Idea Tab Smartchoice |11-inch 2.5K Clear Display, 90Hz Refresh Rate, 8GB RAM,",Lenovo,Tablets,24999,28000,11,4.2,353,https://m.media-amazon.com/images/I/81CHfgepnEL._AC_UL500_.jpg,https://www.amazon.in/Lenovo-Smartchoice-Resolution-MediaTek-Dimensity/dp/B0FJG1Y79K/ref=sr_1_12?dib=eyJ2IjoiMSJ9.EzCF-rU5tEUKiBL_coMiy6-DEoqck1z7tv8CZcU2mr-JfuEPhLvMLaKf70mhgfpITbUwSHGECnxwhHJJMb5Jcy_AGJRvFH2Tu2FQUW8AfAxTC-ZxnlrXmNZ4MD-NB6CD51Yjn_g1VUoA9vyUz_GP6nGCkgIagy-iT41j_XXWkspzUgN0KnD9HtaeaDHXuq9BrmMPB0M-qMXfzBfVzm7ZHvbiSikZBSZMhFKVIFZu520.Qqa5BDPvYAUPPArEUHj_9LpsM5F3DWcr6EZ-AFIcshU&dib_tag=se&keywords=tablets+android&qid=1779560172&sr=8-12,"Display:- 11 Inch Screen | 2.5K Display | Resolution: 2560x1600 | 500nits Brightness | 72% NTSC | Anti-Reflection | TÜV Lowblue Light | Processor:- MediaTek Dimensity 6300 (8C, 2x A76 2.4 GHz + 6xA55 2.0 GHz) | Memory & Storage : 8GB Soldered LPDDR4x | 256GB UFS 2.2, Max storage support 256GB UFS 2.2 on systemboard | Speakers & Camera: 4 speakers, optimized with Dolby Atmos |Front 5.0MP / Rear 8.0MP | Battery: Integrated 7040mAh (Typ.) | Video streaming: 12 hr of YouTube streaming | In-box 20W Charging Adapter","{""RAM"":""8 GB"",""Storage"":""256 GB"",""Battery"":""7040 mAh"",""Refresh Rate"":""90 Hz"",""Processor"":""Dimensity 6300"",""Connectivity"":""5G"",""Brand Name"":""Lenovo"",""Model Name"":""Idea Tab"",""Generation"":""1st Generation"",""Model Year"":""2025"",""Age Range Description"":""Adult"",""Box Contents"":""Idea Tab, In-box 20W Charging Adapter, MicroSD Tray Pin, Quick Start Guide & Safety, Warranty, USB Type-C 2.0 Charging Cable"",""Country of Origin"":""China"",""Warranty Description"":""1 Year Comprehensive Warranty"",""Model Number"":""ZAFM0708IN"",""Specific Uses For Product"":""Creative, Gaming"",""UPC"":""199271532010"",""Style Name"":""5G"",""Manufacturer"":""Lenovo, ‎Lenovo, Motorola (Wuhan) Mobility Communication Technologies Communication co Ltd., No 19 Gaoxin 4th Road, East Lake High-Tech Zone, Wuhan, Hubei, P.R. China"",""Set Name"":""Lenovo Idea Tab Smartchoice (Single)"",""Configuration"":""8GB RAM, 256GB ROM, MediaTek Dimensity 6300, 11-inch 2.5K Display, 90Hz Refresh Rate, 4 Speakers, Dolby Atmos, 7040mAh Battery, 5G, Wi-Fi, AI-Enabled"",""Size"":""11 inches"",""Manufacturer Part Number"":""ZAFM0708IN"",""Importer Contact Information"":""Lenovo (India) Pvt Ltd., Ferns Icon, Level 2, Donnaekundi Village, Marathalli Outer Ring Road, K. R. Puram Hobli, Bangalore-560037"",""Packer Contact Information"":""Motorola (Wuhan) Mobility Communication Technologies Communication co Ltd., No 19 Gaoxin 4th Road, East Lake High-Tech Zone, Wuhan, Hubei, P.R. China"",""Unit Count"":""1 Count"",""Item Type Name"":""Tablet"",""Manufacturer Contact Information"":""‎Lenovo, Motorola (Wuhan) Mobility Communication Technologies Communication co Ltd., No 19 Gaoxin 4th Road, East Lake High-Tech Zone, Wuhan, Hubei, P.R. China"",""Best Sellers Rank"":""#195 in Computers & Accessories (See Top 100 in Computers & Accessories) #5 in Tablets"",""ASIN"":""B0FJG1Y79K"",""Hardware Interface"":""USB Type C"",""Wireless Technology Type"":""Bluetooth, Cellular, Wi-Fi"",""Cellular Technology"":""5G"",""Total USB Ports"":""1"",""Network Connectivity Technology"":""Bluetooth, LTE, Wi-Fi"",""Wireless Compability"":""802.11ac"",""Other Special Features of the Product"":""Cellular Connectivity, Fast Charging, Stereo Speakers"",""Speaker Description"":""4 speakers, optimized with Dolby Atmos"",""Operating Systems"":""Android, Android 15"",""Colour"":""Luna Grey"",""Video Processor"":""MediaTek"",""Item Weight Unit of Measure"":""480 Grams"",""Item Dimensions L x W x Thickness"":""25.4L x 16.6W x 0.7Th Centimeters"",""Human Interface Types"":""Touchscreen"",""Graphics Description"":""Integrated"",""Warranty Type"":""Limited"",""Operating System Family"":""Android"",""Screen Size Unit of Measure"":""11 Inches"",""Maximum Display Resolution"":""2560x1600 Pixels"",""Display Type"":""LCD"",""Native Resolution"":""2560 x 1600 pixels"",""Aspect Ratio"":""16:10"",""Maximum Display Brightness"":""500 Nit"",""Display Refresh Rate in Hertz"":""90"",""Memory Storage Capacity"":""256 GB"",""RAM Memory Installed"":""8 GB"",""RAM Size"":""8 GB"",""Hard-Drive Size"":""256 GB"",""Battery Average Life"":""9 Hours"",""Battery Capacity"":""7040"",""Battery Cell Type"":""Lithium Ion"",""Battery Power"":""7040 Milliamp Hours"",""Lithium Battery Energy Content"":""7040 Milliampere Hour (mAh)"",""Processor Speed"":""2.4 GHz"",""Processor Description"":""Dimensity 6300"",""Processor Brand"":""MediaTek"",""Camera Description"":""Front"",""Rear Facing Camera Photo Sensor Resolution"":""8 MP"",""Front Photo Sensor Resolution"":""5 MP"",""Number of Rear Facing Cameras"":""1""}",amazon
"DOMO Slate SLP9 OS12 T310 10.1-Inch IPS LCD, 4G Tablet PC, 4GB RAM, 64GB Storage, Android",DOMO,Tablets,8290,29990,72,3.5,18,https://m.media-amazon.com/images/I/61dLOI6bmLL._AC_UL500_.jpg,https://www.amazon.in/DOMO-SLP9-10-1-Inch-Expandable-Bluetooth/dp/B0F88C8TX1/ref=sr_1_13?dib=eyJ2IjoiMSJ9.EzCF-rU5tEUKiBL_coMiy6-DEoqck1z7tv8CZcU2mr-JfuEPhLvMLaKf70mhgfpITbUwSHGECnxwhHJJMb5Jcy_AGJRvFH2Tu2FQUW8AfAxTC-ZxnlrXmNZ4MD-NB6CD51Yjn_g1VUoA9vyUz_GP6nGCkgIagy-iT41j_XXWkspzUgN0KnD9HtaeaDHXuq9BrmMPB0M-qMXfzBfVzm7ZHvbiSikZBSZMhFKVIFZu520.Qqa5BDPvYAUPPArEUHj_9LpsM5F3DWcr6EZ-AFIcshU&dib_tag=se&keywords=tablets+android&qid=1779560172&sr=8-13,"10.1 Inch 1920x1200 IPS HD LCD Display (400 NITS Brightness) | Voice Calling 4G, 3G & 2G SIM Card | VOLTE and LTE Supported | 4GB High Speed RAM | 64GB Internal Storage and 1TB Expandable | DUAL Camera -5MP Front and 13MP Rear with LED Flash | Processor: UNISOC Tiger T310 - 64-bit Quadcore @ 3.8Ghz | Built-in 5020 mAh rechargeable polymer battery || We proudly present the DOMO SLP series, which is a premium range of tablet pc. The SLP series apart from looking sophisticated has some critical upgrades. It is equipped with a POGO Connector, Type C USB Port, 2.5D Corning Glass Touch Screen, Faste","{""RAM"":""4 GB"",""Storage"":""64 GB"",""OS"":""Android"",""Brand Name"":""DOMO"",""Model Name"":""Slate SLP9 OS12 T310"",""Generation"":""2nd Generation"",""Box Contents"":""1 Pc Device, 1 Pc Charging power adapter, 1 Pc Type C USB Cable, 1 Pc Type C OTG Cable, 1 SimCard Tray Eject Pin & User Manual"",""Country of Origin"":""India"",""Model Number"":""SLP9"",""Specific Uses For Product"":""Entertainment"",""Manufacturer"":""DOMO Gadgets Pvt Ltd"",""Packer Contact Information"":""Bombay Mall"",""Unit Count"":""1 Count"",""Item Type Name"":""Tablet PC"",""Best Sellers Rank"":""#4,198 in Computers & Accessories (See Top 100 in Computers & Accessories) #51 in Tablets"",""ASIN"":""B0F88C8TX1"",""Battery Capacity"":""5020 Milliamp Hours"",""Battery Power"":""5020 Milliamp Hours"",""Processor Speed"":""3.8 GHz"",""Processor Description"":""UNISOC Tiger T310 - 64-bit Quadcore @ 3.8Ghz"",""Processor Brand"":""Unisoc"",""Video Capture Resolution"":""13MP"",""Camera Description"":""13MP Rear, 5MP Front"",""Rear Facing Camera Photo Sensor Resolution"":""13 MP"",""Operating Systems"":""Android 12"",""Colour"":""Gray"",""Item Weight Unit of Measure"":""505 Grams"",""Item Dimensions L x W x Thickness"":""24.4L x 16.2W x 1Th Centimeters"",""Human Interface Types"":""Touchscreen"",""Graphics Description"":""4 Cluster IMG8322 Graphics Processor (GPU) for 3D graphics acceleration"",""Compatible Devices"":""Docking Stations, USB Devices"",""Operating System Family"":""Android"",""Screen Size Unit of Measure"":""10.1 Inches"",""Maximum Display Resolution"":""1920 x 1200 Pixels"",""Display Type"":""LCD"",""Native Resolution"":""1920 x 1200 pixels"",""Aspect Ratio"":""16:10"",""Memory Storage Capacity"":""64 GB"",""RAM Memory Installed"":""4 GB"",""Hardware Interface"":""Bluetooth, USB"",""Wireless Technology Type"":""Bluetooth, Cellular, Wi-Fi"",""Cellular Technology"":""4G"",""Network Connectivity Technology"":""Bluetooth, Cellular, Wi-Fi"",""Wireless Compability"":""802.11ac, 802.11b, 802.11g, 802.11n"",""Other Special Features of the Product"":""2.5D Corning Glass Touch Screen"",""Warranty Description"":""Warranty Term Device: 1 Year, Warranty Type : Onsite (Free pickups and deliveries), Accessories: 3 Months, Not Covered in Warranty : Physical damages, Water Damages, Moisture Damages, Seal Tampering & Burnout Cases, Online Support : Online Knowledge Base, Support Tickets, Phone Support, Post Warranty Type : Onsite (Paid Services)""}",amazon
"Lenovo/Tab K9/8.7""/MediaTek/Android 14/4GB Soldered LPDDR4x/64GB/Luna Grey/1",Lenovo,Tablets,13000,16000,19,5,1,https://m.media-amazon.com/images/I/41y3-OB6qnL._AC_UL500_.jpg,https://www.amazon.in/Lenovo-MediaTek-Android-Soldered-ZAF20008IN/dp/B0GRQBX3R5/ref=sr_1_14?dib=eyJ2IjoiMSJ9.EzCF-rU5tEUKiBL_coMiy6-DEoqck1z7tv8CZcU2mr-JfuEPhLvMLaKf70mhgfpITbUwSHGECnxwhHJJMb5Jcy_AGJRvFH2Tu2FQUW8AfAxTC-ZxnlrXmNZ4MD-NB6CD51Yjn_g1VUoA9vyUz_GP6nGCkgIagy-iT41j_XXWkspzUgN0KnD9HtaeaDHXuq9BrmMPB0M-qMXfzBfVzm7ZHvbiSikZBSZMhFKVIFZu520.Qqa5BDPvYAUPPArEUHj_9LpsM5F3DWcr6EZ-AFIcshU&dib_tag=se&keywords=tablets+android&qid=1779560172&sr=8-14,"Operating System : Android 14 | Memory : 4GB Soldered LPDDR4x/64GB || Lenovo/Tab K9/8.7""/MediaTek/Android 14/4GB Soldered LPDDR4x/64GB/Luna Grey/1 year/(ZAF20008IN)","{""Display"":""8.7\"""",""OS"":""Android"",""Brand Name"":""Lenovo"",""Model Name"":""ZAF20008IN"",""Warranty Description"":""1 year"",""Model Number"":""ZAF20008IN"",""Specific Uses For Product"":""Entertainment"",""Manufacturer"":""Lenovo, Lenovo"",""Configuration"":""MediaTek, Android 14, 4GB RAM, 64GB Storage"",""Size"":""8.7"",""Packer Contact Information"":""Lenovo"",""Item Type Name"":""Tablet"",""Manufacturer Contact Information"":""Lenovo"",""Best Sellers Rank"":""#3,083 in Computers & Accessories (See Top 100 in Computers & Accessories) #36 in Tablets"",""ASIN"":""B0GRQBX3R5"",""Wireless Technology Type"":""Wi-Fi"",""Cellular Technology"":""4G"",""Network Connectivity Technology"":""Wi-Fi"",""Operating Systems"":""Android 14"",""Item Weight Unit of Measure"":""320 Grams"",""Item Dimensions L x W x Thickness"":""21.1L x 12.4W x 0.8Th Centimeters"",""Human Interface Types"":""Touchscreen"",""Graphics Description"":""Integrated"",""Operating System Family"":""Android"",""Screen Size Unit of Measure"":""8.7"",""Maximum Display Resolution"":""1340*800"",""Display Type"":""LCD"",""Display Refresh Rate in Hertz"":""60"",""Memory Storage Capacity"":""64 GB"",""RAM Memory Installed"":""4 GB"",""RAM Size"":""4 GB"",""Hard-Drive Size"":""64 GB"",""Processor Description"":""MediaTek"",""Processor Brand"":""MediaTek""}",amazon
"Lenovo {Smartchoice} Idea Tab Pro with Pen Plus|12.7"" 3K Display|144 Hz Refresh|12 GB",Lenovo,Tablets,33999,48999,31,4.4,770,https://m.media-amazon.com/images/I/71i8sUwTjoL._AC_UL500_.jpg,https://www.amazon.in/Lenovo-Smartchoice-AI-Enabled-MediaTek-Dimensity/dp/B0DZCB3G9Q/ref=sr_1_15?dib=eyJ2IjoiMSJ9.EzCF-rU5tEUKiBL_coMiy6-DEoqck1z7tv8CZcU2mr-JfuEPhLvMLaKf70mhgfpITbUwSHGECnxwhHJJMb5Jcy_AGJRvFH2Tu2FQUW8AfAxTC-ZxnlrXmNZ4MD-NB6CD51Yjn_g1VUoA9vyUz_GP6nGCkgIagy-iT41j_XXWkspzUgN0KnD9HtaeaDHXuq9BrmMPB0M-qMXfzBfVzm7ZHvbiSikZBSZMhFKVIFZu520.Qqa5BDPvYAUPPArEUHj_9LpsM5F3DWcr6EZ-AFIcshU&dib_tag=se&keywords=tablets+android&qid=1779560172&sr=8-15,"Display:- 12.7 Inch LCD Screen | Resolution: 2944 x 1840 | Refresh Rate: 144Hz | Brightness: 400nits | Processor:- MediaTek Dimensity 8300. Octa-core, leading 4nm chip design. With 256GB storage, and Wi-Fi 6, 802.11ax 2x2, you’re set for smooth multitasking and super-fast downloads. | Memory & Storage : 12GB Soldered LPDDR5x | 256GB UFS 4.0, microSD card, supports up to 1TB (exFAT) | Speakers & Camera: 4 JBL speakers, 1W x4, optimized with Dolby Atmos | Front 8.0MP / Rear 13.0MP with Flashlight | Battery: Integrated 10200mAh (Typ.) | Upto 11 hours of YouTube streaming","{""RAM"":""12 GB"",""Storage"":""256 GB"",""Battery"":""10200 mAh"",""Display"":""12.7\"""",""Refresh Rate"":""144 Hz"",""Processor"":""Dimensity 8300"",""Brand Name"":""Lenovo"",""Model Name"":""IdeaTab Pro"",""Generation"":""1st Generation"",""Model Year"":""2025"",""Age Range Description"":""Adult"",""Box Contents"":""Lenovo Idea Tab Pro, MicroSD Tray Pin, Pen, Quick Start Guide & Safety, Warranty, USB Type-C 2.0 Charging Cable"",""Country of Origin"":""China"",""Warranty Description"":""1 Year Comprehensive Warranty"",""Model Number"":""ZAE40195IN"",""Specific Uses For Product"":""Creative, Entertainment, Gaming"",""UPC"":""198156693457"",""Style Name"":""12 GB+256 GB"",""Manufacturer"":""Lenovo, ‎Lenovo, Motorola (Wuhan) Mobility Communication Technologies Communication co Ltd., No 19 Gaoxin 4th Road, East Lake High-Tech Zone, Wuhan, Hubei, P.R. China"",""Configuration"":""12GB RAM, 256GB Storage"",""Size"":""12 GB + 256 GB (Standard)"",""Manufacturer Part Number"":""ZAE40195IN"",""Importer Contact Information"":""Lenovo (India) Pvt Ltd., Ferns Icon, Level 2, Donnaekundi Village, Marathalli Outer Ring Road, K. R. Puram Hobli, Bangalore-560037"",""Packer Contact Information"":""Motorola (Wuhan) Mobility Communication Technologies Communication co Ltd., No 19 Gaoxin 4th Road, East Lake High-Tech Zone, Wuhan, Hubei, P.R. China"",""Unit Count"":""1 Count"",""Item Type Name"":""Tablet"",""Manufacturer Contact Information"":""‎Lenovo, Motorola (Wuhan) Mobility Communication Technologies Communication co Ltd., No 19 Gaoxin 4th Road, East Lake High-Tech Zone, Wuhan, Hubei, P.R. China"",""Best Sellers Rank"":""#518 in Computers & Accessories (See Top 100 in Computers & Accessories) #10 in Tablets"",""ASIN"":""B0DZCB3G9Q"",""Hardware Interface"":""DisplayPort, USB Type C"",""Wireless Technology Type"":""Bluetooth, Wi-Fi"",""Total USB Ports"":""1"",""Network Connectivity Technology"":""Wi-Fi"",""Wireless Compability"":""802.11ax"",""Video Capture Resolution"":""FHD 1080p"",""Camera Description"":""Front"",""Rear Facing Camera Photo Sensor Resolution"":""13 MP"",""Front Photo Sensor Resolution"":""8 MP"",""Number of Rear Facing Cameras"":""1"",""Operating Systems"":""Android, Android 14"",""Colour"":""Luna Grey"",""Video Processor"":""MediaTek"",""Item Weight Unit of Measure"":""620 Grams"",""Item Dimensions L x W x Thickness"":""29.1L x 18.9W x 0.7Th Centimeters"",""Human Interface Types"":""Touchscreen with Stylus Support"",""Graphics Description"":""Integrated"",""Compatible Devices"":""Headphone, Keyboard, Stylus"",""Warranty Type"":""Limited"",""Operating System Family"":""Android"",""Screen Size Unit of Measure"":""12.7 Inches"",""Maximum Display Resolution"":""2944x1840 Pixels"",""Display Type"":""LCD"",""Native Resolution"":""2944x1840 Pixels"",""Aspect Ratio"":""16:10"",""Maximum Display Brightness"":""400 Nit"",""Display Refresh Rate in Hertz"":""144"",""Memory Storage Capacity"":""256 GB"",""RAM Memory Installed"":""12 GB"",""Compatible Flash Memory Type"":""microSD"",""RAM Size"":""12 GB"",""Hard-Drive Size"":""256 GB"",""Battery Average Life"":""11 Hours"",""Battery Capacity"":""10200"",""Battery Cell Type"":""Lithium Polymer"",""Battery Power"":""10200"",""Lithium Battery Energy Content"":""10200 Milliampere Hour (mAh)"",""Processor Description"":""MediaTek Dimensity 8300"",""Processor Brand"":""MediaTek"",""Other Special Features of the Product"":""Expandable Storage, Stereo Speakers, Stylus Support"",""Speaker Description"":""4 JBL speakers, 1W x4, optimized with Dolby Atmos""}",amazon
"CUPEISI Android 13 Tablet 10 inch 12GB RAM+128GB ROM/1TB Expandable Tablet, Bluetooth,",CUPEISI,Tablets,10276,10276,0,4.3,953,https://m.media-amazon.com/images/I/71OiP0du3ZL._AC_UL500_.jpg,https://www.amazon.in/Android-Expandable-Tablets-Keyboard-Capacitive/dp/B0CGWTH8YH/ref=sr_1_16?dib=eyJ2IjoiMSJ9.EzCF-rU5tEUKiBL_coMiy6-DEoqck1z7tv8CZcU2mr-JfuEPhLvMLaKf70mhgfpITbUwSHGECnxwhHJJMb5Jcy_AGJRvFH2Tu2FQUW8AfAxTC-ZxnlrXmNZ4MD-NB6CD51Yjn_g1VUoA9vyUz_GP6nGCkgIagy-iT41j_XXWkspzUgN0KnD9HtaeaDHXuq9BrmMPB0M-qMXfzBfVzm7ZHvbiSikZBSZMhFKVIFZu520.Qqa5BDPvYAUPPArEUHj_9LpsM5F3DWcr6EZ-AFIcshU&dib_tag=se&keywords=tablets+android&qid=1779560172&sr=8-16,"【2024 Newest Android 13.0 Tablet】 CUPEISI tablet adopts the latest 2024 version of Android 13.0 system and has passed Google GMS certification. Android 13 tablets offer custom security systems, lightning-fast app launches, super-smooth gaming, and stunning netflix multimedia experiences. | 【12GB RAM+128GB ROM+1TB Expandable】The Android 13 tablet built-in a powerful storage combination of 12GB RAM (6GB + 6GB reached through expansion technology) and 128GB ROM, comes with a new generation processor of ultra-high performance and low power consumption 2.0GHz, achieves speeds of faster operation an","{""RAM"":""12 GB"",""Storage"":""128 GB"",""Display"":""10\"""",""OS"":""Android"",""Brand Name"":""CUPEISI"",""Model Name"":""YQ10S MAX"",""Generation"":""Android 13"",""Model Year"":""2026"",""Age Range Description"":""Adult"",""Box Contents"":""Film, Foldable Protective Cover, Stylus, Wireless Keyboard, bluetooth mouse"",""Country of Origin"":""USA"",""Model Number"":""CP31M"",""Specific Uses For Product"":""work, education, entertainment"",""UPC"":""658359150466"",""Style Name"":""Fashionable and stylish"",""Manufacturer"":""CUPEISI"",""Size"":""12GB+128GB"",""Manufacturer Part Number"":""CUPEISI"",""Unit Count"":""1.0 Count"",""Best Sellers Rank"":""#6,247 in Computers & Accessories (See Top 100 in Computers & Accessories) #66 in Tablets"",""ASIN"":""B0CGWTH8YH"",""Battery Average Life"":""10 Hours"",""Battery Capacity"":""6000 Milliamp Hours"",""Battery Cell Type"":""Lithium Ion"",""Battery Power"":""6000"",""Lithium Battery Energy Content"":""22.6 Watt Hours"",""Processor Speed"":""2 GHz"",""Processor Description"":""ARM Cortex"",""Processor Brand"":""CUPEISI"",""CPU Model Number"":""T310"",""CPU Model Speed Maximum"":""2 GHz"",""Other Special Features of the Product"":""Portable"",""Sensor Type"":""Ambient Light Sensor"",""Supported Audio Format"":""MP3, AAC, WAV"",""Operating Systems"":""Android 13"",""Colour"":""pink"",""Item Weight Unit of Measure"":""5 Grams"",""Item Dimensions L x W x Thickness"":""24.1L x 16.5W x 0.8Th Centimeters"",""Human Interface Types"":""Keyboard, Mouse"",""Graphics Description"":""Integrated"",""Compatible Devices"":""Wireless Keyboard, Bluetooth Mouse, Foldable Protective Case, Stylus Pen"",""Screen Size Unit of Measure"":""10.1 Inches"",""Maximum Display Resolution"":""1280*800 Pixels"",""Display Type"":""LCD"",""Native Resolution"":""1280 x 800 pixels"",""Frame Rate"":""60-120 fps"",""Aspect Ratio"":""16:10"",""Memory Storage Capacity"":""128 GB"",""RAM Memory Installed"":""20 GB"",""Memory Slots Available"":""1"",""Flash Memory Supported Size Maximum"":""1 TB"",""RAM Size"":""20 GB"",""Hard-Drive Size"":""128 GB"",""Hardware Interface"":""USB"",""Wireless Technology Type"":""Bluetooth"",""Cellular Technology"":""5G"",""Total USB Ports"":""1"",""Network Connectivity Technology"":""Bluetooth, Wi-Fi"",""Wireless Provider"":""Unlocked"",""Wireless Compability"":""802.11ax"",""Video Capture Resolution"":""FHD 1080p"",""Camera Description"":""Front"",""Rear Facing Camera Photo Sensor Resolution"":""8 MP"",""Front Photo Sensor Resolution"":""8 MP"",""Photo Sensor Resolution"":""8 MP""}",amazon
Samsung 108 cm (43 inches) Crystal 4K Vista Ultra HD Smart LED TV UA43UE81AFULXL,Samsung,Televisions,30490,39500,23,4,576,https://m.media-amazon.com/images/I/81IzIFwBqpL._AC_UL500_.jpg,https://www.amazon.in/Samsung-inches-Crystal-Vista-UA43UE81AFULXL/dp/B0F43DMKDJ/ref=sr_1_3?dib=eyJ2IjoiMSJ9.Nwro7zV80ja2sF5IrbJmsIdwOmelFPE90YKwfzJnep4jvUEVZZWZ3vvbx8O6LD2211ImXgSuNHRKE0E7PdDQWD9yfPIfF-Sgb38P7ZWItj9kZihoICtmYIh6tQ8sNBRxQMsAweVT5INwRiFqmfWu7zSdh20I393aAX6cewpkRlVWh4uKGlTPdpO75DQzUh8SpeYcNK6BpvIcXp7klhVBzwLZH_cG-t1d73x7q6J6Pzw.JEpPze1sfbVanOIRUOkKMirhW0T8uvFYCaGTuTROpIs&dib_tag=se&keywords=4k+televisions+43+inch&qid=1779560181&sr=8-3,"Resolution: 4K Ultra HD (3840 x 2160) | Refresh Rate: 50 Hertz | Connectivity: Enjoy seamless integration with 3 HDMI Ports for connecting your Set-Top Box/DTH, Soundbar, Home Theater, Gaming Console, and more. Plus, stay flexible with 1 USB-A Port for easy access to Hard Drives and other USB-compatible devices. Stay connected with Wi-Fi 5, Bluetooth 5.2, and HDMI eARC, along with an Ethernet LAN Port for stable wired internet. Additional features include Anynet+ (HDMI-CEC) for unified control and RF In for Terrestrial/Cable input. | Sound Features: Powerful 20 W Sound Output | Object Tracking","{""Display"":""43\"""",""Display Type"":""4K"",""Display Technology"":""LED"",""Resolution"":""4K"",""Refresh Rate"":""50 Hz"",""Aspect Ratio"":""16:9"",""Screen Finish Type"":""Flat"",""HDR Format Supported"":""HDR10+"",""Motion Enhancement Technology"":""Motion Xcelerator"",""Picture Quality Enhancement Technology"":""4K Upscaling, Crystal Processor 4K, Pur Color"",""Response Time"":""8 Milliseconds"",""Display Backlight Configuration"":""Direct LED"",""Display Backlight Setting"":""UHD Dimming"",""Display Backlight Technology"":""LED"",""Viewing Angle"":""178 Degrees"",""Screen Size Unit of Measure"":""43 Inches"",""Item Dimensions D x W x H"":""6D x 96.8W x 56.1H Centimeters"",""Item Weight Unit of Measure"":""6.8 Kilograms"",""Display Size Class"":""43 Inches"",""Size"":""43 Inches"",""Network Connectivity Technology"":""Ethernet, HDMI, USB, Wi-Fi"",""Internet Applications"":""HioChoi, Hotstar, Hungama, JioCinema, JioHotstar, Netflix, Prime Video, SonyLiv, Youtube, Zee5"",""Audio Input"":""HDMI"",""Signal Format"":""Analog"",""Total Number of HDMI Ports"":""3"",""Hardware Interface"":""Bluetooth, Ethernet, HDMI, USB"",""Wireless Technology Type"":""Bluetooth, Radio Frequency, Wi-Fi"",""Screen Mirroring Technology"":""AirPlay, Smart View"",""Bluetooth Version"":""5.2"",""Connector Type"":""Bluetooth, RF In"",""Total USB 2.0 Ports"":""1"",""Total USB Ports"":""1"",""Content Sharing Direction"":""Mobile to TV"",""Product Features"":""Crystal Processor 4K | Slim Look | Samsung Knox Security | Endless Free Content | 4K Upscaling"",""Operating Systems"":""Tizen"",""Memory Storage Capacity"":""8 GB"",""Control Method"":""App, Remote"",""Remote Control Technology"":""Infrared"",""Controller Type"":""App Control, Remote Control, Voice Control through external Alexa and Google Assistant AI Speakers | Voice Ready through Samsung SmartThings App"",""Brand Name"":""Samsung"",""Box Contents"":""1 Number LED TV, 1 Number POWER CORD, 2 Numbers BATTERY (AAA Size), 1 Number REMOCON"",""Model Name"":""UE"",""Antenna Location"":""Indoor"",""Model Year"":""2025"",""Model Number"":""UA43UE81AFULXL"",""Model Series"":""Crystal 4K Vista Series"",""Remote Required Battery Size"":""AAA"",""Remote Required Battery Quantity"":""2"",""Specific Uses For Product"":""Entertainment, Gaming, Workspace"",""Manufacturer"":""Samsung India Electronics Limited, Samsung India Electronics Pvt. Ltd. having its Registered Office at: 6th Floor, DLF Centre, Sansad Marg, New Delhi-110001"",""Manufacturer Part Number"":""UA43UE81AFULXL"",""Country of Origin"":""India"",""Packer Contact Information"":""Samsung India Electronics Pvt. Ltd., 6th Floor, DLF Centre, Sansad Marg, New Delhi - 110001 Email us at: support.india@samsung.com Tel (Toll Free): 1800 40 7267864 (1800 40 SAMSUNG)"",""Item Type Name"":""Smart TV"",""Unit Count"":""1.0 Case"",""Manufacturer Contact Information"":""Samsung India Electronics Pvt. Ltd. having its Registered Office at: 6th Floor, DLF Centre, Sansad Marg, New Delhi-110001"",""Importer Contact Information"":""Samsung India Electronics Pvt. Ltd., 6th Floor, DLF Centre, Sansad Marg, New Delhi - 110001 Email us at: support.india@samsung.com Tel (Toll Free): 1800 40 7267864 (1800 40 SAMSUNG)"",""Best Sellers Rank"":""#185 in Electronics (See Top 100 in Electronics) #1 in Smart Televisions"",""ASIN"":""B0F43DMKDJ"",""Audio Output Mode"":""Surround"",""Speaker Maximum Output Power"":""20 Watts"",""Number of Audio Channels"":""Object Tracking Sound"",""Integrated Surround Sound Format"":""DTV Sound System Dolby"",""Voltage"":""220 Volts"",""Power Consumption"":""110 Watts"",""Energy Efficiency Features"":""Standby power shutoff"",""Line Voltage"":""100-240 VAC 50-60 Hz"",""Annual Energy Consumption"":""151.11 Kilowatt Hours"",""Mounting Type"":""Table Mount and Wall Mount"",""VESA Mount Standard"":""200 x 200 mm"",""Colour"":""Black"",""Warranty Type"":""Onsite Warranty on Product, warranty against any defect arising out of faulty or defective material or workmanship"",""Compatible Devices"":""Gaming Console, Set-Top Box/DTH, Smartphone, Speaker, Tablet"",""Tuner Type"":""DVB-T2CS2"",""Video Encoding"":""AVI, MKV, ASF , MP4, 3GP , MOV, FLV, VRO , VOB, PS, TS"",""Water Resistance Level"":""Not Water Resistant"",""Warranty Description"":""1 year comprehensive warranty + 1 year Additional warranty on panel provided by the manufacturer from date of purchase | Contact Brand toll free number for assistance @ 1800 5726 7864 and provide product's model name and seller's details mentioned on your invoice. The service center will allot you a convenient slot for the service)"",""Speaker Description"":""A 3D surround sound with Object Tracking Sound Technology will allow you to be fully immersed in the audio experience. In addition Q-Symphony technology syncs the TV and soundbar audio to play simultaneously — without muting the speakers of either device.""}",amazon
Xiaomi 108 cm (43 inch) FX Pro QLED Ultra HD 4K Smart Fire TV L43MB-FPIN,Xiaomi,Televisions,25999,49999,48,4.2,1676,https://m.media-amazon.com/images/I/81O3Otf3bPL._AC_UL500_.jpg,https://www.amazon.in/Xiaomi-inch-Ultra-Smart-L43MB-FPIN/dp/B0F3JKY28G/ref=sr_1_4?dib=eyJ2IjoiMSJ9.Nwro7zV80ja2sF5IrbJmsIdwOmelFPE90YKwfzJnep4jvUEVZZWZ3vvbx8O6LD2211ImXgSuNHRKE0E7PdDQWD9yfPIfF-Sgb38P7ZWItj9kZihoICtmYIh6tQ8sNBRxQMsAweVT5INwRiFqmfWu7zSdh20I393aAX6cewpkRlVWh4uKGlTPdpO75DQzUh8SpeYcNK6BpvIcXp7klhVBzwLZH_cG-t1d73x7q6J6Pzw.JEpPze1sfbVanOIRUOkKMirhW0T8uvFYCaGTuTROpIs&dib_tag=se&keywords=4k+televisions+43+inch&qid=1779560181&sr=8-4,"Resolution : 4K Ultra HD (3840 x 2160)| Refresh Rate : 60 Hertz | Connectivity: 3 HDMI ports to connect set top box, Blu-ray speakers or gaming console | 2 USB ports to connect hard drives or other USB devices | Bluetooth | Built-in Wi-Fi | Sound: 30 Watts Output | Dolby Audio | DTS-X | DTS Virtual : X | Smart TV Features : Fire TV Built-In | Supported Apps: Prime Video | Netflix | Disney+ Hotstar | YouTube | 12000+ apps from App Store | Voice Remote with Alexa | DTH Set-Top Box Integration to switch between DTH TV Channels and OTT apps from home screen | Display: 4K HDR | HDR 10+ | HDR10 | HL","{""Display"":""43\"""",""Display Type"":""QLED"",""Display Technology"":""QLED"",""Resolution"":""4K"",""Refresh Rate"":""60 Hz"",""Aspect Ratio"":""16:9"",""HDR Format Supported"":""HDR 10+"",""Motion Enhancement Technology"":""MEMC"",""Picture Quality Enhancement Technology"":""HDR 10+"",""Response Time"":""6.5 Milliseconds"",""Display Backlight Technology"":""LED"",""Display Refresh Rate in Hertz"":""60"",""Viewing Angle"":""178 Degrees"",""Screen Size Unit of Measure"":""43 Inches"",""Item Dimensions D x W x H"":""7.2D x 95.7W x 56.3H Centimeters"",""Item Weight Unit of Measure"":""5900 Grams"",""Display Size Class"":""43 Inches"",""Size"":""43 inches"",""Network Connectivity Technology"":""Ethernet, HDMI, USB, Wi-Fi"",""Internet Applications"":""Prime Video | Netflix | Disney+ Hotstar | YouTube | 12000+ apps from App Store"",""Audio Input"":""Earphone Out"",""Signal Format"":""Digital"",""Total Number of HDMI Ports"":""3"",""Hardware Interface"":""Bluetooth, HDMI, USB"",""Wireless Technology Type"":""Bluetooth, Wi-Fi"",""Screen Mirroring Technology"":""AirPlay 2, Miracast"",""Connector Type"":""HDMI, USB"",""Total USB 3.0 Ports"":""2"",""Total USB Ports"":""2"",""Content Sharing Direction"":""Mobile to TV"",""Product Features"":""Bezel-Less Design, Built-In Speaker, Chromecast, Eye Comfort Mode, Wide Viewing Angle"",""Mounting Type"":""Wall Mount & Table Mount"",""VESA Mount Standard"":""600 x 400 mm"",""Colour"":""black"",""Warranty Type"":""Onsite Warranty on Product and No Delivery Damages Covered"",""Water Resistance Level"":""Not Water Resistant"",""Brand Name"":""XIAOMI"",""Box Contents"":""Power Cable"",""Model Name"":""FX"",""Model Year"":""2025"",""Model Number"":""L43MB-FPIN"",""Warranty Description"":""Enjoy 1 Year of Comprehensive Warranty"",""Model Series"":""XIAOMI QLED TV FX PRO"",""Manufacturer"":""‎Xiaomi, TTE Electronics India Private Limited, Vikruthamala Village, Andhra Pradesh, 517526, ‎Xiaomi, TTE Electronics India Private Limited, Vikruthamala Village, Andhra Pradesh, 517526"",""Manufacturer Part Number"":""L43MB-FPIN"",""Country of Origin"":""India"",""Packer Contact Information"":""TTE Electronics India Private Limited, Vikruthamala Village, Papanaidupeta Post, Yerpedu Mandal, Tirupati, Vikruthamala Village, Chitt oor, Andhra Pradesh, 5178"",""Item Type Name"":""Television"",""Unit Count"":""1 Piece"",""Manufacturer Contact Information"":""‎Xiaomi, TTE Electronics India Private Limited, Vikruthamala Village, Andhra Pradesh, 517526"",""Importer Contact Information"":""TTE Electronics India Private Limited, Vikruthamala Village, Papanaidupeta Post, Yerpedu Mandal, Tirupati, Vikruthamala Village, Chitt oor, Andhra Pradesh, 5178"",""Best Sellers Rank"":""#325 in Electronics (See Top 100 in Electronics) #3 in Smart Televisions"",""ASIN"":""B0F3JKY28G"",""Audio Output Mode"":""Surround"",""Speaker Description"":""Speakers typically come Built-in, which allows them to produce stereo sound."",""Speaker Maximum Output Power"":""30 Watts"",""Number of Audio Channels"":""Dolby Audio"",""Integrated Surround Sound Format"":""DTS X, DTS Virtual X"",""Voltage"":""75 Volts"",""Power Consumption"":""75 Watts"",""Energy Efficiency Features"":""Standby power shutoff"",""Line Voltage"":""100-240 VAC 50-60 Hz"",""Operating Systems"":""Fire OS 8"",""Memory Storage Capacity"":""32 GB"",""Control Method"":""App"",""Remote Control Technology"":""Bluetooth"",""Controller Type"":""Remote Control""}",amazon
VW 109 cm (43 inches) Pro Series 4K Ultra HD Smart QLED Google TV VW43GQ2,VW,Televisions,20999,54999,62,4.3,231,https://m.media-amazon.com/images/I/81pQIs9fKVL._AC_UL500_.jpg,https://www.amazon.in/inches-Ultra-Smart-Google-VW43GQ2/dp/B0GGR9DCCB/ref=sr_1_5?dib=eyJ2IjoiMSJ9.Nwro7zV80ja2sF5IrbJmsIdwOmelFPE90YKwfzJnep4jvUEVZZWZ3vvbx8O6LD2211ImXgSuNHRKE0E7PdDQWD9yfPIfF-Sgb38P7ZWItj9kZihoICtmYIh6tQ8sNBRxQMsAweVT5INwRiFqmfWu7zSdh20I393aAX6cewpkRlVWh4uKGlTPdpO75DQzUh8SpeYcNK6BpvIcXp7klhVBzwLZH_cG-t1d73x7q6J6Pzw.JEpPze1sfbVanOIRUOkKMirhW0T8uvFYCaGTuTROpIs&dib_tag=se&keywords=4k+televisions+43+inch&qid=1779560181&sr=8-5,"Resolution: 4K Ultra HD QLED (3840 x 2160) | Refresh Rate: 60 Hertz | Connectivity: 3 HDMI ports (eARC supported) to connect set top box, Blu Ray players, gaming console | 2 USB ports to connect hard drives and other USB devices | Dual-band Wi-Fi | Bluetooth 5.1 | Sound: 50 Watts Output | Powerful Speakers with Dolby Audio | Smart TV Features: Google TV | Content Recommendations | Casting option- Googlecast, Fastcast, Meeting mode | 2 GB RAM | 32 GB Storage | Watchlist | Personal Profile | Kids Profile | Google Assistant | Voice enabled Smart Remote | Hotkeys for Quick Access - Netflix, Prime ","{""Display"":""43\"""",""Display Type"":""4K"",""Display Technology"":""LED"",""Resolution"":""4K"",""Refresh Rate"":""120 Hz"",""Aspect Ratio"":""16:9"",""Contrast Ratio"":""100000:1"",""Maximum Display Brightness"":""700 Candela Per Square Meter"",""Screen Finish Type"":""Flat"",""HDR Format Supported"":""HDR10+"",""Motion Enhancement Technology"":""MEMC"",""Picture Quality Enhancement Technology"":""Vivid Picture Engine 2"",""Response Time"":""7 Milliseconds"",""Display Backlight Technology"":""LED"",""Display Refresh Rate in Hertz"":""60"",""Viewing Angle"":""178 Degrees"",""Screen Size Unit of Measure"":""43 Inches"",""Item Dimensions D x W x H"":""18.5D x 95.6W x 60H Centimeters"",""Item Weight Unit of Measure"":""9000 Grams"",""Display Size Class"":""43 Inches"",""Size"":""43 inches"",""Network Connectivity Technology"":""Ethernet, HDMI, USB, Wi-Fi"",""Internet Applications"":""Hotstar, Netflix, Prime Video, SonyLiv, YouTube"",""Audio Input"":""HDMI"",""Signal Format"":""Analog"",""Total Number of HDMI Ports"":""3"",""Hardware Interface"":""HDMI, USB"",""Wireless Technology Type"":""Bluetooth, Wi-Fi"",""Connector Type"":""Ethernet, VGA"",""Total USB 2.0 Ports"":""2"",""Total USB Ports"":""2"",""Product Features"":""Uni-Lucent | Web Touch Remote | Remote With Voice Assistant | Android 14 | HDR-10+ | Wide Color Gamut | Supported Applications : Sony Liv, Disney+Hotstar, Zee5, Youtube"",""Parental Control Technology"":""Filters, V-Chip, Blocking Devices"",""Smart Home Compatibility"":""Smart Home Compatible"",""Mounting Type"":""Wall Mount & Table Mount"",""VESA Mount Standard"":""200 x 100 mm"",""Colour"":""Black"",""Warranty Type"":""Onsite Warranty on Product and No Delivery Damages Covered"",""Compatible Devices"":""Gaming Console"",""Tuner Type"":""DVB-T"",""Video Encoding"":""MPEG-4, WMV, VVC, MPEG-2, AVI, FLV"",""Water Resistance Level"":""Not Water Resistant"",""Brand Name"":""Visio World"",""Box Contents"":""1 NUMBER TV UNIT, 1 NUMBER REMOTE CONTROL, 1 NUMBER POWER CORD, 1 NUMBER USER MANUAL, 2 NUMBER STANDS, 4 NUMBER STAND SCREW"",""Model Name"":""VW43GQ2"",""Model Year"":""2026"",""Model Number"":""VW43GQ2"",""Model Series"":""Pro Series"",""Remote Required Battery Quantity"":""2"",""Specific Uses For Product"":""Entertainment"",""Manufacturer"":""Beston Sky Vision Pvt. Ltd, Beston Sky Vision Pvt. Ltd A-51, Sector 63 Rd, A Block, Sector 63, Noida, Uttar Pradesh, India-201301, Contact:9532730000, info@bestonskyvision.com"",""Manufacturer Part Number"":""VW43GQ2"",""Country of Origin"":""India"",""Packer Contact Information"":""Beston Sky Vision Pvt. Ltd A-51, Sector 63 Rd, A Block, Sector 63, Noida, Uttar Pradesh, India-201301, Contact:9532730000, info@bestonskyvision.com"",""Item Type Name"":""Television"",""Unit Count"":""1 Count"",""Manufacturer Contact Information"":""Beston Sky Vision Pvt. Ltd A-51, Sector 63 Rd, A Block, Sector 63, Noida, Uttar Pradesh, India-201301, Contact:9532730000, info@bestonskyvision.com"",""Best Sellers Rank"":""#998 in Electronics (See Top 100 in Electronics) #14 in Smart Televisions"",""ASIN"":""B0GGR9DCCB"",""Audio Output Mode"":""Surround"",""Speaker Description"":""Built-in Box Speakers designed produce powerful stereo sound."",""Speaker Maximum Output Power"":""50 Watts"",""Number of Audio Channels"":""Dolby"",""Integrated Surround Sound Format"":""Dolby"",""Voltage"":""140 Volts"",""Wattage"":""130 Watts"",""Power Consumption"":""150 Watts"",""Energy Efficiency Features"":""Screen Saver for power saving"",""Line Voltage"":""100-240 VAC 50-60 Hz"",""Annual Energy Consumption"":""237.25 Kilowatt Hours Per Year"",""Operating Systems"":""Google"",""Memory Storage Capacity"":""32 GB"",""Control Method"":""Remote"",""Remote Control Technology"":""IR, Bluetooth"",""Warranty Description"":""18 Months provided by the manufacturer from date of purchase | (Contact Brand toll free number for assistance @9532730000 and provide product's model name and seller's details mentioned on your invoice. The service center will allot you a convenient slot for the service)""}",amazon
Philips 109 cm (43 inches) 8100 Series 4K Ultra HD Smart QLED Google TV 43PQT8100/94,Philips,Televisions,26999,29999,10,4.2,1374,https://m.media-amazon.com/images/I/81gySF32x7L._AC_UL500_.jpg,https://www.amazon.in/Philips-inches-Google-43PQT8100-94/dp/B0FDQY49H8/ref=sr_1_7?dib=eyJ2IjoiMSJ9.Nwro7zV80ja2sF5IrbJmsIdwOmelFPE90YKwfzJnep4jvUEVZZWZ3vvbx8O6LD2211ImXgSuNHRKE0E7PdDQWD9yfPIfF-Sgb38P7ZWItj9kZihoICtmYIh6tQ8sNBRxQMsAweVT5INwRiFqmfWu7zSdh20I393aAX6cewpkRlVWh4uKGlTPdpO75DQzUh8SpeYcNK6BpvIcXp7klhVBzwLZH_cG-t1d73x7q6J6Pzw.JEpPze1sfbVanOIRUOkKMirhW0T8uvFYCaGTuTROpIs&dib_tag=se&keywords=4k+televisions+43+inch&qid=1779560181&sr=8-7,"Resolution : UHD (3840x2160) I HSR 120 Hz Referesh Rate | Connectivity: 3 HDMI ports to connect set top box, Blu-ray speakers or a gaming console | 2 USB ports | IR Port to control connected devices like DVD / STB Players, DVP Sattelite Port. | Sound: 30 Watts Output | Powerful Speakers with Dolby Atmos | for remarkable sound quality. | Smart TV Features: Google TV OS | In-Built WiFi | Chrome Cast | 2GB RAM | 32GB ROM | Supported Apps: Netflix, Prime Video, YouTube, Zee5, etc.| Google Assistant Operation |Energy Rating: 2 Star | Annual Energy Consumption: 135 kWh | Display: Dolby Vision | HDR1","{""Display"":""43\"""",""Display Type"":""4K"",""Display Technology"":""LED"",""Resolution"":""4K"",""Refresh Rate"":""120"",""Aspect Ratio"":""16:9, 4:3"",""Contrast Ratio"":""3000:01:00"",""Maximum Display Brightness"":""300 Candela Per Square Meter"",""Screen Finish Type"":""Glossy"",""HDR Format Supported"":""Dolby Vision |HDR10 |HLG"",""Motion Enhancement Technology"":""High-Speed Refresh Rate (HSR) 120 Hz"",""Picture Quality Enhancement Technology"":""Dolby Vision, HDR10"",""Display Language Options"":""English, Indonesian, Sinhala and Tamil, Vietnamese"",""Response Time"":""2 Milliseconds"",""Display Backlight Configuration"":""Direct LED"",""Display Backlight Setting"":""NO Dimming"",""Display Backlight Technology"":""LED"",""Display Refresh Rate in Hertz"":""120"",""Viewing Angle"":""178 Degrees"",""Screen Size Unit of Measure"":""43 Inches"",""Item Dimensions D x W x H"":""8.1D x 96.5W x 56H Centimeters"",""Item Weight Unit of Measure"":""6.1 Kilograms"",""Item Weight Without Stand"":""7.9 Kilograms"",""Display Size Class"":""43 Inches"",""Size"":""43 inches"",""Audio Output Mode"":""Surround"",""Audio Encoding"":""Dolby Atmos"",""Speaker Description"":""Built-in Box Speakers designed produce powerful surround sound."",""Speaker Maximum Output Power"":""30 Watts"",""Number of Audio Channels"":""Dolby Atmos"",""Integrated Surround Sound Format"":""Dolby Atmos"",""Voltage"":""240 Volts"",""Wattage"":""108 Watts"",""Power Consumption"":""108 Watts"",""Energy Efficiency Features"":""Energy Saving"",""Line Voltage"":""100-240 VAC 50-60 Hz"",""Number of Batteries"":""2 AAA batteries required. (included)"",""Annual Energy Consumption"":""135 Kilowatt Hours Per Year"",""Product Features"":""Supported Apps : Prime Video, Netflix, Zee5, Sony LIV and more | Cromecast, Google voice assistant & Dual band Wi-Fi | Display Mirroring for compatible devices."",""Mounting Type"":""Wall Mount & Table Mount"",""VESA Mount Standard"":""200 x 200 mm"",""Colour"":""Black"",""Warranty Type"":""Onsite Warranty on Product and No Delivery Damages Covered"",""Compatible Devices"":""Gaming Console, Headphone, Smartphone, Speaker"",""Tuner Type"":""DVB-C"",""Video Encoding"":""VP8、VP9、VC1、AV1、H.263、H.264、HEVC、MPEG1/2、MPEG4"",""Water Resistance Level"":""Not Water Resistant"",""Brand Name"":""Philips"",""Box Contents"":""TV Unit-1N, Stand Bases-2N, Remote-1N, Batteries-2N, Power cord-1N,Screws-4N, AV Converting Cable-1N"",""Model Name"":""43PQT8100/94"",""Model Year"":""2025"",""Model Number"":""43PQT8100/94"",""Model Series"":""8100"",""Remote Required Battery Size"":""AAA"",""Remote Required Battery Quantity"":""2"",""Specific Uses For Product"":""Entertainment"",""Manufacturer Part Number"":""43PQT8100/94"",""Country of Origin"":""India"",""Packer Contact Information"":""Radiant Appliances And Electronics Private Limited. Add. - Survey No.111, 112, S-2 A1, E City, Fabcity, Maheshwaram, Mandal Raviryala Village, Ranga Reddy. Telangana - 501141"",""Item Type Name"":""TV Unit-1N, Stand Bases-2N, Quick Start Guide-1N, Warranty Card 1N, Remote-1N, Batteries-2N, Power cord-1N,Screws-4N, AV Converting Cable-1N"",""Unit Count"":""8.3 Count"",""Manufacturer Contact Information"":""Radiant Appliances And Electronics Private Limited. Add. - Survey No.111, 112, S-2 A1, E City, Fabcity, Maheshwaram, Mandal Raviryala Village, Ranga Reddy. Telangana - 501141"",""Importer Contact Information"":""Radiant Appliances And Electronics Private Limited. Add. - Survey No.111, 112, S-2 A1, E City, Fabcity, Maheshwaram, Mandal Raviryala Village, Ranga Reddy. Telangana - 501141"",""Best Sellers Rank"":""#853 in Electronics (See Top 100 in Electronics) #9 in Smart Televisions"",""ASIN"":""B0FDQY49H8"",""Network Connectivity Technology"":""Ethernet, HDMI, USB, Wi-Fi"",""Internet Applications"":""Hotstar, Netflix, Prime Video, SonyLiv, YouTube"",""Audio Input"":""RCA"",""Signal Format"":""Digital"",""Total Number of HDMI Ports"":""3"",""Hardware Interface"":""HDMI, USB"",""Wireless Technology Type"":""Bluetooth, Wi-Fi"",""Screen Mirroring Technology"":""Miracast"",""Bluetooth Version"":""5.1"",""Connector Type"":""HDMI, USB"",""Total Audio Out Ports"":""2"",""Number of Composite-Video Inputs"":""1"",""Total DVI Ports"":""1"",""Total USB 2.0 Ports"":""2"",""Total USB Ports"":""2"",""Content Sharing Direction"":""Mobile to TV"",""Operating Systems"":""Google TV"",""Memory Storage Capacity"":""32 GB"",""Control Method"":""Remote, Voice"",""Remote Control Technology"":""Bluetooth"",""Controller Type"":""Remote Control"",""Warranty Description"":""1 year warranty provided by the manufacturer from date of purchase | (Contact Brand toll free number for assistance @ 18004256396 and provide product's model name and seller's details mentioned on your invoice. The service center will allot you a convenient slot for the service)"",""Manufacturer"":""Radiant Appliances And Electronics Private Limited., Radiant Appliances And Electronics Private Limited. Add. - Survey No.111, 112, S-2 A1, E City, Fabcity, Maheshwaram, Mandal Raviryala Village, Ranga Reddy. Telangana - 501141""}",amazon
VW 108 cm (43 inches) Nano Sync Series 4K Ultra HD Smart JioTele OS QLED TV VW43JQ1,VW,Televisions,15999,43999,64,3.8,260,https://m.media-amazon.com/images/I/81Dc7MGS3YL._AC_UL500_.jpg,https://www.amazon.in/VW-inches-Ultra-JioTele-VW43JQ1/dp/B0FDBJB455/ref=sr_1_8?dib=eyJ2IjoiMSJ9.Nwro7zV80ja2sF5IrbJmsIdwOmelFPE90YKwfzJnep4jvUEVZZWZ3vvbx8O6LD2211ImXgSuNHRKE0E7PdDQWD9yfPIfF-Sgb38P7ZWItj9kZihoICtmYIh6tQ8sNBRxQMsAweVT5INwRiFqmfWu7zSdh20I393aAX6cewpkRlVWh4uKGlTPdpO75DQzUh8SpeYcNK6BpvIcXp7klhVBzwLZH_cG-t1d73x7q6J6Pzw.JEpPze1sfbVanOIRUOkKMirhW0T8uvFYCaGTuTROpIs&dib_tag=se&keywords=4k+televisions+43+inch&qid=1779560181&sr=8-8,"Resolution : 4K Ultra HD (3840x2160) | Refresh Rate : 60 Hz | ALLM VRR Supported | Connectivity: 3 HDMI ports (eARC supported) to connect set top box, Blu Ray players, gaming console | 2 USB ports to connect hard drives and other USB devices | Dual-band Wi-Fi | Bluetooth 5.0 | Sound: 40 Watts Output | Dolby Atmos | Dolby Digital | Smart TV Features: Jio OS | Content Recommendations | Dual Band WiFi | Bluetooth 5.0 | Meeting mode | 2 GB RAM | 8 GB Storage | Watchlist | Personal Profile | Kids Profile | Voice enabled Smart Remote | Hotkeys for Quick Access - Netflix, Prime Video, YouTube, Jio Ho","{""Display"":""43\"""",""Display Type"":""4K"",""Display Technology"":""4K UHD"",""Resolution"":""4K"",""Refresh Rate"":""60"",""Aspect Ratio"":""16:9"",""Contrast Ratio"":""4000:1"",""Maximum Display Brightness"":""350 Candela Per Square Meter"",""Screen Finish Type"":""Glossy"",""HDR Format Supported"":""HDR10"",""Motion Enhancement Technology"":""MEMC"",""Picture Quality Enhancement Technology"":""Quantum Dot Color"",""Display Backlight Technology"":""LED"",""Display Refresh Rate in Hertz"":""60"",""Viewing Angle"":""178 Degrees"",""Screen Size Unit of Measure"":""43 Inches"",""Item Dimensions D x W x H"":""20D x 97W x 109H Centimeters"",""Item Weight Unit of Measure"":""9000 Grams"",""Display Size Class"":""43 Inches"",""Size"":""43 inches"",""Network Connectivity Technology"":""Bluetooth, HDMI, USB, Wi-Fi"",""Internet Applications"":""Eros Now, Hungama, JioCinema, Netflix, Prime Video, YouTube, Hotstar, Zee5"",""Audio Input"":""HDMI"",""Signal Format"":""Analog"",""Total Number of HDMI Ports"":""3"",""Hardware Interface"":""Bluetooth, HDMI, USB"",""Wireless Technology Type"":""Bluetooth, Wi-Fi"",""Screen Mirroring Technology"":""Miracast"",""Bluetooth Version"":""5.1"",""Connector Type"":""HDMI, USB"",""Total Audio Out Ports"":""2"",""Total USB 2.0 Ports"":""2"",""Total USB Ports"":""2"",""Operating Systems"":""Jio OS"",""Control Method"":""Remote, Voice"",""Remote Control Technology"":""IR, Bluetooth"",""Colour"":""Black"",""Warranty Type"":""Limited"",""Compatible Devices"":""Smartphone, Speaker, Tablet"",""Water Resistance Level"":""Not Water Resistant"",""Brand Name"":""Visio World"",""Box Contents"":""1 LED TV | 2 Table Stand Base | 1 Wall Mount | 1 Remote Control"",""Model Name"":""JQ1"",""Model Year"":""2025"",""Model Number"":""VW43JQ1"",""Model Series"":""Nano Sync Series"",""Remote Required Battery Size"":""AAA"",""Remote Required Battery Quantity"":""2"",""Specific Uses For Product"":""Entertainment"",""Manufacturer"":""Beston Sky Vision Pvt. Ltd A-51, Sector 63 Rd, A Block, Sector 63, Noida, Uttar Pradesh, India-201301, Contact:9532730000, info@bestonskyvision.com, ‎Beston Sky Vision Pvt. Ltd"",""Manufacturer Part Number"":""VW43JQ1"",""Country of Origin"":""India"",""Packer Contact Information"":""Beston Sky Vision Pvt. Ltd A-51, Sector 63 Rd, A Block, Sector 63, Noida, Uttar Pradesh, India-201301, Contact:9532730000, info@bestonskyvision.com"",""Item Type Name"":""Television"",""Unit Count"":""1 Count"",""Manufacturer Contact Information"":""Beston Sky Vision Pvt. Ltd A-51, Sector 63 Rd, A Block, Sector 63, Noida, Uttar Pradesh, India-201301, Contact:9532730000, info@bestonskyvision.com"",""Importer Contact Information"":""Beston Sky Vision Pvt. Ltd A-51, Sector 63 Rd, A Block, Sector 63, Noida, Uttar Pradesh, India-201301, Contact:9532730000, info@bestonskyvision.com"",""Best Sellers Rank"":""#3,965 in Electronics (See Top 100 in Electronics) #30 in Smart Televisions"",""ASIN"":""B0FDBJB455"",""Audio Output Mode"":""Surround"",""Speaker Description"":""Dolby Digital"",""Speaker Maximum Output Power"":""40 Watts"",""Number of Audio Channels"":""2"",""Integrated Surround Sound Format"":""Dolby Audio, Dolby Digital"",""Voltage"":""110 Volts"",""Wattage"":""40 Watts"",""Annual Energy Consumption"":""140 Kilowatt Hours Per Year"",""Product Features"":""AI Driven Contents, Bezel-Less Design, Built-In Speaker, Digital Noise Filter, Screen Mirroring"",""Parental Control Technology"":""V-Chip"",""Mounting Type"":""Wall Mount & Table Mount"",""VESA Mount Standard"":""200 x 100 mm"",""Warranty Description"":""18 Months provided by the manufacturer from date of purchase | (Contact Brand toll free number for assistance @9532730000 and provide product's model name and seller's details mentioned on your invoice. The service center will allot you a convenient slot for the service)""}",amazon
Sony 108 cm (43 inches) BRAVIA 2M2 Series 4K Ultra HD Smart LED Google TV K-43S22BM2,Sony,Televisions,47990,59900,20,4.6,1299,https://m.media-amazon.com/images/I/81x8FOwI+6L._AC_UL500_.jpg,https://www.amazon.in/Sony-inches-BRAVIA-Google-K-43S22BM2/dp/B0F7X29WXX/ref=sr_1_10?dib=eyJ2IjoiMSJ9.Nwro7zV80ja2sF5IrbJmsIdwOmelFPE90YKwfzJnep4jvUEVZZWZ3vvbx8O6LD2211ImXgSuNHRKE0E7PdDQWD9yfPIfF-Sgb38P7ZWItj9kZihoICtmYIh6tQ8sNBRxQMsAweVT5INwRiFqmfWu7zSdh20I393aAX6cewpkRlVWh4uKGlTPdpO75DQzUh8SpeYcNK6BpvIcXp7klhVBzwLZH_cG-t1d73x7q6J6Pzw.JEpPze1sfbVanOIRUOkKMirhW0T8uvFYCaGTuTROpIs&dib_tag=se&keywords=4k+televisions+43+inch&qid=1779560181&sr=8-10,"Resolution: 4K Ultra HD (3840 x 2160) | Refresh Rate: 60 Hertz | Connectivity: 4 HDMI ports to connect set top box, Blu Ray players, gaming console | 2 USB ports to connect hard drives and other USB devices | Sound : 20 Watts Output | 2ch | Open Baffle Speaker| DTS Digital Surround | DTS:X | Dolby Atmos, Dolby Audio | Smart TV Features: Google TV | Watchlist | Google Assistant |Google Cast | Game Menu | ALLM/eARC (HDMI 2.1 Compatible) | Additional Features: Apple Airplay 2 | Apple Homekit | Alexa | Energy Rating: 2 Star | Annual Energy Consumption: 134.38 kWh | Display : 4K LED | 4K Processor ","{""Display"":""43\"""",""Display Type"":""4K"",""Display Technology"":""LED"",""Resolution"":""4K"",""Refresh Rate"":""60 Hz"",""Aspect Ratio"":""16:9"",""Screen Finish Type"":""Flat"",""HDR Format Supported"":""HDR10, HLG"",""Motion Enhancement Technology"":""Motionflow XR 100"",""Picture Quality Enhancement Technology"":""4K X-Reality PRO"",""Display Backlight Technology"":""LED"",""Display Refresh Rate in Hertz"":""60"",""Viewing Angle"":""178 Degrees"",""Screen Size Unit of Measure"":""43 Inches"",""Item Dimensions D x W x H"":""7.9D x 95.8W x 57H Centimeters"",""Item Weight Unit of Measure"":""7800 Grams"",""Display Size Class"":""108 Centimetres"",""Size"":""43 inches"",""Network Connectivity Technology"":""Ethernet, HDMI, USB, Wi-Fi"",""Internet Applications"":""Apple TV, Netflix, Prime Video, Sony Pictures Core, Youtube"",""Audio Input"":""HDMI"",""Signal Format"":""Digital"",""Total Number of HDMI Ports"":""4"",""Hardware Interface"":""Ethernet, HDMI, USB"",""Wireless Technology Type"":""Bluetooth, Wi-Fi"",""Screen Mirroring Technology"":""AirPlay 2, Google Cast"",""Bluetooth Version"":""5.3"",""Connector Type"":""Buetooth"",""Total USB 3.0 Ports"":""1"",""Total USB Ports"":""2"",""Smart Home Compatibility"":""Smart Home Compatible"",""Mounting Type"":""Wall Mount & Table Mount"",""VESA Mount Standard"":""200 x 200 mm"",""Colour"":""Black"",""Warranty Type"":""Onsite Warranty on Product and Manufacturing defect Covered"",""Compatible Devices"":""Gaming Console, Headphone, Laptop, Smartphone, Speaker"",""Tuner Type"":""DVB-T/T2"",""Video Encoding"":""MPEG-4, WMV, VVC, MPEG-2, AVI"",""Water Resistance Level"":""Not Water Resistant"",""Brand Name"":""Sony"",""Box Contents"":""1 LED TV, 1 AC Power Cord, 1 Remote Control, 2 Batteries"",""Model Name"":""Bravia"",""Antenna Location"":""Indoor"",""Model Year"":""2025"",""Model Number"":""K-43S22BM2"",""Model Series"":""Bravia 2M2"",""Manufacturer Part Number"":""K-43S22BM2"",""Country of Origin"":""India"",""Item Type Name"":""Television"",""Unit Count"":""1 Count"",""Best Sellers Rank"":""#886 in Electronics (See Top 100 in Electronics) #10 in Smart Televisions"",""ASIN"":""B0F7X29WXX"",""Audio Output Mode"":""Surround"",""Speaker Description"":""Dolby Audio, Dolby Atmos, Down Firing Open Baffle Speakers"",""Speaker Maximum Output Power"":""20 Watts"",""Number of Audio Channels"":""Dolby Atmos, Dolby Audio"",""Integrated Surround Sound Format"":""Dolby Atmos, Dolby Audio"",""Voltage"":""240 Volts"",""Power Consumption"":""104 Watts"",""Line Voltage"":""100-240 VAC 50-60 Hz"",""Number of Batteries"":""2 AAA batteries required. (included)"",""Annual Energy Consumption"":""134.38 Kilowatt Hours Per Year"",""Battery Types"":""Alkaline"",""Operating Systems"":""Google TV"",""Control Method"":""Remote"",""Remote Control Technology"":""IR, Bluetooth"",""Controller Type"":""Remote Control, Voice Control"",""Product Features"":""Smart TV Features: Google TV | Watchlist | Google Assistant |Google Cast | Game Menu | ALLM/eARC (HDMI 2.1 Compatible) | Additional Features: Apple Airplay 2 | Apple Homekit | Alexa | Energy Rating: 2 Star | Annual Energy Consumption: 134.38 kWh"",""Warranty Description"":""1 Year comprehensive warranty on product provided by the brand from the date of purchase, including remote for technical issue| Contact Brand Support for assistance Customer Care No. @[080 6500 6500]."",""Manufacturer"":""Sony India Private Limited, Sony India Private Limited, A-18, Mohan Co-operative Industrial Estate, Mathura Road, New Delhi 110044, India , Customer Care: 080 6500 6500, Email: Sonyindia.care@ap.sony.com, Visit sonyindia.co.in for product recycling"",""Packer Contact Information"":""Sony India Private Limited, A-18, Mohan Co-operative Industrial Estate, Mathura Road, New Delhi 110044, India , Customer Care: 080 6500 6500, Email: Sonyindia.care@ap.sony.com, Visit sonyindia.co.in for product recycling"",""Manufacturer Contact Information"":""Sony India Private Limited, A-18, Mohan Co-operative Industrial Estate, Mathura Road, New Delhi 110044, India , Customer Care: 080 6500 6500, Email: Sonyindia.care@ap.sony.com, Visit sonyindia.co.in for product recycling""}",amazon
TCL 108 cm (43 inches) Metallic Bezel Less Series 4K Ultra HD Smart LED Google TV 43V6C,TCL,Televisions,24990,52990,53,4.1,847,https://m.media-amazon.com/images/I/71wUKRGtLRL._AC_UL500_.jpg,https://www.amazon.in/TCL-inches-Metallic-Google-43V6C/dp/B0F2J7JVR1/ref=sr_1_13?dib=eyJ2IjoiMSJ9.Nwro7zV80ja2sF5IrbJmsIdwOmelFPE90YKwfzJnep4jvUEVZZWZ3vvbx8O6LD2211ImXgSuNHRKE0E7PdDQWD9yfPIfF-Sgb38P7ZWItj9kZihoICtmYIh6tQ8sNBRxQMsAweVT5INwRiFqmfWu7zSdh20I393aAX6cewpkRlVWh4uKGlTPdpO75DQzUh8SpeYcNK6BpvIcXp7klhVBzwLZH_cG-t1d73x7q6J6Pzw.JEpPze1sfbVanOIRUOkKMirhW0T8uvFYCaGTuTROpIs&dib_tag=se&keywords=4k+televisions+43+inch&qid=1779560181&sr=8-13,"Resolution: 4K LED (3840 x 2160) | Refresh Rate: 60 Hertz | Connectivity: 3 HDMI Ports | 1 USB port | 1 Lan | 1 Antenna Input | 1 Satellite Input | 1 AV IN Adapter | Sound: 24 Watts output | Dolby Atmos, Dts-X | Smart TV Features:4K UHD Smart LED Google TV | 2GB RAM | 16 GB ROM | 64-bit Quad Core Processor| WIFI 5 | Google Assistant | Prime Video, Netflix, Hotstar, Zee5 and more| Web Browser | Screen Mirroring | Multiple Eye Care | Eneygy Rating: 3 Star | Annual Energy Consumption: 110 kWh/ Year | Display: UHD LED Panel | HVA Panel | HDR 10 | AiPQ Processor | 100% Color Volume Plus| 178 Degree","{""Display"":""43\"""",""Display Type"":""4K"",""Display Technology"":""LED"",""Resolution"":""4K"",""Refresh Rate"":""60 Hz"",""Aspect Ratio"":""16:9"",""Contrast Ratio"":""3000:1 Pixels"",""Maximum Display Brightness"":""260 Candela Per Square Meter"",""Screen Finish Type"":""Flat"",""HDR Format Supported"":""HDR 10"",""Motion Enhancement Technology"":""MEMC"",""Picture Quality Enhancement Technology"":""AiPQ Processor"",""Response Time"":""9.5 Milliseconds"",""Display Backlight Technology"":""LED"",""Display Refresh Rate in Hertz"":""60"",""Viewing Angle"":""178 Degrees"",""Screen Size Unit of Measure"":""43 Inches"",""Item Dimensions D x W x H"":""18.5D x 95.7W x 60.3H Centimeters"",""Item Weight Unit of Measure"":""5.5 Kilograms"",""Display Size Class"":""43 Inches"",""Size"":""43 inches"",""Audio Output Mode"":""Surround"",""Speaker Description"":""Speakers typically come Built-in, which allows them to produce stereo sound."",""Speaker Maximum Output Power"":""24 Watts"",""Number of Audio Channels"":""Dolby Atmos"",""Integrated Surround Sound Format"":""Dolby Atmos"",""Voltage"":""240 Volts"",""Wattage"":""90 Watts"",""Power Consumption"":""90 Watts"",""Energy Efficiency Features"":""Standby power shutoff"",""Number of Batteries"":""2 AAA batteries required. (included)"",""Annual Energy Consumption"":""110 Kilowatt Hours Per Year"",""Operating Systems"":""Google TV"",""Memory Storage Capacity"":""16 GB"",""Control Method"":""Remote"",""Remote Control Technology"":""IR, Bluetooth"",""Controller Type"":""Remote Control"",""Brand Name"":""TCL"",""Box Contents"":""1N LED TV, 1N Audio Cable, 1N Stand, 1N Power cord, 1N Remote Control, 2N Batteries"",""Model Name"":""43V6C"",""Model Year"":""2025"",""Model Number"":""43V6C"",""Model Series"":""V6C"",""Manufacturer"":""TCL India, TTE ELECTRONICS INDIA PRIVATE LIMITED, Vikruthamala Village, Papanaidupeta Post, Yerpedu Mandal, Tirupati, Vikruthamala Village, Chittoor, Andhra Pradesh, INDIA-517526"",""Manufacturer Part Number"":""43V6C"",""Country of Origin"":""India"",""Packer Contact Information"":""TTE ELECTRONICS INDIA PRIVATE LIMITED, Vikruthamala Village, Papanaidupeta Post, Yerpedu Mandal, Tirupati, Vikruthamala Village, Chittoor, Andhra Pradesh, INDIA-517526"",""Item Type Name"":""Smart TV"",""Manufacturer Contact Information"":""TTE ELECTRONICS INDIA PRIVATE LIMITED, Vikruthamala Village, Papanaidupeta Post, Yerpedu Mandal, Tirupati, Vikruthamala Village, Chittoor, Andhra Pradesh, INDIA-517526"",""Importer Contact Information"":""TTE ELECTRONICS INDIA PRIVATE LIMITED, Vikruthamala Village, Papanaidupeta Post, Yerpedu Mandal, Tirupati, Vikruthamala Village, Chittoor, Andhra Pradesh, INDIA-517526"",""Best Sellers Rank"":""#827 in Electronics (See Top 100 in Electronics) #8 in Smart Televisions"",""ASIN"":""B0F2J7JVR1"",""Network Connectivity Technology"":""Ethernet, HDMI, USB, Wi-Fi"",""Internet Applications"":""Eros Now, Hotstar, Hungama, JioCinema, Netflix, Oxygen Play, Prime Video, SonyLiv, Youtube, Zee5"",""Audio Input"":""HDMI, USB"",""Signal Format"":""Analog with Digital"",""Total Number of HDMI Ports"":""3"",""Hardware Interface"":""USB"",""Wireless Technology Type"":""Bluetooth, Wi-Fi"",""Bluetooth Version"":""5.0"",""Connector Type"":""HDMI, USB"",""Total USB 3.0 Ports"":""1"",""Total USB Ports"":""1"",""Parental Control Technology"":""Filters, V-Chip, Blocking Devices"",""Smart Home Compatibility"":""Smart Home Compatible"",""Mounting Type"":""Wall Mount & Table Mount"",""VESA Mount Standard"":""200 x 200 mm"",""Colour"":""Black"",""Warranty Type"":""Onsite Warranty on Product and No Delivery Damages Covered"",""Compatible Devices"":""Laptop, Smartphone, Tablet"",""Tuner Type"":""DVB-T2"",""Video Encoding"":""H.264,H.265,MPEG1/2/4,WMV,VC1,VP8,VP9, AV1"",""Warranty Description"":""2 year warranty provided by the manufacturer from date of purchase | (Contact Brand toll free number for assistance @ 180-0102-0622/180-0419-0622/ indiasupport@tcl.com and provide product's model name and seller's details mentioned on your invoice. The service center will allot you a convenient slot for the service)"",""Product Features"":""4K UHD LED Panel | HVA Panel | HDR 10 | AiPQ Processor | 100% Color Volume Plus| 178 Degree Wide Viewing Angle | Micro Dimming | MEMC | Metallic Bezel-Less Design | Dolby Atomos, Dts-X | Google TV |2GB RAM | 16 GB ROM | 64-bit Quad Core Processor| WIFII5 | Google Assistant |Prime Video, Netflix, Hotstar, Zee5 and more| Web Browser | Screen Mirroring | Multiple Eye Care""}",amazon
109 cm (43 inches) Infinity Series 4K Ultra HD Smart QLED Android TV BAZQL43F1 (Black),109,Televisions,12430,29999,59,3.4,16,https://m.media-amazon.com/images/I/815fLXVHdLL._AC_UL500_.jpg,https://www.amazon.in/BAZEEGAR-inches-Infinity-Android-BAZQL43F1/dp/B0D4248LSY/ref=sr_1_14?dib=eyJ2IjoiMSJ9.Nwro7zV80ja2sF5IrbJmsIdwOmelFPE90YKwfzJnep4jvUEVZZWZ3vvbx8O6LD2211ImXgSuNHRKE0E7PdDQWD9yfPIfF-Sgb38P7ZWItj9kZihoICtmYIh6tQ8sNBRxQMsAweVT5INwRiFqmfWu7zSdh20I393aAX6cewpkRlVWh4uKGlTPdpO75DQzUh8SpeYcNK6BpvIcXp7klhVBzwLZH_cG-t1d73x7q6J6Pzw.JEpPze1sfbVanOIRUOkKMirhW0T8uvFYCaGTuTROpIs&dib_tag=se&keywords=4k+televisions+43+inch&qid=1779560181&sr=8-14,"Resolution : 4K Ultra HD (3840 x 2160) | Refresh Rate : 60 Hertz | Viewing Angle: 178 degrees | Connectivity: 3 HDMI ports to connect set top box, Blu Ray players, gaming console | 2 USB ports to connect hard drives & other USB devices | 1 Optical Output to connect high end soundbars, speakers | Wifi | LAN (Ethernet | Sound : 24 Watts Output | Stereo Surround Sound with Box Speakers | 5 Sound Modes | Smart TV Features : Prime Video, Hotstar, Netflix, Zee5 and more | Quantum Lucent Technology | PC Connectivity | Playwall | Quad Core Processor | Screen Mirroring | Cloud TV | Movie Box | Display:","{""Display"":""43\"""",""Display Type"":""4K"",""OS"":""Android"",""Display Technology"":""QLED"",""Resolution"":""4K"",""Refresh Rate"":""60 Hz"",""Aspect Ratio"":""16:9"",""Contrast Ratio"":""‎‎700000:1"",""Maximum Display Brightness"":""350 Candela Per Square Meter"",""Screen Finish Type"":""Flat"",""HDR Format Supported"":""HDR10"",""Motion Enhancement Technology"":""MEMC"",""Picture Quality Enhancement Technology"":""Quantum Lucent Technology"",""Response Time"":""8 Milliseconds"",""Display Refresh Rate in Hertz"":""60"",""Viewing Angle"":""178 Degrees"",""Has Color Screen"":""Yes"",""Screen Size Unit of Measure"":""43 Inches"",""Item Dimensions D x W x H"":""10D x 60W x 97H Centimeters"",""Item Weight Unit of Measure"":""8800 Grams"",""Size"":""43 inches"",""Network Connectivity Technology"":""Ethernet, HDMI, USB, Wi-Fi"",""Internet Applications"":""Android"",""Audio Input"":""Auxiliary"",""Signal Format"":""Analog"",""Total Number of HDMI Ports"":""2"",""Hardware Interface"":""Composite Video, Ethernet, HDMI, USB"",""Wireless Technology Type"":""Wi-Fi"",""Connector Type"":""Ethernet, VGA"",""Total USB 2.0 Ports"":""2"",""Total USB 3.0 Ports"":""2"",""Total USB Ports"":""2"",""Operating Systems"":""Android"",""Control Method"":""Remote"",""Remote Control Technology"":""IR, Bluetooth"",""Controller Type"":""Remote Control"",""Colour"":""Black"",""Warranty Type"":""Onsite Warranty on Product and No Delivery Damages Covered"",""Tuner Type"":""DVB-T"",""Video Encoding"":""MPEG-4, WMV, VVC, MPEG-2, AVI, FLV"",""Water Resistance Level"":""Not Water Resistant"",""Portable"":""No"",""Brand Name"":""BAZEEGAR"",""Box Contents"":""1 LED TV, 1 Table Top Stand, 1 Wall Mount Bracket, 1 User Manual, 1 Warranty Card, 1 Remote Control"",""Model Name"":""BAZQL43F1"",""Model Year"":""2024"",""Model Number"":""BAZQL43F1"",""Model Series"":""Infinity Series"",""Manufacturer"":""Beston Sky Vision Pvt Ltd, Beston Sky Vision Pvt. Ltd A-51, Sector 63 Rd, A Block, Sector 63, Noida, Uttar Pradesh, India-201301, Contact : 9532730000, info@bestonskyvision.com"",""Manufacturer Part Number"":""BAZQL43F1"",""Country of Origin"":""India"",""Packer Contact Information"":""Beston Sky Vision Pvt. Ltd A-51, Sector 63 Rd, A Block, Sector 63, Noida, Uttar Pradesh, India-201301, Contact : 9532730000, info@bestonskyvision.com"",""Item Type Name"":""TELEVISION"",""Unit Count"":""1 Count"",""Manufacturer Contact Information"":""Beston Sky Vision Pvt. Ltd A-51, Sector 63 Rd, A Block, Sector 63, Noida, Uttar Pradesh, India-201301, Contact : 9532730000, info@bestonskyvision.com"",""Importer Contact Information"":""Beston Sky Vision Pvt. Ltd A-51, Sector 63 Rd, A Block, Sector 63, Noida, Uttar Pradesh, India-201301, Contact : 9532730000, info@bestonskyvision.com"",""Best Sellers Rank"":""#2,911 in Electronics (See Top 100 in Electronics) #25 in Smart Televisions"",""ASIN"":""B0D4248LSY"",""Audio Output Mode"":""Surround"",""Speaker Description"":""Speakers typically come Built-in, which allows them to produce stereo sound."",""Speaker Maximum Output Power"":""24 Watts"",""Number of Audio Channels"":""‎Powerful Sound"",""Integrated Surround Sound Format"":""‎Powerful Sound"",""Voltage"":""110 Volts"",""Wattage"":""75 Watts"",""Power Consumption"":""75 Watts"",""Energy Efficiency Features"":""Standby power shutoff"",""Product Features"":""IPE Technology, ‎‎One Click Amazon Prime Video, Netflix, Remote , True Display, Android OS, HDR-10, Wide Color Gamut, Supported Applications : Sony Liv, Disney+Hotstar, Zee5, Youtube"",""Parental Control Technology"":""Filters"",""Mounting Type"":""Wall Mount & Table Mount"",""VESA Mount Standard"":""40 x 40 mm"",""Warranty Description"":""2 Year provided by the manufacturer from date of purchase | (Contact Brand toll free number for assistance @9532730000 and provide product's model name and seller's details mentioned on your invoice. The service center will allot you a convenient slot for the service)""}",amazon
Vu 108cm (43 inches) Vibe Series 4K QLED Smart Google TV 43VIBE-DV,Vu,Televisions,26490,40000,34,4.3,1734,https://m.media-amazon.com/images/I/71aqGAsAzuL._AC_UL500_.jpg,https://www.amazon.in/Vu-108cm-inches-Google-43VIBE-DV/dp/B0FBS863JV/ref=sr_1_15?dib=eyJ2IjoiMSJ9.Nwro7zV80ja2sF5IrbJmsIdwOmelFPE90YKwfzJnep4jvUEVZZWZ3vvbx8O6LD2211ImXgSuNHRKE0E7PdDQWD9yfPIfF-Sgb38P7ZWItj9kZihoICtmYIh6tQ8sNBRxQMsAweVT5INwRiFqmfWu7zSdh20I393aAX6cewpkRlVWh4uKGlTPdpO75DQzUh8SpeYcNK6BpvIcXp7klhVBzwLZH_cG-t1d73x7q6J6Pzw.JEpPze1sfbVanOIRUOkKMirhW0T8uvFYCaGTuTROpIs&dib_tag=se&keywords=4k+televisions+43+inch&qid=1779560181&sr=8-15,"Resolution: 4K QLED (3840x2160) | Refresh Rate: 60 hertz | 178 Degree wide viewing angle | Connectivity: 3 HDMI ports to connect set top box, Blue Ray players | HDMI 2.1 for gaming console | 2 USB ports to connect hard drives and other USB devices | 2.4/5GHz WiFi | HDMI CEC & eARC/ARC | Airplay I Google Chrome Cast I 2-way Bluetooth 5.3 | Sound : Integrated Soundbar I 88Watt Sound | Dolby Atmos | Dialogue Clarity | Deep Bass | Audio Only Mode | Auto Volume Control | Cricket & Cinema Sound Mode | Headphone connectivity | eARC Support | Optical Audio out | Smart TV Features : Google TV OS | Goog","{""Display"":""43\"""",""Display Type"":""4K"",""Resolution"":""4K"",""Refresh Rate"":""60 Hz"",""Aspect Ratio"":""16:9, 4:3"",""Contrast Ratio"":""1000000:1"",""Maximum Display Brightness"":""400 Nit"",""Screen Finish Type"":""Matte"",""HDR Format Supported"":""Dolby Vision"",""Motion Enhancement Technology"":""MEMC"",""Picture Quality Enhancement Technology"":""Quantum HDR"",""Display Language Options"":""English"",""Response Time"":""8 Milliseconds"",""Display Backlight Configuration"":""Direct LED"",""Display Backlight Setting"":""Dynamic Backlight"",""Display Backlight Technology"":""LED"",""Display Refresh Rate in Hertz"":""60"",""Viewing Angle"":""178 Degrees"",""Screen Size Unit of Measure"":""43 Inches"",""Item Dimensions D x W x H"":""22.3D x 96.3W x 61.1H Centimeters"",""Item Weight Unit of Measure"":""7710 Grams"",""Item Weight Without Stand"":""7.8 Kilograms"",""Display Size Class"":""43 Inches"",""Size"":""43 inches"",""Network Connectivity Technology"":""Ethernet, HDMI, USB, Wi-Fi"",""Internet Applications"":""Hotstar, Jio Cinema, Netflix, Prime Video, SonyLiv, Youtube, Youtube Music, Zee5"",""Audio Input"":""HDMI"",""Signal Format"":""HDMI, WiFi"",""Total Number of HDMI Ports"":""3"",""Hardware Interface"":""Bluetooth, Component Video, Ethernet, HDMI, USB"",""Wireless Technology Type"":""Bluetooth, Infrared, Wi-Fi"",""Screen Mirroring Technology"":""AirPlay, Google Cast"",""Bluetooth Version"":""5.3"",""Connector Type"":""HDMI, USB"",""Total USB 2.0 Ports"":""2"",""Total USB Ports"":""2"",""Content Sharing Direction"":""Mobile to TV"",""Parental Control Technology"":""Parental Control"",""Mounting Type"":""Table Mount"",""VESA Mount Standard"":""200 x 300 mm"",""Colour"":""Black"",""Warranty Type"":""Onsite Warranty on Product and No Delivery Damages Covered"",""Compatible Devices"":""Gaming Console, Headphone, Smartphone, Speaker, iPhone"",""Tuner Type"":""No"",""Video Encoding"":""AV1, H.266, VP9, AVI, .mkv, MP4"",""Water Resistance Level"":""Not Water Resistant"",""Brand Name"":""Vu"",""Box Contents"":""TV Unit 1 U, Remote Control 1 U, Power Cord 1 U, Welcome Kit Guide 1 U, AAA Batteries 2 U"",""Model Name"":""43VIBE-DV"",""Antenna Location"":""Indoor"",""Model Year"":""2025"",""Model Number"":""43VIBE-DV"",""Warranty Description"":""Warranty Information: 1 year warranty provided by Vu from date of purchase | For any other information, please contact VU support on 022-45417000 or whatsApp us at +91 9867740000."",""Model Series"":""VIBE"",""Remote Required Battery Size"":""AAA"",""Remote Required Battery Quantity"":""2"",""Specific Uses For Product"":""Entertainment, Gaming"",""Manufacturer"":""Vu Technologies Pvt Ltd, Vu Technologies Pvt. Ltd. 29, MIDC Central Road, Andheri East, Mumbai, 400093, Contact: +91 022-45417000 or WhatsApp: +91 9867740000, Email: support@vutvs.com"",""Manufacturer Part Number"":""43VIBE-DV"",""Country of Origin"":""India"",""Packer Contact Information"":""Vu Technologies Pvt. Ltd. 29, MIDC Central Road, Andheri East, Mumbai, 400093"",""Item Type Name"":""Television"",""Unit Count"":""1 Piece"",""Manufacturer Contact Information"":""Vu Technologies Pvt. Ltd. 29, MIDC Central Road, Andheri East, Mumbai, 400093, Contact: +91 022-45417000 or WhatsApp: +91 9867740000, Email: support@vutvs.com"",""Importer Contact Information"":""Vu Technologies Pvt. Ltd. 29, MIDC Central Road, Andheri East, Mumbai, 400093"",""Best Sellers Rank"":""#980 in Electronics (See Top 100 in Electronics) #13 in Smart Televisions"",""ASIN"":""B0FBS863JV"",""Audio Output Mode"":""Surround"",""Audio Encoding"":""DD, Dolby Atmos, Dolby Digital Plus"",""Speaker Maximum Output Power"":""88 Watts"",""Number of Audio Channels"":""Dolby Atmos"",""Integrated Surround Sound Format"":""Dolby Audio"",""Voltage"":""230 Volts"",""Wattage"":""100 Watts"",""Power Consumption"":""100 Watts"",""Energy Efficiency Features"":""Energy Saving"",""Line Voltage"":""100-240 VAC 50-60 Hz"",""Number of Batteries"":""2 AAA batteries required. (included)"",""Annual Energy Consumption"":""112 Kilowatt Hours Per Year"",""Operating Systems"":""Google TV"",""Memory Storage Capacity"":""16 GB"",""Control Method"":""Remote"",""Remote Control Technology"":""IR, Bluetooth"",""Controller Type"":""Remote Control"",""Product Features"":""4K QLED | A+ Grade Panel | 400 Nits Peaking Brightness | Dolby Vision, HDR10 & HLG | Motion Enhacement with MEMC I FILMMAKER Mode | Cricket Mode | Cinema Mode | AI Smart Scene & Upscale | 88-Watt Integrated Soundbar | Dolby Atmos | Auto Volume Control | HDMI 2.1 | 1.5GHz VuOn™ Processor | 2 GB RAM & 16GB Storage | VRR | ALLM | HDR Gaming | Game Mode | Game Dashboard I ActiVoice Remote Control | Apple Airplay | 2-way 5.3 Bluetooth | 5GHz Dual Band Wi-FI | Camera connectivity"",""Speaker Description"":""Integrated Soundbar I 88Watt Sound | Dolby Atmos | Dialogue Clarity | Deep Bass | Audio Only Mode | Auto Volume Control | Cricket & Cinema Sound Mode | Headphone connectivity | eARC Support | Optical Audio out""}",amazon
LG 108 cms (43 inches) NU87 AI Series Nano 4K Ultra HD Smart webOS VA LED TV 43NU870BPLA,LG,Televisions,32990,45990,28,4,8971,https://m.media-amazon.com/images/I/9115KhacHFL._AC_UL500_.jpg,https://www.amazon.in/LG-inches-Ultra-Smart-43NU870BPLA/dp/B0GTZ9TSDJ/ref=sr_1_16?dib=eyJ2IjoiMSJ9.Nwro7zV80ja2sF5IrbJmsIdwOmelFPE90YKwfzJnep4jvUEVZZWZ3vvbx8O6LD2211ImXgSuNHRKE0E7PdDQWD9yfPIfF-Sgb38P7ZWItj9kZihoICtmYIh6tQ8sNBRxQMsAweVT5INwRiFqmfWu7zSdh20I393aAX6cewpkRlVWh4uKGlTPdpO75DQzUh8SpeYcNK6BpvIcXp7klhVBzwLZH_cG-t1d73x7q6J6Pzw.JEpPze1sfbVanOIRUOkKMirhW0T8uvFYCaGTuTROpIs&dib_tag=se&keywords=4k+televisions+43+inch&qid=1779560181&sr=8-16,"Resolution: 4K Ultra HD (3,840 x 2,160)| Refresh Rate: 60Hz Native | 178 Degree wide viewing angle | Connectivity: 3 HDMI (supports eARC, ALLM) Ports connect set top box, Blu Ray players, gaming console | 1 USB (v 2.0) Port to connect hard drives and other USB devices | Wi-Fi (v 5.0) | Bluetooth (v 5.3) | 1 Ethernet Input | 2 RF Input (Antenna/Cable) | Simplink | Sound: AI Sound Pro (Virtual 9.1.2 Up-mix)|Dolby Atmos|Clear Voice Pro|Precision Sound Master Pro|20W Output|10W Woofer/per Channel Output|2.0ch Speaker System|Down Firing Speakers|LG Sound Sync|Sound Mode Share|Bluetooth Surround Rea","{""Display"":""43\"""",""Display Type"":""4K"",""Display Technology"":""LED"",""Resolution"":""4K"",""Refresh Rate"":""60 Hz"",""Aspect Ratio"":""16:9"",""Screen Finish Type"":""Matte"",""HDR Format Supported"":""HDR10, HLG"",""Picture Quality Enhancement Technology"":""4K Expression Enhancer, 4K Super Upscaling, AI HDR Remastering, Precision HDR Master Pro"",""Display Backlight Configuration"":""Direct LED"",""Display Backlight Technology"":""LED"",""Display Refresh Rate in Hertz"":""60"",""Viewing Angle"":""178 Degrees"",""Screen Size Unit of Measure"":""43 Inches"",""Item Dimensions D x W x H"":""7.1D x 95.9W x 56.3H Centimeters"",""Item Weight Unit of Measure"":""6.4 Kilograms"",""Item Weight Without Stand"":""6.4 Kilograms"",""Display Size Class"":""108 Centimetres"",""Size"":""43 inches"",""Network Connectivity Technology"":""Ethernet, HDMI, RF, USB, Wi-Fi"",""Internet Applications"":""JioHotstar, Netflix, Prime Video, SonyLiv, YouTube"",""Audio Input"":""HDMI"",""Signal Format"":""Digital"",""Total Number of HDMI Ports"":""3"",""Hardware Interface"":""Bluetooth, Ethernet, HDMI, Radio Frequency, USB"",""Wireless Technology Type"":""Bluetooth, Infrared, Radio Frequency, Wi-Fi"",""Screen Mirroring Technology"":""AirPlay, Google Cast"",""Bluetooth Version"":""5.3"",""Connector Type"":""Buetooth, Ethernet, HDMI, RF, USB"",""Total USB Ports"":""1"",""Content Sharing Direction"":""Mobile to TV"",""Product Features"":""4K Super Upscaling, AI HDR Remastering, AI Sound Pro, Dolby Atmos, LG Shield"",""Parental Control Technology"":""Filters"",""Operating Systems"":""WebOS"",""Memory Storage Capacity"":""8 GB"",""Control Method"":""Push Button, Remote"",""Remote Control Technology"":""Infrared"",""Brand Name"":""LG"",""Box Contents"":""1 Nano UHD TV, 1 Standard Remote Control, 2 AAA Battery, 1 User Manual, 1 Warranty Card"",""Model Name"":""43NU870BPLA"",""Antenna Location"":""Educational Content, Gaming, Home Entertainment, News & Information, Streaming & Smart Apps"",""Model Year"":""2026"",""Model Number"":""43NU870BPLA"",""Model Series"":""NU87 AI Series"",""Remote Required Battery Size"":""AAA"",""Remote Required Battery Quantity"":""2"",""Specific Uses For Product"":""Entertainment, Family & Social Viewing, Gaming"",""Manufacturer"":""LG Electronics India Limited, Plot No. A5, MIDC Ranjangaon, Tal. Shirur, Pune - 412220 | E-Mail: serviceindia@lge.com | TEL : 08069379999 | WhatsApp: 9711709999 | SMS : 5757554"",""Manufacturer Part Number"":""43NU870BPLA"",""Country of Origin"":""India"",""Packer Contact Information"":""LG Electronics India Limited | Plot No. A5, MIDC Ranjangaon, Tal. Shirur, Pune - 412220 | E-Mail: serviceindia@lge.com | TEL: 08069379999 | WhatsApp: 9711709999 | SMS : 5757554"",""Item Type Name"":""NANO 4K UHD AI TV"",""Unit Count"":""1.0 Piece"",""Manufacturer Contact Information"":""Plot No. A5, MIDC Ranjangaon, Tal. Shirur, Pune - 412220 | E-Mail: serviceindia@lge.com | TEL : 08069379999 | WhatsApp: 9711709999 | SMS : 5757554"",""Importer Contact Information"":""A-24/6, Mohan Cooperative Industrial Estate, Mathura Road, New Delhi-110044"",""Best Sellers Rank"":""#1,033 in Electronics (See Top 100 in Electronics) #15 in Smart Televisions"",""ASIN"":""B0GTZ9TSDJ"",""Audio Output Mode"":""Surround"",""Audio Encoding"":""Dolby Atmos"",""Speaker Maximum Output Power"":""20 Watts"",""Number of Audio Channels"":""2.0"",""Integrated Surround Sound Format"":""Dolby Atmos"",""Voltage"":""230 Volts"",""Energy Efficiency Features"":""Standby power shutoff"",""Number of Batteries"":""2 AAA batteries required. (included)"",""Annual Energy Consumption"":""138.85 Kilowatt Hours Per Year"",""Mounting Type"":""Wall Mount & Table Top"",""VESA Mount Standard"":""300 x 200 mm"",""Colour"":""black"",""Warranty Type"":""Limited"",""Compatible Devices"":""Gaming Console, Laptop, Smartphone, Speaker, Tablet"",""Tuner Type"":""DVB-T2/T (Terrestrial), DVB-C (Cable), DVB-S2/S (Satellite)"",""Video Encoding"":""MPEG-4, WMV, VVC, MPEG-2, AVI, FLV"",""Warranty Description"":""1 year warranty provided by the manufacturer from date of purchase | (Contact Brand number for assistance @ 08069379999 or WhatsApp: 9711709999 and provide product's model name and seller's details mentioned on your invoice. The service center will allot you a convenient slot for the service)"",""Speaker Description"":""The NU870BPLA series delivers clear and powerful 20W audio through a 2.0 channel down‑firing speaker system. With Dolby Atmos and AI Sound Pro (virtual 9.1.2 up‑mix), it creates an immersive surround sound experience. Features like Clear Voice Pro with auto volume leveling, Precision Sound Master Pro, and Adaptive Acoustic Tuning (AI Magic Remote required) ensure optimized clarity and balance. Connectivity is seamless with LG Sound Sync, Sound Mode Share, Bluetooth Surround Ready, and WOW Orchestra. Wide codec support—including Dolby Digital, AAC, MP3, PCM, and apt‑X—guarantees compatibility across formats for movies, music, and gaming.""}",amazon
VW 109 cm (43 inches) Spectra Series Full HD Smart QLED Android TV VW43AQ3,VW,Televisions,14999,29999,50,4.2,15651,https://m.media-amazon.com/images/I/81ImOnndxnL._AC_UL500_.jpg,https://www.amazon.in/inches-Spectra-Smart-Android-VW43AQ3/dp/B0GX52LD7V/ref=sr_1_17?dib=eyJ2IjoiMSJ9.Nwro7zV80ja2sF5IrbJmsIdwOmelFPE90YKwfzJnep4jvUEVZZWZ3vvbx8O6LD2211ImXgSuNHRKE0E7PdDQWD9yfPIfF-Sgb38P7ZWItj9kZihoICtmYIh6tQ8sNBRxQMsAweVT5INwRiFqmfWu7zSdh20I393aAX6cewpkRlVWh4uKGlTPdpO75DQzUh8SpeYcNK6BpvIcXp7klhVBzwLZH_cG-t1d73x7q6J6Pzw.JEpPze1sfbVanOIRUOkKMirhW0T8uvFYCaGTuTROpIs&dib_tag=se&keywords=4k+televisions+43+inch&qid=1779560181&sr=8-17,"Resolution: Full HD (1920x1080) | Refresh Rate: 60 Hertz | Connectivity: 2 HDMI 2.0 and 1 HDMI 2.1 ports to connect set top box, Blu Ray players, gaming console | 2 USB 2.0 ports to connect hard drives and other USB devices | Sound : 24 Watts Output | Stereo Surround Sound with Box Speakers | 5 Sound Modes | Smart TV Features : Miracast, Supported Apps: Prime Video, Youtube, Zee5, plex, YUPPTV, Eros now, ALJAZEERA, Live News | Quad core processor | Android TV | Annual Energy Consumption: 96 kWh | Display: QLED | IPE Techonology | True Display | Quantum Lucent | Cinema Zoom | Supports 16.7 Mill","{""Display"":""43\"""",""Display Type"":""QLED"",""OS"":""Android"",""Display Technology"":""QLED"",""Resolution"":""1080p"",""Refresh Rate"":""60 Hz"",""Aspect Ratio"":""1.77:1"",""Contrast Ratio"":""100000:1"",""Maximum Display Brightness"":""350 Nit"",""Screen Finish Type"":""Flat"",""HDR Format Supported"":""HDR10"",""Picture Quality Enhancement Technology"":""QLED, IPE Technology"",""Response Time"":""7 Milliseconds"",""Display Backlight Configuration"":""Direct LED"",""Display Backlight Technology"":""LED"",""Display Refresh Rate in Hertz"":""60"",""Viewing Angle"":""178 Degrees"",""Screen Size Unit of Measure"":""43 Inches"",""Item Dimensions D x W x H"":""22D x 52W x 92H Centimeters"",""Item Weight Unit of Measure"":""9000 Grams"",""Display Size Class"":""43 Inches"",""Size"":""43 inches"",""Network Connectivity Technology"":""Ethernet, HDMI, USB, Wi-Fi"",""Internet Applications"":""Hotstar, Netflix, Prime Video, SonyLiv, YouTube"",""Audio Input"":""HDMI"",""Signal Format"":""Analog"",""Total Number of HDMI Ports"":""2"",""Hardware Interface"":""Composite Video, Ethernet, HDMI, USB"",""Connector Type"":""Ethernet, VGA"",""Total USB Ports"":""2"",""Operating Systems"":""Android"",""Memory Storage Capacity"":""4 GB"",""Control Method"":""Remote"",""Brand Name"":""Visio World"",""Box Contents"":""1 NUMBER TV UNIT, 1 NUMBER REMOTE CONTROL, 1 NUMBER POWER CORD, 1 NUMBER USER MANUAL, 2 NUMBER STANDS, 4 NUMBER STAND SCREW"",""Model Name"":""VW43AQ3"",""Model Year"":""2026"",""Model Number"":""VW43AQ3"",""Model Series"":""Spectra Series"",""Manufacturer"":""Beston Sky Vision Pvt Ltd, Beston Sky Vision Pvt. Ltd A-51, Sector 63 Rd, A Block, Sector 63, Noida, Uttar Pradesh, India-201301, Contact:9532730000, info@bestonskyvision.com"",""Manufacturer Part Number"":""VW43AQ3"",""Country of Origin"":""India"",""Packer Contact Information"":""Beston Sky Vision Pvt. Ltd A-51, Sector 63 Rd, A Block, Sector 63, Noida, Uttar Pradesh, India-201301, Contact : 9532730000, info@bestonskyvision.com"",""Item Type Name"":""TELEVISION"",""Item Length"":""90 Centimetres"",""Unit Count"":""1 Count"",""Manufacturer Contact Information"":""Beston Sky Vision Pvt. Ltd A-51, Sector 63 Rd, A Block, Sector 63, Noida, Uttar Pradesh, India-201301, Contact:9532730000, info@bestonskyvision.com"",""Importer Contact Information"":""Beston Sky Vision Pvt. Ltd A-51, Sector 63 Rd, A Block, Sector 63, Noida, Uttar Pradesh, India-201301, Contact : 9532730000, info@bestonskyvision.com"",""Best Sellers Rank"":""#356 in Electronics (See Top 100 in Electronics) #4 in Smart Televisions"",""ASIN"":""B0GX52LD7V"",""Audio Output Mode"":""Surround"",""Speaker Description"":""Built-in Box Speakers designed produce powerful stereo sound."",""Speaker Maximum Output Power"":""24 Watts"",""Power Consumption"":""75 Watts"",""Energy Efficiency Features"":""Screen Saver for power saving"",""Annual Energy Consumption"":""96 Kilowatt Hours"",""Product Features"":""HDR 10 | Supported Apps: Prime Video | Jio Hotstar | Netflix | Zee5 | IPE Technology | PC Connectivity | Playwall | Quad Core Processor | Screen Mirroring"",""Mounting Type"":""Wall Mount & Table Mount"",""Colour"":""Black"",""Warranty Type"":""Onsite Warranty on Product and No Delivery Damages Covered"",""Compatible Devices"":""Gaming Console, Headphone"",""Tuner Type"":""DVB-T"",""Video Encoding"":""MPEG-4, WMV, VVC, MPEG-2, AVI, FLV"",""Warranty Description"":""18 Months provided by the manufacturer from date of purchase | (Contact Brand toll free number for assistance @9532730000 and provide product's model name and seller's details mentioned on your invoice. The service center will allot you a convenient slot for the service)""}",amazon
Onida 108 cm (43 inch) Nexg Series 4K Ultra HD LED Smart Google TV 43UIG,Onida,Televisions,23499,32290,27,3.7,50,https://m.media-amazon.com/images/I/71aFYNWnr7L._AC_UL500_.jpg,https://www.amazon.in/ONIDA-Ultra-Smart-Google-43UIG/dp/B0D9W98KXL/ref=sr_1_18?dib=eyJ2IjoiMSJ9.Nwro7zV80ja2sF5IrbJmsIdwOmelFPE90YKwfzJnep4jvUEVZZWZ3vvbx8O6LD2211ImXgSuNHRKE0E7PdDQWD9yfPIfF-Sgb38P7ZWItj9kZihoICtmYIh6tQ8sNBRxQMsAweVT5INwRiFqmfWu7zSdh20I393aAX6cewpkRlVWh4uKGlTPdpO75DQzUh8SpeYcNK6BpvIcXp7klhVBzwLZH_cG-t1d73x7q6J6Pzw.JEpPze1sfbVanOIRUOkKMirhW0T8uvFYCaGTuTROpIs&dib_tag=se&keywords=4k+televisions+43+inch&qid=1779560181&sr=8-18,"Resolution: 4K Ultra HD (3840 x 2160) | Refresh Rate: 60 Hertz | 178 Degree wide viewing angle | Connectivity: 3 HDMI ports to connect set top box, Blu Ray players, gaming console | 1 USB ports to connect hard drives and other USB devices | Sound : 20 Watts Output | Hifi Speaker Box Pro | Dolby Audio | Equilizer | Smart TV Features: Google TV, Watchlist, Voice Search, Google Play, Chromecast Built-In, Netflix, Amazon Prime Video | Supported Apps: Netflix, Amazon Prime Video, Disney+ Hotstar, Sony Liv, Zee5, | Display: 4K HDR | Live Colour | Wide Viewing Angle | Pixa Visual Engine I Eye Protect","{""Display"":""43\"""",""Display Type"":""4K"",""Display Technology"":""LED"",""Resolution"":""4K"",""Refresh Rate"":""60 Hz"",""Aspect Ratio"":""16:9"",""Contrast Ratio"":""5000:1"",""Maximum Display Brightness"":""350 Candela Per Square Meter"",""Screen Finish Type"":""Flat"",""HDR Format Supported"":""HDR10"",""Motion Enhancement Technology"":""MEMC"",""Picture Quality Enhancement Technology"":""Pixa Visual Engine I Eye Protect Plus"",""Response Time"":""6.5 Milliseconds"",""Display Backlight Configuration"":""Direct LED"",""Display Backlight Technology"":""LCD"",""Display Refresh Rate in Hertz"":""60"",""Viewing Angle"":""178 Degrees"",""Screen Size Unit of Measure"":""43 Inches"",""Item Dimensions D x W x H"":""8.6D x 97W x 56.6H Centimeters"",""Item Weight Unit of Measure"":""7500 Grams"",""Display Size Class"":""43 Inches"",""Size"":""43 inches"",""Audio Output Mode"":""Stereo"",""Speaker Description"":""Speakers typically come Built-in, which allows them to produce stereo sound."",""Speaker Maximum Output Power"":""24 Watts"",""Number of Audio Channels"":""Dolby Atmos"",""Integrated Surround Sound Format"":""Dolby Atmos, Dolby Audio"",""Voltage"":""140 Volts"",""Wattage"":""24 Watts"",""Power Consumption"":""100 Watts"",""Product Features"":""4k Ultra HD|HDR 10 | Pix Visual Engine| Wide Viewing Angle | Dolby Vision Atmos |Data Monitoring & Parental Control"",""Mounting Type"":""Wall Mount & Table Mount"",""VESA Mount Standard"":""40 x 40 mm"",""Colour"":""Black"",""Warranty Type"":""Technician Visit"",""Compatible Devices"":""Gaming Console"",""Tuner Type"":""NTSC, PAL, SECAM"",""Video Encoding"":""MPEG-4, WMV, VVC, MPEG-2, AVI, FLV"",""Water Resistance Level"":""Not Water Resistant"",""Brand Name"":""Onida"",""Box Contents"":""1 LED TV, 2 Table Stand Base, 1 Wall Mount, 1 User Manual, 1 Warranty Card, 1 Remote Control,1 AV IN Adapter, 1AC Cord"",""Model Name"":""Nexg Series"",""Model Year"":""2024"",""Model Number"":""43UIG"",""Model Series"":""Nexg Series"",""Manufacturer"":""MIRC ELECTRONICS LIMITED, Mahakali Caves Road, Andheri East, Mumbai - 400093. Customer Care No. - 7490955555. Email: customer.care@onida.com"",""Manufacturer Part Number"":""43UIG"",""Country of Origin"":""India"",""Packer Contact Information"":""Mahakali Caves Road, Andheri East, Mumbai - 400093. Customer Care No. - 7490955555. Email: customer.care@onida.com"",""Item Type Name"":""Smart Television"",""Unit Count"":""1 Count"",""Manufacturer Contact Information"":""Mahakali Caves Road, Andheri East, Mumbai - 400093. Customer Care No. - 7490955555. Email: customer.care@onida.com"",""Importer Contact Information"":""Mahakali Caves Road, Andheri East, Mumbai - 400093. Customer Care No. - 7490955555. Email: customer.care@onida.com"",""Best Sellers Rank"":""#6,782 in Electronics (See Top 100 in Electronics) #44 in Smart Televisions"",""ASIN"":""B0D9W98KXL"",""Network Connectivity Technology"":""Ethernet, HDMI, USB, Wi-Fi"",""Internet Applications"":""Apple Tv, Hotstar, Hungama, JioCinema, Netflix, Prime Video, SonyLiv, Youtube, Zee5"",""Audio Input"":""HDMI"",""Signal Format"":""Digital"",""Total Number of HDMI Ports"":""3"",""Hardware Interface"":""HDMI"",""Wireless Technology Type"":""Wi-Fi"",""Connector Type"":""Ethernet, VGA"",""Total USB 2.0 Ports"":""1"",""Total USB 3.0 Ports"":""1"",""Total USB Ports"":""1"",""Operating Systems"":""Google"",""Memory Storage Capacity"":""16 GB"",""Control Method"":""Voice"",""Remote Control Technology"":""IR, Bluetooth"",""Controller Type"":""Remote Control"",""Warranty Description"":""1 year warranty provided by the manufacturer from date of purchase | (Contact Brand toll free number for assistance @ 7490955555 and provide product's model name and seller's details mentioned on your invoice. The service center will allot you a convenient slot for the service)""}",amazon
Xiaomi 108 cm (43 Inches) X Pro Series QLED 4K Ultra HD Smart Google TV L43MB-APIN,Xiaomi,Televisions,28999,49999,42,4,612,https://m.media-amazon.com/images/I/711fcrtVLPL._AC_UL500_.jpg,https://www.amazon.in/Xiaomi-Inches-Ultra-Google-L43MB-APIN/dp/B0GS8X7H59/ref=sr_1_19?dib=eyJ2IjoiMSJ9.Nwro7zV80ja2sF5IrbJmsIdwOmelFPE90YKwfzJnep4jvUEVZZWZ3vvbx8O6LD2211ImXgSuNHRKE0E7PdDQWD9yfPIfF-Sgb38P7ZWItj9kZihoICtmYIh6tQ8sNBRxQMsAweVT5INwRiFqmfWu7zSdh20I393aAX6cewpkRlVWh4uKGlTPdpO75DQzUh8SpeYcNK6BpvIcXp7klhVBzwLZH_cG-t1d73x7q6J6Pzw.JEpPze1sfbVanOIRUOkKMirhW0T8uvFYCaGTuTROpIs&dib_tag=se&keywords=4k+televisions+43+inch&qid=1779560181&sr=8-19,"Resolution : 4K Ultra HD (3840 x 2160) | Refresh Rate : 60 Hz /120HZ DLG | Connectivity: Dual Band Wi-Fi | 3 HDMI ports to connect latest gaming consoles, set top box, Blu-ray Players | 2 USB ports to connect hard drives and other USB devices |eARC | Bluetooth | Optical | Ethernet | Sound: 34 watts Output | Dolby Audio | DTS - X | DTS Virtual X | Xiaomi Sound | Smart TV Features:Android 14 OS | Google TV | Built-In WiFi | Google cast built-in | 2GB RAM | 32 GB ROM | Supported Apps: Netflix, Prime Video, YouTube, Zee5, etc., MEMC Engine , eARC (Dolby Atmos Pass-through) and Google Assistant Ope","{""Display"":""43\"""",""Display Type"":""QLED"",""Display Technology"":""QLED"",""Resolution"":""4K"",""Refresh Rate"":""60"",""Aspect Ratio"":""16:9"",""Contrast Ratio"":""5000：1"",""Screen Finish Type"":""Flat"",""HDR Format Supported"":""HDR 10+ | HDR 10"",""Motion Enhancement Technology"":""MEMC"",""Picture Quality Enhancement Technology"":""Vivid Picture Engine 2"",""Display Language Options"":""English"",""Response Time"":""6.5 Milliseconds"",""Display Backlight Configuration"":""Direct LED"",""Display Backlight Setting"":""Dimming"",""Display Backlight Technology"":""LED"",""Display Refresh Rate in Hertz"":""60"",""Viewing Angle"":""178 Degrees"",""Screen Size Unit of Measure"":""43 Inches"",""Item Dimensions D x W x H"":""21.1D x 21.1W x 59.9H Centimeters"",""Item Weight Unit of Measure"":""6000 Grams"",""Item Weight Without Stand"":""5.9 Kilograms"",""Display Size Class"":""43 Inches"",""Size"":""43 inches"",""Audio Output Mode"":""Surround"",""Speaker Description"":""Built-in Box Speakers designed produce powerful stereo sound"",""Speaker Maximum Output Power"":""34 Watts"",""Number of Audio Channels"":""Dolby Audio"",""Integrated Surround Sound Format"":""DTS X, DTS Virtual X"",""Voltage"":""240 Volts"",""Power Consumption"":""75 Watts"",""Energy Efficiency Features"":""Standby Screen Saver"",""Number of Batteries"":""2 AAA batteries required. (included)"",""Product Features"":""Filmmaker Mode, MEMC, Eye Comfort Mode"",""Smart Home Compatibility"":""Smart Home Compatible"",""Mounting Type"":""Wall Mount & Table Mount"",""Colour"":""black"",""Warranty Type"":""Provided Manufacturer on the Product."",""Brand Name"":""XIAOMI"",""Box Contents"":""‎1 LED TV, 1 Remote Control, 1 Manual, 2 Stands Unit, 4 Screws, 2 x AAA batteries, 1 Power Cord"",""Model Name"":""QLED series"",""Model Year"":""2025"",""Model Number"":""L43MB-APIN"",""Warranty Description"":""1 year comprehensive warranty on product and 1 year additional on Panel provided by the brand from the date of purchase"",""Model Series"":""X Pro QLED"",""Remote Required Battery Size"":""AAA"",""Remote Required Battery Quantity"":""2"",""Manufacturer"":""B - 14 & 15, PHASE II, NOIDA GAUTAM BUDDHA NAGAR UTTAR PRADESH INDIA, PIN - 201305, Dixon Technologies India Ltd"",""Manufacturer Part Number"":""L43MB-APIN"",""Country of Origin"":""India"",""Packer Contact Information"":""Dixon Technologies India Ltd，B - 14 & 15, PHASE II, NOIDA GAUTAM BUDDHA NAGAR UTTAR PRADESH INDIA, PIN - 201305"",""Item Type Name"":""TV"",""Item Length"":""95.7 Centimetres"",""Unit Count"":""1 Count"",""Manufacturer Contact Information"":""B - 14 & 15, PHASE II, NOIDA GAUTAM BUDDHA NAGAR UTTAR PRADESH INDIA, PIN - 201305"",""Importer Contact Information"":""Xiaomi India"",""Best Sellers Rank"":""#1,558 in Electronics (See Top 100 in Electronics) #19 in Smart Televisions"",""ASIN"":""B0GS8X7H59"",""Network Connectivity Technology"":""Ethernet, HDMI, USB, Wi-Fi"",""Internet Applications"":""JioCinema, JioHotstar, Netflix, PatchWall, Prime Video, SonyLiv, Youtube, Zee5"",""Audio Input"":""AV"",""Signal Format"":""Digital"",""Total Number of HDMI Ports"":""3"",""Hardware Interface"":""3.5mm Audio, Bluetooth, Ethernet, HDMI, USB"",""Wireless Technology Type"":""Bluetooth, Wi-Fi"",""Screen Mirroring Technology"":""AirPlay 2, Google Cast, Miracast"",""Connector Type"":""HDMI, USB"",""Total USB 2.0 Ports"":""2"",""Total USB Ports"":""2"",""Operating Systems"":""Google TV"",""Memory Storage Capacity"":""32 GB"",""Control Method"":""Remote"",""Remote Control Technology"":""Bluetooth""}",amazon
Xiaomi 108 cm (43 inch) X Ultra HD 4K Smart Google LED TV L43MB-AIN,Xiaomi,Televisions,25999,37999,32,4.1,4438,https://m.media-amazon.com/images/I/81jqJ8elaHL._AC_UL500_.jpg,https://www.amazon.in/Xiaomi-Ultra-Smart-Google-L43MB-AIN/dp/B0F6ZLFNVT/ref=sr_1_20?dib=eyJ2IjoiMSJ9.Nwro7zV80ja2sF5IrbJmsIdwOmelFPE90YKwfzJnep4jvUEVZZWZ3vvbx8O6LD2211ImXgSuNHRKE0E7PdDQWD9yfPIfF-Sgb38P7ZWItj9kZihoICtmYIh6tQ8sNBRxQMsAweVT5INwRiFqmfWu7zSdh20I393aAX6cewpkRlVWh4uKGlTPdpO75DQzUh8SpeYcNK6BpvIcXp7klhVBzwLZH_cG-t1d73x7q6J6Pzw.JEpPze1sfbVanOIRUOkKMirhW0T8uvFYCaGTuTROpIs&dib_tag=se&keywords=4k+televisions+43+inch&qid=1779560181&sr=8-20,"Resolution : 4K Ultra HD (3840 x 2160) | Refresh Rate : 60 Hz Hertz | Connectivity: Dual Band Wi-Fi | 3 HDMI ports to connect latest gaming consoles, set top box, Blu-ray Players | 2 USB ports to connect hard drives and other USB devices |eARC | Bluetooth | Optical | Ethernet | Sound: 30 watts Output | Dolby Audio | DTS - X | DTS Virtual : X | Smart TV Features:Android 14 OS | Google TV | Built-In WiFi | Google cast built-in | 2GB RAM | 8 GB ROM | Supported Apps: Netflix, Prime Video, YouTube, Zee5, etc., MEMC Engine , eARC (Dolby Atmos Pass-through) and Google Assistant Operation | Display: 4","{""Display"":""43\"""",""Display Type"":""4K"",""Display Technology"":""LED"",""Resolution"":""4K"",""Refresh Rate"":""60 Hz"",""Aspect Ratio"":""16:9"",""Contrast Ratio"":""5000：1"",""HDR Format Supported"":""HDR 10"",""Motion Enhancement Technology"":""Reality Flow MEMC"",""Picture Quality Enhancement Technology"":""Vivid Picture Engine 2"",""Display Language Options"":""English"",""Response Time"":""6.5 Milliseconds"",""Display Backlight Configuration"":""Direct LED"",""Display Backlight Setting"":""Dimming"",""Display Backlight Technology"":""LED"",""Display Refresh Rate in Hertz"":""60"",""Viewing Angle"":""178 Degrees"",""Screen Size Unit of Measure"":""43 Inches"",""Item Dimensions D x W x H"":""21.1D x 95.7W x 59.9H Centimeters"",""Item Weight Unit of Measure"":""6000 Grams"",""Display Size Class"":""43 Inches"",""Size"":""43 inches"",""Network Connectivity Technology"":""Ethernet, HDMI, USB, Wi-Fi"",""Internet Applications"":""JioCinema, JioHotstar, Netflix, PatchWall, Prime Video, SonyLiv, Youtube, Zee5"",""Audio Input"":""AV"",""Signal Format"":""Digital"",""Total Number of HDMI Ports"":""3"",""Hardware Interface"":""3.5mm Audio, Bluetooth, Ethernet, HDMI, USB"",""Wireless Technology Type"":""Wi-Fi"",""Connector Type"":""HDMI, USB"",""Total USB Ports"":""2"",""Product Features"":""Filmmaker Mode, MEMC, Eye Comfort Mode"",""Mounting Type"":""Wall Mount & Table Mount"",""VESA Mount Standard"":""400 x 400 mm"",""Colour"":""black"",""Warranty Type"":""Provided Manufacturer on the Product."",""Water Resistance Level"":""Not Water Resistant"",""Brand Name"":""XIAOMI"",""Box Contents"":""‎1 LED TV, 1 Remote Control, 2 Stands Unit, 4 Screws, 2 x AAA batteries, 1 Power Cord"",""Model Name"":""GTV Series"",""Model Year"":""2025"",""Model Number"":""L43MB-AIN"",""Warranty Description"":""Enjoy 2 Years of Warranty — 1st Year Comprehensive Warranty + 1 Additional Year of Free Warranty on the Display Panel"",""Model Series"":""X Series"",""Remote Required Battery Size"":""AAA"",""Remote Required Battery Quantity"":""2"",""Manufacturer"":""DIXON TECHNOLOGIES (INDIA) LIMITED, DIXON TECHNOLOGIES (INDIA) LIMITED, DIXON TECHNOLOGIES (INDIA) LIMITED, DIXON TECHNOLOGIES (INDIA) LIMITED"",""Manufacturer Part Number"":""L43MB-AIN"",""Country of Origin"":""India"",""Packer Contact Information"":""TTE Electronics India Private Limited, Vikruthamala Village, Papanaidupeta Post, Yerpedu Mandal, Tirupati, Vikruthamala Village, Chitt oor, Andhra Pradesh, 517526"",""Item Type Name"":""TV"",""Unit Count"":""1 Count"",""Manufacturer Contact Information"":""DIXON TECHNOLOGIES (INDIA) LIMITED, DIXON TECHNOLOGIES (INDIA) LIMITED"",""Importer Contact Information"":""TTE Electronics India Private Limited, Vikruthamala Village, Papanaidupeta Post, Yerpedu Mandal, Tirupati, Vikruthamala Village, Chitt oor, Andhra Pradesh, 517526"",""Best Sellers Rank"":""#2,181 in Electronics (See Top 100 in Electronics) #23 in Smart Televisions"",""ASIN"":""B0F6ZLFNVT"",""Audio Output Mode"":""Surround"",""Speaker Description"":""Built-in Box Speakers designed produce powerful stereo sound"",""Speaker Maximum Output Power"":""30 Watts"",""Number of Audio Channels"":""Dolby Audio"",""Integrated Surround Sound Format"":""DTS X, DTS Virtual X"",""Voltage"":""240 Volts"",""Power Consumption"":""75 Watts"",""Energy Efficiency Features"":""Standby Screen Saver"",""Operating Systems"":""Google TV"",""Memory Storage Capacity"":""8 GB"",""Control Method"":""Remote"",""Remote Control Technology"":""Bluetooth"",""Controller Type"":""Remote Control""}",amazon
"ZEBRONICS Astra 35, Portable Bluetooth Speaker, 16 Watts, Upto 8h Backup, Dual Drivers +",Zebronics,Speakers,739,1899,61,4,3160,https://m.media-amazon.com/images/I/71Gn7eWoLUL._AC_UL500_.jpg,https://www.amazon.in/ZEBRONICS-35-Portable-Bluetooth-Radiators/dp/B0DJ3FFC8R/ref=sr_1_3?dib=eyJ2IjoiMSJ9.MOqSm9A5wCBMRsKa3NnIMeXWK9ojMHcQytzoIp1RoUzklMWR3UAJnHUgh0SEPfYsVyo5KjEKpmQBLVO_I_4knodrDG38t7bjfNqGFUG18paWjHpjv5pwk4L1DfZoOXa0RhF1uLhHQoUcuX50T6QKZX6cEf2AvsH-KWF00udfsgq0Sy-JT_gS2Bh-UwrieoiaisuJr3_mM_2X1aCn2_VwVao5BxKsKnted87LsGD0RyQ.GtROs28EOrwJzlMcVCVeaXGfIOl1qnjeBLhnAEhw7D8&dib_tag=se&keywords=bluetooth+speakers&qid=1779560190&sr=8-3,"Incredible audio Enjoy the 16W output from the ZEB-Astra 35 speaker with dual 5.2 cm drivers for impressive audio. | Dual-passive radiator: Dual passive radiator boosts bass delivering deeper sound without extra power. | Rechargeable battery- Featuring a built-in rechargeable battery with a backup of up to 8 hours* (*at 50% volume, LED off). | Multi-connectivity - The speaker has BT v5.3, USB, mSD, AUX, and a built-in FM radio for connectivity. | TWS function - Enhance your experience by connecting two ZEB-Astra 35 speakers via TWS for superior sound quality.","{""Audio Output Mode"":""Stereo"",""Mounting Type"":""Tabletop Mount"",""Speaker Type"":""Portable Speaker"",""Product Features"":""Rechargeable battery"",""Antenna Location"":""for music player"",""Colour"":""black"",""Is Waterproof"":""false"",""Warranty Type"":""Limited"",""Maximum Range"":""10 metres"",""Control Method"":""Touch"",""Speaker Size"":""5.2 Centimetres"",""Woofer Driver Diameter"":""5.2 Centimetres"",""Bluetooth Range"":""10 Metres"",""Specific Uses For Product"":""Business, Gaming, Pro Audio"",""MP3 player"":""No"",""Battery Average Life"":""8 Hours"",""Controller Type"":""Button"",""Frequency Response"":""20000 Hz"",""Number of Audio Channels"":""2"",""Network Connectivity Technology"":""Bluetooth"",""Wireless Technology Type"":""Bluetooth"",""Connectivity Protocol"":""Bluetooth, USB, mSD, AUX, FM"",""Power Source"":""Battery Powered"",""Audio Driver Type"":""Dynamic Driver"",""Audio Driver Size"":""5.2 Centimetres"",""Brand Name"":""ZEBRONICS"",""Model Number"":""ZEB-ASTRA 35"",""Model Name"":""ZEB-ASTRA 35"",""Box Contents"":""Charging Cable - 1unit, Input Cable - 1unit, QR Code Guide - 1 unit, Speaker -1unit"",""Country of Origin"":""India"",""Warranty Description"":""1 year carry into service center"",""Number of Items"":""1"",""Manufacturer"":""AJZ Industries Pvt. Ltd., Zebronics India Private Limited"",""Packer Contact Information"":""No.13/7, Smith Road, Royapettah, Chennai - 600 002"",""Item Type Name"":""Bluetooth Speaker"",""Manufacturer Contact Information"":""Zebronics India Private Limited"",""Importer Contact Information"":""AJZ Industries Pvt. Ltd. Survey No 508/2, Door No 50/2, Inner Ring Road, Madhavaram, Chennai - 600060"",""Best Sellers Rank"":""#342 in Electronics (See Top 100 in Electronics) #2 in Soundbar Speakers #6 in Bluetooth Speakers"",""ASIN"":""B0DJ3FFC8R"",""Speaker Maximum Output Power"":""16 Watts"",""Unit Count"":""1 Count"",""Item Dimensions D x W x H"":""8.5D x 38.5W x 10.9H Centimeters"",""Item Weight Unit of Measure"":""522 Grams"",""Compatible Devices"":""Various electronic devices including smartphones, tablets, laptops, televisions, desktops"",""Battery Charge Time"":""7.5 Hours""}",amazon
"Boat Aavante Bar 490 10W Signature Sound, Dual Full-Range Drivers,7 HRS Battery, Built-in",boAt,Speakers,949,3490,73,4.1,3350,https://m.media-amazon.com/images/I/71-I9Bk8dgL._AC_UL500_.jpg,https://www.amazon.in/boAt-Aavante-Bar-490-Full-Range/dp/B0CH3G9VR2/ref=sr_1_4?dib=eyJ2IjoiMSJ9.MOqSm9A5wCBMRsKa3NnIMeXWK9ojMHcQytzoIp1RoUzklMWR3UAJnHUgh0SEPfYsVyo5KjEKpmQBLVO_I_4knodrDG38t7bjfNqGFUG18paWjHpjv5pwk4L1DfZoOXa0RhF1uLhHQoUcuX50T6QKZX6cEf2AvsH-KWF00udfsgq0Sy-JT_gS2Bh-UwrieoiaisuJr3_mM_2X1aCn2_VwVao5BxKsKnted87LsGD0RyQ.GtROs28EOrwJzlMcVCVeaXGfIOl1qnjeBLhnAEhw7D8&dib_tag=se&keywords=bluetooth+speakers&qid=1779560190&sr=8-4,"Impressive Sound: Enjoy crisp and clear audio with 10W RMS of boAt Signature Sound delivered by dual full-range drivers in a 2.0 channel portable soundbar. | Double the Power: Experience enhanced audio with TWS (True Wireless Stereo) pairing, doubling the power and creating a more immersive listening experience. | Extended Playback: With a total playback time of up to 7 hours, this portable soundbar keeps the music going throughout your day. | Versatile Connectivity: Connect seamlessly with Multi-Connectivity Modes, including Bluetooth v5.1, ensuring compatibility with various devices. | Hands","{""Audio Output Mode"":""Stereo"",""Mounting Type"":""Tabletop Mount"",""Speaker Type"":""Soundbar"",""Product Features"":""Double the Power, Extended Playback, Hands-Free Calls, Impressive Sound, Versatile Connectivity"",""Antenna Location"":""For Smartphones or Tablets, For Televisions Tablets"",""Colour"":""Classic Black, 10W"",""Is Waterproof"":""false"",""Warranty Type"":""Limited"",""Control Method"":""Touch"",""Speaker Size"":""5 Inches"",""Tweeter Driver Diameter"":""1 Inches"",""Bluetooth Range"":""10 Metres"",""Specific Uses For Product"":""[IN] Home entertainment, presentations, portable audio solution for outdoor events"",""Battery Average Life"":""7 Hours"",""Controller Type"":""Button"",""Total USB 2.0 Ports"":""1"",""Speaker Maximum Output Power"":""10 Watts"",""Number of Audio Channels"":""2.0"",""Network Connectivity Technology"":""Bluetooth"",""Wireless Technology Type"":""Bluetooth"",""Subwoofer Connectivity Technology"":""Wireless"",""Connectivity Protocol"":""Bluetooth"",""Battery Capacity"":""7"",""Audio Driver Type"":""Dynamic Driver"",""Brand Name"":""boAt"",""Model Number"":""Aavante Bar 490"",""Model Name"":""Aavante Bar"",""Box Contents"":""Aavante 490, Charging Cable, User Manual, Warranty Card"",""Country of Origin"":""India"",""Warranty Description"":""1 year warranty from the date of purchase"",""Number of Items"":""1"",""Customer Package Type"":""FFP"",""Manufacturer"":""Boat, boAt"",""Age Range Description"":""Adult"",""Packer Contact Information"":""Imagine Marketing Limited Unit no. 204 & 205, 2nd floor, D-wing & E-wing, Corporate Avenue,Andheri Ghatkopar Link Road, Mumbai, Maharashtra-400093, India"",""Item Type Name"":""Aavante Bar 490"",""Manufacturer Contact Information"":""Boat"",""Importer Contact Information"":""Imagine Marketing Limited Unit no. 204 & 205, 2nd floor, D-wing & E-wing, Corporate Avenue, Andheri Ghatkopar Link Road, Mumbai, Maharashtra-400093, India"",""Best Sellers Rank"":""#176 in Electronics (See Top 100 in Electronics) #1 in Soundbar Speakers #3 in Bluetooth Speakers"",""ASIN"":""B0CH3G9VR2"",""Unit Count"":""1 Count"",""Item Dimensions D x W x H"":""38.7D x 6.5W x 5.5H Centimeters"",""Item Weight Unit of Measure"":""650 Grams"",""Compatible Devices"":""Smartphone, Tablet"",""Power Source"":""Adaptor"",""Number of Batteries"":""1 12V batteries required. (included)""}",amazon
Dubstep Pop 1200 Portable Bluetooth Speaker,Dubstep,Speakers,559,5999,91,4.3,1473,https://m.media-amazon.com/images/I/71YG3ZhUwxL._AC_UL500_.jpg,https://www.amazon.in/Dubstep-Pop-1200-Playtime-Bluetooth/dp/B0FCFWGB8V/ref=sr_1_5?dib=eyJ2IjoiMSJ9.MOqSm9A5wCBMRsKa3NnIMeXWK9ojMHcQytzoIp1RoUzklMWR3UAJnHUgh0SEPfYsVyo5KjEKpmQBLVO_I_4knodrDG38t7bjfNqGFUG18paWjHpjv5pwk4L1DfZoOXa0RhF1uLhHQoUcuX50T6QKZX6cEf2AvsH-KWF00udfsgq0Sy-JT_gS2Bh-UwrieoiaisuJr3_mM_2X1aCn2_VwVao5BxKsKnted87LsGD0RyQ.GtROs28EOrwJzlMcVCVeaXGfIOl1qnjeBLhnAEhw7D8&dib_tag=se&keywords=bluetooth+speakers&qid=1779560190&sr=8-5,"POWERFUL 12W AUDIO WITH XBASS TECHNOLOGY - 12W output paired with a 52mm dynamic driver and XBASS delivers room-filling sound with punchy bass and crisp highs — impressively loud for its palm-sized build. Perfect for small rooms, desks, or outdoor hangs. | 16-HOUR BATTERY — PLAY ALL DAY - 16-HOUR BATTERY — Up to 16 hours of continuous playback on a single charge. Take it on road trips, treks, or house parties without worrying about running out of juice mid-playlist. | TWS PAIRING — DOUBLE YOUR SOUND - Connect two Pop 1200 speakers wirelessly with True Wireless Stereo (TWS) for a full stereo so","{""Audio Output Mode"":""Stereo"",""Mounting Type"":""Freestanding"",""Enclosure Material"":""Acrylonitrile Butadiene Styrene (ABS)"",""Speaker Type"":""Bluetooth Speaker"",""Product Features"":""12w Output Power, 16 Hours Playback Time, 52mm Dynamic Drivers, Anti-vibe Grip Base, Splash Resistant, Tws Pairing Capability, Xbass Technology"",""Antenna Location"":""Indoor, Outdoor, Party, Travel"",""Colour"":""Black"",""Is Waterproof"":""Sweat And Splash Resistant"",""Warranty Type"":""6 Months Manufacturer Warranty"",""Maximum Range"":""10 metres"",""Control Method"":""Touch"",""Speaker Size"":""52 Millimetres"",""Woofer Driver Diameter"":""52 Millimetres"",""Bluetooth Range"":""10 Metres"",""Specific Uses For Product"":""Indoor, Outdoor, Portable Audio"",""MP3 player"":""No"",""Battery Average Life"":""16 Hours"",""Controller Type"":""Bluetooth Pairing, Power Button, Volume Control"",""Frequency Response"":""20 Hz"",""Number of Audio Channels"":""1"",""Signal-to-Noise Ratio"":""80 dB"",""Network Connectivity Technology"":""Bluetooth"",""Wireless Technology Type"":""Bluetooth"",""Connectivity Protocol"":""Bluetooth, Tws"",""Battery Capacity"":""2000 Milliampere Hour (mAh)"",""Brand Name"":""Dubstep"",""Model Number"":""Pop 1200"",""Model Name"":""Pop 600"",""Box Contents"":""Charging Cable, Speaker, User Manual"",""Country of Origin"":""India"",""Warranty Description"":""6 Months Warranty - To Avail Warranty Please Reach Out to the Brand on Phone Number: +918826257630 or on Email Id: hello@Dubstepworld.com"",""Number of Items"":""1"",""Customer Package Type"":""Retail Box"",""Packer Contact Information"":""Nuworld Retail Private Limited, plot No.17-18, Pole No.9, PO Dhoolsiras, Dwarka, Sector-28, New Delhi - 110077"",""Item Type Name"":""Bluetooth Speaker"",""Manufacturer Contact Information"":""Nuworld Retail Private Limited, Address- plot No.17-18, Pole No.9, PO Dhoolsiras, Dwarka, Sector-28, New Delhi - 110077, E-mail address :- hello@Dubstepworld.com, Telephone Number +91-8826257630"",""Best Sellers Rank"":""#273 in Electronics (See Top 100 in Electronics) #5 in Bluetooth Speakers"",""ASIN"":""B0FCFWGB8V"",""Speaker Maximum Output Power"":""12 Watts"",""Unit Count"":""1 Count"",""Item Dimensions D x W x H"":""8.5D x 12.5W x 9H Centimeters"",""Item Weight Unit of Measure"":""285 Grams"",""Compatible Devices"":""Bluetooth-enabled Devices, Smartphone, Tablet"",""Power Source"":""Battery Powered"",""Number of Batteries"":""1 9V batteries required. (included)"",""Audio Driver Type"":""Dynamic Driver"",""Audio Driver Size"":""52 Millimetres"",""Manufacturer"":""Dubstep, Nuworld Retail Private Limited, Address- plot No.17-18, Pole No.9, PO Dhoolsiras, Dwarka, Sector-28, New Delhi - 110077, E-mail address :- hello@Dubstepworld.com, Telephone Number +91-8826257630""}",amazon
"Zebronics 2026 Launch Portable Bluetooth Speaker, 5W RMS, Up to 10Hrs Playback, Passive",Zebronics,Speakers,699,1799,61,4.2,73,https://m.media-amazon.com/images/I/81H5LbpvjBL._AC_UL500_.jpg,https://www.amazon.in/Zebronics-Portable-Bluetooth-Playback-Radiator/dp/B0GSF8FB2X/ref=sr_1_6?dib=eyJ2IjoiMSJ9.MOqSm9A5wCBMRsKa3NnIMeXWK9ojMHcQytzoIp1RoUzklMWR3UAJnHUgh0SEPfYsVyo5KjEKpmQBLVO_I_4knodrDG38t7bjfNqGFUG18paWjHpjv5pwk4L1DfZoOXa0RhF1uLhHQoUcuX50T6QKZX6cEf2AvsH-KWF00udfsgq0Sy-JT_gS2Bh-UwrieoiaisuJr3_mM_2X1aCn2_VwVao5BxKsKnted87LsGD0RyQ.GtROs28EOrwJzlMcVCVeaXGfIOl1qnjeBLhnAEhw7D8&dib_tag=se&keywords=bluetooth+speakers&qid=1779560190&sr=8-6,"POWERFUL SOUND OUTPUT: Delivers clear and balanced sound with 5W RMS output enhanced by a passive radiator for deeper bass performance. | LONG BATTERY PLAYBACK: Enjoy up to 10 hours*(*at 100% Volume (LED off)) with the built-in rechargeable battery and convenient Type-C charging. | MULTI-CONNECTIVITY OPTIONS: Supports Bluetooth v5.4, USB, and microSD playback so you can enjoy music from multiple devices easily. | TRUE WIRELESS STEREO: TWS function allows pairing two compatible speakers together for a wider and more immersive stereo sound experience. | DYNAMIC RGB LIGHTING: Features 9 RGB light","{""Audio Output Mode"":""Mono"",""Mounting Type"":""Tabletop Mount"",""Speaker Type"":""Portable Speaker"",""Product Features"":""9 RGB Modes, Lightweight"",""Antenna Location"":""For Smartphones or Tablets, For Televisions, For Gaming Consoles, For Outdoor Activities, For Everyday Use"",""Colour"":""Black"",""Warranty Type"":""Limited"",""Control Method"":""Touch"",""Speaker Size"":""5.2 Centimetres"",""Specific Uses For Product"":""Portable and versatile use (travel, outdoor activities, everyday listening)"",""Battery Average Life"":""10 Hours"",""Speaker Maximum Output Power"":""5 Watts"",""Frequency Response"":""20000 Hz"",""Number of Audio Channels"":""2.0"",""Impedance Unit of Measure"":""3 Ohms"",""Network Connectivity Technology"":""Bluetooth"",""Wireless Technology Type"":""Bluetooth"",""Connectivity Protocol"":""Bluetooth"",""Power Source"":""Corded Electric"",""Brand Name"":""ZEBRONICS"",""Model Number"":""ZEB"",""Model Name"":""ZEB"",""Box Contents"":""Charging Cable - 1 Unit, QR Code Guide - 1 Unit, Speaker - 1 Unit"",""Country of Origin"":""India"",""Warranty Description"":""1 year carry into service center"",""Number of Items"":""1"",""Manufacturer"":""AJZ Industries Pvt. Ltd. Survey No 508/2, Door No 50/2, Inner Ring Road, Madhavaram, Chennai - 600063, Zebronics India Private Limited"",""Packer Contact Information"":""Zebronics India Pvt Ltd., No.13/7, Smith Road, Royapettah, Chennai-600002, Tamil Nadu, India"",""Item Type Name"":""Portable Bluetooth Speaker"",""Manufacturer Contact Information"":""AJZ Industries Pvt. Ltd. Survey No 508/2, Door No 50/2, Inner Ring Road, Madhavaram, Chennai - 600063"",""Best Sellers Rank"":""#614 in Electronics (See Top 100 in Electronics) #11 in Bluetooth Speakers"",""ASIN"":""B0GSF8FB2X"",""Unit Count"":""1 Count"",""Item Dimensions D x W x H"":""8.1D x 7.6W x 9.5H Centimeters"",""Item Weight Unit of Measure"":""294 Grams"",""Compatible Devices"":""Smartphone, Television"",""Audio Driver Type"":""Dynamic Driver"",""Audio Driver Size"":""5.2 Centimetres""}",amazon
"HAMMER Drop X1 5W Bluetooth Speaker with Twin Pairing, Bluetooth v6.0, 32 Hours Playtime,",HAMMER,Speakers,599,3499,83,4.5,115,https://m.media-amazon.com/images/I/51O5FBgvdKL._AC_UL500_.jpg,https://www.amazon.in/HAMMER-Bluetooth-Speaker-Pairing-Playtime/dp/B0GMDNKHP5/ref=sr_1_7?dib=eyJ2IjoiMSJ9.MOqSm9A5wCBMRsKa3NnIMeXWK9ojMHcQytzoIp1RoUzklMWR3UAJnHUgh0SEPfYsVyo5KjEKpmQBLVO_I_4knodrDG38t7bjfNqGFUG18paWjHpjv5pwk4L1DfZoOXa0RhF1uLhHQoUcuX50T6QKZX6cEf2AvsH-KWF00udfsgq0Sy-JT_gS2Bh-UwrieoiaisuJr3_mM_2X1aCn2_VwVao5BxKsKnted87LsGD0RyQ.GtROs28EOrwJzlMcVCVeaXGfIOl1qnjeBLhnAEhw7D8&dib_tag=se&keywords=bluetooth+speakers&qid=1779560190&sr=8-7,"5W Powerful Sound Output: Experience clear, loud, and balanced audio with 5W output—perfect for music, podcasts, audiobooks, and calls without messy wires. | Up to 32 Hours Playtime: Enjoy nonstop music for up to 32 hours on a single charge, ideal for small parties, travel, and indoor use. | TWS & Twin Pairing Support: Pair two HAMMER Drop X1 speakers together effortlessly for a richer, immersive stereo sound experience. Built-in Microphone: Take clear hands-free calls directly through the speaker without reaching for your phone. | Multiple Playback Options: Supports Bluetooth, TF/microSD card","{""Audio Output Mode"":""Stereo"",""Mounting Type"":""Tabletop Mount"",""Enclosure Material"":""Acrylonitrile Butadiene Styrene (ABS)"",""Speaker Type"":""Portable Speaker"",""Product Features"":""Built In Microphone, Lightweight, Portable"",""Antenna Location"":""For Computers, For Gaming Consoles, For Music Players, For Smartphones or Tablets, For Televisions"",""Colour"":""Green"",""Is Waterproof"":""false"",""Warranty Type"":""Limited"",""Maximum Range"":""10 metres"",""Control Method"":""Push Button"",""Speaker Size"":""52 Millimetres"",""Bluetooth Range"":""10 Metres"",""Specific Uses For Product"":""Travel"",""Battery Average Life"":""32 Hours"",""Speaker Maximum Output Power"":""5 Watts"",""Input Voltage"":""3.7 Volts"",""Unit Count"":""1.0 Count"",""Item Dimensions D x W x H"":""5.1D x 10.5W x 8.2H Centimeters"",""Item Weight Unit of Measure"":""260 Grams"",""Compatible Devices"":""Desktop, Laptop, Smartphone, Tablet, Television"",""Battery Capacity"":""1200 Milliamp Hours"",""Audio Driver Type"":""Dynamic Driver"",""Audio Driver Size"":""52 Millimetres"",""Brand Name"":""HAMMER"",""Model Number"":""HBTS001"",""Model Name"":""Drop X1"",""Box Contents"":""Warranty Card"",""Country of Origin"":""India"",""Warranty Description"":""6 Months"",""Number of Items"":""1"",""Manufacturer"":""Hammer Lifestyle PVT LTD, SCO 4 Sector 25, Behind Malik Petrol Pump, G.T Road, Panipat-132103 INDIA, Email: Info@hammeronline.in, PH: 0180-4008081, 9991108081, Surbhi Satcom Pvt. Ltd."",""Packer Contact Information"":""Hammer Lifestyle Private Limited, SCO 4 Sector - 25 (TN), Behind Malik Petrol Pump, GT Road, Panipat Haryana - 132103, India"",""Item Type Name"":""Speaker"",""Manufacturer Contact Information"":""Hammer Lifestyle PVT LTD, SCO 4 Sector 25, Behind Malik Petrol Pump, G.T Road, Panipat-132103 INDIA, Email: Info@hammeronline.in, PH: 0180-4008081, 9991108081"",""Importer Contact Information"":""Hammer Lifestyle Private Limited, SCO 4 Sector - 25 (TN), Behind Malik Petrol Pump, GT Road, Panipat Haryana - 132103, India"",""Best Sellers Rank"":""#742 in Electronics (See Top 100 in Electronics) #14 in Bluetooth Speakers"",""ASIN"":""B0GMDNKHP5"",""Impedance Unit of Measure"":""4 Ohms"",""Signal-to-Noise Ratio"":""75 dB"",""Network Connectivity Technology"":""Bluetooth"",""Wireless Technology Type"":""Bluetooth"",""Connectivity Protocol"":""Bluetooth"",""Power Source"":""Battery Powered"",""Number of Batteries"":""1 Nonstandard Battery batteries required. (included)""}",amazon
jbl Small Ultra Bluetooth Speaker 4D with Loud Stereo Sound and Long Playtime Mini,JBL,Speakers,319,1599,80,3.3,249,https://m.media-amazon.com/images/I/71P1lmKM+IL._AC_UL500_.jpg,https://www.amazon.in/CERLINK-Bluetooth-Mini-Electroplating-Multicolor/dp/B0DVZS821P/ref=sr_1_9?dib=eyJ2IjoiMSJ9.MOqSm9A5wCBMRsKa3NnIMeXWK9ojMHcQytzoIp1RoUzklMWR3UAJnHUgh0SEPfYsVyo5KjEKpmQBLVO_I_4knodrDG38t7bjfNqGFUG18paWjHpjv5pwk4L1DfZoOXa0RhF1uLhHQoUcuX50T6QKZX6cEf2AvsH-KWF00udfsgq0Sy-JT_gS2Bh-UwrieoiaisuJr3_mM_2X1aCn2_VwVao5BxKsKnted87LsGD0RyQ.GtROs28EOrwJzlMcVCVeaXGfIOl1qnjeBLhnAEhw7D8&dib_tag=se&keywords=bluetooth+speakers&qid=1779560190&sr=8-9,"Compact and Portable Design: This small ultra Bluetooth speaker is lightweight and easy to carry, making it ideal for on-the-go use. It fits perfectly in your bag or pocket, allowing you to take your music anywhere. | Loud Stereo Sound: Despite its small size, the speaker delivers powerful, high-quality stereo sound with impressive bass and crisp treble. Enjoy clear and full audio in any environment, whether indoors or outdoors. | Easy Bluetooth Connectivity: Effortlessly pair the speaker with your smartphone, tablet, or any Bluetooth-enabled device for seamless wireless music streaming. | Mul","{""Audio Output Mode"":""Stereo"",""Mounting Type"":""Tabletop Mount"",""Enclosure Material"":""Metal"",""Speaker Type"":""Portable Speaker"",""Product Features"":""Bass Boost, Portable, Wireless"",""Antenna Location"":""Portable Audio"",""Colour"":""Mini Boost 4 Heavy"",""Is Waterproof"":""True"",""Warranty Type"":""Manufacture"",""Control Method"":""Touch"",""Speaker Size"":""3 Inches"",""Bluetooth Range"":""15 Metres"",""Specific Uses For Product"":""Portable Audio"",""Controller Type"":""Power Button"",""Speaker Maximum Output Power"":""5 Watts"",""Frequency Response"":""12000 GHz"",""Number of Audio Channels"":""1.0"",""Network Connectivity Technology"":""Bluetooth"",""Wireless Technology Type"":""Bluetooth"",""Subwoofer Connectivity Technology"":""Wireless"",""Connectivity Protocol"":""Bluetooth"",""Audio Driver Type"":""Dynamic Driver"",""Brand Name"":""CERLINK"",""Model Number"":""Mini Boost 4"",""Model Name"":""Mini Bluetooth Speaker"",""Box Contents"":""Only Bluetooth Speaker"",""Country of Origin"":""China"",""Warranty Description"":""Manufacturing Defect"",""Number of Items"":""1"",""Customer Package Type"":""1x Wireless Speaker"",""Manufacturer"":""CERLINK, CERLINK"",""Packer Contact Information"":""CERLINK"",""Item Type Name"":""Small Bluetooth Speaker"",""Manufacturer Contact Information"":""CERLINK"",""Importer Contact Information"":""CERLINK"",""Best Sellers Rank"":""#1,329 in Electronics (See Top 100 in Electronics) #21 in Bluetooth Speakers"",""ASIN"":""B0DVZS821P"",""Unit Count"":""1 Count"",""Item Dimensions D x W x H"":""50D x 40W x 50H Millimeters"",""Item Weight Unit of Measure"":""72 Grams"",""Compatible Devices"":""Bluetooth Enabled Devices, Smartphone"",""Compatible with Vehicle Type"":""Car""}",amazon
"Zebronics ZEB-COUNTY 3W Wireless Bluetooth Portable Speaker With Supporting Carry Handle,",Zebronics,Speakers,549,999,45,3.8,54599,https://m.media-amazon.com/images/I/71wAXhzCmnS._AC_UL500_.jpg,https://www.amazon.in/Zebronics-Zeb-County-Bluetooth-Speaker-Function/dp/B07YNV41FT/ref=sr_1_10?dib=eyJ2IjoiMSJ9.MOqSm9A5wCBMRsKa3NnIMeXWK9ojMHcQytzoIp1RoUzklMWR3UAJnHUgh0SEPfYsVyo5KjEKpmQBLVO_I_4knodrDG38t7bjfNqGFUG18paWjHpjv5pwk4L1DfZoOXa0RhF1uLhHQoUcuX50T6QKZX6cEf2AvsH-KWF00udfsgq0Sy-JT_gS2Bh-UwrieoiaisuJr3_mM_2X1aCn2_VwVao5BxKsKnted87LsGD0RyQ.GtROs28EOrwJzlMcVCVeaXGfIOl1qnjeBLhnAEhw7D8&dib_tag=se&keywords=bluetooth+speakers&qid=1779560190&sr=8-10,Zeb-county is a compact and handy portable speaker that comes with multi-connectivity options like wireless BT/USB/micro SD | The speaker comes with a call function along with a built-in fm radio too | Speaker impedance 4Ω | Frequency response 120hz-15khz | Charging time 4-5 hrs,"{""Audio Output Mode"":""Stereo"",""Mounting Type"":""Floor Standing"",""Enclosure Material"":""Plastic"",""Speaker Type"":""Portable Speaker"",""Product Features"":""Usb Port, Portable"",""Antenna Location"":""For Music Players"",""Subwoofer Speaker Diameter Unit of Measure"":""2 Inches"",""Colour"":""Black"",""Is Waterproof"":""No"",""Warranty Type"":""1 year warranty"",""Maximum Range"":""10 metres"",""Control Method"":""App"",""Speaker Size"":""14 Centimetres"",""Tweeter Driver Diameter"":""1 Inches"",""Bluetooth Range"":""10 Metres"",""Specific Uses For Product"":""Travel"",""Battery Average Life"":""6 Hours"",""Controller Type"":""Button"",""Total USB 2.0 Ports"":""1"",""Frequency Response"":""15000 Hz"",""Number of Audio Channels"":""mono"",""Impedance Unit of Measure"":""4 Ohms"",""Network Connectivity Technology"":""Bluetooth, USB, micro SD"",""Wireless Technology Type"":""Bluetooth"",""Connectivity Protocol"":""Bluetooth"",""Battery Charge Time"":""2.5 Hours"",""Battery Capacity"":""2000 Milliamp Hours"",""Brand Name"":""ZEBRONICS"",""Model Number"":""Zeb-County"",""Model Name"":""ZEB"",""Box Contents"":""Charging Cable - 1 Unit, Speaker-1 unit, User Manual - 1 Unit"",""Country of Origin"":""India"",""Warranty Description"":""1 year carry into service center"",""Number of Items"":""1"",""Customer Package Type"":""standard packaging"",""Manufacturer"":""AJZ Industries Pvt. Ltd., AJZ Industries Pvt. Ltd. Survey No 508/2, Door No 50/2, Inner Ring Road, Madhavaram, Chennai - 600060"",""Age Range Description"":""Adult"",""Packer Contact Information"":""13/7, Smith Road,,Royapettah CHENNAI-600002"",""Item Type Name"":""speaker"",""Manufacturer Contact Information"":""AJZ Industries Pvt. Ltd. Survey No 508/2, Door No 50/2, Inner Ring Road, Madhavaram, Chennai - 600060"",""Importer Contact Information"":""Survey No 508/2, Door No 50/2, Inner Ring Road, Madhavaram, Chennai - 600060"",""Best Sellers Rank"":""#507 in Electronics (See Top 100 in Electronics) #9 in Bluetooth Speakers"",""ASIN"":""B07YNV41FT"",""Speaker Maximum Output Power"":""3 Watts"",""Unit Count"":""1 Count"",""Item Dimensions D x W x H"":""7D x 14.5W x 12H Centimeters"",""Item Weight Unit of Measure"":""270 Grams"",""Compatible Devices"":""ALL BLUETOOTH, USB"",""Power Source"":""Battery Powered"",""Number of Batteries"":""1 Lithium Polymer batteries required. (included)"",""Audio Driver Type"":""Dynamic Driver"",""Audio Driver Size"":""57 Millimetres""}",amazon
EDNITA jbl Ultra Mini Wireless Bluetooth Speaker with Heavy Metal Electroplating Round,JBL,Speakers,298,1599,81,3.6,1125,https://m.media-amazon.com/images/I/418SigfmUnL._AC_UL500_.jpg,https://www.amazon.in/EDNITA-Bluetooth-Electroplating-Controlled-Multicolor/dp/B0D9R1F7ZP/ref=sr_1_13?dib=eyJ2IjoiMSJ9.MOqSm9A5wCBMRsKa3NnIMeXWK9ojMHcQytzoIp1RoUzklMWR3UAJnHUgh0SEPfYsVyo5KjEKpmQBLVO_I_4knodrDG38t7bjfNqGFUG18paWjHpjv5pwk4L1DfZoOXa0RhF1uLhHQoUcuX50T6QKZX6cEf2AvsH-KWF00udfsgq0Sy-JT_gS2Bh-UwrieoiaisuJr3_mM_2X1aCn2_VwVao5BxKsKnted87LsGD0RyQ.GtROs28EOrwJzlMcVCVeaXGfIOl1qnjeBLhnAEhw7D8&dib_tag=se&keywords=bluetooth+speakers&qid=1779560190&sr=8-13,Heavy metal sound speaker for rich audio experience | Wireless connectivity via Bluetooth for seamless pairing | Compact size with powerful sound output | Convenient power button control for easy operation | Quick charge capability for fast recharging,"{""Audio Output Mode"":""Stereo"",""Mounting Type"":""Tabletop Mount"",""Enclosure Material"":""Metal"",""Speaker Type"":""Portable Bluetooth Speaker, Outdoor Speaker"",""Product Features"":""Bass Boost, Lightweight, Long Lasting Battery Backup, Portable, Quick Charging"",""Antenna Location"":""For Smartphones or Tablets"",""Colour"":""Multicolor"",""Is Waterproof"":""No"",""Warranty Type"":""Manufacturer"",""Control Method"":""Touch"",""Water Resistance Level"":""Not Water Resistant"",""Specific Uses For Product"":""Gaming, Music, Travel"",""Battery Average Life"":""4 Hours"",""Controller Type"":""Button"",""Speaker Maximum Output Power"":""50 Watts"",""Frequency Response"":""140 GHz"",""Network Connectivity Technology"":""Bluetooth"",""Wireless Technology Type"":""Bluetooth"",""Connectivity Protocol"":""Bluetooth"",""Power Source"":""Battery Powered"",""Audio Driver Type"":""Dynamic Driver"",""Brand Name"":""EDNITA"",""Model Number"":""MNBTUL-1"",""Model Name"":""Ultra Mini Boost-4"",""Box Contents"":""1x Mini Wireless Speaker"",""Country of Origin"":""China"",""Warranty Description"":""Manufacturing Defect"",""Number of Items"":""1"",""Manufacturer"":""EDNITA, EDNITA"",""Age Range Description"":""Adult"",""Packer Contact Information"":""EDNITA"",""Item Type Name"":""Mini Bluetooth Speaker"",""Manufacturer Contact Information"":""EDNITA"",""Importer Contact Information"":""EDNITA"",""Best Sellers Rank"":""#1,239 in Electronics (See Top 100 in Electronics) #18 in Bluetooth Speakers"",""ASIN"":""B0D9R1F7ZP"",""Unit Count"":""1.00 Piece"",""Item Dimensions D x W x H"":""50D x 40W x 50H Millimeters"",""Item Weight Unit of Measure"":""90 Grams"",""Compatible Devices"":""Laptop, Smartphone, Tablet"",""Battery Charge Time"":""40 Minutes""}",amazon
"JBL Go Essential with Rich Base, Wireless Ultra Portable Bluetooth Speaker, Vibrant",JBL,Speakers,1899,2999,37,4.2,10697,https://m.media-amazon.com/images/I/71uji1ExbsL._AC_UL500_.jpg,https://www.amazon.in/LUVISEEJBL-Essential-Hidden-Camera-Detector/dp/B09NCFVNK9/ref=sr_1_14?dib=eyJ2IjoiMSJ9.MOqSm9A5wCBMRsKa3NnIMeXWK9ojMHcQytzoIp1RoUzklMWR3UAJnHUgh0SEPfYsVyo5KjEKpmQBLVO_I_4knodrDG38t7bjfNqGFUG18paWjHpjv5pwk4L1DfZoOXa0RhF1uLhHQoUcuX50T6QKZX6cEf2AvsH-KWF00udfsgq0Sy-JT_gS2Bh-UwrieoiaisuJr3_mM_2X1aCn2_VwVao5BxKsKnted87LsGD0RyQ.GtROs28EOrwJzlMcVCVeaXGfIOl1qnjeBLhnAEhw7D8&dib_tag=se&keywords=bluetooth+speakers&qid=1779560190&sr=8-14,"Small but powerful: The ultra-compact speaker features JBL Original Pro Sound which creates outstanding sound and is the ideal companion on the go thanks to its light weight | Experience rich bass at any time. EVERYWHERE: This small wireless speaker features a built-in rechargeable Li-ion battery that provides up to 5 hours playback time | IPX7 certified dust and waterproof coating, the Go Essential is a robust and reliable companion at home. in the shower. outdoors in the park and party | Pair your computer or mobile to the speaker via Bluetooth. The portable speaker has an attractive design ","{""Audio Output Mode"":""Stereo"",""Mounting Type"":""Floor Standing"",""Speaker Type"":""Outdoor"",""Product Features"":""Portable"",""Antenna Location"":""Indoor Security"",""Colour"":""Black"",""Is Waterproof"":""True"",""Control Method"":""App"",""Speaker Size"":""8.2 Centimetres"",""Tweeter Driver Diameter"":""1 Inches"",""Water Resistance Level"":""Waterproof"",""Specific Uses For Product"":""Travel, Outdoor Activities, Portable Audio"",""MP3 player"":""No"",""Battery Average Life"":""5 Hours"",""Speaker Maximum Output Power"":""18 Watts"",""Unit Count"":""1 Count"",""Item Dimensions D x W x H"":""3.2D x 8.6W x 7.1H Centimeters"",""Item Weight Unit of Measure"":""177 Grams"",""Compatible Devices"":""Smartphone, Laptop, Tablet"",""Audio Driver Type"":""Dynamic Driver"",""Brand Name"":""JBL"",""Model Number"":""JBLGOESBLK"",""Model Name"":""Go Essential"",""Box Contents"":""1 x JBL Go Essential, 1 x Micro USB cable for charging, Quick Start Guide, Warranty Card"",""Country of Origin"":""China"",""Warranty Description"":""1 Year"",""Number of Items"":""1"",""Global Trade Identification Number"":""06925281995583"",""Manufacturer"":""HARMAN International Industries, Incorporated 8500 Balboa Boulevard, Northridge, CA 91329 USA, Harman International, Harman International"",""Packer Contact Information"":""HARMAN International Industries, Incorporated 8500 Balboa Boulevard, Northridge, CA 91329 USA, Harman International"",""Item Type Name"":""Go Essential"",""Manufacturer Contact Information"":""HARMAN International Industries, Incorporated 8500 Balboa Boulevard, Northridge, CA 91329 USA, Harman International"",""Importer Contact Information"":""Harman International (India) Pvt Ltd, Salarpuria Sattva Knowledge Court, Office-1, Wing ‘A’ & ‘B’ 3rd floor, Plot No. 9, Phase I , Doddenakkundi Industrial area Bangalore -560048, Karnataka."",""Best Sellers Rank"":""#625 in Electronics (See Top 100 in Electronics) #12 in Bluetooth Speakers"",""ASIN"":""B09NCFVNK9"",""Network Connectivity Technology"":""Bluetooth"",""Wireless Technology Type"":""Bluetooth"",""Connectivity Protocol"":""Bluetooth"",""Power Source"":""Battery Powered"",""Number of Batteries"":""1 Lithium Ion batteries required. (included)"",""Is Electric"":""Yes""}",amazon
"ZEBRONICS Sound Feast 90 10W Output, Portable Wireless Speaker with Bluetooth v5.0, TWS,",Zebronics,Speakers,899,1699,47,3.8,1333,https://m.media-amazon.com/images/I/718mnMXpj5L._AC_UL500_.jpg,https://www.amazon.in/ZEBRONICS-90-Portable-Wireless-Bluetooth/dp/B0C6QY4TTP/ref=sr_1_15?dib=eyJ2IjoiMSJ9.MOqSm9A5wCBMRsKa3NnIMeXWK9ojMHcQytzoIp1RoUzklMWR3UAJnHUgh0SEPfYsVyo5KjEKpmQBLVO_I_4knodrDG38t7bjfNqGFUG18paWjHpjv5pwk4L1DfZoOXa0RhF1uLhHQoUcuX50T6QKZX6cEf2AvsH-KWF00udfsgq0Sy-JT_gS2Bh-UwrieoiaisuJr3_mM_2X1aCn2_VwVao5BxKsKnted87LsGD0RyQ.GtROs28EOrwJzlMcVCVeaXGfIOl1qnjeBLhnAEhw7D8&dib_tag=se&keywords=bluetooth+speakers&qid=1779560190&sr=8-15,BT v5.0 / USB / mSD | AUX / FM radio | Mobile Holder / TWS Function / Carry handle | 10.16cm driver / 6.3mm Microphone input / 8W RMS | LED Lights,"{""Audio Output Mode"":""Stereo"",""Mounting Type"":""Floor Standing"",""Enclosure Material"":""Plastic"",""Speaker Type"":""Outdoor"",""Product Features"":""Portable"",""Antenna Location"":""For Smartphones or Tablets, Outdoor Activities"",""Colour"":""Black"",""Is Waterproof"":""True"",""Warranty Type"":""Limited"",""Control Method"":""Touch"",""Speaker Size"":""10.16 Centimetres"",""Woofer Driver Diameter"":""10.16 Centimetres"",""Tweeter Driver Diameter"":""1 Inches"",""Water Resistance Level"":""Waterproof"",""Specific Uses For Product"":""Home Theatre, Party, Travel"",""Battery Average Life"":""3 Hours"",""Speaker Maximum Output Power"":""10 Watts"",""Unit Count"":""1 Count"",""Item Dimensions D x W x H"":""16.3D x 18.2W x 25.3H Centimeters"",""Item Weight Unit of Measure"":""650 Grams"",""Compatible Devices"":""Smartphone, Tablet"",""Power Source"":""Battery Powered"",""Brand Name"":""ZEBRONICS"",""Model Number"":""ZEB SOUND FEAST 90"",""Model Name"":""ZEB-SOUND FEAST"",""Box Contents"":""Charging Cable - 1 Unit, Speaker - 1 Unit"",""Country of Origin"":""India"",""Warranty Description"":""1 Year Carry Into Service Centre"",""Number of Items"":""1"",""Manufacturer"":""AJZ Industries Pvt. Ltd., Zebronics India Private Limited"",""Packer Contact Information"":""Zebronics India Private Limited"",""Item Type Name"":""Zebronics Sound Feast 90, 8W RMS with Bluetooth v5.0, USB & mSD Support, FM Radio, AUX Input, TWS Function, Media Control, LED Lights"",""Manufacturer Contact Information"":""Zebronics India Private Limited"",""Importer Contact Information"":""AJZ Industries Pvt. Ltd. Survey No 508/2, Door No 50/2, Inner Ring Road, Madhavaram, Chennai - 600063"",""Best Sellers Rank"":""#1,593 in Electronics (See Top 100 in Electronics) #26 in Bluetooth Speakers"",""ASIN"":""B0C6QY4TTP"",""Frequency Response"":""20 Hz"",""Impedance Unit of Measure"":""2 Ohms"",""Signal-to-Noise Ratio"":""80 dB"",""Network Connectivity Technology"":""Bluetooth"",""Wireless Technology Type"":""Bluetooth"",""Subwoofer Connectivity Technology"":""Wireless"",""Connectivity Protocol"":""Bluetooth"",""Audio Driver Type"":""Dynamic Driver"",""Audio Driver Size"":""10.16 Centimetres""}",amazon
XIAOMI Sound Outdoor Speaker (Black),Xiaomi,Speakers,3999,6999,43,4.5,651,https://m.media-amazon.com/images/I/81wYKP3G7AL._AC_UL500_.jpg,https://www.amazon.in/Outdoor-Hi-Quality-Playback-Waterproof-Wireless/dp/B0DY1BW5Q3/ref=sr_1_16?dib=eyJ2IjoiMSJ9.MOqSm9A5wCBMRsKa3NnIMeXWK9ojMHcQytzoIp1RoUzklMWR3UAJnHUgh0SEPfYsVyo5KjEKpmQBLVO_I_4knodrDG38t7bjfNqGFUG18paWjHpjv5pwk4L1DfZoOXa0RhF1uLhHQoUcuX50T6QKZX6cEf2AvsH-KWF00udfsgq0Sy-JT_gS2Bh-UwrieoiaisuJr3_mM_2X1aCn2_VwVao5BxKsKnted87LsGD0RyQ.GtROs28EOrwJzlMcVCVeaXGfIOl1qnjeBLhnAEhw7D8&dib_tag=se&keywords=bluetooth+speakers&qid=1779560190&sr=8-16,"30W super-high power Dynamic sound | Exclusive woofer boost mode | 12-hour ultra-long battery life Uninterrupted listening Exquisite design - Sleek and portable, easy to hold in one hand | Unstoppable in any weather - IP67-rated dust and water resistance | Bold colour combo - Fashionable and more personalised TWS stereo combo - Superior immersive sound quality Hands-free calling || You can play your favourite tunes with the Xiaomi Mi QBH4290IN Portable Bluetooth Speaker. Boasting an eye-catching design and high audio quality, this speaker is ideal for your portable audio needs. And, with IP67 ","{""Water Resistance"":""IP67"",""Audio Output Mode"":""Stereo"",""Mounting Type"":""Floor Standing"",""Speaker Type"":""Portable Speaker"",""Product Features"":""Built In Microphone, Portable, Stereo Pairing, USB Port"",""Antenna Location"":""For Smartphones or Tablets"",""Colour"":""Red"",""Is Waterproof"":""True"",""Warranty Type"":""Limited"",""Maximum Range"":""25 metres"",""Control Method"":""Push Button"",""Speaker Size"":""8 Centimetres"",""Water Resistance Level"":""Water Resistant"",""Bluetooth Range"":""25 Metres"",""Specific Uses For Product"":""Travel"",""Battery Average Life"":""12 Hours"",""Speaker Maximum Output Power"":""30 Watts"",""Input Voltage"":""5 Volts"",""Unit Count"":""1.0 Count"",""Item Dimensions D x W x H"":""8D x 8W x 24.4H Centimeters"",""Item Weight Unit of Measure"":""0.7 Kilograms"",""Compatible Devices"":""Smartphone, Tablet, Laptop, Gaming Console, Computer"",""Power Source"":""Battery Powered"",""Number of Batteries"":""1 Nonstandard Battery batteries required."",""Audio Driver Type"":""Dynamic Driver"",""Brand Name"":""XIAOMI"",""Model Name"":""Xiaomi Sound Outdoor Speaker"",""Box Contents"":""Xiaomi Sound Outdoor x1 Charging cable x1 User manual x1"",""Country of Origin"":""China"",""Warranty Description"":""1 Year Manufacturer"",""Number of Items"":""1"",""Age Range Description"":""Adult"",""Packer Contact Information"":""Beijing Xiaomi Electronics Co. Ltd., No 58 Jinghai, Beijing Economic Zone, Beijing - 100006, China"",""Item Type Name"":""Speaker"",""Manufacturer Contact Information"":""Ganzhou Dehuida Technology Co., Ltd DEHUIDA SCIENCE AND TECHNOLOGY PARK, HUOYANSHANROAD, ANYUAN DISTRICT, GANZHOU CITY, JIANGXI PROVINCE342100 P.R. CHINA JIANGXI,China-342100"",""Best Sellers Rank"":""#1,725 in Electronics (See Top 100 in Electronics) #28 in Bluetooth Speakers"",""ASIN"":""B0DY1BW5Q3"",""Frequency Response"":""20000 Hz"",""Number of Audio Channels"":""2.0"",""Network Connectivity Technology"":""Bluetooth"",""Wireless Technology Type"":""Bluetooth"",""Subwoofer Connectivity Technology"":""Wireless"",""Connectivity Protocol"":""Bluetooth"",""Battery Charge Time"":""2.5 Hours"",""Battery Capacity"":""2600 Amp Hours"",""Manufacturer"":""Beijing Xiaomi Electronics Co. Ltd., No 58 Jinghai, Beijing Economic Zone, Beijing - 100006, China, Ganzhou Dehuida Technology Co., Ltd DEHUIDA SCIENCE AND TECHNOLOGY PARK, HUOYANSHANROAD, ANYUAN DISTRICT, GANZHOU CITY, JIANGXI PROVINCE342100 P.R. CHINA JIANGXI,China-342100"",""Importer Contact Information"":""Xiaomi Technology India Private Limited Orchid (Block E), EmbassyTech Village, Devarabeesanahalli, Marathahalli-Sarjapur Outer Ring Road, Bangalore - 560103, Karnataka, Xiaomi Technology India Pvt. Ltd., Orchid Blck, EmbassyTech Village, Devarabeesanahalli,Bangalore - 560103, Karnataka""}",amazon
"Blaupunkt 2025 Launch ATOMIK Grab 20W Party Speaker Boombox, Unbelievable Loud & Clear",Blaupunkt,Speakers,1049,4999,79,4.3,1254,https://m.media-amazon.com/images/I/613LNL9foqL._AC_UL500_.jpg,https://www.amazon.in/Blaupunkt-Launched-Unbelievable-Portable-outdoors/dp/B0DH8FHY3S/ref=sr_1_17?dib=eyJ2IjoiMSJ9.MOqSm9A5wCBMRsKa3NnIMeXWK9ojMHcQytzoIp1RoUzklMWR3UAJnHUgh0SEPfYsVyo5KjEKpmQBLVO_I_4knodrDG38t7bjfNqGFUG18paWjHpjv5pwk4L1DfZoOXa0RhF1uLhHQoUcuX50T6QKZX6cEf2AvsH-KWF00udfsgq0Sy-JT_gS2Bh-UwrieoiaisuJr3_mM_2X1aCn2_VwVao5BxKsKnted87LsGD0RyQ.GtROs28EOrwJzlMcVCVeaXGfIOl1qnjeBLhnAEhw7D8&dib_tag=se&keywords=bluetooth+speakers&qid=1779560190&sr=8-17,"Blaupunkt is an iconic German brand that has developed cutting edge audio technology since 1924. Today this legendary Audio Tech German brand is available in India with a wide range of Audio Products. | Powerful 20W RMS Output – Experience superior sound performance, crafted with German engineering by Blaupunkt, a trusted 100-year-old brand known for audio excellence. | Powerful Driver and Passive Radiator – Blaupunkt advanced acoustic design delivers deep bass and crisp highs, offering unmatched clarity and power in every beat. | Long-Lasting Battery – Enjoy hours of uninterrupted playback wi","{""Audio Output Mode"":""Stereo"",""Mounting Type"":""Tabletop Mount"",""Speaker Type"":""Outdoor"",""Antenna Location"":""Beach, Outdoor, Party"",""Colour"":""Black"",""Is Waterproof"":""True"",""Warranty Type"":""Limited"",""Control Method"":""Push Button"",""Specific Uses For Product"":""Home, Outdoor, Party"",""Battery Average Life"":""10 Hours"",""Speaker Maximum Output Power"":""20 Watts"",""Number of Audio Channels"":""2.0"",""Unit Count"":""1 Count"",""Item Dimensions D x W x H"":""10D x 10W x 10H Millimeters"",""Item Weight Unit of Measure"":""560 Grams"",""Compatible Devices"":""MP3 Player, Smartphone, Tablet"",""Power Source"":""Battery Powered"",""Number of Batteries"":""2 9V batteries required. (included)"",""Brand Name"":""BLAUPUNKT"",""Model Number"":""ATOMIK GRAB"",""Model Name"":""ATOMIK GRAB"",""Box Contents"":""speaker"",""Country of Origin"":""China"",""Warranty Description"":""1 YEAR"",""Number of Items"":""1"",""Manufacturer"":""‎Envent Worldwide Pvt Ltd, ‎Envent Worldwide Pvt Ltd, HUIZHOU JIEMEISI TECHNOLOGY CO., LTD NO.63 QINGTANG DASHULING HUMEI STREET, GUANGDONG PROVINCE,China-518100"",""Packer Contact Information"":""Envent world wide Pvt Ltd C/O Glaucus, Supply chain Solutions Pvt Ltd, KH No. 15/16, Main (1-0) Village Samalkha, Tehsil Vasant Vihar, Delhi-110097"",""Item Type Name"":""ATOMIK GRAB"",""Manufacturer Contact Information"":""‎Envent Worldwide Pvt Ltd, HUIZHOU JIEMEISI TECHNOLOGY CO., LTD NO.63 QINGTANG DASHULING HUMEI STREET, GUANGDONG PROVINCE,China-518100"",""Importer Contact Information"":""Envent Worldwide Pvt Ltd, 105-107, 1st Floor, Tower B4 Spaze ITech Park,Sohna Road Sector-49, Gurgaon Customer Care whatsapp support: 8860022600"",""Best Sellers Rank"":""#1,261 in Electronics (See Top 100 in Electronics) #19 in Bluetooth Speakers"",""ASIN"":""B0DH8FHY3S"",""Network Connectivity Technology"":""Bluetooth"",""Wireless Technology Type"":""Bluetooth"",""Connectivity Protocol"":""Bluetooth, USB"",""Audio Driver Type"":""Dynamic Driver""}",amazon
"Boat Aavante Bar 610, 25W Signature Sound, 2.0 CH with Dual Passive Radiators, 7 HRS",boAt,Speakers,1998,5990,67,4,4764,https://m.media-amazon.com/images/I/51SFh0i5HHL._AC_UL500_.jpg,https://www.amazon.in/boAt-Aavante-Bar-610-Connectivity/dp/B0BZ4DJ7GZ/ref=sr_1_18?dib=eyJ2IjoiMSJ9.MOqSm9A5wCBMRsKa3NnIMeXWK9ojMHcQytzoIp1RoUzklMWR3UAJnHUgh0SEPfYsVyo5KjEKpmQBLVO_I_4knodrDG38t7bjfNqGFUG18paWjHpjv5pwk4L1DfZoOXa0RhF1uLhHQoUcuX50T6QKZX6cEf2AvsH-KWF00udfsgq0Sy-JT_gS2Bh-UwrieoiaisuJr3_mM_2X1aCn2_VwVao5BxKsKnted87LsGD0RyQ.GtROs28EOrwJzlMcVCVeaXGfIOl1qnjeBLhnAEhw7D8&dib_tag=se&keywords=bluetooth+speakers&qid=1779560190&sr=8-18,"Power- This powerful soundbar is equipped with 25W RMS boAt Stereo Sound that amplifies your listening experience | 2.0 Channel- The 2.0 Channel setup elevates the audio and lets you experience surround sound from the comfiest corner of your couch | Dual Passive Radiators- The Dual Passive Radiators produces crystal clear surround sound, which brings you an immersive sound experience with enhanced bass. | 7 Hours Playback- The 2500mAh powerful battery plays music up to 7 hours on a single charge. | Multiple Connectivity- Stream all your music wirelessly with its multiple connectivity(BT, AUX, ","{""Audio Output Mode"":""Stereo"",""Mounting Type"":""Wall"",""Speaker Type"":""Soundbar"",""Product Features"":""25W RMS Stereo Sound, Dual Passive Radiators, Total Playback: Up to 6HRS"",""Antenna Location"":""For Smartphones or Tablets, For Televisions Tablets"",""Colour"":""25Watt 2.0 CH_Charcoal Black"",""Is Waterproof"":""false"",""Warranty Type"":""Limited"",""Maximum Range"":""10 metres"",""Control Method"":""Push Button"",""Speaker Size"":""5 Inches"",""Water Resistance Level"":""Not Water Resistant"",""Bluetooth Range"":""10 Metres"",""Specific Uses For Product"":""Home Theatre"",""MP3 player"":""No"",""Battery Average Life"":""7 Hours"",""Total USB 2.0 Ports"":""1"",""Speaker Maximum Output Power"":""25 Watts"",""Input Voltage"":""5 Volts"",""Unit Count"":""1 Piece"",""Item Dimensions D x W x H"":""6.8D x 41W x 6.8H Centimeters"",""Item Weight Unit of Measure"":""700 Grams"",""Compatible Devices"":""Laptop, Smartphone, Tablet, Television"",""Battery Charge Time"":""4 Hours"",""Battery Capacity"":""2500 Milliamp Hours"",""Brand Name"":""boAt"",""Model Number"":""Aavante Bar 610"",""Model Name"":""Aavante Bar"",""Box Contents"":""Aavante Bar 610, Charging Cable, User Manual, Warranty Card"",""Country of Origin"":""India"",""Warranty Description"":""1 Year warranty from the date of purchase"",""Number of Items"":""1"",""Age Range Description"":""Adult"",""Packer Contact Information"":""Imagine Marketing Limited Unit no. 204 & 205, 2nd floor, D-wing & E-wing, Corporate Avenue, Andheri Ghatkopar Link Road, Mumbai, Maharashtra-400093, India"",""Item Type Name"":""Sound Bar"",""Importer Contact Information"":""Imagine Marketing Limited Unit no. 204 & 205, 2nd floor, D-wing & E-wing, Corporate Avenue, Andheri Ghatkopar Link Road, Mumbai, Maharashtra-400093, India"",""Best Sellers Rank"":""#1,291 in Electronics (See Top 100 in Electronics) #5 in Soundbar Speakers #20 in Bluetooth Speakers"",""ASIN"":""B0BZ4DJ7GZ"",""Frequency Response"":""20 KHz"",""Number of Audio Channels"":""2 1"",""Network Connectivity Technology"":""Bluetooth"",""Wireless Technology Type"":""Bluetooth"",""Connectivity Protocol"":""Bluetooth"",""Power Source"":""Wired"",""Number of Batteries"":""1 12V batteries required. (included)"",""Audio Driver Type"":""Dynamic Driver"",""Audio Driver Size"":""50 Millimetres"",""Manufacturer"":""‎Imagine Marketing Ltd, ‎Imagine Marketing Ltd, Unit no. 204 & 205, 2nd floor, D-wing & E-wing, Corporate Avenue, Andheri Ghatkopar Link Road, Mumbai, Maharashtra-400093, India For product related query call Contact Support + 91(022)69181920 or email @ info@imaginemarketingindia.com."",""Manufacturer Contact Information"":""‎Imagine Marketing Ltd, Unit no. 204 & 205, 2nd floor, D-wing & E-wing, Corporate Avenue, Andheri Ghatkopar Link Road, Mumbai, Maharashtra-400093, India For product related query call Contact Support + 91(022)69181920 or email @ info@imaginemarketingindia.com.""}",amazon
"PHILIPS TAS1400GY Wireless Bluetooth Speaker with Deep Bass, Passive Radiator, 12W Sound",PHILIPS,Speakers,1299,2599,50,4,476,https://m.media-amazon.com/images/I/71Kw13SwLBL._AC_UL500_.jpg,https://www.amazon.in/TAS1400GY-Wireless-Bluetooth-Radiator-Rechargable/dp/B0F8W3KX6J/ref=sr_1_20?dib=eyJ2IjoiMSJ9.MOqSm9A5wCBMRsKa3NnIMeXWK9ojMHcQytzoIp1RoUzklMWR3UAJnHUgh0SEPfYsVyo5KjEKpmQBLVO_I_4knodrDG38t7bjfNqGFUG18paWjHpjv5pwk4L1DfZoOXa0RhF1uLhHQoUcuX50T6QKZX6cEf2AvsH-KWF00udfsgq0Sy-JT_gS2Bh-UwrieoiaisuJr3_mM_2X1aCn2_VwVao5BxKsKnted87LsGD0RyQ.GtROs28EOrwJzlMcVCVeaXGfIOl1qnjeBLhnAEhw7D8&dib_tag=se&keywords=bluetooth+speakers&qid=1779560190&sr=8-20,"Powerful 12W Sound Output: Enjoy rich and immersive audio with enhanced deep bass powered by a built-in passive radiator | Bluetooth v5.3 Connectivity: Experience smooth, stable, and energy-efficient wireless streaming across all your Bluetooth-enabled devices | RGB Light Modes: Add flair to your music sessions with multi-color lighting effects that sync with the beat and set the mood | IPX4 Water-Resistant : Designed to handle light splashes and moisture, perfect for outdoor use, workouts, or poolside fun | Multiple Playback Options: Supports TF card, USB, and Bluetooth modes for flexible aud","{""Battery"":""1200 mAh"",""Audio Output Mode"":""Mono"",""Mounting Type"":""Tabletop Mount"",""Enclosure Material"":""Acrylonitrile Butadiene Styrene (ABS)"",""Speaker Type"":""Multi Room"",""Product Features"":""BT Modes, Bass Boost, Passive Radiator, RGB light Modes, Rechargable Battery"",""Antenna Location"":""For Surround Sound Systems"",""Colour"":""Green"",""Is Waterproof"":""False"",""Control Method"":""Push Button"",""Speaker Size"":""16.5 Centimetres"",""Water Resistance Level"":""Waterproof"",""Bluetooth Range"":""10 Feet"",""Specific Uses For Product"":""Outdoor, Travel, Portable"",""Battery Average Life"":""10 Hours"",""Speaker Maximum Output Power"":""12 Watts"",""Impedance Unit of Measure"":""3 Ohms"",""Network Connectivity Technology"":""Bluetooth"",""Wireless Technology Type"":""Bluetooth"",""Connectivity Protocol"":""Bluetooth"",""Power Source"":""Battery Powered"",""Audio Driver Type"":""Dynamic Driver"",""Brand Name"":""Philips"",""Model Number"":""TAS1400"",""Model Name"":""1400"",""Box Contents"":""1 - Speaker, 1 - USB C-Cable, 1 - User Manual"",""Country of Origin"":""China"",""Warranty Description"":""1 Year Warranty"",""Number of Items"":""1"",""Manufacturer"":""TPV Technology India Private Limited, ‎TPV Technology India Private Limited"",""Age Range Description"":""Teen"",""Packer Contact Information"":""TPV Technology India Private Limited, 501-508 Bestech Chambers, Block B, Sushant Lok Phase 1, Gurgaon, Haryana 122001"",""Item Type Name"":""Bluetooth Speaker"",""Manufacturer Contact Information"":""‎TPV Technology India Private Limited"",""Importer Contact Information"":""TPV Technology India Private Limited, 501-508 Bestech Chambers, Block B, Sushant Lok Phase 1, Gurgaon, Haryana 122001"",""Best Sellers Rank"":""#1,129 in Electronics (See Top 100 in Electronics) #17 in Bluetooth Speakers"",""ASIN"":""B0F8W3KX6J"",""Unit Count"":""1.0 Count"",""Item Dimensions D x W x H"":""16.4D x 5.9W x 8.7H Centimeters"",""Item Weight Unit of Measure"":""288.61 Grams"",""Compatible Devices"":""Desktop, Laptop, Smartphone, Tablet, Television"",""Battery Capacity"":""1200 Milliamp Hours""}",amazon
Amazon Basics 20000 mAh Power Bank,Amazon,Power Banks,999,3999,75,3.9,1394,https://m.media-amazon.com/images/I/61YLrPkmW1L._AC_UL500_.jpg,https://www.amazon.in/Charging-Devices-Simultaneously-Smartphones-Speakers/dp/B0D96HMLYX/ref=sr_1_3?dib=eyJ2IjoiMSJ9.317spcpgAAcy7THilN7_AgeJDAQp1l6PbUKEc5XvF9nraOUriCkhKqZT3pVlnxXra29gVUgNfTtpzr-Lwt69lvhMNAFfAnkxNsXyQjXxzRjsAYlx3GoT1njPmx8eeRpKggrfhlZC0gMZX7NNWrJH-ywyxptiqAnw6Gb3ggbmKRTkzfgJbQRbMSMUpMGv6PKQHPeuRBWaMd_8f2UxA1Tl-4KirGAFk9ekCPrFTeAz3kg.zMjF9QI_oEN4JBWLG2jfgRilZbr87n1GfD-bpUyVcTQ&dib_tag=se&keywords=power+banks+20000mah&qid=1779560199&sr=8-3,"High Capacity: 20000 mAh capacity allows you to charge a 4000 mAh device up to 3.5 times. | Fast Charging: Supports 22.5W output for quick charging of smartphones, TWS earbuds, speakers, and tablet PCs. | Dual Output Ports: Equipped with USB-A and Type-C ports for versatile charging options. | Dual Input Ports: Features both Micro USB and Type-C input ports for flexible recharging options. | Simultaneous Charging: Can charge up to three devices at the same time with 2 USB ports and 1 Type-C port.","{""Battery"":""20000 mAh"",""Connector Type"":""Micro USB, USB"",""Battery Capacity"":""20000"",""Other Special Features of the Product"":""Fast Charging"",""Voltage"":""5 Volts"",""Power Source"":""Usb"",""Number of Ports"":""3"",""Rapid Charging Performance"":""Yes"",""Portable"":""Yes"",""Compatible Devices"":""Smartphone"",""Compatible Cellular Phone Models"":""Apple iPhone 15"",""Number of Outlets"":""3"",""Antenna Location"":""Smartphones, Tablet"",""Warranty Type"":""No Warranty"",""Colour"":""Dark Blue - 20000 mAh"",""Battery Cell Type"":""Lithium Polymer"",""Brand Name"":""amazon basics"",""Model Number"":""ABPBS20K22"",""Number of Items"":""1"",""Manufacturer Part Number"":""ACE20K22W"",""Number of Batteries"":""2 Lithium Polymer batteries required. (included)"",""Warranty Description"":""6 months warranty -For warranty related queries, contact: 1800-419-2373 or email: clicktech@blubirch.com (Working hours: 10am to 6pm on Monday-Saturday except National Holidays)"",""Manufacturer Contact Information"":""Veeflex Electrikals Private Limited-Rajprabha Enclave, Building No. 6, Unit No. 209&210, 2nd Floor, Bhoidapada, Sativali Road, Vasai (E) Pin code : - 401208"",""Packer Contact Information"":""Veeflex Electrikals Private Limited-Rajprabha Enclave, Building No. 6, Unit No. 209&210, 2nd Floor, Bhoidapada, Sativali Road, Vasai (E) Pin code : - 401208"",""Manufacturer"":""Veeflex Electrikals Private Limited, Veeflex Electrikals Private Limited-Rajprabha Enclave, Building No. 6, Unit No. 209&210, 2nd Floor, Bhoidapada, Sativali Road, Vasai (E) Pin code : - 401208"",""Item Type Name"":""Power Bank"",""Country of Origin"":""India"",""Best Sellers Rank"":""#40 in Electronics (See Top 100 in Electronics) #3 in Mobile Portable Power Banks"",""ASIN"":""B0D96HMLYX"",""Item Weight Unit of Measure"":""394 Grams"",""Item Dimensions L x W x Thickness"":""13.8L x 2.9W x 6.9Th Centimeters"",""Unit Count"":""1.0 Count"",""Item Dimensions"":""35 x 92 x 177 Millimeters"",""Battery Weight"":""250 Grams""}",amazon
Xiaomi Power Bank 4i 20000mAh 33W Super Fast Charging PD |Smart 12 Layer Protection|Type,Apple,Power Banks,2199,3999,45,4.2,10180,https://m.media-amazon.com/images/I/41vBAaU8clL._AC_UL500_.jpg,https://www.amazon.in/Xiaomi-20000mAh-Charging-Delivery-Supports/dp/B0DCZ3WDTB/ref=sr_1_4?dib=eyJ2IjoiMSJ9.317spcpgAAcy7THilN7_AgeJDAQp1l6PbUKEc5XvF9nraOUriCkhKqZT3pVlnxXra29gVUgNfTtpzr-Lwt69lvhMNAFfAnkxNsXyQjXxzRjsAYlx3GoT1njPmx8eeRpKggrfhlZC0gMZX7NNWrJH-ywyxptiqAnw6Gb3ggbmKRTkzfgJbQRbMSMUpMGv6PKQHPeuRBWaMd_8f2UxA1Tl-4KirGAFk9ekCPrFTeAz3kg.zMjF9QI_oEN4JBWLG2jfgRilZbr87n1GfD-bpUyVcTQ&dib_tag=se&keywords=power+banks+20000mah&qid=1779560199&sr=8-4,"33W Fast Charging Support - High-speed charging with two-way fast charge via Type-C port; charges compatible devices quickly and efficiently. Superior Output | Smart Protection Safety & Compatibility - Equipped with 12-layer advanced circuit protection and compatible with a wide range of Android, iOS, and USB-C devices including smartphones, earbuds, and wearables. | Massive 20000mAh Battery Capacity - Reliable power backup for smartphones, tablets, wearables, and more; perfect for travel and long usage days. Retains 80% capacity after 300 cycles of usage. | Smart Power Delivery (PD) Support -","{""Battery"":""20000 mAh"",""OS"":""Android"",""Connector Type"":""USB Type C"",""Battery Capacity"":""20000 Milliamp Hours"",""Other Special Features of the Product"":""33W Fast Charging, Compatible with All Smartphones, Fast Charging, Short Circuit Protection, Triple Port Charging"",""Voltage"":""33 Volts"",""Power Source"":""Corded Electric"",""Amperage"":""3 Amps"",""Number of Ports"":""3"",""Output Current"":""33 Amps"",""Rapid Charging Performance"":""50% in 27 Minutes"",""Battery Charge Time"":""4.8 Hours"",""Is Product Cordless"":""Yes"",""Portable"":""Yes"",""Compatible Devices"":""Fitness Band, Smartphone, Smartwatch, Speaker, Tablet"",""Compatible Cellular Phone Models"":""Apple iPhone 15 Pro Max, Xiaomi 14 Ultra, Xiaomi Redmi Note 13 Pro+"",""Reusability"":""Rechargeable"",""Number of Outlets"":""3"",""Antenna Location"":""Gaming Controller, Phone, Tablet, Watch"",""Warranty Type"":""Limited"",""Item Weight Unit of Measure"":""440 Grams"",""Item Dimensions L x W x Thickness"":""15L x 2.6W x 7.2Th Centimeters"",""Unit Count"":""1.0 Count"",""Battery Weight"":""440 Grams"",""Brand Name"":""XIAOMI"",""Model Name"":""Xiaomi Powerbank"",""Model Number"":""PB2030IN"",""Number of Items"":""2"",""Box Contents"":""Cable, User Manual"",""Manufacturer Part Number"":""PB2030IN"",""Number of Batteries"":""4 Lithium Ion batteries required. (included)"",""Warranty Description"":""1 Year Manufacturer"",""Packer Contact Information"":""TOPBAND India Pvt Limited, A-22/10 Chakan Industrial Area, Phase li, Khed, Khalumbre Pune 410501, India"",""Importer Contact Information"":""Xiaomi Technology India Private Limited,Building Orchid. Block E, Embassy Tech,Village,Marathahalli Outer Ring Road, Devarabisanahalli, Bengaluru 560103"",""Item Type Name"":""Powerbank"",""Country of Origin"":""India"",""Best Sellers Rank"":""#17 in Electronics (See Top 100 in Electronics) #1 in Mobile Portable Power Banks"",""ASIN"":""B0DCZ3WDTB"",""Colour"":""Black"",""Battery Cell Type"":""Lithium Ion"",""Manufacturer Contact Information"":""Xiaomi Technology India Pvt Ltd, Ground Floor, AKR Infinity, SY, No 113, Krishna Reddy Industrial area, 7th Mile, Hosur Road, Bangalore 560068, Karnataka, India, Phone No: 1800 103 6286, Email: Service.in@xiaomi.com"",""Manufacturer"":""TOPBAND India Pvt Limited,Phase li, Khed, Khalumbre Pune 410501, India, Xiaomi Technology India Pvt Ltd, Ground Floor, AKR Infinity, SY, No 113, Krishna Reddy Industrial area, 7th Mile, Hosur Road, Bangalore 560068, Karnataka, India, Phone No: 1800 103 6286, Email: Service.in@xiaomi.com""}",amazon
URBN Power Bank 20000mAh Fast Charging,URBN,Power Banks,999,2999,67,4,1965,https://m.media-amazon.com/images/I/71TUiV0TyiL._AC_UL500_.jpg,https://www.amazon.in/URBN-20000mAh-Charging-Delivery-Portable/dp/B0DQ4NYQZQ/ref=sr_1_5?dib=eyJ2IjoiMSJ9.317spcpgAAcy7THilN7_AgeJDAQp1l6PbUKEc5XvF9nraOUriCkhKqZT3pVlnxXra29gVUgNfTtpzr-Lwt69lvhMNAFfAnkxNsXyQjXxzRjsAYlx3GoT1njPmx8eeRpKggrfhlZC0gMZX7NNWrJH-ywyxptiqAnw6Gb3ggbmKRTkzfgJbQRbMSMUpMGv6PKQHPeuRBWaMd_8f2UxA1Tl-4KirGAFk9ekCPrFTeAz3kg.zMjF9QI_oEN4JBWLG2jfgRilZbr87n1GfD-bpUyVcTQ&dib_tag=se&keywords=power+banks+20000mah&qid=1779560199&sr=8-5,"Massive Power on the Go: Stay connected longer with the URBN 20000mAh power bank, delivering enough juice to charge your iPhone 16 up to 4.2 times, OnePlus 12R 2.8 times, Samsung S24 3.7 times, and even an iPad Mini 3 times. | Super-Fast Charging & Recharging: With 22.5W Power Delivery and two-way fast charge technology, you can power up your devices and the power bank itself in record time—perfect for busy days. | Charge Multiple Devices at Once: Equipped with triple output ports, you can charge three gadgets simultaneously, whether it’s your smartphone, tablet, or earbuds. | Unmatched Safety","{""Battery"":""20000 mAh"",""Connector Type"":""USB Type C"",""Battery Capacity"":""20000"",""Other Special Features of the Product"":""Fast Charging, Over Charging Protection"",""Voltage"":""12 Volts, 5 Volts"",""Power Source"":""Corded Electric"",""Amperage"":""2.4 Amps"",""Number of Ports"":""3"",""Output Current"":""2.4 Amps"",""Rapid Charging Performance"":""22.5w"",""Battery Charge Time"":""6 Hours"",""Portable"":""Yes"",""Compatible Devices"":""Fitness Band, Headphone, Smartphone, Smartwatch, Speaker"",""Number of Outlets"":""3"",""Warranty Type"":""Limited"",""Item Weight Unit of Measure"":""405 Grams"",""Item Dimensions L x W x Thickness"":""14L x 6.9W x 2.9Th Centimeters"",""Unit Count"":""1 Count"",""Battery Weight"":""405 Grams"",""Brand Name"":""URBN"",""Model Name"":""UPR211"",""Number of Items"":""1"",""Number of Batteries"":""2 12V batteries required. (included)"",""Warranty Description"":""6 Months Replacement Warranty"",""Manufacturer Contact Information"":""Veeflex Electrikals Private Limited"",""Packer Contact Information"":""ACETRON TECH VENTURES PRIVATE LIMITED"",""Manufacturer"":""Veeflex Electrikals Private Limited, Veeflex Electrikals Private Limited"",""Item Type Name"":""Power Bank"",""Country of Origin"":""India"",""Best Sellers Rank"":""#162 in Electronics (See Top 100 in Electronics) #8 in Mobile Portable Power Banks"",""ASIN"":""B0DQ4NYQZQ"",""Colour"":""Black"",""Battery Cell Type"":""Lithium Polymer""}",amazon
"Kratos Legend Champ Power Bank 20000mAh, Fast Charging 22.5W, Triple Output,USB Type C",Apple,Power Banks,899,3299,73,4.2,334,https://m.media-amazon.com/images/I/61YzimbG1qL._AC_UL500_.jpg,https://www.amazon.in/Kratos-20000mAh-Charging-Powerbank-Certified/dp/B0FSXYP5MM/ref=sr_1_6?dib=eyJ2IjoiMSJ9.317spcpgAAcy7THilN7_AgeJDAQp1l6PbUKEc5XvF9nraOUriCkhKqZT3pVlnxXra29gVUgNfTtpzr-Lwt69lvhMNAFfAnkxNsXyQjXxzRjsAYlx3GoT1njPmx8eeRpKggrfhlZC0gMZX7NNWrJH-ywyxptiqAnw6Gb3ggbmKRTkzfgJbQRbMSMUpMGv6PKQHPeuRBWaMd_8f2UxA1Tl-4KirGAFk9ekCPrFTeAz3kg.zMjF9QI_oEN4JBWLG2jfgRilZbr87n1GfD-bpUyVcTQ&dib_tag=se&keywords=power+banks+20000mah&qid=1779560199&sr=8-6,"[ 20000 MAH Long Lasting Battery ]: Stay connected on the go with our power bank 20000 mah. Its large capacity battery charges multi devices, ideal for daily use or travel. Lightweight and reliable,it ensures you're powered up wherever life takes you. | [ Triple Output Power Delivery ] : Experience efficiency with our power bank featuring triple output for simultaneous charging and Power Delivery. Fast charging powerbank comes with Type-C input for power up | [ Power up Multiple Devices ] : Power up multiple devices effortlessly with our power bank 20000 mah. Equipped with 3 output ports,it le","{""Battery"":""20000 mAh"",""OS"":""Android"",""Connector Type"":""USB Type A, USB Type C"",""Other Special Features of the Product"":""Auto Shut-Off, Fast Charging, LED Indicator Lights, Lightweight, Over Charging Protection, Scratch Resistant, Short Circuit Protection, Slim"",""Voltage"":""24 Volts"",""Power Source"":""Corded Electric"",""Number of Ports"":""3"",""Rapid Charging Performance"":""80% in 1 hour"",""Is Product Cordless"":""Yes"",""Compatible Devices"":""Smartphone"",""Maximum Output Power"":""22.5w"",""Output Wattage"":""22.5 Watts"",""Reusability"":""Rechargeable"",""Number of Outlets"":""4"",""Antenna Location"":""Phone"",""Warranty Type"":""Extended"",""Item Weight Unit of Measure"":""393 Grams"",""Item Dimensions L x W x Thickness"":""16L x 10W x 4Th Centimeters"",""Unit Count"":""1.0 Count"",""Battery Weight"":""2.6 Grams"",""Brand Name"":""Kratos"",""Model Name"":""Legend Champ"",""Number of Items"":""1"",""Number of Batteries"":""1 9V batteries required. (included)"",""Warranty Description"":""1 year"",""Manufacturer Contact Information"":""KRATOS, Ezeekart Creation LLP, Phone: 81482 73270 or help@gokratos.com"",""Packer Contact Information"":""KRATOS, Ezeekart Creation LLP, Phone: 81482 73270 or help@gokratos.com"",""Manufacturer"":""KRATOS, Ezeekart Creation LLP, Phone: 81482 73270 or help@gokratos.com, KRATOS, Ezeekart Creation LLP, Phone: 81482 73270 or help@gokratos.com"",""Item Type Name"":""Powerbank"",""Country of Origin"":""India"",""Best Sellers Rank"":""#738 in Electronics (See Top 100 in Electronics) #22 in Mobile Portable Power Banks"",""ASIN"":""B0FSXYP5MM"",""Colour"":""Black"",""Battery Cell Type"":""Lithium Polymer""}",amazon
"Geonix Helio R200 | 22.5W Power Bank with 20000mAh Battery, 22.5W Fast Charging |",Geonix,Power Banks,749,1999,63,3.9,37,https://m.media-amazon.com/images/I/718Pr6NOSyL._AC_UL500_.jpg,https://www.amazon.in/20000mAh-Charging-12-Layer-Protection-Warranty/dp/B0FQVBDKTZ/ref=sr_1_7?dib=eyJ2IjoiMSJ9.317spcpgAAcy7THilN7_AgeJDAQp1l6PbUKEc5XvF9nraOUriCkhKqZT3pVlnxXra29gVUgNfTtpzr-Lwt69lvhMNAFfAnkxNsXyQjXxzRjsAYlx3GoT1njPmx8eeRpKggrfhlZC0gMZX7NNWrJH-ywyxptiqAnw6Gb3ggbmKRTkzfgJbQRbMSMUpMGv6PKQHPeuRBWaMd_8f2UxA1Tl-4KirGAFk9ekCPrFTeAz3kg.zMjF9QI_oEN4JBWLG2jfgRilZbr87n1GfD-bpUyVcTQ&dib_tag=se&keywords=power+banks+20000mah&qid=1779560199&sr=8-7,"Massive 20000mAh Battery Capacity – High-performance lithium polymer battery delivers long-lasting power to charge smartphones, tablets, and other USB devices multiple times. | 22.5W Fast Charging with Smart Power Delivery – Equipped with advanced 22.5W fast charging technology to ensure quick and efficient charging for all compatible devices. | Triple Output & Dual Input Ports – Charge up to 3 devices at once with dual USB-A and Type-C outputs, plus convenient recharging via Type-C or Micro-USB inputs | 12-Layer Smart IC Protection – Built-in intelligent safety features safeguard your devices","{""Battery"":""20000 mAh"",""Processor"":""Helio R200"",""Connector Type"":""Micro USB, USB Type A, USB Type C"",""Battery Capacity"":""20000"",""Other Special Features of the Product"":""Auto Shut-Off, Fast Charging, LED Indicator Lights, Lightweight, Over Charging Protection"",""Power Source"":""Corded Electric"",""Number of Ports"":""4"",""Rapid Charging Performance"":""Yes"",""Is Product Cordless"":""Yes"",""Portable"":""Yes"",""Compatible Devices"":""Headphone, Smartphone, Smartwatch, Speaker, Tablet"",""Antenna Location"":""Phone, Tablet, Watch"",""Warranty Type"":""Limited"",""Colour"":""Black"",""Battery Cell Type"":""Lithium Polymer"",""Item Weight Unit of Measure"":""340 Grams"",""Item Dimensions L x W x Thickness"":""15L x 6.9W x 2.8Th Centimeters"",""Unit Count"":""1 Count"",""Battery Weight"":""360 Grams"",""Brand Name"":""GEONIX"",""Model Name"":""Helio R200"",""Model Number"":""GXPB08"",""Number of Items"":""2"",""Box Contents"":""USB Cable"",""Manufacturer Part Number"":""GXPBR200"",""Number of Batteries"":""2 12V batteries required. (included)"",""Warranty Description"":""1 Year Manufacturer"",""Manufacturer Contact Information"":""Geonix International Private Limited, Geonix International Private Limited, Contact - 9990120066, care@geonix.in, E-45/3, Okhla Industrial Area, Phase 2, New Delhi - 110020"",""Packer Contact Information"":""Geonix International Private Limited, Geonix International Private Limited, Contact - 9990120066, care@geonix.in, E-45/3, Okhla Industrial Area, Phase 2, New Delhi - 110020"",""Importer Contact Information"":""Geonix International Private Limited, Geonix International Private Limited, Contact - 9990120066, care@geonix.in, E-45/3, Okhla Industrial Area, Phase 2, New Delhi - 110020"",""Item Type Name"":""Power Bank with 20000mAh"",""Country of Origin"":""India"",""Best Sellers Rank"":""#2,603 in Electronics (See Top 100 in Electronics) #57 in Mobile Portable Power Banks"",""ASIN"":""B0FQVBDKTZ"",""Manufacturer"":""Geonix International Private Limited, Geonix International Private Limited, Geonix International Private Limited, Contact - 9990120066, care@geonix.in, E-45/3, Okhla Industrial Area, Phase 2, New Delhi - 110020""}",amazon
"Ambrane 20000mAh Powerbank with in-Build Type C Cable, 22.5W Fast Charging, USB & Type C",Apple,Power Banks,1499,2799,46,4,16297,https://m.media-amazon.com/images/I/81jOiU+tzWL._AC_UL500_.jpg,https://www.amazon.in/Ambrane-20000mAh-Powerbank-Charging-Delivery/dp/B0DZHGWLBG/ref=sr_1_8?dib=eyJ2IjoiMSJ9.317spcpgAAcy7THilN7_AgeJDAQp1l6PbUKEc5XvF9nraOUriCkhKqZT3pVlnxXra29gVUgNfTtpzr-Lwt69lvhMNAFfAnkxNsXyQjXxzRjsAYlx3GoT1njPmx8eeRpKggrfhlZC0gMZX7NNWrJH-ywyxptiqAnw6Gb3ggbmKRTkzfgJbQRbMSMUpMGv6PKQHPeuRBWaMd_8f2UxA1Tl-4KirGAFk9ekCPrFTeAz3kg.zMjF9QI_oEN4JBWLG2jfgRilZbr87n1GfD-bpUyVcTQ&dib_tag=se&keywords=power+banks+20000mah&qid=1779560199&sr=8-8,"High Capacity: With 20000 mAh, the Stylo N20 delivers ample power to charge your devices multiple times, ensuring continuous power to your devices everywhere | Fast Charging Support: Provides up to 22.5W output for quick charging of smartphones, tablets, and other electronic devices, maximizing convenience on the go! | Broad Protocol Compatibility: Supports PD 3.0, QC 3.0, PPS, and VOOC protocols, making it compatible with a variety of devices for seamless charging. | Quick Recharge Time: Recharges in approximately 5 hours with a 20W PD charger, minimising downtime between uses. | Dual-Port Fu","{""Battery"":""20000 mAh"",""OS"":""Android"",""Connector Type"":""USB Type C"",""Other Special Features of the Product"":""20000mAh Battery Capacity, 22.5W Fast Charging, Dual Output Ports, Multi-layer chipset protection, Quick Charge & Power Delivery Technology, Type C to Type C Inbuilt Cable"",""Power Source"":""Corded Electric"",""Number of Ports"":""2"",""Rapid Charging Performance"":""22.5"",""Portable"":""Yes"",""Compatible Devices"":""Smartphone"",""Antenna Location"":""Phone"",""Colour"":""Green"",""Battery Cell Type"":""Lithium Polymer"",""Item Weight Unit of Measure"":""414 Grams"",""Item Dimensions L x W x Thickness"":""13.6L x 7W x 2.9Th Centimeters"",""Unit Count"":""1 Count"",""Battery Weight"":""270 Grams"",""Brand Name"":""Ambrane"",""Model Name"":""Stylo N20"",""Number of Items"":""1"",""Number of Batteries"":""1 12V batteries required. (included)"",""Warranty Description"":""6 Month Manufacturer Warranty"",""Manufacturer Contact Information"":""Ambrane/Care@ambraneindia.com"",""Packer Contact Information"":""Ambrane/Care@ambraneindia.com"",""Manufacturer"":""Ambrane/Care@ambraneindia.com, Ambrane/Care@ambraneindia.com"",""Importer Contact Information"":""Ambrane India Pvt Ltd / Care@ambraneindia.com"",""Item Type Name"":""Power Bank"",""Country of Origin"":""India"",""Best Sellers Rank"":""#93 in Electronics (See Top 100 in Electronics) #4 in Mobile Portable Power Banks"",""ASIN"":""B0DZHGWLBG""}",amazon
"pTron Dynamo Power 20000mAh 22.5W Super Fast Charging, USB Type-C Input Power Bank with",pTron,Power Banks,1299,4599,72,4.1,58,https://m.media-amazon.com/images/I/51sVuyIolqL._AC_UL500_.jpg,https://www.amazon.in/pTron-Dynamo-Power-20000mAh-Charging/dp/B0GGQ3CZDG/ref=sr_1_9?dib=eyJ2IjoiMSJ9.317spcpgAAcy7THilN7_AgeJDAQp1l6PbUKEc5XvF9nraOUriCkhKqZT3pVlnxXra29gVUgNfTtpzr-Lwt69lvhMNAFfAnkxNsXyQjXxzRjsAYlx3GoT1njPmx8eeRpKggrfhlZC0gMZX7NNWrJH-ywyxptiqAnw6Gb3ggbmKRTkzfgJbQRbMSMUpMGv6PKQHPeuRBWaMd_8f2UxA1Tl-4KirGAFk9ekCPrFTeAz3kg.zMjF9QI_oEN4JBWLG2jfgRilZbr87n1GfD-bpUyVcTQ&dib_tag=se&keywords=power+banks+20000mah&qid=1779560199&sr=8-9,"Stay powered on the go with our 20000mAh power bank. Its large capacity ensures multiple charges for your devices, making it perfect for everyday use/travel. It keeps you connected wherever you are. | Dynamo Power bank Supports 22.5W Fast Wired Charging thru USB-A & 20W Type-C/PD Ports | Built-in Cables to Charge your Devices- 22.5W Fast Charging via Type C Cable & 10W iOs Cable | 4 Charging Outputs: USB-A Port x 1, Type-C/PD Port x 1, Type-C Cable & iOS Cable | You can Charge Multiple Devices Simultaneously, including Smartphones, Tablets, and more | It is Compatible with PD (Power delivery),","{""Battery"":""20000 mAh"",""Connector Type"":""USB Type A, USB Type C"",""Battery Capacity"":""20000"",""Other Special Features of the Product"":""Built In Cable, Digital Display, Fast Charging, Pocket Size, Short Circuit Protection"",""Voltage"":""10 Volts (DC)"",""Power Source"":""Corded Electric"",""Amperage"":""2.25 Amps"",""Number of Ports"":""2"",""Output Current"":""2.25 Amps"",""Rapid Charging Performance"":""50% in 30 min"",""Is Product Cordless"":""Yes"",""Portable"":""Yes"",""Compatible Devices"":""Gaming Console, Headphone, Smartphone, Speaker, Tablet"",""Maximum Output Power"":""22.5 Watts"",""Output Wattage"":""22.5 Watts"",""Antenna Location"":""Camera, Gaming Controller, Phone, Tablet, Watch"",""Warranty Type"":""Limited"",""Item Weight Unit of Measure"":""420 Grams"",""Item Dimensions L x W x Thickness"":""14.3L x 6.9W x 3.1Th Centimeters"",""Unit Count"":""1 Count"",""Battery Weight"":""190 Grams"",""Brand Name"":""pTron"",""Model Number"":""Dynamo Power"",""Number of Items"":""1"",""Box Contents"":""Built in Cables"",""Manufacturer Part Number"":""Dynamo Power"",""Number of Batteries"":""2 9V batteries required. (included)"",""Warranty Description"":""1 Year Manufacturer"",""Manufacturer Contact Information"":""SY.NO. 56, 1ST FLOOR, GUNDLAPOCHAMPALLY VILLAGE, TECH PARK MTP, TSIIC-IALA NACHARAM, HYDERABAD - 500076, TELANGANA, INDIA | Customer care contact details: 040-67138888/support@ptron.in"",""Packer Contact Information"":""Palred Electronics Pvt. Ltd., SY.NO. 56, 1ST FLOOR, GUNDLAPOCHAMPALLY VILLAGE, TECH PARK MTP, TSIIC-IALA NACHARAM, HYDERABAD - 500076, TELANGANA, INDIA"",""Item Type Name"":""Power Bank"",""Country of Origin"":""India"",""Best Sellers Rank"":""#1,042 in Electronics (See Top 100 in Electronics) #26 in Mobile Portable Power Banks"",""ASIN"":""B0GGQ3CZDG"",""Colour"":""Jet Black"",""Battery Cell Type"":""Lithium Polymer"",""Manufacturer"":""Palred Electronics Pvt. Ltd., SY.NO. 56, 1ST FLOOR, GUNDLAPOCHAMPALLY VILLAGE, TECH PARK MTP, TSIIC-IALA NACHARAM, HYDERABAD - 500076, TELANGANA, INDIA | Customer care contact details: 040-67138888/support@ptron.in""}",amazon
"Ambrane 20000mAh Pocket Size Power Bank with Inbuilt Type-C Cable, 22.5W Fast Charging,",Apple,Power Banks,1698,3800,55,4.2,1492,https://m.media-amazon.com/images/I/61486iNa8dL._AC_UL500_.jpg,https://www.amazon.in/Ambrane-20000mAh-Powerbank-Charging-MiniCharge/dp/B0FDL2BFP7/ref=sr_1_10?dib=eyJ2IjoiMSJ9.317spcpgAAcy7THilN7_AgeJDAQp1l6PbUKEc5XvF9nraOUriCkhKqZT3pVlnxXra29gVUgNfTtpzr-Lwt69lvhMNAFfAnkxNsXyQjXxzRjsAYlx3GoT1njPmx8eeRpKggrfhlZC0gMZX7NNWrJH-ywyxptiqAnw6Gb3ggbmKRTkzfgJbQRbMSMUpMGv6PKQHPeuRBWaMd_8f2UxA1Tl-4KirGAFk9ekCPrFTeAz3kg.zMjF9QI_oEN4JBWLG2jfgRilZbr87n1GfD-bpUyVcTQ&dib_tag=se&keywords=power+banks+20000mah&qid=1779560199&sr=8-10,"🔋 High-Capacity 20000 mAh Power Bank Reliable backup power to charge your smartphone, tablet or wireless earbuds multiple times on the go. | ⚡ 22.5W Fast Charging Output Delivers rapid charging via PD & USB output ports — quickly power up devices when you’re in a hurry. | 🔌 Built-in Type-C Charging Cable No need to carry extra cables — integrated Type-C cable makes charging easy and clutter-free. | 📱 Dual Device Support Charge two devices simultaneously using USB and Type-C outputs — efficient and convenient. | 🧳 Compact & Travel-Friendly Design Lightweight pocket size is perfect for daily","{""Battery"":""20000 mAh"",""OS"":""Android"",""Connector Type"":""USB Type C"",""Other Special Features of the Product"":""Built In Cable, Fast Charging, Lightweight, Pocket Size, Slim, Wireless Charging"",""Power Source"":""Corded Electric"",""Number of Ports"":""2"",""Rapid Charging Performance"":""22.5"",""Compatible Devices"":""Smartphone"",""Antenna Location"":""Phone"",""Colour"":""Navy Blue"",""Battery Cell Type"":""Lithium Polymer"",""Item Weight Unit of Measure"":""320 Grams"",""Item Dimensions L x W x Thickness"":""12L x 9.3W x 2Th Centimeters"",""Unit Count"":""1 Count"",""Battery Weight"":""200 Grams"",""Brand Name"":""Ambrane"",""Number of Items"":""1"",""Number of Batteries"":""1 12V batteries required. (included)"",""Warranty Description"":""6 Month Manufacturer Warranty"",""Manufacturer Contact Information"":""Ambrane/Care@ambraneindia.com"",""Packer Contact Information"":""Ambrane/Care@ambraneindia.com"",""Manufacturer"":""Ambrane/Care@ambraneindia.com, Ambrane/Care@ambraneindia.com"",""Importer Contact Information"":""‎Ambrane/Care@ambraneindia.com"",""Item Type Name"":""Power Bank"",""Country of Origin"":""India"",""Best Sellers Rank"":""#135 in Electronics (See Top 100 in Electronics) #7 in Mobile Portable Power Banks"",""ASIN"":""B0FDL2BFP7""}",amazon
URBN 20000 mAh Premium Edition Nano Power Bank,URBN,Power Banks,1499,4999,70,4.2,2321,https://m.media-amazon.com/images/I/71NCm2PnazL._AC_UL500_.jpg,https://www.amazon.in/URBN-Premium-Charging-Delivery-Two-Way/dp/B0BXSR4ZBD/ref=sr_1_13?dib=eyJ2IjoiMSJ9.317spcpgAAcy7THilN7_AgeJDAQp1l6PbUKEc5XvF9nraOUriCkhKqZT3pVlnxXra29gVUgNfTtpzr-Lwt69lvhMNAFfAnkxNsXyQjXxzRjsAYlx3GoT1njPmx8eeRpKggrfhlZC0gMZX7NNWrJH-ywyxptiqAnw6Gb3ggbmKRTkzfgJbQRbMSMUpMGv6PKQHPeuRBWaMd_8f2UxA1Tl-4KirGAFk9ekCPrFTeAz3kg.zMjF9QI_oEN4JBWLG2jfgRilZbr87n1GfD-bpUyVcTQ&dib_tag=se&keywords=power+banks+20000mah&qid=1779560199&sr=8-13,"Small Size, Big Power: Our Nano Power Bank is the smallest and most compact power bank available in the market today. Despite its compact size, this power bank packs a punch with 20000 mAh of power. Whether you're traveling, camping, or simply on the go, this power bank will ensure you never run out of battery again! | Ultra-Fast Dual Type C Power Delivery: Our power bank features Dual Type C Power Delivery (PD) output and 1 USB output for Quick Charge, delivering ultra-fast charging speeds for your devices. With 50% faster Two-Way Fast Charge, you can recharge your power bank in no time, ensu","{""Battery"":""20000 mAh"",""Connector Type"":""USB Type C"",""Battery Capacity"":""20000"",""Other Special Features of the Product"":""Fast Charging, LED Indicator Lights, Pocket Size, Slim"",""Voltage"":""5 Volts"",""Power Source"":""Battery Powered"",""Amperage"":""2.4 Amps"",""Number of Ports"":""2"",""Output Current"":""3.4 Amps"",""Rapid Charging Performance"":""50 Percent charge in 30 minutes"",""Battery Charge Time"":""12 Hours"",""Is Product Cordless"":""Yes"",""Portable"":""Yes"",""Compatible Devices"":""Headphone, Smartphone, Smartwatch, Speaker, Tablet"",""Reusability"":""Rechargeable"",""Antenna Location"":""Camera, Phone, Smartphones, Tablet, Watch"",""Warranty Type"":""Limited"",""Colour"":""Black"",""Battery Cell Type"":""Lithium Polymer"",""Brand Name"":""URBN"",""Model Name"":""Nano"",""Model Number"":""UPR208"",""Global Trade Identification Number"":""08906130401194"",""Number of Items"":""1"",""Box Contents"":""1 Main Unit, 1 USB Cable, 1 User Manual, 1 Warranty Card"",""Manufacturer Part Number"":""UPR208"",""Number of Batteries"":""2 Lithium Polymer batteries required."",""Warranty Description"":""1 Year Replacement Warrnty"",""Manufacturer Contact Information"":""ACETRON TECH VENTURES PVT LTD Rajprabha Enclave, Building No. 6, Unit No. 111&112, 1st Floor, Bhoidapada, Sativali Road, Vasai (E) Pin code : - 401208"",""Packer Contact Information"":""ACETRON TECH VENTURES PVT LTD Rajprabha Enclave, Building No. 6, Unit No. 111&112, 1st Floor, Bhoidapada, Sativali Road, Vasai (E) Pin code : - 401208"",""Manufacturer"":""ACETRON TECH VENTURES PVT LTD, ACETRON TECH VENTURES PVT LTD Rajprabha Enclave, Building No. 6, Unit No. 111&112, 1st Floor, Bhoidapada, Sativali Road, Vasai (E) Pin code : - 401208"",""Item Type Name"":""Power Bank"",""Country of Origin"":""India"",""Best Sellers Rank"":""#232 in Electronics (See Top 100 in Electronics) #10 in Mobile Portable Power Banks"",""ASIN"":""B0BXSR4ZBD"",""Item Weight Unit of Measure"":""213 Grams"",""Item Dimensions L x W x Thickness"":""10.5L x 7W x 2.5Th Centimeters"",""Unit Count"":""1 Count"",""Item Dimensions"":""10.8 x 2.8 x 6.9 Centimeters"",""Battery Weight"":""181 Grams"",""Compatible Phone Models"":""Apple iPhone 14, 14 Pro, 14 Pro Max, 13, iPhone 12, iPhone 11, OnePlus 10T, OnePlus Nord CE 2 Lite 5G,OPPO F21 Pro,Xiaomi Redmi Note 11 Pro,Samsung Galaxy M53 5G,Vivo T1 Pro 5G,Realme GT Neo 3 5G,OnePlus 10 Pro,OnePlus Nord CE 2 5G,iQOO Z6 Pro,Moto g52,Samsung Galaxy A73 5G,OnePlus Nord 2,Samsung Galaxy S22 Ultra,Samsung Galaxy M33 5G,Realme 9 Pro Plus,Xiaomi Redmi Note 10S,Vivo V20,Samsung Galaxy F23 5G,Realme 8,Samsung Galaxy M52 5G,Xiaomi Redmi 10A,Samsung Galaxy M32,Xiaomi Redmi Note 10 Pro,Samsung Galaxy A53 5G,Samsung Galaxy F12,Vivo V23 5G,, Charging protocols for PD3.0/PPS (Apple, Pixel, Samsung) / AFC (Samsung) / QC 3.0 (Nokia, HTC, MI) / VOOC (OPPO, realme, Reno) / Super Charge (Vivo) / Superfast (Huawei) / PD3.0 (Dash for OnePlus - Charging Rapidly)""}",amazon
"Boat Energyshroom PB400 Pro 20000 mAh 22.5W Pocket Size, Compact Power Bank, Fast",Apple,Power Banks,1998,4999,60,4.2,1973,https://m.media-amazon.com/images/I/61AErPaUAPL._AC_UL500_.jpg,https://www.amazon.in/boAt-Energyshroom-Compatible-Smartphones-Smartwatch/dp/B0DFGZW6JG/ref=sr_1_14?dib=eyJ2IjoiMSJ9.317spcpgAAcy7THilN7_AgeJDAQp1l6PbUKEc5XvF9nraOUriCkhKqZT3pVlnxXra29gVUgNfTtpzr-Lwt69lvhMNAFfAnkxNsXyQjXxzRjsAYlx3GoT1njPmx8eeRpKggrfhlZC0gMZX7NNWrJH-ywyxptiqAnw6Gb3ggbmKRTkzfgJbQRbMSMUpMGv6PKQHPeuRBWaMd_8f2UxA1Tl-4KirGAFk9ekCPrFTeAz3kg.zMjF9QI_oEN4JBWLG2jfgRilZbr87n1GfD-bpUyVcTQ&dib_tag=se&keywords=power+banks+20000mah&qid=1779560199&sr=8-14,"20000mAh Capacity: With a powerful 20000mAh capacity and smart power management, the boAt EnergyShroom PB400 Pro Power bank can charge your devices when required, for continuous use. | 1x Input Port & 3x Output Ports: Charge your devices with the Type-C 2-way port that supports both input and output and two USB-A output ports for non-stop performance. | 2-Way 22.5W Fast Charging: Get swift 2-Way 22.5W charging, including Quick Charge 3.0, Power Delivery, and PPS support with the EnergyShroom PB400. | Compact and Lightweight: Bring this power bank to the office, gym, vacations, etc., without ha","{""Battery"":""20000 mAh"",""OS"":""Android"",""Connector Type"":""USB Type C"",""Battery Capacity"":""20000"",""Other Special Features of the Product"":""Fast Charging"",""Voltage"":""22.5 Volts"",""Power Source"":""Battery Powered"",""Number of Ports"":""3"",""Rapid Charging Performance"":""22.5w"",""Portable"":""Yes"",""Compatible Devices"":""Headphone, Smartphone, Smartwatch, Speaker"",""Antenna Location"":""Smart watch, Smartphones"",""Colour"":""Steel Blue"",""Battery Cell Type"":""Lithium Polymer"",""Item Weight Unit of Measure"":""325 Grams"",""Item Dimensions L x W x Thickness"":""9.3L x 6.5W x 3.1Th Centimeters"",""Unit Count"":""1 Count"",""Battery Weight"":""256 Grams"",""Brand Name"":""boAt"",""Model Name"":""Energyshroom PB"",""Number of Items"":""2"",""Number of Batteries"":""2 Lithium Polymer batteries required. (included)"",""Warranty Description"":""1 year"",""Manufacturer Contact Information"":""info@imaginemarketingindia.com"",""Packer Contact Information"":""Imagine Marketing Limited Unit no. 204 & 205, 2nd floor, D-wing & E-wing, Corporate Avenue, Andheri Ghatkopar Link Road Mumbai Mumbai City MH 400093 IN"",""Manufacturer"":""info@imaginemarketingindia.com, ‎‎‎‎‎Imagine Marketing Ltd."",""Importer Contact Information"":""Imagine Marketing Limited Unit no. 204 & 205, 2nd floor, D-wing & E-wing, Corporate Avenue, Andheri Ghatkopar Link Road Mumbai Mumbai City MH 400093 IN"",""Item Type Name"":""Powerbank"",""Country of Origin"":""India"",""Best Sellers Rank"":""#375 in Electronics (See Top 100 in Electronics) #12 in Mobile Portable Power Banks"",""ASIN"":""B0DFGZW6JG""}",amazon
"Boat Energyshroom PB435 20000 mAh 35W Super Fast Charging Power Bank, Smart 12 Layer",Apple,Power Banks,2099,5499,62,4,2357,https://m.media-amazon.com/images/I/71PuFMeRZML._AC_UL500_.jpg,https://www.amazon.in/boAt-Launched-20000mAh-Protection-Aluminium/dp/B0F48D1KB2/ref=sr_1_15?dib=eyJ2IjoiMSJ9.317spcpgAAcy7THilN7_AgeJDAQp1l6PbUKEc5XvF9nraOUriCkhKqZT3pVlnxXra29gVUgNfTtpzr-Lwt69lvhMNAFfAnkxNsXyQjXxzRjsAYlx3GoT1njPmx8eeRpKggrfhlZC0gMZX7NNWrJH-ywyxptiqAnw6Gb3ggbmKRTkzfgJbQRbMSMUpMGv6PKQHPeuRBWaMd_8f2UxA1Tl-4KirGAFk9ekCPrFTeAz3kg.zMjF9QI_oEN4JBWLG2jfgRilZbr87n1GfD-bpUyVcTQ&dib_tag=se&keywords=power+banks+20000mah&qid=1779560199&sr=8-15,"20000mAh Capacity: Designed for extended use, the PB435 Turbo features a 20000mAh battery—delivering significantly more power than standard 10000mAh units. Ideal for travel, work, or emergency use, it provides multiple charges for smartphones and tablets | 35W 2-Way Fast Charging Technology: Equipped with Quick Charge 3.0, Power Delivery, and Programmable Power Supply (PPS), the PB435 Turbo enables rapid and efficient charging for a wide range of devices. | Triple Output & Dual Input Configuration: With 2 USB-A outputs, 1 Micro-USB input and a 2-way Type-C (output/input), the PB435 Turbo suppo","{""Battery"":""20000 mAh"",""OS"":""Android"",""Connector Type"":""Micro USB, USB Type A, USB Type C"",""Other Special Features of the Product"":""Fast Charging, Scratch Resistant, Short Circuit Protection"",""Voltage"":""3.7 Volts"",""Power Source"":""Corded Electric"",""Number of Ports"":""4"",""Output Current"":""1.5 Amps, 1.67 Amps, 2 Amps, 2.22 Amps, 3 Amps, 4.5 Amps"",""Rapid Charging Performance"":""35"",""Battery Charge Time"":""3.5 Hours"",""Portable"":""Yes"",""Compatible Devices"":""Smartphone"",""Compatible Cellular Phone Models"":""Apple iPhone 16, Apple iPhone 16 Pro, OnePlus 12, Samsung Galaxy S24"",""Number of Outlets"":""3"",""Antenna Location"":""Phone"",""Colour"":""Onyx Black"",""Battery Cell Type"":""Lithium Ion"",""Brand Name"":""boAt"",""Model Name"":""EnergyShroom PB435 Turbo 35W"",""Number of Items"":""3"",""Number of Batteries"":""1 12V batteries required. (included)"",""Warranty Description"":""1 year warranty from the date of purchase"",""Manufacturer Contact Information"":""Imagine Marketing Ltd"",""Packer Contact Information"":""Imagine Marketing Ltd"",""Manufacturer"":""Imagine Marketing Ltd, Imagine Marketing Ltd"",""Importer Contact Information"":""Imagine Marketing Ltd"",""Item Type Name"":""Powerbank"",""Country of Origin"":""India"",""Best Sellers Rank"":""#542 in Electronics (See Top 100 in Electronics) #17 in Mobile Portable Power Banks"",""ASIN"":""B0F48D1KB2"",""Item Weight Unit of Measure"":""220 Grams"",""Item Dimensions L x W x Thickness"":""15L x 7W x 3Th Centimeters"",""Unit Count"":""1 Count"",""Battery Weight"":""169 Grams""}",amazon
Portronics Power Shutter 20000mAh 15W Magnetic Wireless Fast Charging Powerbank with,Portronics,Power Banks,1848,5999,69,4.1,712,https://m.media-amazon.com/images/I/61esBrKqyLL._AC_UL500_.jpg,https://www.amazon.in/Portronics-20000mAh-Magnetic-Powerbank-Bidirectional/dp/B0FG3CT94S/ref=sr_1_16?dib=eyJ2IjoiMSJ9.317spcpgAAcy7THilN7_AgeJDAQp1l6PbUKEc5XvF9nraOUriCkhKqZT3pVlnxXra29gVUgNfTtpzr-Lwt69lvhMNAFfAnkxNsXyQjXxzRjsAYlx3GoT1njPmx8eeRpKggrfhlZC0gMZX7NNWrJH-ywyxptiqAnw6Gb3ggbmKRTkzfgJbQRbMSMUpMGv6PKQHPeuRBWaMd_8f2UxA1Tl-4KirGAFk9ekCPrFTeAz3kg.zMjF9QI_oEN4JBWLG2jfgRilZbr87n1GfD-bpUyVcTQ&dib_tag=se&keywords=power+banks+20000mah&qid=1779560199&sr=8-16,"Wireless Charging On-the-Go: Experience true convenience with built-in 15W wireless fast charging. Simply place your Qi-enabled phone on the surface—no cables, no clutter, just seamless power. | Massive 20000mAh Capacity: This high-capacity wireless power bank lets you charge smartphones, tablets, earbuds, and more multiple times—ideal for travel, work, or emergency use. | 22.5W Dual Output for Fast Charging: Features USB and Type-C outputs with 22.5W total output for lightning-fast wired charging across Android, iOS, and other USB-C devices. | Magnetic Wireless Power Bank with Built-in Cable:","{""Battery"":""20000 mAh"",""Connector Type"":""USB Type C"",""Battery Capacity"":""20000 Milliamp Hours"",""Other Special Features of the Product"":""20000mAh Wireless Powerbank, 22.5W Wired Output, Bidirectional Type C Port, In-Built Type C & 8 Pin Cable, Wireless Charging"",""Power Source"":""Battery Powered"",""Number of Ports"":""1"",""Rapid Charging Performance"":""15"",""Compatible Devices"":""Smartphone"",""Antenna Location"":""Smartphones"",""Colour"":""Black"",""Battery Cell Type"":""Lithium Polymer"",""Item Weight Unit of Measure"":""370 Grams"",""Item Dimensions L x W x Thickness"":""14L x 10.8W x 3.8Th Centimeters"",""Unit Count"":""1 Count"",""Battery Weight"":""2 Grams"",""Brand Name"":""Portronics"",""Model Name"":""Power Shutter 20K"",""Model Number"":""POR-3016"",""Box Contents"":""Powerbank 1N, Documentation 1N, Charging Cable 1N"",""Manufacturer Part Number"":""POR-3016"",""Number of Batteries"":""1 Nonstandard Battery batteries required. (included)"",""Warranty Description"":""1 Year"",""Manufacturer Contact Information"":""Portronics Digital Pvt ltd Contact - help@portronics.com, +91 9555-245-245 First Floor Property No D 8 Upper Basement Sector 8 Noida Uttar Pradesh 201301"",""Packer Contact Information"":""Portronics Digital Pvt ltd Contact - help@portronics.com, +91 9555-245-245 First Floor Property No D 8 Upper Basement Sector 8 Noida Uttar Pradesh 201301"",""Manufacturer"":""Portronics Digital Pvt ltd Contact - help@portronics.com, +91 9555-245-245 First Floor Property No D 8 Upper Basement Sector 8 Noida Uttar Pradesh 201301, Portronics Digital Pvt. Ltd."",""Item Type Name"":""Power Bank"",""Country of Origin"":""India"",""Best Sellers Rank"":""#102 in Electronics (See Top 100 in Electronics) #5 in Mobile Portable Power Banks"",""ASIN"":""B0FG3CT94S""}",amazon
"Geonix Helio R200 | 22.5W Power Bank with 20000mAh Battery, 22.5W Fast Charging |",Geonix,Power Banks,749,1999,63,3.9,37,https://m.media-amazon.com/images/I/71fINUHZqyL._AC_UL500_.jpg,https://www.amazon.in/20000mAh-Charging-12-Layer-Protection-Warranty/dp/B0FQV5GKQD/ref=sr_1_17?dib=eyJ2IjoiMSJ9.317spcpgAAcy7THilN7_AgeJDAQp1l6PbUKEc5XvF9nraOUriCkhKqZT3pVlnxXra29gVUgNfTtpzr-Lwt69lvhMNAFfAnkxNsXyQjXxzRjsAYlx3GoT1njPmx8eeRpKggrfhlZC0gMZX7NNWrJH-ywyxptiqAnw6Gb3ggbmKRTkzfgJbQRbMSMUpMGv6PKQHPeuRBWaMd_8f2UxA1Tl-4KirGAFk9ekCPrFTeAz3kg.zMjF9QI_oEN4JBWLG2jfgRilZbr87n1GfD-bpUyVcTQ&dib_tag=se&keywords=power+banks+20000mah&qid=1779560199&sr=8-17,,"{""Battery"":""20000 mAh"",""Processor"":""Helio R200"",""_inline"":""50+ bought in past month · M.R.P: · FREE delivery Mon, 25 May""}",amazon
URBN 20000mAh 35W Turbo Fast Charging Power Bank,Apple,Power Banks,1699,3999,58,4,943,https://m.media-amazon.com/images/I/81SQK55b3eL._AC_UL500_.jpg,https://www.amazon.in/URBN-20000mAh-Charging-Compatible-Pass-Through/dp/B0F4RB36ZW/ref=sr_1_18?dib=eyJ2IjoiMSJ9.317spcpgAAcy7THilN7_AgeJDAQp1l6PbUKEc5XvF9nraOUriCkhKqZT3pVlnxXra29gVUgNfTtpzr-Lwt69lvhMNAFfAnkxNsXyQjXxzRjsAYlx3GoT1njPmx8eeRpKggrfhlZC0gMZX7NNWrJH-ywyxptiqAnw6Gb3ggbmKRTkzfgJbQRbMSMUpMGv6PKQHPeuRBWaMd_8f2UxA1Tl-4KirGAFk9ekCPrFTeAz3kg.zMjF9QI_oEN4JBWLG2jfgRilZbr87n1GfD-bpUyVcTQ&dib_tag=se&keywords=power+banks+20000mah&qid=1779560199&sr=8-18,"35W Turbo Fast Charging — Power That Keeps Pace with You: Charge your MacBook Air up to 40% in just 30 minutes, iPhone 16 to 60%, and Samsung S24 Ultra to 50% — all with blazing speed thanks to QC+PD compatibility. | Massive 20,000mAh Capacity, Compact Convenience: Stay powered for days with enough juice to charge laptops, smartphones, tablets, and more — all in a sleek, travel-friendly design that fits your lifestyle. | Dual Output & Two-Way Fast Charging: Equipped with both USB-C & USB-A ports, enjoy the flexibility to charge two devices simultaneously while recharging the power bank itself ","{""Battery"":""20000 mAh"",""OS"":""Android"",""Connector Type"":""USB Type C"",""Battery Capacity"":""20000"",""Other Special Features of the Product"":""Fast Charging, LED Indicator Lights, Over Charging Protection, Short Circuit Protection, Wireless Charging"",""Power Source"":""Battery Powered"",""Number of Ports"":""2"",""Rapid Charging Performance"":""50 Percent charge in 30 minutes"",""Battery Charge Time"":""1.5 Hours"",""Is Product Cordless"":""Yes"",""Portable"":""Yes"",""Compatible Devices"":""Headphone, Laptop, Smartphone, Smartwatch, Speaker"",""Compatible Cellular Phone Models"":""Apple iPhone 16"",""Reusability"":""Rechargeable"",""Number of Outlets"":""2"",""Antenna Location"":""Phone"",""Warranty Type"":""Limited"",""Colour"":""Black"",""Battery Cell Type"":""Lithium Polymer"",""Brand Name"":""URBN"",""Model Name"":""UPR213"",""Model Number"":""UPR215"",""Number of Items"":""1"",""Box Contents"":""1 Main Unit, 1 USB Cable, 1 User Manual, 1 Warranty Card"",""Manufacturer Part Number"":""UPR215"",""Number of Batteries"":""1 9V batteries required. (included)"",""Warranty Description"":""6 Months Replacement Warranty"",""Manufacturer Contact Information"":""Veeflex Electrikials Private Limited, Rajprabha Enclave, Building No. 6, Unit No. 209&210, 1st Floor, Bhoidapada, Sativali Road, Vasai (E) Pin code : - 401208"",""Packer Contact Information"":""ACETRON TECH VENTURES PVT LTD Rajprabha Enclave, Building No. 6, Unit No. 111&112, 1st Floor, Bhoidapada, Sativali Road, Vasai (E) Pin code : - 401208"",""Manufacturer"":""ACETRON TECH VENTURES PVT LTD, Veeflex Electrikials Private Limited, Rajprabha Enclave, Building No. 6, Unit No. 209&210, 1st Floor, Bhoidapada, Sativali Road, Vasai (E) Pin code : - 401208"",""Item Type Name"":""Power Bank"",""Country of Origin"":""India"",""Best Sellers Rank"":""#640 in Electronics (See Top 100 in Electronics) #20 in Mobile Portable Power Banks"",""ASIN"":""B0F4RB36ZW"",""Item Weight Unit of Measure"":""405 Grams"",""Item Dimensions L x W x Thickness"":""13.8L x 6.8W x 2.8Th Centimeters"",""Unit Count"":""1 Count"",""Battery Weight"":""405 Grams""}",amazon
Stuffcool Major Ultra 65W PD Super Fast USB Charging 20000Mah Laptop Powerbank Supports,Apple,Power Banks,2799,4999,44,4,556,https://m.media-amazon.com/images/I/51ERIm74MAL._AC_UL500_.jpg,https://www.amazon.in/Stuffcool-Major-Ultra-Charging-Powerbank/dp/B0D5JKBJTQ/ref=sr_1_19?dib=eyJ2IjoiMSJ9.317spcpgAAcy7THilN7_AgeJDAQp1l6PbUKEc5XvF9nraOUriCkhKqZT3pVlnxXra29gVUgNfTtpzr-Lwt69lvhMNAFfAnkxNsXyQjXxzRjsAYlx3GoT1njPmx8eeRpKggrfhlZC0gMZX7NNWrJH-ywyxptiqAnw6Gb3ggbmKRTkzfgJbQRbMSMUpMGv6PKQHPeuRBWaMd_8f2UxA1Tl-4KirGAFk9ekCPrFTeAz3kg.zMjF9QI_oEN4JBWLG2jfgRilZbr87n1GfD-bpUyVcTQ&dib_tag=se&keywords=power+banks+20000mah&qid=1779560199&sr=8-19,"[Supercharge Your Devices with the Major Ultra 65W PD Powerbank]:Experience unprecedented charging speeds with the Major Ultra 65W PD Super Fast Charging 20000mAh Powerbank. Its 65W PD output ensures you can power up your MacBook Air, MacBook Pro, and compatible type C laptops anytime, anywhere. Say hello to speed and goodbye to long waits – the future of charging is here! Note - It delivers standard charging speeds for Oppo, Vivo, and OnePlus phones but does not support fast charging protocols like SuperVOOC or Warp Charge. | [Experience the Speed of Samsung Super Fast Charging 2.0 Technology","{""Battery"":""20000 mAh"",""Connector Type"":""USB Type C"",""Battery Capacity"":""20000 Milliamp Hours"",""Other Special Features of the Product"":""Lightweight"",""Power Source"":""Corded Electric"",""Amperage"":""5 Amps"",""Number of Ports"":""4"",""Output Current"":""5 Amps"",""Rapid Charging Performance"":""Charges iPhones and Pixels 50% in 30 mins | Supports Super Fast Charging 2.0"",""Battery Charge Time"":""3.5 Hours"",""Compatible Devices"":""Camera, Laptop, Smartphone"",""Antenna Location"":""Gaming Console, Tablet, iPad, iPhone"",""Colour"":""Silver"",""Battery Cell Type"":""Lithium Polymer"",""Item Weight Unit of Measure"":""380 Grams"",""Item Dimensions L x W x Thickness"":""14L x 6.8W x 2.9Th Centimeters"",""Unit Count"":""1.0 Count"",""Battery Weight"":""380 Grams"",""Brand Name"":""Stuffcool"",""Model Name"":""Major Ultra"",""Model Number"":""Major Ultra"",""Number of Items"":""2"",""Manufacturer Part Number"":""Major Ultra"",""Number of Batteries"":""2 Lithium Polymer batteries required. (included)"",""Warranty Description"":""6 Months Warranty"",""Manufacturer Contact Information"":""Nissan Enterprises Limited, B41 Giriraj Industrial Estate, Mahakali Caves Road, Andheri E, Mumbai 400093, support@stuffcool.com"",""Packer Contact Information"":""Nissan Enterprises Limited, B41 Giriraj Industrial Estate, Mahakali Caves Road, Andheri E, Mumbai 400093, support@stuffcool.com"",""Manufacturer"":""Nissan Enterprises Limited, Nissan Enterprises Limited, B41 Giriraj Industrial Estate, Mahakali Caves Road, Andheri E, Mumbai 400093, support@stuffcool.com"",""Importer Contact Information"":""Nissan Enterprises Limited, B41 Giriraj Industrial Estate, Mahakali Caves Road, Andheri E, Mumbai 400093, support@stuffcool.com"",""Item Type Name"":""powerbank, cable"",""Country of Origin"":""India"",""Best Sellers Rank"":""#1,234 in Electronics (See Top 100 in Electronics) #29 in Mobile Portable Power Banks"",""ASIN"":""B0D5JKBJTQ""}",amazon
Lifelong Electronics 20000mAh 22.5W Fast Charging Power Bank,Lifelong,Power Banks,1889,3999,53,4.1,2199,https://m.media-amazon.com/images/I/61cZNKJdJ4L._AC_UL500_.jpg,https://www.amazon.in/Lifelong-ZenCharge-Compact-Lithium-Charging/dp/B0D5HTDWSC/ref=sr_1_20?dib=eyJ2IjoiMSJ9.317spcpgAAcy7THilN7_AgeJDAQp1l6PbUKEc5XvF9nraOUriCkhKqZT3pVlnxXra29gVUgNfTtpzr-Lwt69lvhMNAFfAnkxNsXyQjXxzRjsAYlx3GoT1njPmx8eeRpKggrfhlZC0gMZX7NNWrJH-ywyxptiqAnw6Gb3ggbmKRTkzfgJbQRbMSMUpMGv6PKQHPeuRBWaMd_8f2UxA1Tl-4KirGAFk9ekCPrFTeAz3kg.zMjF9QI_oEN4JBWLG2jfgRilZbr87n1GfD-bpUyVcTQ&dib_tag=se&keywords=power+banks+20000mah&qid=1779560199&sr=8-20,"🔋20000 mAh Capacity: Stay powered on the go with our 20000mAh power bank, offering a high battery capacity so you can charge your devices multiple times. Perfect for daily use or travel. | 🔌 3 Input & 6 Output Ports: Equipped with 3 inputs and 6 output ports, this power bank ensures you can charge multiple devices simultaneously, including smartphones, tablets, and more. | ⚡High-Speed Charging: Advanced technology delivers fast and efficient charging for your devices. The power bank comes equipped with quick charge PD 3.0 technology, which ensures your devices power up rapidly. | 📱Multi-dev","{""Battery"":""20000 mAh"",""Connector Type"":""USB Type C"",""Battery Capacity"":""20000"",""Other Special Features of the Product"":""Built In Cable, Digital Display, Fast Charging, Pocket Size"",""Voltage"":""9 Volts"",""Power Source"":""Corded Electric"",""Number of Ports"":""6"",""Rapid Charging Performance"":""22.5w"",""Portable"":""Yes"",""Compatible Devices"":""Headphone, Smartphone, Smartwatch"",""Compatible Cellular Phone Models"":""Apple iPhone 12, Apple iPhone 13, Samsung Galaxy S22 5G, Samsung Galaxy S8"",""Number of Outlets"":""6"",""Antenna Location"":""Smart watch, Smartphones, Tablet"",""Warranty Type"":""Limited"",""Colour"":""Blue"",""Battery Cell Type"":""Lithium Polymer"",""Item Weight Unit of Measure"":""250 Grams"",""Item Dimensions L x W x Thickness"":""18L x 70W x 70Th Millimeters"",""Unit Count"":""1 Count"",""Battery Weight"":""2.5 Grams"",""Brand Name"":""Lifelong"",""Model Name"":""Powerbank"",""Model Number"":""LLPBVA21"",""Global Trade Identification Number"":""08904385427273"",""Number of Items"":""1"",""Manufacturer Part Number"":""LLPBVA21"",""Number of Batteries"":""1 12V batteries required."",""Warranty Description"":""6 Months"",""Importer Contact Information"":""Lifelong Online Pvt. Ltd."",""Item Type Name"":""PowerBank"",""Country of Origin"":""India"",""Best Sellers Rank"":""#127 in Electronics (See Top 100 in Electronics) #6 in Mobile Portable Power Banks"",""ASIN"":""B0D5HTDWSC"",""Manufacturer Contact Information"":""Marketed by Lifelong Online Retail Private Limited, 5th Floor, Unit No. 508, DLF South Court, Saket District Center, Saket New Delhi, India - 110017 Tel: +91 9711558877, Email: customercare@lifelongonline.com"",""Packer Contact Information"":""Marketed by Lifelong Online Retail Private Limited, 5th Floor, Unit No. 508, DLF South Court, Saket District Center, Saket New Delhi, India - 110017 Tel: +91 9711558877, Email: customercare@lifelongonline.com"",""Manufacturer"":""Lifelong Online Retail Pvt Ltd, Marketed by Lifelong Online Retail Private Limited, 5th Floor, Unit No. 508, DLF South Court, Saket District Center, Saket New Delhi, India - 110017 Tel: +91 9711558877, Email: customercare@lifelongonline.com""}",amazon
Sony New Alpha ILCE-6100X (Previously ILCE-6100Y) with Upgraded SELP1650 (Ver 2) Power,Sony,Cameras,76490,89990,15,4.6,87,https://m.media-amazon.com/images/I/71SsP7PGEVL._AC_UL500_.jpg,https://www.amazon.in/Sony-ILCE-6100X-Previously-ILCE-6100Y-Upgraded/dp/B0DTK5596V/ref=sr_1_3?dib=eyJ2IjoiMSJ9.n987CI7ubIIGzIKdaWtWFRTegteLeofmByseAammG-vP05PUjFgosxGy5-fwYhsgGm_Tc5m2Mkd6vp50v7wVWHEJE9hz6-Fd6OvgekOW8wpm1x4Y-bKkRGnCyivq7QzW8AGcD8_1ZikgHdbQ2J2ZDD37RkHRngRbA6AxBgHi28uFQVqhXQSGwi5sRefcd6kYIfn2UifVBvc9QWvyY4U-TwLqiTFdXUOOwBGd5kkM7eo.akv4PTeI9ws8rx5ycRPHzq0_5-VoyhABTMXAmgAnGM0&dib_tag=se&keywords=dslr+camera&qid=1779560207&sr=8-3,"APS-C size, 24.2-megapixel ExmorTM CMOS sensor | 4K movie recording in high-bit-rate XAVC S format | Unparalleled Autofocus performance for breathtaking shots | 2+1 Year Extended warranty on registration on Alpha Community | Reliable Real-time Eye AF for better portrait shots || ILCE-6100 comes with Exmor CMOS image Sensor, implemented with the latest BIONZ X image processor, It offers a lightning fast autofocus time of 0.02 seconds with Real-time Eye AF offers AI based object recognition, resulting in improved accuracy, speed and tracking performance for both human and ani","{""Compatible Mountings"":""Sony E"",""Aspect Ratio"":""4:3"",""Sensor Type"":""CMOS"",""File Format"":""JPEG"",""Image Stabilization Type"":""Digital"",""Photo Sensor Resolution"":""24.2 MP"",""Photo Sensor Size"":""APS-C"",""Maximum Shutter Speed"":""1/4000 Seconds"",""Minimum Shutter Speed"":""30 Seconds"",""Exposure Control"":""Automatic"",""Form Factor"":""Mirrorless"",""Effective Still Resolution"":""24.2 MP"",""Product Features"":""Fast Auto Focus"",""Colour"":""Black, ILCE-6100X"",""Screen Size Unit of Measure"":""7.5 Centimetres"",""Shooting Modes"":""Sports, Automatic"",""Item Weight Unit of Measure"":""396 Grams"",""Video Capture Resolution"":""2160p"",""Viewfinder Type"":""Electronic"",""Flash Modes Description"":""Fill Flash, High Speed Sync, Rear-curtain sync, Red Eye Reduction, Slow Sync"",""Camera Flash Type"":""no flash"",""Specific Uses For Product"":""Travel, Vlogging, Wedding"",""Compatible Devices"":""Computers, Sony E-mount devices"",""Continuous Shooting Speed"":""11 FPS"",""Aperture modes"":""F2.8-F5.6"",""Video Capture Format"":""MPEG-4"",""Battery Weight"":""42.5 Grams"",""Delay between shots"":""0.09 Seconds"",""Battery Cell Type"":""Lithium Ion"",""Battery Average Life Unit of Measure"":""125 Minutes"",""Network Connectivity Technology"":""NFC, USB, Wi-Fi"",""Wireless Technology Type"":""Wi-Fi"",""Total USB Ports"":""1"",""Total Video Out Ports"":""1"",""Display Type"":""LCD"",""Display Maximum Resolution"":""6160 x 4112 pixels"",""Has Color Screen"":""Yes"",""Maximum Display Resolution"":""24.2 MP"",""Available Memory Slots"":""1"",""Compatible Flash Memory Type"":""SD"",""Auto Focus Technology"":""Hybrid"",""Focus Features"":""Hybrid autofocus with Real-time Eye AF and Real-time tracking"",""Autofocus Points"":""425"",""Focus Type"":""Auto Focus"",""Focus Mode"":""Continuous-Servo AF (AF-C)"",""Autofocus"":""Yes"",""JPEG Quality Level"":""Basic, Fine, Normal"",""Bit Depth"":""14 Bit"",""Total Still Resolution"":""24.2 MP"",""Maximum Image Size"":""24.2 MP"",""Maximum Focal Length"":""16 Millimeters"",""Optical Zoom"":""1650"",""Lens Type"":""16-50mm & 55-210mm"",""Zoom"":""Optical Zoom"",""Camera Lens"":""Includes a 16-50mm and 55-210mm zoom lens, offering versatile focal lengths for various shooting scenarios."",""Minimum Focal Length"":""16 Millimeters"",""White Balance Settings"":""Auto, Cloudy, Custom, Daylight, Fluorescent, Incandescent, Shade"",""Brand Name"":""Sony"",""Model Name"":""ILCE-6100"",""Box Contents"":""Lens (SELP16502, SEL55210), Lens hood, Lens cap, Lens rear cap, Power Cord, Rechargeable Battery (NP-FW50), AC Adaptor (AC-UUE12), Shoulder strap, Eyepiece cup, Micro USB cable - 1 U each)"",""Are Batteries Included?"":""Yes"",""Model Number"":""ILCE-6100X"",""Model Series"":""6100"",""Generation"":""2"",""Unit Count"":""1 Count"",""Manufacturer Part Number"":""ILCE-6100X_festive_bundle"",""Importer Contact Information"":""Sony India Private Limited,A-18, Mohan Co-operative Industrial Estate, Mathura Road, New Delhi 110044, India , Customer Care Number : 080 6500 6500, Email: Sonyindia.care@ap.sony.com"",""Packer Contact Information"":""Sony Imaging Products & Solutions Inc., 1-7-1 Konan, Minato-KU, Tokyo 108-0075, Japan"",""Manufacturer"":""Sony Imaging Products & Solutions Inc., Sony Imaging Products & Solutions Inc., 1-7-1 Konan, Minato-KU, Tokyo 108-0075, Japan"",""Warranty Description"":""2 Year Manufacturer"",""Age Range Description"":""Adult"",""Item Type Name"":""Mirrorless camera"",""Manufacturer Contact Information"":""Sony Imaging Products & Solutions Inc., 1-7-1 Konan, Minato-KU, Tokyo 108-0075, Japan"",""Country of Origin"":""Thailand"",""Best Sellers Rank"":""#6,163 in Electronics (See Top 100 in Electronics) #2 in Mirrorless System Cameras"",""ASIN"":""B0DTK5596V"",""Digital-Still"":""Yes"",""Movie Mode"":""Yes"",""Image Capture Type"":""Stills & Video""}",amazon
Sony Alpha ILCE-6700M APS-C Interchangeable-Lens Mirrorless Camera (Body + 18-135 mm,Sony,Cameras,158990,172990,8,4.6,55,https://m.media-amazon.com/images/I/71NZHYzkyzL._AC_UL500_.jpg,https://www.amazon.in/Sony-ILCE-6700M-Interchangeable-Lens-Mirrorless-Intelligence/dp/B0CNRZ7X7T/ref=sr_1_4?dib=eyJ2IjoiMSJ9.n987CI7ubIIGzIKdaWtWFRTegteLeofmByseAammG-vP05PUjFgosxGy5-fwYhsgGm_Tc5m2Mkd6vp50v7wVWHEJE9hz6-Fd6OvgekOW8wpm1x4Y-bKkRGnCyivq7QzW8AGcD8_1ZikgHdbQ2J2ZDD37RkHRngRbA6AxBgHi28uFQVqhXQSGwi5sRefcd6kYIfn2UifVBvc9QWvyY4U-TwLqiTFdXUOOwBGd5kkM7eo.akv4PTeI9ws8rx5ycRPHzq0_5-VoyhABTMXAmgAnGM0&dib_tag=se&keywords=dslr+camera&qid=1779560207&sr=8-4,"APS-C format Exmor R CMOS sensor with approximately 26.0 effective megapixels | Innovative AI processing unit for enhanced subject recognition | In-body five-axis image stabilisation with Active Mode for movie shooting | 2+1 Year Extended warranty on registration on Alpha Community | Autofocus and Real-Time Tracking || The α6700 represents a new generation of APS-C camera bodies with a futuristic fusion of AI-based recognition technology, superlative α-series still image quality, plus moviemaking features and performance from Sony's acclaimed Cinema Line.","{""Processor"":""Intelligence based Autofocus"",""Display Type"":""LCD"",""Compatible Mountings"":""Sony E"",""Aspect Ratio"":""1:1, 3:2, 4:3"",""Sensor Type"":""CMOS"",""File Format"":""HEIF, JPEG, Raw"",""Image Stabilization Type"":""Sensor-shift"",""Expanded ISO Minimum"":""50"",""Photo Sensor Resolution"":""26 MP"",""Photo Sensor Size"":""APS-C"",""Minimum Shutter Speed"":""30 Seconds"",""Exposure Control"":""Manual"",""Form Factor"":""Mirrorless"",""Effective Still Resolution"":""26 MP"",""Product Features"":""Face Detection"",""Colour"":""Black, ILCE-6700M"",""Screen Size Unit of Measure"":""7.5 Centimetres"",""Shooting Modes"":""Automatic, Manual, Movie, Program, Aperture Priority, Shutter Priority, Custom"",""Item Weight Unit of Measure"":""493 Grams"",""Video Capture Resolution"":""4k60p"",""Viewfinder Type"":""Electronic"",""Flash Modes Description"":""Auto, On, Off"",""Camera Flash Type"":""Hotshoe"",""Skill Level"":""Amateur"",""Specific Uses For Product"":""Travel, Vlogging, Wedding"",""Compatible Devices"":""Desktop, Laptop, Smartphone, Tablet"",""Continuous Shooting Speed"":""11 FPS"",""Aperture modes"":""F2.8-F5.6"",""Video Capture Format"":""MPEG-4"",""Expanded ISO Maximum"":""102400"",""Battery Weight"":""84 Grams"",""Battery Cell Type"":""Lithium Ion"",""Network Connectivity Technology"":""Bluetooth, HDMI, Micro HDMI, USB, Wi-Fi"",""Wireless Technology Type"":""Bluetooth, Wi-Fi"",""Video Output"":""HDMI"",""Total Video Out Ports"":""2"",""Dots Per Screen"":""2,359,296"",""Display Maximum Resolution"":""3840 x 2160 pixels"",""Has Color Screen"":""Yes"",""Maximum Display Resolution"":""3840 x 2160 Pixels"",""Digital-Still"":""Yes"",""Movie Mode"":""Yes"",""Image Capture Type"":""Stills & Video"",""Auto Focus Technology"":""Contrast Detection, Phase Detection"",""Focus Features"":""Hybrid"",""Autofocus Points"":""759"",""Focus Type"":""Auto Focus"",""Focus Mode"":""Automatic AF (AF-A)"",""Autofocus"":""Yes"",""JPEG Quality Level"":""Basic, Fine, Normal"",""Dynamic Stops"":""14 Stops"",""Bit Depth"":""14 Bit"",""Total Still Resolution"":""26 MP"",""Maximum Image Size"":""26 MP"",""Maximum Focal Length"":""135 Millimeters"",""Optical Zoom"":""1 x"",""Lens Type"":""18-135 mm"",""Zoom"":""Optical Zoom"",""Camera Lens"":""135 millimeters"",""Minimum Focal Length"":""18 Millimeters"",""Real Angle Of View"":""176 Degrees"",""Metering Methods"":""Center Weighted"",""Self Timer"":""10 Seconds"",""Crop Mode"":""APS-C"",""Brand Name"":""Sony"",""Model Name"":""ILCE-6700"",""Box Contents"":""Camera Body & Lens,Camera Body & Accessories,,,,,,,,,,,,,,"",""Are Batteries Included?"":""Yes"",""External-Memory Size"":""64 GB"",""Model Number"":""ILCE-6700M"",""Remote Included"":""Yes"",""Model Series"":""Alpha"",""Generation"":""2"",""Unit Count"":""1 Count"",""Manufacturer Part Number"":""ILCE-6700M"",""Importer Contact Information"":""Sony India Private Limited,A-18, Mohan Co-operative Industrial Estate, Mathura Road, New Delhi 110044, India , Customer Care Number : 080 6500 6500, Email: Sonyindia.care@ap.sony.com"",""Packer Contact Information"":""Sony Imaging Products & Solutions Inc., 1-7-1 Konan, Minato-KU, Tokyo 108-0075, Japan"",""Manufacturer"":""Sony, Sony Corporation, 1-7-1 Konan, Minato-KU, Tokyo 108-0075, Japan"",""Warranty Description"":""2 year manufacturer"",""Age Range Description"":""Adult"",""Item Type Name"":""Camera"",""Manufacturer Contact Information"":""Sony Corporation, 1-7-1 Konan, Minato-KU, Tokyo 108-0075, Japan"",""Country of Origin"":""Thailand"",""Best Sellers Rank"":""#23,222 in Electronics (See Top 100 in Electronics) #8 in Mirrorless System Cameras"",""ASIN"":""B0CNRZ7X7T"",""Available Memory Slots"":""1"",""Recording Capacity"":""13 Hours"",""Compatible Flash Memory Type"":""microSD, microSDHC, microSDXC""}",amazon
Sony Alpha ZV-E10K (Previously ZV-E10L) with Upgraded SELP1650 (Ver 2) Power Zoom Lens,Sony,Cameras,63990,72990,12,4.6,36,https://m.media-amazon.com/images/I/712ywHZbdNL._AC_UL500_.jpg,https://www.amazon.in/Sony-ZV-E10K-Previously-Interchangeable-Lens-Recording-Black/dp/B0FKMLFTY8/ref=sr_1_5?dib=eyJ2IjoiMSJ9.n987CI7ubIIGzIKdaWtWFRTegteLeofmByseAammG-vP05PUjFgosxGy5-fwYhsgGm_Tc5m2Mkd6vp50v7wVWHEJE9hz6-Fd6OvgekOW8wpm1x4Y-bKkRGnCyivq7QzW8AGcD8_1ZikgHdbQ2J2ZDD37RkHRngRbA6AxBgHi28uFQVqhXQSGwi5sRefcd6kYIfn2UifVBvc9QWvyY4U-TwLqiTFdXUOOwBGd5kkM7eo.akv4PTeI9ws8rx5ycRPHzq0_5-VoyhABTMXAmgAnGM0&dib_tag=se&keywords=dslr+camera&qid=1779560207&sr=8-5,"Large 24.2MP APS-C Exmor CMOS Sensor and fast BIONZ X processor | 4K Movie oversampled from 6k w/ full pixel readout, no pixel binning | Product Showcase Setting transitions focus from face to object | Background Defocus button instantly toggles between defocus effect on/off | 2+1 Year Extended warranty on registration on Alpha Community || Designed for creative vloggers who aspire to an artistic look, the ZV-E10 takes care of the nuts and bolts of video production. Create a stunning vlog by taking advantage of interchangeable lenses, the large APS-C sensor, the built-in Directional 3-Capsule ","{""Display Type"":""LCD"",""Compatible Mountings"":""Sony E"",""Aspect Ratio"":""3:2"",""Sensor Type"":""CMOS"",""File Format"":""JPEG"",""Image Stabilization Type"":""Optical"",""Maximum Aperture"":""3.5 f"",""Expanded ISO Minimum"":""50"",""Photo Sensor Resolution"":""24.2 MP"",""Photo Sensor Size"":""1/1.2-inch"",""Maximum Shutter Speed"":""1/4000 Seconds"",""Minimum Shutter Speed"":""1/500 seconds"",""Exposure Control"":""Automatic"",""Form Factor"":""Compact"",""Effective Still Resolution"":""24.2 MP"",""Product Features"":""Face Detection"",""Colour"":""Black, ZV-E10K"",""Screen Size Unit of Measure"":""3 Inches"",""Shooting Modes"":""Automatic"",""Item Weight Unit of Measure"":""0.83 Kilograms"",""Video Capture Resolution"":""3840p"",""Viewfinder Type"":""Electronic"",""Flash Modes Description"":""Fill Flash, Slow Sync"",""Camera Flash Type"":""Pop Up"",""Specific Uses For Product"":""Vlogging"",""Compatible Devices"":""Computer"",""Continuous Shooting Speed"":""11 FPS"",""Aperture modes"":""F5.6-F3.5"",""Flash Sync Speed"":""1/160 sec"",""Video Capture Format"":""XAVC"",""Expanded ISO Maximum"":""51200"",""Network Connectivity Technology"":""Bluetooth, Wi-Fi"",""Wireless Technology Type"":""Bluetooth, Wi-Fi"",""Video Output"":""HDMI"",""Total Video Out Ports"":""1"",""Display Fixture Type"":""Articulating"",""Display Maximum Resolution"":""0.0036 megapixels"",""Has Color Screen"":""Yes"",""Maximum Display Resolution"":""251 Dots Per Inch"",""Touch Screen Type"":""Capacitive"",""Available Memory Slots"":""1"",""Recording Capacity"":""13 Hours"",""Write Speed"":""100"",""Compatible Flash Memory Type"":""SD, microSD"",""JPEG Quality Level"":""Fine, High, Normal"",""Bit Depth"":""10 Bit"",""Total Still Resolution"":""24.2 MP"",""Maximum Focal Length"":""50 Millimeters"",""Optical Zoom"":""3 x"",""Lens Type"":""16-50 mm"",""Zoom"":""Optical Zoom"",""Camera Lens"":""Standard Zoom Lens, 16-50mm, f/3.5-5.6, 3x Optical Zoom"",""Minimum Focal Length"":""16 Millimeters"",""Real Angle Of View"":""76.5 Degrees"",""Metering Methods"":""Spot"",""Crop Mode"":""APS-C"",""Brand Name"":""Sony"",""Model Name"":""ZV-E10K/White"",""Box Contents"":""Lens Cap,Power Code, SELP1650,Rechargeable Battery NP-FW50,AC Adaptor,Wind Screen,Wind Screen Adaptor, Shoulder Strap,USB-A to USB-C Cable (USB 2.0)"",""Are Batteries Included?"":""Yes"",""Model Number"":""ZV-E10K/WQ"",""Model Series"":""Alpha"",""Generation"":""2"",""Unit Count"":""1 Count"",""Manufacturer Part Number"":""ZV-E10K/WQ"",""Importer Contact Information"":""Sony India private Limited, A-18, Mohan Co-Operative Industrial Estate, Mathura Road, New Delhi 110044, India , Customer Care Number : 080 6500 6500, email: sonyindia.care@ap.sony.com"",""Packer Contact Information"":""Packer Name ltd., Street No. 24/4, New Delhi, India - 110011, Contact: +91-221-000-2400, service@packer.com"",""Manufacturer"":""Sony, Sony India Private Limited,A-18, Mohan Co-operative Industrial Estate, Mathura Road, New Delhi 110044, India , Customer Care Number : 080 6500 6500, Email: Sonyindia.care@ap.sony.com"",""Warranty Description"":""2 + 1 Year"",""Item Type Name"":""Camera"",""Manufacturer Contact Information"":""Sony India Private Limited,A-18, Mohan Co-operative Industrial Estate, Mathura Road, New Delhi 110044, India , Customer Care Number : 080 6500 6500, Email: Sonyindia.care@ap.sony.com"",""Country of Origin"":""Thailand"",""Best Sellers Rank"":""#4,419 in Electronics (See Top 100 in Electronics) #1 in Mirrorless System Cameras"",""ASIN"":""B0FKMLFTY8"",""Digital-Still"":""Yes"",""Movie Mode"":""Yes"",""Image Capture Type"":""Stills & Video"",""Auto Focus Technology"":""Hybrid"",""Focus Features"":""Hybrid"",""Autofocus Points"":""425"",""Focus Type"":""Auto Focus"",""Focus Mode"":""Continuous-Servo AF (AF-C), Single-Servo AF (AF-S)"",""Autofocus"":""Yes""}",amazon
Sony Alpha ILCE-7RM4A Full-Frame 61.0MP Mirrorless Digital SLR Camera Body (4K Full,Sony,Cameras,264990,297990,11,4.6,245,https://m.media-amazon.com/images/I/71Il0TBZnQL._AC_UL500_.jpg,https://www.amazon.in/Sony-Alpha-Mirrorless-Digital-Camera/dp/B07VGHW91J/ref=sr_1_7?dib=eyJ2IjoiMSJ9.n987CI7ubIIGzIKdaWtWFRTegteLeofmByseAammG-vP05PUjFgosxGy5-fwYhsgGm_Tc5m2Mkd6vp50v7wVWHEJE9hz6-Fd6OvgekOW8wpm1x4Y-bKkRGnCyivq7QzW8AGcD8_1ZikgHdbQ2J2ZDD37RkHRngRbA6AxBgHi28uFQVqhXQSGwi5sRefcd6kYIfn2UifVBvc9QWvyY4U-TwLqiTFdXUOOwBGd5kkM7eo.akv4PTeI9ws8rx5ycRPHzq0_5-VoyhABTMXAmgAnGM0&dib_tag=se&keywords=dslr+camera&qid=1779560207&sr=8-7,61.0 MP 35 mm full-frame Exmor R CMOS sensor and BIONZ X image processing engine | UHD 4K Video Recording in XAVC S Format | 5.5-stop effective 5-axis SteadyShot INSIDE image stabilization system | 2+1 Year Extended warranty on registration on Alpha Community | Fast Hybrid AF with 567-point focal-plane phase-detection AF and 425-point contrast-detection AF || The product is manufactured with the use of Top-Grade material & technology resulting in products with impeccable finishing & quality,"{""Display Type"":""LCD"",""Compatible Mountings"":""Sony E"",""Aspect Ratio"":""1:1, 3:2, 4:3"",""Sensor Type"":""CMOS"",""File Format"":""RAW"",""Image Stabilization Type"":""Dual"",""Maximum Aperture"":""3.5 Millimeters"",""Expanded ISO Minimum"":""100"",""Photo Sensor Resolution"":""61 MP"",""Maximum Shutter Speed"":""44569 Seconds"",""Minimum Shutter Speed"":""2227981 Seconds"",""Exposure Control"":""Automatic"",""Form Factor"":""Mirrorless"",""Effective Still Resolution"":""61 MP"",""Product Features"":""Time-lapse, Audio Video Port, USB"",""Colour"":""Black"",""Screen Size Unit of Measure"":""3 Inches"",""Shooting Modes"":""Automatic"",""Item Weight Unit of Measure"":""1.27 Pounds"",""Video Capture Resolution"":""2160p"",""Viewfinder Type"":""Hybrid"",""Flash Modes Description"":""Automatic"",""Camera Flash Type"":""Built-In"",""Skill Level"":""Professional"",""Specific Uses For Product"":""Photography, Videography"",""Compatible Devices"":""Computers, Smartphones, Tablets, External Storage Devices"",""Continuous Shooting Speed"":""10 FPS"",""Aperture modes"":""RM"",""Video Capture Format"":""4k"",""Battery Weight"":""20 Grams"",""Delay between shots"":""0.1 Seconds"",""Network Connectivity Technology"":""USB"",""Wireless Technology Type"":""Wi-Fi"",""Total USB Ports"":""1"",""Total Video Out Ports"":""1"",""Hardware Interface"":""AV Port"",""Display Maximum Resolution"":""61.0 MP"",""Has Color Screen"":""Yes"",""Maximum Display Resolution"":""61.0 MP"",""Digital-Still"":""Yes"",""Movie Mode"":""Yes"",""Image Capture Type"":""Stills & Video"",""Night vision"":""No"",""JPEG Quality Level"":""Basic, Fine, Normal"",""Total Still Resolution"":""61 MP"",""Maximum Image Size"":""61 MP"",""Maximum Focal Length"":""35 Millimeters"",""Lens Type"":""35 millimeters"",""Zoom"":""Digital Zoom"",""Camera Lens"":""35 month"",""Minimum Focal Length"":""35 Millimeters"",""Real Angle Of View"":""44 Degrees"",""Digital Zoom"":""0.78 x"",""White Balance Settings"":""Auto"",""Self Timer"":""10 Seconds"",""Brand Name"":""Sony"",""Model Name"":""ILCE-7RM4A"",""Box Contents"":""Power cord, Rechargeable Battery NP-FZ100, Cable Protector, Battery Charger BC-QZ1, Shoulder Strap, Body Cap Accessory, Shoe cap, Eyepiece cup, USB Type-CTM cable,,,,,,,,,,,,,,,"",""Are Batteries Included?"":""Yes"",""Model Number"":""ILCE7RM4/B"",""Remote Included"":""No"",""Model Series"":""Alpha 7"",""Series Number"":""7"",""Global Trade Identification Number"":""00027242918986"",""Generation"":""4"",""UPC"":""027242918986"",""Unit Count"":""1 Count"",""Manufacturer Part Number"":""ILCE7RM4/B"",""Importer Contact Information"":""Sony India Private Limited,A-18, Mohan Co-operative Industrial Estate, Mathura Road, New Delhi 110044, India , Customer Care Number : 080 6500 6500, Email: Sonyindia.care@ap.sony.com"",""Packer Contact Information"":""Sony"",""Manufacturer"":""Sony"",""Age Range Description"":""Adult"",""Item Type Name"":""mirrorless camera"",""Country of Origin"":""Thailand"",""Best Sellers Rank"":""#232,764 in Electronics (See Top 100 in Electronics) #64 in Mirrorless System Cameras"",""ASIN"":""B07VGHW91J"",""Available Memory Slots"":""2"",""Compatible Flash Memory Type"":""SD, SDHC, SDXC, microSD, microSDHC, microSDXC"",""Auto Focus Technology"":""Contrast Detection, Hybrid, Phase Detection"",""Focus Features"":""Hybrid"",""Autofocus Points"":""567"",""Focus Type"":""Auto Focus"",""Focus Mode"":""Automatic AF (AF-A), Continuous-Servo AF (AF-C)"",""Autofocus"":""Yes""}",amazon
KODAK PIXPRO AZ405-BK 20MP Digital Camera 40X Optical Zoom 24mm Wide Angle Lens Optical,KODAK,Cameras,28499,39999,29,4,1015,https://m.media-amazon.com/images/I/81C9A0E+8TL._AC_UL500_.jpg,https://www.amazon.in/KODAK-PIXPRO-AZ405-BK-Digital-Optical/dp/B0BLLCJ963/ref=sr_1_8?dib=eyJ2IjoiMSJ9.n987CI7ubIIGzIKdaWtWFRTegteLeofmByseAammG-vP05PUjFgosxGy5-fwYhsgGm_Tc5m2Mkd6vp50v7wVWHEJE9hz6-Fd6OvgekOW8wpm1x4Y-bKkRGnCyivq7QzW8AGcD8_1ZikgHdbQ2J2ZDD37RkHRngRbA6AxBgHi28uFQVqhXQSGwi5sRefcd6kYIfn2UifVBvc9QWvyY4U-TwLqiTFdXUOOwBGd5kkM7eo.akv4PTeI9ws8rx5ycRPHzq0_5-VoyhABTMXAmgAnGM0&dib_tag=se&keywords=dslr+camera&qid=1779560207&sr=8-8,"40X Optical Zoom and 24mm Wide Angle | 20 Megapixels; 3"" LCD | 1080P Full HD Video | OIS (Optical Image Stabilization) and uses AA Batteries | Photo Sensor Technology: Bsi Cmos || Forty times optical zoom in a compact, travel-ready body—that is the promise the Kodak PIXPRO AZ405 delivers to photographers who refuse to miss a distant shot. Whether photographing wildlife from a nature trail, capturing performers on stage, or pulling tight close-ups of sports action from the sta","{""Display"":""3\"""",""Compatible Mountings"":""Canon EF-S"",""Aspect Ratio"":""16:9, 3:2, 4:3"",""Sensor Type"":""BSI CMOS"",""File Format"":""JPEG"",""Image Stabilization Type"":""Optical"",""Maximum Aperture"":""3 f"",""Expanded ISO Minimum"":""100"",""Photo Sensor Resolution"":""20 MP"",""Photo Sensor Size"":""1/2.3-inch"",""Maximum Shutter Speed"":""1/2000 Seconds"",""Minimum Shutter Speed"":""5.0E-4 Seconds"",""Exposure Control"":""Automatic"",""Form Factor"":""Compact"",""Effective Still Resolution"":""20 MP"",""Product Features"":""Image Stabilization"",""Colour"":""Black"",""Screen Size Unit of Measure"":""3 Inches"",""Shooting Modes"":""Automatic, Easy, Panorama"",""Item Weight Unit of Measure"":""15.37 Ounces"",""Video Capture Resolution"":""1080p"",""Viewfinder Type"":""Optical"",""Flash Modes Description"":""Automatic, Fill In, Off, Red Eye Reduction, Slow Sync, Slow Sync/Red-Eye Reduction"",""Camera Flash Type"":""Built-In"",""Skill Level"":""Beginner"",""Specific Uses For Product"":""Photography"",""Compatible Devices"":""Personal Computer"",""Continuous Shooting Speed"":""30 FPS"",""Aperture modes"":""F3.0"",""Video Capture Format"":""MP4"",""Expanded ISO Maximum"":""3200"",""Network Connectivity Technology"":""wired, wireless"",""Wireless Technology Type"":""Wi-Fi"",""Video Output"":""HDMI"",""Total USB Ports"":""1"",""Total Video Out Ports"":""1"",""Hardware Interface"":""SDHC, SDXC"",""Display Type"":""LCD"",""Dots Per Screen"":""460,000 Dots"",""Display Fixture Type"":""Fixed"",""Display Maximum Resolution"":""480000 pixels"",""Has Color Screen"":""Yes"",""Maximum Display Resolution"":""460000 Pixels"",""Digital Scene Transition"":""zoom"",""Digital-Still"":""Yes"",""Movie Mode"":""Yes"",""Image Capture Type"":""Stills & Video"",""Night vision"":""No"",""Auto Focus Technology"":""Contrast Detection, Multi area, sensor"",""Focus Features"":""Hybrid"",""Autofocus Points"":""9"",""Focus Type"":""Auto Focus"",""Focus Mode"":""Automatic AF (AF-A)"",""Autofocus"":""Yes"",""JPEG Quality Level"":""Fine"",""Supported Image Format"":""JPEG"",""Bit Depth"":""8 Bit"",""Total Still Resolution"":""20 MP"",""Maximum Image Size"":""5184 Pixels"",""Maximum Focal Length"":""107.5 Millimeters"",""Optical Zoom"":""40 x"",""Lens Type"":""24-960mm"",""Zoom"":""Optical Zoom"",""Camera Lens"":""40X Optical Zoom with 24mm Wide Angle, Image Stabilization"",""Minimum Focal Length"":""4.3 Millimeters"",""Real Angle Of View"":""46 Degrees"",""Digital Zoom"":""4 x"",""Lens Construction"":""Not Specified"",""Metering Methods"":""AiAE, Center-Weighted, Spot, Face AE"",""White Balance Settings"":""Auto"",""Self Timer"":""10 Seconds"",""Crop Mode"":""1.50:1, 16:9, 4:3"",""Brand Name"":""KODAK"",""Model Name"":""AZ405"",""Box Contents"":""Camera Body & Lens"",""Are Batteries Included?"":""Yes"",""Model Number"":""AZ405BK"",""Remote Included"":""No"",""Model Series"":""AZ"",""Series Number"":""405"",""Global Trade Identification Number"":""00819900014129"",""Generation"":""1"",""UPC"":""819900014129"",""Unit Count"":""1.0 Count"",""Manufacturer Part Number"":""AZ405BK"",""Manufacturer"":""KODAK"",""Warranty Description"":""No Warranty"",""Age Range Description"":""Adult"",""Best Sellers Rank"":""#14,300 in Electronics (See Top 100 in Electronics) #8 in Point & Shoot Digital Cameras"",""ASIN"":""B0BLLCJ963"",""Flash Memory Type"":""SDHC"",""Available Memory Slots"":""1"",""Memory Storage Capacity"":""512 GB"",""Recording Capacity"":""102400 Minutes"",""Write Speed"":""30 fps"",""Flash Memory Speed Class"":""10"",""Flash Memory Bus Interface Type"":""SD"",""Flash Memory Supported Size Maximum"":""512 GB"",""Flash Memory Installed Size"":""67 MB"",""Compatible Flash Memory Type"":""SDHC, SDXC""}",amazon
Canon EOS R50 RF-S18-45mm f/4.5-6.3 is STM Mirrorless Camera (Black)- 4K Video Vlogging,Canon,Cameras,64990,75995,14,4.5,259,https://m.media-amazon.com/images/I/81LskAU5h1L._AC_UL500_.jpg,https://www.amazon.in/Canon-Digital-Camera-RF-S18-45mm-Black/dp/B0BYZHDRN6/ref=sr_1_9?dib=eyJ2IjoiMSJ9.n987CI7ubIIGzIKdaWtWFRTegteLeofmByseAammG-vP05PUjFgosxGy5-fwYhsgGm_Tc5m2Mkd6vp50v7wVWHEJE9hz6-Fd6OvgekOW8wpm1x4Y-bKkRGnCyivq7QzW8AGcD8_1ZikgHdbQ2J2ZDD37RkHRngRbA6AxBgHi28uFQVqhXQSGwi5sRefcd6kYIfn2UifVBvc9QWvyY4U-TwLqiTFdXUOOwBGd5kkM7eo.akv4PTeI9ws8rx5ycRPHzq0_5-VoyhABTMXAmgAnGM0&dib_tag=se&keywords=dslr+camera&qid=1779560207&sr=8-9,"Sensor: Full frame CMOS AF II Sensor with 24.2 MP (brilliant resolution for large prints and image cropping) | Image Processor: DIGIC X with 651 autofocus points (important for speed and accuracy of autofocus and burst photography);Video Resolution: 4k UHD HQ upto 30fps with fully manual control and selectable frame rates (great for precision and high-quality video work) | Connectivity: WiFi, NFC and Bluetooth built-in (useful for remotely controlling your camera and transferring pictures wirelessly as you shoot) | Lens Mount: EF-S mount compatible with all EF and EF-S lenses (crop-sensor moun","{""Display Type"":""LCD"",""Compatible Mountings"":""Canon EF-S"",""Aspect Ratio"":""1.35:1"",""Sensor Type"":""CMOS"",""File Format"":""JPEG"",""Image Stabilization Type"":""Optical"",""Maximum Aperture"":""4.5 Millimeters"",""Expanded ISO Minimum"":""100"",""Photo Sensor Resolution"":""24.2 MP"",""Photo Sensor Size"":""22.3 x 14.9"",""Minimum Shutter Speed"":""30 Seconds"",""Exposure Control"":""Automatic"",""Form Factor"":""Compact"",""Effective Still Resolution"":""24.20"",""Product Features"":""Built-In Microphone"",""Colour"":""Black, R50 RF-S 18-45"",""Screen Size Unit of Measure"":""3 Inches"",""Shooting Modes"":""Movie"",""Item Weight Unit of Measure"":""375 Grams"",""Video Capture Resolution"":""4320p"",""Viewfinder Type"":""Electronic"",""Flash Modes Description"":""Automatic"",""Camera Flash Type"":""Built-In"",""Skill Level"":""Professional"",""Specific Uses For Product"":""Vlogging"",""Compatible Devices"":""Devices with Wi-Fi and/or Bluetooth connectivity, external flash units, and other accessories with a hot shoe mount"",""Continuous Shooting Speed"":""15 FPS"",""Aperture modes"":""F4.5-F6.3"",""Video Capture Format"":""4k"",""Battery Weight"":""5 Grams"",""Delay between shots"":""0.07 Seconds"",""Network Connectivity Technology"":""Micro USB"",""Wireless Technology Type"":""Bluetooth, Wi-Fi"",""Total USB Ports"":""1"",""Total USB 2.0 Ports"":""1"",""Hardware Interface"":""Bluetooth"",""Display Maximum Resolution"":""1620K dots"",""Has Color Screen"":""Yes"",""Maximum Display Resolution"":""24.2 MP"",""Digital Scene Transition"":""zoom"",""Digital-Still"":""Yes"",""Movie Mode"":""Yes"",""Image Capture Type"":""Stills & Video"",""Night vision"":""No"",""JPEG Quality Level"":""Fine, High"",""Total Still Resolution"":""24.2 MP"",""Maximum Image Size"":""24.2 MP"",""Maximum Focal Length"":""45 Millimeters"",""Optical Zoom"":""2.5 x"",""Lens Type"":""18-45mm"",""Zoom"":""Optical Zoom"",""Camera Lens"":""45 millimeters"",""Minimum Focal Length"":""18 Millimeters"",""Real Angle Of View"":""75 Degrees"",""Metering Methods"":""Evaluative"",""Self Timer"":""10 Seconds"",""Brand Name"":""Canon"",""Model Name"":""EOS R50"",""Box Contents"":""Camera Kit"",""Are Batteries Included?"":""Yes"",""Model Number"":""R50KIS"",""Remote Included"":""No"",""Model Series"":""EOS"",""Series Number"":""50"",""Generation"":""1"",""Unit Count"":""1 Count"",""Manufacturer Part Number"":""R50KIS"",""Importer Contact Information"":""Canon"",""Packer Contact Information"":""Canon"",""Manufacturer"":""Canon, Canon"",""Warranty Description"":""2 Years Manufacturer's Warranty"",""Age Range Description"":""Adult"",""Item Type Name"":""EOS R50 RF-S18-45mm IS STM Kit (White)"",""Manufacturer Contact Information"":""Canon"",""Country of Origin"":""China"",""Best Sellers Rank"":""#9,960 in Electronics (See Top 100 in Electronics) #6 in Mirrorless System Cameras"",""ASIN"":""B0BYZHDRN6"",""Available Memory Slots"":""1"",""Recording Capacity"":""30 Minutes"",""Compatible Flash Memory Type"":""SD, SDHC, SDXC"",""Auto Focus Technology"":""Phase Detection"",""Focus Features"":""Hybrid"",""Autofocus Points"":""651"",""Focus Type"":""Auto Focus"",""Focus Mode"":""Continuous-Servo AF (AF-C)"",""Autofocus"":""Yes""}",amazon
Sony Alpha ILCE-6400M 24.2MP Mirrorless Digital SLR Camera (Black) with 18-135mm Zoom Lens,Sony,Cameras,91490,116490,21,4.6,193,https://m.media-amazon.com/images/I/71-E+cXcs1L._AC_UL500_.jpg,https://www.amazon.in/Sony-ILCE-6400M-Mirrorless-Digital-18-135mm/dp/B07NF5PT84/ref=sr_1_10?dib=eyJ2IjoiMSJ9.n987CI7ubIIGzIKdaWtWFRTegteLeofmByseAammG-vP05PUjFgosxGy5-fwYhsgGm_Tc5m2Mkd6vp50v7wVWHEJE9hz6-Fd6OvgekOW8wpm1x4Y-bKkRGnCyivq7QzW8AGcD8_1ZikgHdbQ2J2ZDD37RkHRngRbA6AxBgHi28uFQVqhXQSGwi5sRefcd6kYIfn2UifVBvc9QWvyY4U-TwLqiTFdXUOOwBGd5kkM7eo.akv4PTeI9ws8rx5ycRPHzq0_5-VoyhABTMXAmgAnGM0&dib_tag=se&keywords=dslr+camera&qid=1779560207&sr=8-10,"24.2-megapixel sensor with enhanced image-processing engine | High-Resolution 4K Recording | Fast and accurate autofocus lets you capture fleeting moments in stunning detail | 2+1 Year Extended warranty on registration on Alpha Community | 180°-tiltable LCD screen with versatile touch functions || Lightweight, compact and sturdily built, the A6400 is loaded with impressive capabilities and features with super-fast AF and highly precise subject tracking, it's ideal for capturing fast-moving action, while its wide sensitivity range and stunning image quality make it suitable for just about any ","{""Display Type"":""LCD"",""Compatible Mountings"":""Sony E"",""Sensor Type"":""CMOS"",""File Format"":""aps-c"",""Image Stabilization Type"":""Optical"",""Maximum Aperture"":""3.5 Millimeters"",""Photo Sensor Resolution"":""24.2 MP"",""Maximum Shutter Speed"":""767011 Seconds"",""Minimum Shutter Speed"":""30 Seconds"",""Exposure Control"":""Automatic"",""Form Factor"":""Compact"",""Effective Still Resolution"":""24.2"",""Product Features"":""Live View, Bluetooth, Wi-Fi, USB"",""Colour"":""Black, ILCE-6400M"",""Screen Size Unit of Measure"":""3 Inches"",""Shooting Modes"":""Automatic, Shutter Priority"",""Item Weight Unit of Measure"":""359 Grams"",""Video Capture Resolution"":""4K HDR (3840x2160)"",""Viewfinder Type"":""Optical"",""Flash Modes Description"":""Flash off, Autoflash, Fill-flash"",""Camera Flash Type"":""Built-In"",""Skill Level"":""Professional"",""Specific Uses For Product"":""Vlogging"",""Compatible Devices"":""Computers, Smartphones, Tablets, External Storage Devices"",""Continuous Shooting Speed"":""11 FPS"",""Aperture modes"":""F3.5-F4.9"",""Video Capture Format"":""MPEG-4"",""Expanded ISO Maximum"":""102400"",""Battery Weight"":""42.5 Grams"",""Delay between shots"":""0.02 Seconds"",""Battery Cell Type"":""Lithium Ion"",""Network Connectivity Technology"":""Bluetooth, USB, Wi-Fi"",""Wireless Technology Type"":""Wi-Fi"",""Total USB Ports"":""1"",""Total Video Out Ports"":""1"",""Display Maximum Resolution"":""24.2 million pixels"",""Has Color Screen"":""Yes"",""Maximum Display Resolution"":""24.2 MP"",""Digital Scene Transition"":""zoom"",""Digital-Still"":""Yes"",""Movie Mode"":""Yes"",""Image Capture Type"":""Stills & Video"",""Auto Focus Technology"":""Phase Detection"",""Focus Features"":""Hybrid"",""Autofocus Points"":""425"",""Focus Type"":""Auto Focus"",""Focus Mode"":""Continuous-Servo AF (AF-C), Manual Focus (MF)"",""Autofocus"":""Yes"",""JPEG Quality Level"":""Normal"",""Bit Depth"":""8 Bit"",""Total Still Resolution"":""24.2 MP"",""Maximum Image Size"":""24.2 MP"",""Maximum Focal Length"":""135 Millimeters"",""Optical Zoom"":""2 x"",""Lens Type"":""18-135mm"",""Zoom"":""Optical Zoom"",""Camera Lens"":""SEL18135"",""Minimum Focal Length"":""18 Millimeters"",""Real Angle Of View"":""180 Degrees"",""Metering Methods"":""3D Color Matrix"",""White Balance Settings"":""Auto"",""Self Timer"":""10 Seconds"",""Brand Name"":""Sony"",""Model Name"":""ILCE"",""Box Contents"":""SELP18135 Lens, Rechargeable Battery NP-FW50, Body Cap, Power Cord, AC Adaptor, Shoulder Strap, Lens Cap, Lens Hood, Lens Rear Cap, Accessory Shoe Cap, Eyepiece Cup and Micro USB Cable,,,,,,,,,,,,,,,"",""Are Batteries Included?"":""Yes"",""External-Memory Size"":""16 GB"",""Model Number"":""ILCE-6400M"",""Model Series"":""Alpha"",""Generation"":""4"",""Unit Count"":""1 Count"",""Manufacturer Part Number"":""ILCE-6400M_01"",""Importer Contact Information"":""Sony India Private Limited,A-18, Mohan Co-operative Industrial Estate, Mathura Road, New Delhi 110044, India , Customer Care Number : 080 6500 6500, Email: Sonyindia.care@ap.sony.com"",""Packer Contact Information"":""Sony Imaging Products & Solutions Inc., 1-7-1 Konan, Minato-KU, Tokyo 108-0075, Japan"",""Manufacturer"":""Sony, Sony Imaging Products & Solutions Inc., 1-7-1 Konan, Minato-KU, Tokyo 108-0075, Japan"",""Warranty Description"":""2 years Manufacturer warranty"",""Age Range Description"":""Adult"",""Item Type Name"":""Camera"",""Manufacturer Contact Information"":""Sony Imaging Products & Solutions Inc., 1-7-1 Konan, Minato-KU, Tokyo 108-0075, Japan"",""Country of Origin"":""Thailand"",""Best Sellers Rank"":""#28,650 in Electronics (See Top 100 in Electronics) #12 in Mirrorless System Cameras"",""ASIN"":""B07NF5PT84"",""Available Memory Slots"":""1"",""Flash Memory Installed Size"":""64 GB"",""Compatible Flash Memory Type"":""SDHC, SDXC""}",amazon
Fujifilm X-M5 26.1MP APS-C X-Trans CMOS 4 with 15-45 f/3.5-5.6 Lens|Retro Style,Fujifilm,Cameras,88000,94999,7,4.5,140,https://m.media-amazon.com/images/I/71g-a2u+--L._AC_UL500_.jpg,https://www.amazon.in/Fujifilm-mirrorless-vlogging-Recording-Lifestyle/dp/B0DJC4NBV8/ref=sr_1_13?dib=eyJ2IjoiMSJ9.n987CI7ubIIGzIKdaWtWFRTegteLeofmByseAammG-vP05PUjFgosxGy5-fwYhsgGm_Tc5m2Mkd6vp50v7wVWHEJE9hz6-Fd6OvgekOW8wpm1x4Y-bKkRGnCyivq7QzW8AGcD8_1ZikgHdbQ2J2ZDD37RkHRngRbA6AxBgHi28uFQVqhXQSGwi5sRefcd6kYIfn2UifVBvc9QWvyY4U-TwLqiTFdXUOOwBGd5kkM7eo.akv4PTeI9ws8rx5ycRPHzq0_5-VoyhABTMXAmgAnGM0&dib_tag=se&keywords=dslr+camera&qid=1779560207&sr=8-13,"At 355g (0.78lb), FUJIFILM X-M5 is currently the lightest model in the X Series line-up of digital cameras and so small it fits in a jacket pocket. This makes it perfect to carry everywhere you go, ready to create high-quality content on a moment’s notice. | Instantly access your own creative looks thanks to FUJIFILM X-M5 digital cameras unique Film Simulation mode dial. Offering up to 20 looks, X-M5’s Film Simulation modes can be applied to photos and videos, giving you incredible flexibility for your output. | Create content with depth, texture, and true-to-life color thanks to FUJIFILM X-M5","{""Display Type"":""LCD"",""Compatible Mountings"":""Fujifilm X"",""Aspect Ratio"":""16:9, 1:1, 3:2"",""Sensor Type"":""CMOS"",""File Format"":""JPEG"",""Image Stabilization Type"":""Digital"",""Maximum Aperture"":""3.5 f"",""Expanded ISO Minimum"":""80"",""Photo Sensor Resolution"":""26.1 MP"",""Photo Sensor Size"":""APS-C"",""Maximum Shutter Speed"":""0.00003125 seconds"",""Minimum Shutter Speed"":""3600 Seconds"",""Exposure Control"":""Automatic, Manual"",""Form Factor"":""Mirrorless"",""Effective Still Resolution"":""26.1"",""Product Features"":""Slow Motion Recording"",""Colour"":""Silver"",""Screen Size Unit of Measure"":""3 Inches"",""Shooting Modes"":""AUTO, Aperture Priority, Shutter Priority, Manual"",""Item Weight Unit of Measure"":""355 Grams"",""Video Capture Resolution"":""6.2k"",""Viewfinder Type"":""Electronic"",""Flash Modes Description"":""Automatic"",""Camera Flash Type"":""Built-In"",""Skill Level"":""Amateur"",""Specific Uses For Product"":""Travel, Vlogging, Street/Lifestyle, Action/Sports"",""Compatible Devices"":""USB 3.2 Gen 2 compatible devices, JPEG format compatible devices"",""Continuous Shooting Speed"":""30 FPS"",""Aperture modes"":""F3.5-F22"",""Flash Sync Speed"":""1/180 sec"",""Video Capture Format"":""MOV/MP4"",""Network Connectivity Technology"":""HDMI"",""Wireless Technology Type"":""Wi-Fi"",""Video Output"":""HDMI"",""Total USB Ports"":""1"",""Total Video Out Ports"":""1"",""Dots Per Screen"":""320"",""Display Fixture Type"":""Tilting"",""Display Maximum Resolution"":""1600 x 2400 pixels"",""Has Color Screen"":""Yes"",""Maximum Display Resolution"":""26,1 MP"",""Touch Screen Type"":""Capacitive"",""Digital Scene Transition"":""False"",""Digital-Still"":""Yes"",""Movie Mode"":""Yes"",""Image Capture Type"":""Stills & Video"",""Night vision"":""No"",""Auto Focus Technology"":""Hybrid"",""Focus Features"":""Hybrid"",""Autofocus Points"":""425"",""Focus Type"":""Auto Focus"",""Focus Mode"":""Continuous-Servo AF (AF-C)"",""Autofocus"":""Yes"",""JPEG Quality Level"":""Fine"",""Supported Image Format"":""JPEG"",""Bit Depth"":""10 Bit"",""Total Still Resolution"":""26.1 MP"",""Maximum Image Size"":""0.93 Inches"",""Maximum Focal Length"":""45 Millimeters"",""Optical Zoom"":""1.0"",""Lens Type"":""15-45mm F3.5-5.6"",""Zoom"":""Zoom optique"",""Camera Lens"":""15-45mm"",""Minimum Focal Length"":""15 Millimeters"",""Real Angle Of View"":""39.05 Degrees"",""Number of Diaphragm Blades"":""7"",""Photo Filter Thread Size"":""52 Millimetres"",""Lens Construction"":""10 elements in 9 groups"",""Photo Filter Size"":""52 Millimeters"",""Metering Methods"":""Evaluative"",""White Balance Settings"":""Auto"",""Self Timer"":""2 Seconds"",""Crop Mode"":""APS-C"",""Brand Name"":""Fujifilm"",""Model Name"":""X-M5 S 15-45mm KIT"",""Box Contents"":""Camera Body & Lens"",""Are Batteries Included?"":""Yes"",""Model Number"":""16900771"",""Remote Included"":""No"",""Model Series"":""X Series"",""Generation"":""5"",""Unit Count"":""1 Count"",""Manufacturer Part Number"":""16900771"",""Importer Contact Information"":""FUJIFILM INDIA PRIVATE LIMITED, Andheri East, Mumbai, Maharashtra-400069, For Support Mail- gsc@fujifilm.com contact- 0124-4325551"",""Packer Contact Information"":""FUJIFILM INDIA PRIVATE LIMITED, Andheri East, Mumbai, Maharashtra-400069, For Support Mail- gsc@fujifilm.com contact- 0124-4325551"",""Manufacturer"":""FUJIFILM INDIA PRIVATE LIMITED, Andheri East, Mumbai, Maharashtra-400069, For Support Mail- gsc@fujifilm.com contact- 0124-4325551, Fujifilm"",""Warranty Description"":""2+1* year manufacturer"",""Age Range Description"":""Adult"",""Item Type Name"":""Mirrorless Camera"",""Manufacturer Contact Information"":""FUJIFILM INDIA PRIVATE LIMITED, Andheri East, Mumbai, Maharashtra-400069, For Support Mail- gsc@fujifilm.com contact- 0124-4325551"",""Country of Origin"":""China"",""Best Sellers Rank"":""#7,179 in Electronics (See Top 100 in Electronics) #4 in Mirrorless System Cameras"",""ASIN"":""B0DJC4NBV8"",""Flash Memory Type"":""SD"",""Available Memory Slots"":""1"",""Recording Capacity"":""60 Minutes"",""Write Speed"":""3 fps"",""Flash Memory Video Speed Class"":""V10"",""Flash Memory Bus Interface Type"":""SD"",""Compatible Flash Memory Type"":""SD""}",amazon
Nikon Digital Camera Z50II kit with NIKKOR Z DX 16-50mm f/3.5-6.3 VR & Z DX 50-250mm,Nikon,Cameras,105455,105455,6,5,6,https://m.media-amazon.com/images/I/51cQo7nKb3L._AC_UL500_.jpg,https://www.amazon.in/Nikon-Digital-16-50mm-3-5-6-3-50-250mm/dp/B0DNZHFZK8/ref=sr_1_14?dib=eyJ2IjoiMSJ9.n987CI7ubIIGzIKdaWtWFRTegteLeofmByseAammG-vP05PUjFgosxGy5-fwYhsgGm_Tc5m2Mkd6vp50v7wVWHEJE9hz6-Fd6OvgekOW8wpm1x4Y-bKkRGnCyivq7QzW8AGcD8_1ZikgHdbQ2J2ZDD37RkHRngRbA6AxBgHi28uFQVqhXQSGwi5sRefcd6kYIfn2UifVBvc9QWvyY4U-TwLqiTFdXUOOwBGd5kkM7eo.akv4PTeI9ws8rx5ycRPHzq0_5-VoyhABTMXAmgAnGM0&dib_tag=se&keywords=dslr+camera&qid=1779560207&sr=8-14,"STUNNING VIDEO QUALITY - Shoot cinematic 4K videos with a 5.6K oversampling sensor for rich detail and low-light excellence. | CREATIVE CONTROL OPTIONS - Explore 31 Creative Picture Controls and Imaging Recipes to customize your content effortlessly. | PRODUCT REVIEW MODE - Seamlessly switch focus for professional-grade reviews and demonstrations. | HI-RES ZOOM FUNCTION - Versatile zooming capability enhances creativity without quality loss. | WEB STREAMING MADE EASY - Plug-and-play webcam support for effortless livestreaming and broadcasting. || Unleash your creativity with the Nikon Z50II, a","{""Compatible Mountings"":""Nikon Z"",""Aspect Ratio"":""Unknown"",""Sensor Type"":""CMOS"",""File Format"":""RAW"",""Image Stabilization Type"":""Optical"",""Maximum Aperture"":""3.5 f"",""Photo Sensor Resolution"":""21.51 MP"",""Photo Sensor Size"":""1-inch"",""Exposure Control"":""Manual"",""Form Factor"":""Mirrorless"",""Effective Still Resolution"":""16"",""Product Features"":""Face Detection"",""Colour"":""Black"",""Screen Size Unit of Measure"":""3.2 Centimetres"",""Shooting Modes"":""Portrait, Landscape, Sports, Night, Macro, Product Review, Creative Picture Controls"",""Item Weight Unit of Measure"":""900 Grams"",""Video Capture Resolution"":""2160p"",""Viewfinder Type"":""Electronic"",""Camera Flash Type"":""no flash"",""Specific Uses For Product"":""Videography, Content Creation, Live Streaming"",""Compatible Devices"":""Computer, Nikon Z mount devices"",""Aperture modes"":""F3.5-F6.3"",""Video Capture Format"":""RM"",""Battery Weight"":""80 Grams"",""Battery Cell Type"":""Lithium Ion"",""Battery Types"":""Lithium Ion"",""Water Resistance Level"":""Not Water Resistant"",""Frame Rate"":""24, 30, 60 FPS"",""VESA Mount Type"":""Nikon Z"",""Item Dimensions D x W x H"":""12.7D x 6.7W x 9.7H Centimeters"",""Network Connectivity Technology"":""Micro HDMI"",""Wireless Technology Type"":""Bluetooth, Wi-Fi"",""Total Video Out Ports"":""1"",""Display Type"":""LCD"",""Display Maximum Resolution"":""21510000"",""Has Color Screen"":""Yes"",""Maximum Display Resolution"":""21.51 MP"",""Touch Screen Type"":""Capacitive"",""Compatible Flash Memory Type"":""SD, microSD"",""JPEG Quality Level"":""Fine"",""Total Still Resolution"":""16 MP"",""Maximum Focal Length"":""250 Millimeters"",""Optical Zoom"":""16 x"",""Lens Type"":""16-250mm"",""Zoom"":""Optical Zoom"",""Camera Lens"":""NIKKOR Z DX 16-50mm f/3.5-6.3 VR & Z DX 50-250mm f/4.5-6.3 VR lenses with Vibration Reduction for image stabilization, offering versatile zoom range and good low-light performance."",""Minimum Focal Length"":""16 Millimeters"",""Brand Name"":""Nikon"",""Model Name"":""Z 50 II"",""Box Contents"":""Camera Body & Lens"",""Are Batteries Included?"":""Yes"",""Model Number"":""VOK150YN"",""Model Series"":""Z"",""Generation"":""2"",""Unit Count"":""3 Piece"",""Manufacturer Part Number"":""VOK150YN"",""Importer Contact Information"":""Nikon India Pvt ltd"",""Packer Contact Information"":""Nikon"",""Manufacturer"":""Nikon, Nikon"",""Warranty Description"":""2 Year Manufacturer"",""Age Range Description"":""Adult"",""Item Type Name"":""DSLR Camera"",""Manufacturer Contact Information"":""Nikon"",""Country of Origin"":""Japan"",""Best Sellers Rank"":""#29,666 in Electronics (See Top 100 in Electronics) #13 in Mirrorless System Cameras"",""ASIN"":""B0DNZHFZK8"",""Digital-Still"":""Yes"",""Movie Mode"":""Yes"",""Image Capture Type"":""Stills & Video"",""Auto Focus Technology"":""Hybrid"",""Focus Features"":""Autofocus"",""Focus Type"":""Auto Focus"",""Focus Mode"":""Continuous-Servo AF (AF-C)"",""Autofocus"":""Yes""}",amazon
Nikon D850 45.7MP Digital SLR Camera (Black) with AF-S Nikkor 24-120mm F/4G ED VR Lens,Nikon,Cameras,194055,194055,29,3,25,https://m.media-amazon.com/images/I/81WtQ64-SOL._AC_UL500_.jpg,https://www.amazon.in/Nikon-D850-45-7MP-Digital-24-120mm/dp/B07872WZQ7/ref=sr_1_15?dib=eyJ2IjoiMSJ9.n987CI7ubIIGzIKdaWtWFRTegteLeofmByseAammG-vP05PUjFgosxGy5-fwYhsgGm_Tc5m2Mkd6vp50v7wVWHEJE9hz6-Fd6OvgekOW8wpm1x4Y-bKkRGnCyivq7QzW8AGcD8_1ZikgHdbQ2J2ZDD37RkHRngRbA6AxBgHi28uFQVqhXQSGwi5sRefcd6kYIfn2UifVBvc9QWvyY4U-TwLqiTFdXUOOwBGd5kkM7eo.akv4PTeI9ws8rx5ycRPHzq0_5-VoyhABTMXAmgAnGM0&dib_tag=se&keywords=dslr+camera&qid=1779560207&sr=8-15,"D850 with the AF-S NIKKOR 24-120MM F/4G ED VR(64GB SD included) | Comes with battery, charger and manual | Create epic film masterpieces in full-frame 4K UHD with NIKKOR wide-angle lenses or prolong exquisite moments with its 120p/100p Full HD slow-motion recording | Fashion, nature, sports or wedding photography and videography; Country of Origin: Japan | Hardware Interface: Bluetooth; Wireless Communication Technology: Bluetooth Specification Version 4.1 Operating Frequency: Bluetooth: 2402 To 2480 Mhz Bluetooth Low Energy: 2402 To 2480 Mhz","{""Compatible Mountings"":""Nikon D"",""Aspect Ratio"":""1.50:1, 16:9"",""Sensor Type"":""CMOS"",""File Format"":""MOV, MP4"",""Image Stabilization Type"":""Optical"",""Maximum Aperture"":""4 Millimeters"",""Expanded ISO Minimum"":""100"",""Photo Sensor Resolution"":""45.7 MP"",""Photo Sensor Size"":""APS-C"",""Maximum Shutter Speed"":""1/8000 Seconds"",""Minimum Shutter Speed"":""30 Seconds Seconds"",""Exposure Control"":""Automatic"",""Form Factor"":""DSLR"",""Effective Still Resolution"":""45"",""Product Features"":""Time-lapse"",""Colour"":""Black"",""Screen Size Unit of Measure"":""3.2 Inches"",""Shooting Modes"":""Shutter Priority"",""Item Weight Unit of Measure"":""1 Kilograms"",""Video Capture Resolution"":""2160p"",""Viewfinder Type"":""Optical"",""Flash Modes Description"":""Automatic"",""Camera Flash Type"":""Built-In"",""Skill Level"":""Amateur"",""Specific Uses For Product"":""Photography, Videography"",""Compatible Devices"":""Desktop, Laptop, Smartphone"",""Continuous Shooting Speed"":""9 FPS"",""Aperture modes"":""f/4G"",""Viewfinder Magnification"":""0.8x"",""Flash Sync Speed"":""X= 1/250 s; synchronizes with shutter at 1/250 s or slower; Auto FP High-Speed sync supported"",""Network Connectivity Technology"":""Micro HDMI, NFC, Wi-Fi"",""Wireless Technology Type"":""Bluetooth Specification Version 4.1 Operating frequency: Bluetooth: 2402 to 2480 MHz Bluetooth Low Energy: 2402 to 2480 MHz"",""Video Output"":""HDMI"",""Hardware Interface"":""Bluetooth"",""Display Type"":""LCD"",""Display Fixture Type"":""Tilting"",""Display Maximum Resolution"":""1040 x 700 pixels"",""Has Color Screen"":""Yes"",""Maximum Display Resolution"":""1040 k-dot MP"",""Touch Screen Type"":""Capacitive"",""Digital-Still"":""Yes"",""Movie Mode"":""Yes"",""Image Capture Type"":""Stills & Video"",""Night vision"":""No"",""Flash Memory Type"":""SD"",""Available Memory Slots"":""1"",""Memory Storage Capacity"":""64 GB"",""Recording Capacity"":""30 Minutes"",""Compatible Flash Memory Type"":""SD, SDHC"",""JPEG Quality Level"":""Basic, Fine, Normal"",""Total Still Resolution"":""45 MP"",""Maximum Image Size"":""45 MP"",""Maximum Focal Length"":""120 Millimeters"",""Optical Zoom"":""5"",""Lens Type"":""24-120mm"",""Zoom"":""Optical Zoom"",""Camera Lens"":""70 millimeters"",""Minimum Focal Length"":""24 Millimeters"",""Real Angle Of View"":""21.6 Degrees"",""Digital Zoom"":""0.2 x"",""Photo Filter Thread Size"":""46 Millimetres"",""Lens Construction"":""24-120"",""Photo Filter Factor"":""1 x"",""Metering Methods"":""3D Color Matrix"",""White Balance Settings"":""Auto"",""Self Timer"":""10 Seconds"",""Brand Name"":""Nikon"",""Model Name"":""D850"",""Box Contents"":""Nikon D850 Camera Body, Camera Battery, Battery Charger, Strap, Manual, 64 GB Memory Card"",""Are Batteries Included?"":""Yes"",""External-Memory Size"":""64 GB"",""Model Number"":""D850"",""Remote Included"":""No"",""Model Series"":""D"",""Series Number"":""8"",""Generation"":""2"",""UPC"":""018208956500 018208956494"",""Unit Count"":""8 Count"",""Manufacturer Part Number"":""D850 24-120 VR Kit"",""Importer Contact Information"":""NIKON"",""Packer Contact Information"":""Nikon Corporation Shinagawa Intercity Tower C, 2-15-3, Konan, Minato-Ku,Tokyo 106-6290 Japan"",""Manufacturer"":""Nikon Corporation, Nikon Corporation Shinagawa Intercity Tower C, 2-15-3, Konan, Minato-Ku,Tokyo 106-6290 Japan"",""Warranty Description"":""2 years Manufacturer warranty"",""Age Range Description"":""Adult"",""Item Type Name"":""DSLR"",""Manufacturer Contact Information"":""Nikon Corporation Shinagawa Intercity Tower C, 2-15-3, Konan, Minato-Ku,Tokyo 106-6290 Japan"",""Country of Origin"":""Japan"",""Best Sellers Rank"":""#136,314 in Electronics (See Top 100 in Electronics) #6 in Digital SLR Cameras"",""ASIN"":""B07872WZQ7"",""Auto Focus Technology"":""Single-servo AF (AF-S); full-time-servo AF (AF-F) Manual focus (M)"",""Focus Features"":""Hybrid"",""Autofocus Points"":""153"",""Focus Type"":""Auto Focus"",""Focus Mode"":""Continuous-Servo AF (AF-C), Manual Focus (MF), Single-Servo AF (AF-S)"",""Autofocus"":""Yes""}",amazon
"Nikon Z50 Mirrorless Camera, 20.9 MP with Z DX 16-50Mm F/3.5-6.3 VR & Z DX 50-250Mm",Nikon,Cameras,89360,105995,16,4.1,203,https://m.media-amazon.com/images/I/61rBVhRqMPL._AC_UL500_.jpg,https://www.amazon.in/Nikon-Z50-Mirroless-16-50mm-50-250mm/dp/B084MH4VBS/ref=sr_1_16?dib=eyJ2IjoiMSJ9.n987CI7ubIIGzIKdaWtWFRTegteLeofmByseAammG-vP05PUjFgosxGy5-fwYhsgGm_Tc5m2Mkd6vp50v7wVWHEJE9hz6-Fd6OvgekOW8wpm1x4Y-bKkRGnCyivq7QzW8AGcD8_1ZikgHdbQ2J2ZDD37RkHRngRbA6AxBgHi28uFQVqhXQSGwi5sRefcd6kYIfn2UifVBvc9QWvyY4U-TwLqiTFdXUOOwBGd5kkM7eo.akv4PTeI9ws8rx5ycRPHzq0_5-VoyhABTMXAmgAnGM0&dib_tag=se&keywords=dslr+camera&qid=1779560207&sr=8-16,"20.9MP DX-Format CMOS Sensor and EXPEED 6 Image Processor | UHD 4K video recording at up to 30 fps and Full HD recording at up to 120 fps | Up to 11 fps shooting with AE/AF, 5 fps with live view; 3.2"" 1.04m-dot LCD screen and has a 180° flip-under tilting design | In the Box: Nikon Z50, Nikkor Z DX 16-50mm, Strap, Battery, Charger, USB Cable | Wireless Communication Technology: Wi-Fi","{""Compatible Mountings"":""Nikon Z"",""Aspect Ratio"":""1.50:1"",""Sensor Type"":""CMOS"",""File Format"":""RAW"",""Image Stabilization Type"":""Optical"",""Maximum Aperture"":""3.5 Millimeters"",""Expanded ISO Minimum"":""32"",""Photo Sensor Resolution"":""20.9 MP"",""Photo Sensor Size"":""1-inch"",""Maximum Shutter Speed"":""767011 Seconds"",""Minimum Shutter Speed"":""767011 Seconds"",""Exposure Control"":""Automatic"",""Form Factor"":""Compact"",""Effective Still Resolution"":""20.9 MP"",""Product Features"":""Time Lapse, Bluetooth, Wi-Fi"",""Colour"":""Black"",""Screen Size Unit of Measure"":""3.2 Inches"",""Shooting Modes"":""Portrait"",""Item Weight Unit of Measure"":""450 Grams"",""Video Capture Resolution"":""FHD 1080p"",""Viewfinder Type"":""Electronic"",""Flash Modes Description"":""Auto;Flash On/Off"",""Camera Flash Type"":""Built-In"",""Skill Level"":""Amateur"",""Specific Uses For Product"":""Photography"",""Compatible Devices"":""Desktop, Laptop, Smartphone"",""Continuous Shooting Speed"":""11 FPS"",""Aperture modes"":""F4.5-F6.3"",""Viewfinder Magnification"":""0.62x"",""Flash Sync Speed"":""1/250 sec"",""Network Connectivity Technology"":""Bluetooth, Wi-Fi"",""Wireless Technology Type"":""Wi-Fi"",""Total USB Ports"":""1"",""Total Video Out Ports"":""1"",""Hardware Interface"":""USB"",""Display Type"":""LCD"",""Display Maximum Resolution"":""1920 x 1080 pixels"",""Has Color Screen"":""Yes"",""Maximum Display Resolution"":""2160 Pixels"",""Digital Scene Transition"":""zoom"",""Digital-Still"":""Yes"",""Movie Mode"":""Yes"",""Image Capture Type"":""Stills & Video"",""Auto Focus Technology"":""Hybrid"",""Focus Features"":""Hybrid"",""Autofocus Points"":""49"",""Focus Type"":""Auto Focus"",""Focus Mode"":""Continuous-Servo AF (AF-C)"",""Autofocus"":""Yes"",""JPEG Quality Level"":""Basic, Fine, Normal"",""Total Still Resolution"":""20 MP"",""Maximum Image Size"":""20.9 MP"",""Maximum Focal Length"":""250 Millimeters"",""Optical Zoom"":""3 x"",""Lens Type"":""16-250 millimeters"",""Zoom"":""Optical Zoom"",""Camera Lens"":""250 millimeters"",""Minimum Focal Length"":""16 Millimeters"",""Real Angle Of View"":""170 Degrees"",""White Balance Settings"":""Auto"",""Self Timer"":""10 Seconds"",""Brand Name"":""Nikon"",""Model Name"":""Mirrorless"",""Box Contents"":""Nikon Z50 Body, Camera Battery, Camera Battery Charger, NIKKOR Z DX 16-50mm"",""Are Batteries Included?"":""Yes"",""External-Memory Size"":""64 GB"",""Model Number"":""Nikon Z50"",""Model Series"":""Z"",""Series Number"":""50"",""Generation"":""50"",""Unit Count"":""1 Count"",""Manufacturer Part Number"":""VOK050WN"",""Importer Contact Information"":""Nikon India Pvt Ltd. Plot# 71, sector 32, Institutional Area, Gurgaon-122001, Haryana, India"",""Packer Contact Information"":""NIKON"",""Manufacturer"":""Nikon, Nikon Corporation,Shinagawa intercity tower C, 2-15-3 ,konan, minato-ku, Tokyo 108-6290 , Japan"",""Warranty Description"":""2 years Manufacturer warranty"",""Age Range Description"":""Adult"",""Item Type Name"":""DSLR"",""Manufacturer Contact Information"":""Nikon Corporation,Shinagawa intercity tower C, 2-15-3 ,konan, minato-ku, Tokyo 108-6290 , Japan"",""Country of Origin"":""Thailand"",""Best Sellers Rank"":""#172,958 in Electronics (See Top 100 in Electronics) #51 in Mirrorless System Cameras"",""ASIN"":""B084MH4VBS"",""Flash Memory Type"":""Compact Flash"",""Available Memory Slots"":""1"",""Memory Storage Capacity"":""64 GB"",""Flash Memory Installed Size"":""64 GB"",""Compatible Flash Memory Type"":""SD, SDHC, SDXC""}",amazon
"Nikon D850 45.7MP DSLR Camera Body only, 3X Optical Zoom, Black",Nikon,Cameras,150805,150805,36,4.1,27,https://m.media-amazon.com/images/I/41PfbBJIliL._AC_UL500_.jpg,https://www.amazon.in/Nikon-D850-45-7MP-Camera-Optical/dp/B00JE2R38C/ref=sr_1_17?dib=eyJ2IjoiMSJ9.n987CI7ubIIGzIKdaWtWFRTegteLeofmByseAammG-vP05PUjFgosxGy5-fwYhsgGm_Tc5m2Mkd6vp50v7wVWHEJE9hz6-Fd6OvgekOW8wpm1x4Y-bKkRGnCyivq7QzW8AGcD8_1ZikgHdbQ2J2ZDD37RkHRngRbA6AxBgHi28uFQVqhXQSGwi5sRefcd6kYIfn2UifVBvc9QWvyY4U-TwLqiTFdXUOOwBGd5kkM7eo.akv4PTeI9ws8rx5ycRPHzq0_5-VoyhABTMXAmgAnGM0&dib_tag=se&keywords=dslr+camera&qid=1779560207&sr=8-17,D850 Body Only | High Speed SD Card | 45.7MP DSLR Camera | Country of Origin: Japan | Hardware Interface: Secure Digital;Wireless Communication Technology: Bluetooth Specification Version 4.1 Operating Frequency: Bluetooth: 2402 To 2480 Mhz Bluetooth Low Energy: 2402 To 2480 Mhz,"{""Compatible Mountings"":""Nikon S"",""Aspect Ratio"":""3:2"",""Sensor Type"":""CMOS"",""File Format"":""MOV, MP4"",""Image Stabilization Type"":""Optical"",""Maximum Aperture"":""3.5 Millimeters"",""Expanded ISO Minimum"":""64"",""Photo Sensor Resolution"":""45.7 MP"",""Maximum Shutter Speed"":""1/8000 to 30 Seconds"",""Minimum Shutter Speed"":""30 Seconds"",""Exposure Control"":""Manual,Automatic"",""Form Factor"":""DSLR"",""Effective Still Resolution"":""45.7 MP"",""Product Features"":""Special Effects Modes (Night Vision, Super Vivid, Pop, Photo Illustration, Toy Camera Effect, Miniature Effect, Selective Color)"",""Colour"":""black"",""Screen Size Unit of Measure"":""3.2 Inches"",""Shooting Modes"":""Sports"",""Item Weight Unit of Measure"":""1.05 Kilograms"",""Video Capture Resolution"":""2160p"",""Viewfinder Type"":""[viewfinder_type]"",""Flash Modes Description"":""Auto, Fill"",""Camera Flash Type"":""Built-In"",""Skill Level"":""Professional"",""Specific Uses For Product"":""Professional Photography"",""Compatible Devices"":""Personal Computer, Smartphone, Tablet"",""Continuous Shooting Speed"":""6 FPS"",""Aperture modes"":""F3.5"",""Flash Sync Speed"":""X= 1/250 s; synchronizes with shutter at 1/250 s or slower; Auto FP High-Speed sync supported"",""Video Capture Format"":""AVCHD"",""Expanded ISO Maximum"":""25600"",""Network Connectivity Technology"":""Wi-Fi"",""Wireless Technology Type"":""Bluetooth Specification Version 4.1 Operating frequency: Bluetooth: 2402 to 2480 MHz Bluetooth Low Energy: 2402 to 2480 MHz"",""Hardware Interface"":""Bluetooth"",""Display Type"":""LCD"",""Display Maximum Resolution"":""45.7 MP"",""Has Color Screen"":""Yes"",""Maximum Display Resolution"":""45.7 MP"",""Digital Scene Transition"":""zoom"",""Digital-Still"":""Yes"",""Movie Mode"":""Yes"",""Image Capture Type"":""Stills & Video"",""Night vision"":""Yes"",""Auto Focus Technology"":""Single-servo AF (AF-S); full-time-servo AF (AF-F) Manual focus (M)"",""Focus Features"":""Hybrid"",""Autofocus Points"":""153"",""Focus Type"":""Auto Focus"",""Focus Mode"":""Single-Servo AF (AF-S)"",""Autofocus"":""Yes"",""JPEG Quality Level"":""Basic"",""Total Still Resolution"":""45.7 MP"",""Maximum Image Size"":""45.7 MP"",""Maximum Focal Length"":""120 Millimeters"",""Optical Zoom"":""3 x"",""Lens Type"":""24-72 millimeters"",""Zoom"":""Optical Zoom"",""Camera Lens"":""3x optical zoom lens, 24-72mm focal length range"",""Minimum Focal Length"":""24 Millimeters"",""White Balance Settings"":""Auto"",""Self Timer"":""10 Seconds"",""Brand Name"":""Nikon"",""Model Name"":""Nikon D850"",""Box Contents"":""Nikon D850 Camera Body, Camera Battery, Battery Charger, Strap, Manual"",""Are Batteries Included?"":""Yes"",""Model Number"":""D850"",""Model Series"":""D850"",""Series Number"":""850"",""Generation"":""4"",""UPC"":""526969277319"",""Unit Count"":""8 Count"",""Manufacturer Part Number"":""DH0057"",""Importer Contact Information"":""Nikon India PVT.LTD. Plot No: 71,Sector 32, Institutional Area, Gurgaon-122001, Haryana, India.Tel No: 1800-12-7346"",""Packer Contact Information"":""Nikon Corporation Shinagawa Intercity Tower C, 2-15-3, Konan, Minato-Ku,Tokyo 106-6290 Japan"",""Manufacturer"":""Nikon Corporation, Nikon Corporation Shinagawa Intercity Tower C, 2-15-3, Konan, Minato-Ku,Tokyo 106-6290 Japan"",""Warranty Description"":""2 years Manufacturer warranty"",""Age Range Description"":""Adult"",""Item Type Name"":""DSLR"",""Manufacturer Contact Information"":""Nikon Corporation Shinagawa Intercity Tower C, 2-15-3, Konan, Minato-Ku,Tokyo 106-6290 Japan"",""Country of Origin"":""Japan"",""Best Sellers Rank"":""#268,070 in Electronics (See Top 100 in Electronics) #11 in Digital SLR Cameras"",""ASIN"":""B00JE2R38C"",""Flash Memory Type"":""SD"",""Available Memory Slots"":""1"",""Memory Storage Capacity"":""64 GB"",""Compatible Flash Memory Type"":""SD, SDHC""}",amazon
Sony Digital Camera ZV-1F for Content Creators with Ultra-Wide 20mm Prime Lens,Sony,Cameras,46990,51990,10,3.8,68,https://m.media-amazon.com/images/I/71UKHtv92KL._AC_UL500_.jpg,https://www.amazon.in/Sony-Creators-Vloggers-Ultra-Wide-Stabilisation/dp/B0BZJ9D5W3/ref=sr_1_18?dib=eyJ2IjoiMSJ9.n987CI7ubIIGzIKdaWtWFRTegteLeofmByseAammG-vP05PUjFgosxGy5-fwYhsgGm_Tc5m2Mkd6vp50v7wVWHEJE9hz6-Fd6OvgekOW8wpm1x4Y-bKkRGnCyivq7QzW8AGcD8_1ZikgHdbQ2J2ZDD37RkHRngRbA6AxBgHi28uFQVqhXQSGwi5sRefcd6kYIfn2UifVBvc9QWvyY4U-TwLqiTFdXUOOwBGd5kkM7eo.akv4PTeI9ws8rx5ycRPHzq0_5-VoyhABTMXAmgAnGM0&dib_tag=se&keywords=dslr+camera&qid=1779560207&sr=8-18,1) Ultra-wide-angle 20 mm prime lens | 2) Ideal for group selfies and background scenery | 3) Vari-angle LCD for selfies | 4) 425 contrast-detection AF frame points for high-precision focusing | 5) Wind screen for Clear Voice Recording outdoors,"{""Compatible Mountings"":""Sony E"",""Aspect Ratio"":""Unknown"",""Sensor Type"":""CMOS"",""File Format"":""XAVC S"",""Image Stabilization Type"":""Digital"",""Maximum Aperture"":""2 f"",""Expanded ISO Minimum"":""80"",""Photo Sensor Resolution"":""20.1 MP"",""Photo Sensor Size"":""1-inch"",""Maximum Shutter Speed"":""0.25 Seconds"",""Minimum Shutter Speed"":""1/2000 Seconds"",""Exposure Control"":""Automatic, Manual"",""Form Factor"":""Ultracompact"",""Effective Still Resolution"":""21 MP"",""Product Features"":""Face Detection"",""Colour"":""Black"",""Screen Size Unit of Measure"":""7.5 Centimetres"",""Item Weight Unit of Measure"":""256 Grams"",""Video Capture Resolution"":""30p"",""Viewfinder Type"":""Electronic"",""Flash Modes Description"":""Auto, On, Off"",""Camera Flash Type"":""Built-In"",""Skill Level"":""Novice"",""Specific Uses For Product"":""Vlogging, Content creation"",""Compatible Devices"":""Laptop, Mobile"",""Continuous Shooting Speed"":""10 FPS"",""Aperture modes"":""F2.0"",""Video Capture Format"":""XAVC"",""Expanded ISO Maximum"":""100"",""Network Connectivity Technology"":""Bluetooth, HDMI, Wi-Fi"",""Wireless Technology Type"":""Bluetooth, Wi-Fi"",""Total USB Ports"":""1"",""Total Video Out Ports"":""1"",""Display Type"":""LCD"",""Dots Per Screen"":""921,600 dots"",""Display Maximum Resolution"":""1920 x 1080"",""Has Color Screen"":""Yes"",""Maximum Display Resolution"":""5472 x 3648 Pixels"",""Available Memory Slots"":""1"",""Recording Capacity"":""90 Minutes"",""Flash Memory Installed Size"":""128 GB"",""Compatible Flash Memory Type"":""microSD"",""JPEG Quality Level"":""Basic"",""Bit Depth"":""8 Bit"",""Total Still Resolution"":""20 MP"",""Maximum Focal Length"":""7.6 Millimeters"",""Lens Type"":""20mm ultra-wide"",""Zoom"":""Digital Zoom"",""Camera Lens"":""20mm"",""Minimum Focal Length"":""7.6 Millimeters"",""Real Angle Of View"":""94 Degrees"",""Metering Methods"":""Center Weighted"",""White Balance Settings"":""Auto, Cloudy, Daylight, Incandescent, Shade"",""Self Timer"":""10 Seconds"",""Brand Name"":""Sony"",""Model Name"":""ZV-1F/BC IN5"",""Box Contents"":""Lens cap, Rechargeable Battery Pack (NP-BX1), Type-C USB cable (USB 2.0), Wind Screen, Wind Screen Adapter, Instruction Manual,,,,,,,,,,,,,,,"",""Are Batteries Included?"":""Yes"",""Model Number"":""ZV-1F"",""Model Series"":""ZV"",""Generation"":""1"",""Unit Count"":""1 Count"",""Manufacturer Part Number"":""ZV-1F"",""Importer Contact Information"":""Sony India Private Limited,A-18, Mohan Co-operative Industrial Estate, Mathura Road, New Delhi 110044, India , Customer Care Number : 080 6500 6500, Email: Sonyindia.care@ap.sony.com"",""Packer Contact Information"":""Sony Imaging Products & Solutions Inc., 1-7-1 Konan, Minato-KU, Tokyo 108-0075, Japan"",""Manufacturer"":""Sony, Sony Imaging Products & Solutions Inc., 1-7-1 Konan, Minato-KU, Tokyo 108-0075, Japan"",""Warranty Description"":""2 year manufacturer"",""Age Range Description"":""Adult"",""Item Type Name"":""Vlog Camera"",""Manufacturer Contact Information"":""Sony Imaging Products & Solutions Inc., 1-7-1 Konan, Minato-KU, Tokyo 108-0075, Japan"",""Country of Origin"":""China"",""Best Sellers Rank"":""#36,461 in Electronics (See Top 100 in Electronics) #19 in DSLR Camera Lenses"",""ASIN"":""B0BZJ9D5W3"",""Digital-Still"":""Yes"",""Movie Mode"":""Yes"",""Image Capture Type"":""Stills & Video"",""Auto Focus Technology"":""Contrast Detection"",""Focus Features"":""Active"",""Autofocus Points"":""425"",""Focus Type"":""Auto Focus"",""Focus Mode"":""Manual Focus (MF)"",""Autofocus"":""Yes"",""Shooting Modes"":""Auto (Intelligent Auto), Program Auto, Aperture Priority, Shutter Speed Priority, Manual Exposure, Movie Mode (Program Auto, Aperture Priority, Shutter Speed Priority, Manual Exposure, Movie Auto (Intelligent Auto)), S&Q Mode (Program Auto, Aperture Priority, Shutter Speed Priority, Manual Exposure, S&Q Auto (Intelligent Auto))""}",amazon
KODAK PIXPRO FZ45-WH 16MP Digital Camera 4X Optical Zoom 27mm Wide Angle 1080P Full HD,KODAK,Cameras,14999,24999,40,4.1,1376,https://m.media-amazon.com/images/I/71iABxYS-eL._AC_UL500_.jpg,https://www.amazon.in/KODAK-Friendly-FZ45-WH-Digital-Optical/dp/B0B8PD8TTP/ref=sr_1_19?dib=eyJ2IjoiMSJ9.n987CI7ubIIGzIKdaWtWFRTegteLeofmByseAammG-vP05PUjFgosxGy5-fwYhsgGm_Tc5m2Mkd6vp50v7wVWHEJE9hz6-Fd6OvgekOW8wpm1x4Y-bKkRGnCyivq7QzW8AGcD8_1ZikgHdbQ2J2ZDD37RkHRngRbA6AxBgHi28uFQVqhXQSGwi5sRefcd6kYIfn2UifVBvc9QWvyY4U-TwLqiTFdXUOOwBGd5kkM7eo.akv4PTeI9ws8rx5ycRPHzq0_5-VoyhABTMXAmgAnGM0&dib_tag=se&keywords=dslr+camera&qid=1779560207&sr=8-19,"4x Optical Zoom | 16MP CMOS Sensor | 1080p Full HD Video | 27mm Wide Angle Lens; 2.7"" LCD | Compatible Mountings: Kodak Fz45 || The KODAK PIXPRO FZ45 is a compact digital camera designed for simple everyday photography, offering families, travelers, and beginners an easy way to capture memories without complexity. It uses a sixteen MP CMOS sensor and a four times optical zoom lens, with a twenty seven mm wide angle setting t","{""Display"":""2.7\"""",""Compatible Mountings"":""Kodak Fz45"",""Aspect Ratio"":""16:9, 3:2, 4:3"",""Sensor Type"":""CMOS"",""File Format"":""RAW"",""Image Stabilization Type"":""Digital"",""Maximum Aperture"":""3 f"",""Expanded ISO Minimum"":""100"",""Photo Sensor Resolution"":""16 MP"",""Photo Sensor Size"":""1/2.3\"""",""Maximum Shutter Speed"":""1/2000 Seconds"",""Minimum Shutter Speed"":""5.0E-4 Seconds"",""Exposure Control"":""Automatic"",""Form Factor"":""Compact"",""Effective Still Resolution"":""16 MP"",""Product Features"":""Webcam"",""Colour"":""white"",""Screen Size Unit of Measure"":""2.7 Inches"",""Shooting Modes"":""Easy"",""Item Weight Unit of Measure"":""4.1 Ounces"",""Video Capture Resolution"":""1080p"",""Viewfinder Type"":""Optical"",""Flash Modes Description"":""Auto, Red-Eye Reduction, Fill Flash, Force Off, Slow Synchro, Red-Eye Reduction + Slow Synchro"",""Camera Flash Type"":""Built-In"",""Skill Level"":""Beginner"",""Specific Uses For Product"":""Travel"",""Compatible Devices"":""Laptop, Personal Computer, Printer"",""Continuous Shooting Speed"":""5 FPS"",""Aperture modes"":""F3"",""Flash Sync Speed"":""1/60"",""Video Capture Format"":""AVCHD"",""Wireless Technology Type"":""Wi-Fi"",""Data Transfer Rate"":""1 Megabits Per Second"",""Video Output"":""USB"",""Total USB Ports"":""1"",""Total Video Out Ports"":""1"",""Total USB 2.0 Ports"":""1"",""Hardware Interface"":""USB"",""Dots Per Screen"":""230,000 Dots"",""Display Fixture Type"":""Fixed"",""Display Maximum Resolution"":""16.35 MP"",""Has Color Screen"":""Yes"",""Maximum Display Resolution"":""4608 Pixels"",""Digital Scene Transition"":""zoom"",""Digital-Still"":""Yes"",""Movie Mode"":""Yes"",""Image Capture Type"":""Video"",""Night vision"":""No"",""Auto Focus Technology"":""Face Detection"",""Focus Features"":""TTL Autofocus"",""Autofocus Points"":""9"",""Focus Type"":""Auto Focus"",""Focus Mode"":""Continuous-Servo AF (AF-C)"",""Autofocus"":""Yes"",""JPEG Quality Level"":""Fine"",""Bit Depth"":""8 Bit"",""Total Still Resolution"":""16 MP"",""Maximum Image Size"":""16.76 MP"",""Maximum Focal Length"":""19.6 Millimeters"",""Optical Zoom"":""4 x"",""Lens Type"":""4.9 to 19.6 millimeters"",""Zoom"":""Optical Zoom"",""Camera Lens"":""27 millimeters"",""Minimum Focal Length"":""4.9 Millimeters"",""Real Angle Of View"":""27 Degrees"",""Digital Zoom"":""6 x"",""Lens Construction"":""Multi-element"",""Metering Methods"":""AiAE, Center-Weighted, Spot, Face AE"",""White Balance Settings"":""Auto"",""Self Timer"":""10 Seconds"",""Crop Mode"":""16:9"",""Brand Name"":""KODAK"",""Model Name"":""KODAK PIXPRO FZ45"",""Box Contents"":""digital camera"",""Are Batteries Included?"":""Yes"",""Model Number"":""FZ45WH"",""Remote Included"":""No"",""Model Series"":""FZ45, PIXPRO"",""Series Number"":""45"",""Global Trade Identification Number"":""00819900014051"",""Generation"":""1"",""UPC"":""819900014051"",""Unit Count"":""1.0 Count"",""Manufacturer Part Number"":""FZ45WH"",""Manufacturer"":""nikon"",""Age Range Description"":""Adult"",""Country of Origin"":""China"",""Best Sellers Rank"":""#10,944 in Electronics (See Top 100 in Electronics) #6 in Point & Shoot Digital Cameras"",""ASIN"":""B0B8PD8TTP"",""Flash Memory Type"":""SDXC"",""Available Memory Slots"":""1"",""Memory Storage Capacity"":""32 GB"",""Read Speed"":""1 Bytes Per Second"",""Recording Capacity"":""1 Hours"",""Write Speed"":""5 fps"",""Flash Memory Speed Class"":""C10"",""Flash Memory Bus Interface Type"":""SD"",""Flash Memory Supported Size Maximum"":""512 GB"",""Flash Memory Installed Size"":""63 MB"",""Compatible Flash Memory Type"":""SD, SDHC, SDXC""}",amazon
Sony Alpha ILCE-7RM5 Full-Frame High Resolution 61 MP Camera|Artificial Intelligence for,Sony,Cameras,314990,353990,11,4.6,8,https://m.media-amazon.com/images/I/815ZIwEHmLL._AC_UL500_.jpg,https://www.amazon.in/Sony-Full-Frame-Real-time-Animals-Aeroplanes/dp/B0DGG7L5SM/ref=sr_1_20?dib=eyJ2IjoiMSJ9.n987CI7ubIIGzIKdaWtWFRTegteLeofmByseAammG-vP05PUjFgosxGy5-fwYhsgGm_Tc5m2Mkd6vp50v7wVWHEJE9hz6-Fd6OvgekOW8wpm1x4Y-bKkRGnCyivq7QzW8AGcD8_1ZikgHdbQ2J2ZDD37RkHRngRbA6AxBgHi28uFQVqhXQSGwi5sRefcd6kYIfn2UifVBvc9QWvyY4U-TwLqiTFdXUOOwBGd5kkM7eo.akv4PTeI9ws8rx5ycRPHzq0_5-VoyhABTMXAmgAnGM0&dib_tag=se&keywords=dslr+camera&qid=1779560207&sr=8-20,"61.0MP back-illuminated Exmor R CMOS sensor and powerful BIONZ XR image processing engine | Accurate and broad subject recognition powered by the AI Processing Unit | Advanced image stabilisation with up to 8-step compensation effect | 8K 24/25p and 4K 50/60p movie recording, 4:2:2 10 bit | Real-time Eye AF for Human/Animal/Birds/Insects/Cars/Trains/Aeroplanes || The α7R V lets you capture your vision like never before, with dedicated AI processing to recognise and track your subjects. Image makers benefit from a new benchmark of still image quality and resolution, as well as up to 8K video ca","{""Camera"":""61 MP"",""Processor"":""Intelligence for Human Pose Estimation"",""Compatible Mountings"":""Sony E"",""Sensor Type"":""CMOS"",""File Format"":""RAW"",""Image Stabilization Type"":""Up to 8-step compensation effect"",""Photo Sensor Resolution"":""61 MP"",""Photo Sensor Size"":""Full Frame (35mm)"",""Exposure Control"":""Multiple"",""Form Factor"":""Mirrorless"",""Effective Still Resolution"":""61 MP"",""Product Features"":""AI-driven real-time autofocus with multi-subject tracking"",""Colour"":""Black, ILCE-7RM5 With Offer"",""Screen Size Unit of Measure"":""8 Centimetres"",""Shooting Modes"":""Automatic, Manual, Aperture Priority, Shutter Priority, Program, Custom"",""Item Weight Unit of Measure"":""723 Grams"",""Video Capture Resolution"":""2160p"",""Viewfinder Type"":""Electronic"",""Flash Modes Description"":""Automatic"",""Camera Flash Type"":""Built-In"",""Skill Level"":""Professional"",""Specific Uses For Product"":""Professional Photography, Professional Videography"",""Compatible Devices"":""Personal Computer, Smartphone, Tablet"",""Video Capture Format"":""MJPEG"",""Battery Weight"":""60 Grams"",""Battery Cell Type"":""Lithium Ion"",""Battery Types"":""Lithium Ion"",""Water Resistance Level"":""Not Water Resistant"",""Frame Rate"":""24p, 25p, 50p, 60p"",""VESA Mount Type"":""Sony E"",""Item Dimensions D x W x H"":""8.2D x 13.1W x 9.7H Centimeters"",""Crop Factor"":""1"",""Network Connectivity Technology"":""Wi-Fi"",""Wireless Technology Type"":""Wi-Fi"",""Display Type"":""LCD"",""Display Maximum Resolution"":""61 megapixels"",""Has Color Screen"":""Yes"",""Maximum Display Resolution"":""61 MP"",""Available Memory Slots"":""2"",""Compatible Flash Memory Type"":""SD, SDXC"",""JPEG Quality Level"":""Basic, Fine, Normal"",""Bit Depth"":""10 Bit"",""Total Still Resolution"":""61 MP"",""Maximum Image Size"":""61 MP"",""Optical Zoom"":""1"",""Lens Type"":""Body Only"",""Zoom"":""Optical Zoom"",""Brand Name"":""Sony"",""Model Name"":""ILCE"",""Box Contents"":""Rechargeable Battery NP-FZ100, Battery Charger BC-QZ1, Power cord, Cable Protector, Shoulder strap, Body cap, Accessory shoe cap, Eyepiece cup, USB-A to USB-C cable (USB 3.2)"",""Are Batteries Included?"":""Yes"",""Model Number"":""ILCE-7RM5_festive_bundle"",""Model Series"":""Alpha 7R"",""Generation"":""5"",""Unit Count"":""1 Count"",""Manufacturer Part Number"":""ILCE-7RM5_festive_bundle"",""Importer Contact Information"":""Sony India Private Limited,A-18, Mohan Co-operative Industrial Estate, Mathura Road, New Delhi 110044, India , Toll Free: 1800-103-7799, Email: Sonyindia.care@ap.sony.com"",""Packer Contact Information"":""Sony Imaging Products & Solutions Inc., 1-7-1 Konan, Minato-KU, Tokyo 108-0075, Japan"",""Manufacturer"":""Sony, Sony Imaging Products & Solutions Inc., 1-7-1 Konan, Minato-KU, Tokyo 108-0075, Japa"",""Warranty Description"":""2 Year Manufacturer"",""Age Range Description"":""Adult"",""Item Type Name"":""Full Frame Camera"",""Manufacturer Contact Information"":""Sony Imaging Products & Solutions Inc., 1-7-1 Konan, Minato-KU, Tokyo 108-0075, Japa"",""Country of Origin"":""Thailand"",""Best Sellers Rank"":""#167,623 in Electronics (See Top 100 in Electronics) #56 in Mirrorless System Cameras"",""ASIN"":""B0DGG7L5SM"",""Digital-Still"":""Yes"",""Movie Mode"":""Yes"",""Image Capture Type"":""Stills & Video"",""Auto Focus Technology"":""Hybrid with AI-powered Eye Detection"",""Focus Features"":""AI-driven real-time autofocus with subject tracking and eye AF"",""Focus Type"":""Auto Focus"",""Focus Mode"":""Automatic AF (AF-A)"",""Autofocus"":""Yes""}",amazon
Sony DualSense Wireless Controller Red (PlayStation 5),Sony,Gaming,6149,6390,4,4.5,1113,https://m.media-amazon.com/images/I/61afp1oz7eL._AC_UL500_.jpg,https://www.amazon.in/DualSense-Wireless-Controller-Red-PlayStation/dp/B098439Y2G/ref=sr_1_3?dib=eyJ2IjoiMSJ9.Gmr_zHB8hYuNTEq7FIyCX45UIGIEJZOdOTHg0M7YL1l0mhwDKZxd4zdpVLho3Ubs1cVpSTpx9lvgsouV215jE1Q2gAUTSC69zRsJ33JrcLy7YeN_yQKWMCG8TMjNYzk_OlxxQpUzndXBDcP-csyNDQR5IC17afE90zCcVyWAdiqM4ixJBRIfzxX96aYMcs_N9F12ZmtDKSQpRppBa_DGNRkE58HGFpjrSuKxkypyej0.dA9wMcLUwc0niyH3YfL7GH6FNW6n4XBP2u3s8FuSvqc&dib_tag=se&keywords=gaming+controller+ps5&qid=1779560218&sr=8-3,"Bring gaming worlds to life - a) Feel your in-game actions and environment simulated through haptic feedback2, b)Experience varying force and tension at your fingertips with adaptive triggers2;Chat online through the built-in microphone3, connect a headset directly via the 3.5mm jack, Switch voice capture on and off using the dedicated mute button, record & broadcast | Enjoy a comfortable, evolved design with an iconic layout and enhanced sticks, intuitively interact with select games using the integrated motion sensor;Hear higher-fidelity1 sound effects through the built-in speaker in support","{""_inline"":""800+ bought in past month · M.R.P: · FREE delivery Mon, 25 May""}",amazon
"EvoFox Play 2 PS4 Controller & PS5 (PS4 Games only), Playstation 4 Controller Bluetooth &",Sony,Gaming,1899,2999,37,4.2,365,https://m.media-amazon.com/images/I/71cRw5nSFmL._AC_UL500_.jpg,https://www.amazon.in/EvoFox-Play-Controller-Playstation-HallSenseTM/dp/B0GJ6N8ZW3/ref=sr_1_4?dib=eyJ2IjoiMSJ9.Gmr_zHB8hYuNTEq7FIyCX45UIGIEJZOdOTHg0M7YL1l0mhwDKZxd4zdpVLho3Ubs1cVpSTpx9lvgsouV215jE1Q2gAUTSC69zRsJ33JrcLy7YeN_yQKWMCG8TMjNYzk_OlxxQpUzndXBDcP-csyNDQR5IC17afE90zCcVyWAdiqM4ixJBRIfzxX96aYMcs_N9F12ZmtDKSQpRppBa_DGNRkE58HGFpjrSuKxkypyej0.dA9wMcLUwc0niyH3YfL7GH6FNW6n4XBP2u3s8FuSvqc&dib_tag=se&keywords=gaming+controller+ps5&qid=1779560218&sr=8-4,"𝗛𝗮𝗹𝗹𝗦𝗲𝗻𝘀𝗲 𝗠𝗮𝗴𝗻𝗲𝘁𝗶𝗰 𝟯𝗗 𝗝𝗼𝘆𝘀𝘁𝗶𝗰𝗸𝘀 𝗳𝗼𝗿 𝗗𝗿𝗶𝗳𝘁-𝗙𝗿𝗲𝗲 𝗣𝗿𝗲𝗰𝗶𝘀𝗶𝗼𝗻 : This gaming controller features HallSense magnetic 3D joysticks that deliver consistent, drift-free precision for long-term high-performance gaming, giving you reliable control in every session. | 𝗣𝗹𝗮𝘆𝗦𝘁𝗮𝘁𝗶𝗼𝗻 𝗮𝗻𝗱 𝗠𝘂𝗹𝘁𝗶-𝗣𝗹𝗮𝘁𝗳𝗼𝗿𝗺 𝗦𝘂𝗽𝗽𝗼𝗿𝘁 : Compatible with PS4, PS5 (for PS4 games), and PC as a PlayStation controller, this game controller offers versatile multi-platform support so you can game across your favourite systems without compromise. | 𝗨𝗹𝘁𝗿𝗮-𝗙","{""Refresh Rate"":""000 Hz""}",amazon
Sony Dualsense Edge Wireless Controller (Playstation 5),Sony,Gaming,16499,18990,13,4.4,261,https://m.media-amazon.com/images/I/51qcJKGmDXL._AC_UL500_.jpg,https://www.amazon.in/Sony-DualSense-Wireless-Controller-PlayStation/dp/B0BMPLHLZ9/ref=sr_1_5?dib=eyJ2IjoiMSJ9.Gmr_zHB8hYuNTEq7FIyCX45UIGIEJZOdOTHg0M7YL1l0mhwDKZxd4zdpVLho3Ubs1cVpSTpx9lvgsouV215jE1Q2gAUTSC69zRsJ33JrcLy7YeN_yQKWMCG8TMjNYzk_OlxxQpUzndXBDcP-csyNDQR5IC17afE90zCcVyWAdiqM4ixJBRIfzxX96aYMcs_N9F12ZmtDKSQpRppBa_DGNRkE58HGFpjrSuKxkypyej0.dA9wMcLUwc0niyH3YfL7GH6FNW6n4XBP2u3s8FuSvqc&dib_tag=se&keywords=gaming+controller+ps5&qid=1779560218&sr=8-5,"Changeable stick caps, remappable inputs and custom settings make your DualSense Edge wireless controller uniquely yours. Fine tune your aim by adjusting stick sensitivity and dead zones, set the travel distance of your triggers for faster inputs, and quickly swap between control profiles so you’re always ready for your next game. | Swappable back buttons can be configured to any other button input, so you’ve always got game-changing actions and essential controls at your fingertips. Plus, with two different styles of button to choose from, you can pick an input type that feels just right for ","{""_inline"":""100+ bought in past month · M.R.P: · FREE delivery Mon, 25 May""}",amazon
DualSense Wireless Controller with USB Cable,Sony,Gaming,6134,6390,4,4.4,25,https://m.media-amazon.com/images/I/61s5AmWDnRL._AC_UL500_.jpg,https://www.amazon.in/DualSense-Wireless-Controller-USB-Cable/dp/B0GQ3NF8HZ/ref=sr_1_6?dib=eyJ2IjoiMSJ9.Gmr_zHB8hYuNTEq7FIyCX45UIGIEJZOdOTHg0M7YL1l0mhwDKZxd4zdpVLho3Ubs1cVpSTpx9lvgsouV215jE1Q2gAUTSC69zRsJ33JrcLy7YeN_yQKWMCG8TMjNYzk_OlxxQpUzndXBDcP-csyNDQR5IC17afE90zCcVyWAdiqM4ixJBRIfzxX96aYMcs_N9F12ZmtDKSQpRppBa_DGNRkE58HGFpjrSuKxkypyej0.dA9wMcLUwc0niyH3YfL7GH6FNW6n4XBP2u3s8FuSvqc&dib_tag=se&keywords=gaming+controller+ps5&qid=1779560218&sr=8-6,"BUILT FOR PC GAMERS – Designed for seamless compatibility with Windows PCs, delivering smooth, responsive control across thousands of controller-supported titles including Steam games. | RELIABLE WIRED PERFORMANCE – Plug in via USB-C for low-latency, lag-free gameplay—no batteries, no dropouts, just consistent competitive performance. | PRECISION & CONTROL – Responsive triggers, textured sticks, and ergonomic design help you stay accurate and comfortable during long gaming sessions. | UNMISSABLE IMMERSION – Experience breathtaking haptic feedback and adaptive triggers in select PC titles, brin","{""_inline"":""500+ bought in past month · M.R.P: · FREE delivery Mon, 25 May""}",amazon
PS5 DUALSENSE RHYTHM BLUE,Sony,Gaming,7490,7490,0,3.4,5,https://m.media-amazon.com/images/I/61ZdZ6BjJeL._AC_UL500_.jpg,https://www.amazon.in/Playstation-CFI-ZCT2W15X-DUALSENSE-RHYTHM-BLUE/dp/B0GGC5N3BB/ref=sr_1_8?dib=eyJ2IjoiMSJ9.Gmr_zHB8hYuNTEq7FIyCX45UIGIEJZOdOTHg0M7YL1l0mhwDKZxd4zdpVLho3Ubs1cVpSTpx9lvgsouV215jE1Q2gAUTSC69zRsJ33JrcLy7YeN_yQKWMCG8TMjNYzk_OlxxQpUzndXBDcP-csyNDQR5IC17afE90zCcVyWAdiqM4ixJBRIfzxX96aYMcs_N9F12ZmtDKSQpRppBa_DGNRkE58HGFpjrSuKxkypyej0.dA9wMcLUwc0niyH3YfL7GH6FNW6n4XBP2u3s8FuSvqc&dib_tag=se&keywords=gaming+controller+ps5&qid=1779560218&sr=8-8,"IMMERSIVE HAPTIC FEEDBACK & ADAPTIVE TRIGGERS – Feel in-game actions and dynamic trigger resistance that brings every moment to life on the DualSense Wireless Controller. | BUILT-IN VOICE & SHARING FEATURES – Chat via the integrated mic, connect a headset with the 3.5mm jack, mute instantly, and capture epic moments with the Create button on PlayStation 5. | MULTI-DEVICE CONNECTIVITY – Connect via USB-C or Bluetooth to play on PC, Mac, Android, and iOS, and stream games using PS Remote Play. | ENHANCED PC GAMING SUPPORT – Experience advanced features like haptic feedback and adaptive triggers ","{""_inline"":""50+ bought in past month · FREE delivery Mon, 25 May""}",amazon
acer Nitro Katana NT-02 Wireless Multi-Platform Game Controller,Acer,Gaming,2499,3599,31,3.9,41,https://m.media-amazon.com/images/I/71gXe3aITNL._AC_UL500_.jpg,https://www.amazon.in/NT-02-Multi-Platform-Controller-Bluetooth-Programmable/dp/B0G2YVFDPY/ref=sr_1_9?dib=eyJ2IjoiMSJ9.Gmr_zHB8hYuNTEq7FIyCX45UIGIEJZOdOTHg0M7YL1l0mhwDKZxd4zdpVLho3Ubs1cVpSTpx9lvgsouV215jE1Q2gAUTSC69zRsJ33JrcLy7YeN_yQKWMCG8TMjNYzk_OlxxQpUzndXBDcP-csyNDQR5IC17afE90zCcVyWAdiqM4ixJBRIfzxX96aYMcs_N9F12ZmtDKSQpRppBa_DGNRkE58HGFpjrSuKxkypyej0.dA9wMcLUwc0niyH3YfL7GH6FNW6n4XBP2u3s8FuSvqc&dib_tag=se&keywords=gaming+controller+ps5&qid=1779560218&sr=8-9,"【⚡ Multi-Platform Connectivity with PS4 Support】 Enjoy seamless play across Switch, PS4, Android 6.0+, iOS 13+, and PC (X-Input/D-Input). Powered by Bluetooth 5.3 with up to 10m stable wireless range for responsive gaming. | 【🖐️ Advanced Touchpad + Built-in Speaker】Features a two-point capacitive touchpad for gesture input and a mono speaker (6/8Ω-1W) for immersive in-game audio responses. | 【🎮 Dual Vibration + 6-Axis Motion Engine】Equipped with left/right dual vibration motors and a precise 3D-Sensor + G-Sensor combo for accurate motion sensing, driving, aiming, and action gameplay. | 【🔧 M","{""OS"":""Android""}",amazon
"EDNITA Controller Cover for PS5 Silicone Skin, Controller Accessories, Non-Slip PS 5 Case",EDNITA,Gaming,399,1599,75,4.3,1396,https://m.media-amazon.com/images/I/61G1XFG4xiL._AC_UL500_.jpg,https://www.amazon.in/EDNITA-Controller-PS5-Silicone-Accessories/dp/B0G2MKGDFD/ref=sr_1_10?dib=eyJ2IjoiMSJ9.Gmr_zHB8hYuNTEq7FIyCX45UIGIEJZOdOTHg0M7YL1l0mhwDKZxd4zdpVLho3Ubs1cVpSTpx9lvgsouV215jE1Q2gAUTSC69zRsJ33JrcLy7YeN_yQKWMCG8TMjNYzk_OlxxQpUzndXBDcP-csyNDQR5IC17afE90zCcVyWAdiqM4ixJBRIfzxX96aYMcs_N9F12ZmtDKSQpRppBa_DGNRkE58HGFpjrSuKxkypyej0.dA9wMcLUwc0niyH3YfL7GH6FNW6n4XBP2u3s8FuSvqc&dib_tag=se&keywords=gaming+controller+ps5&qid=1779560218&sr=8-10,"Perfect Fit for PS5 Controllers – Specially designed silicone skin ensures a snug, secure fit for PS5 DualSense controllers, offering full access to all buttons, ports, and functions. | Complete Protection Kit – Comes with thumb grip caps, touch pad sticker, and cover wrap stickers for added protection against dust, scratches, and daily wear. | Comfortable & Durable Silicone – Made from high-quality, soft silicone that absorbs sweat and improves comfort during long gaming hours. | Easy to Install & Remove – Stretchable material allows quick installation and removal without damaging the control","{""Brand Name"":""EDNITA"",""Manufacturer"":""EDNITA, EDNITA"",""UPC"":""606123692995"",""Model Number"":""PS5 Cases"",""Manufacturer Part Number"":""PS05"",""Box Contents"":""PS5 Cover"",""Item Type Name"":""PS5 Controller Cover"",""Manufacturer Contact Information"":""EDNITA"",""Unit Count"":""1 Count"",""Country of Origin"":""China"",""Importer Contact Information"":""EDNITA"",""Item Weight Unit of Measure"":""85 Grams"",""Packer Contact Information"":""EDNITA"",""Warranty Description"":""Manufacturing Defect"",""Best Sellers Rank"":""#20 in Video Games (See Top 100 in Video Games) #3 in Playstation 5 Accessory Kits"",""ASIN"":""B0G2MKGDFD"",""Colour"":""Pack of-1 K3"",""Product Finish Type"":""Textured"",""Compatible Devices"":""Controller"",""Additional Features"":""Anti Dust, Scratch Resistant, Anti Slip"",""Size"":""PS5 Controller"",""Enclosure Material"":""Silicone""}",amazon
"EvoFox One S Red V2 Universal 3-Mode Wireless Gaming Controller,1000Hz HallSense™",EvoFox,Gaming,1649,164900,28,4.2,56,https://m.media-amazon.com/images/I/61q9kg1RS0L._AC_UL500_.jpg,https://www.amazon.in/EvoFox-One-Universal-Wireless-Controller/dp/B0FQ5L7QL5/ref=sr_1_13?dib=eyJ2IjoiMSJ9.Gmr_zHB8hYuNTEq7FIyCX45UIGIEJZOdOTHg0M7YL1l0mhwDKZxd4zdpVLho3Ubs1cVpSTpx9lvgsouV215jE1Q2gAUTSC69zRsJ33JrcLy7YeN_yQKWMCG8TMjNYzk_OlxxQpUzndXBDcP-csyNDQR5IC17afE90zCcVyWAdiqM4ixJBRIfzxX96aYMcs_N9F12ZmtDKSQpRppBa_DGNRkE58HGFpjrSuKxkypyej0.dA9wMcLUwc0niyH3YfL7GH6FNW6n4XBP2u3s8FuSvqc&dib_tag=se&keywords=gaming+controller+ps5&qid=1779560218&sr=8-13,"𝗛𝘆𝗽𝗲𝗿-𝗖𝗼𝗻𝗻𝗲𝗰𝘁 𝗗𝗼𝗻𝗴𝗹𝗲 𝗳𝗼𝗿 𝗨𝗹𝘁𝗿𝗮-𝗦𝘁𝗮𝗯𝗹𝗲 𝗚𝗮𝗺𝗲𝗽𝗹𝗮𝘆 : Engineered for low-latency, interference-free connectivity, the Hyper-Connect Dongle ensures a faster and more reliable link between this gaming controller and your device, minimizing lag, dropouts, and input delay for consistently smooth gameplay. | 𝗧𝗿𝗶𝗽𝗹𝗲-𝗠𝗼𝗱𝗲 𝗖𝗼𝗻𝗻𝗲𝗰𝘁𝗶𝘃𝗶𝘁𝘆 – 𝟮.𝟰𝗚𝗛𝘇, 𝗕𝗹𝘂𝗲𝘁𝗼𝗼𝘁𝗵 𝟱.𝟬 + 𝗪𝗶𝗿𝗲𝗱 : Seamlessly switch between 2.4GHz wireless, Bluetooth 5.0+EDR, and wired USB-C modes across PC, Android, iOS, and iPadOS, this game controller offers lag-free,","{""Refresh Rate"":""000 Hz"",""OS"":""Android""}",amazon
DualSense Wireless Controller – Techno Red,Sony,Gaming,7490,7490,0,5,8,https://m.media-amazon.com/images/I/61le+MevTZL._AC_UL500_.jpg,https://www.amazon.in/DualSense-Wireless-Controller-Techno-Red/dp/B0GGBXJWJ9/ref=sr_1_14?dib=eyJ2IjoiMSJ9.Gmr_zHB8hYuNTEq7FIyCX45UIGIEJZOdOTHg0M7YL1l0mhwDKZxd4zdpVLho3Ubs1cVpSTpx9lvgsouV215jE1Q2gAUTSC69zRsJ33JrcLy7YeN_yQKWMCG8TMjNYzk_OlxxQpUzndXBDcP-csyNDQR5IC17afE90zCcVyWAdiqM4ixJBRIfzxX96aYMcs_N9F12ZmtDKSQpRppBa_DGNRkE58HGFpjrSuKxkypyej0.dA9wMcLUwc0niyH3YfL7GH6FNW6n4XBP2u3s8FuSvqc&dib_tag=se&keywords=gaming+controller+ps5&qid=1779560218&sr=8-14,"IMMERSIVE HAPTIC FEEDBACK & ADAPTIVE TRIGGERS – Feel in-game actions and dynamic trigger resistance that brings every moment to life on the DualSense Wireless Controller. | BUILT-IN VOICE & SHARING FEATURES – Chat via the integrated mic, connect a headset with the 3.5mm jack, mute instantly, and capture epic moments with the Create button on PlayStation 5. | MULTI-DEVICE CONNECTIVITY – Connect via USB-C or Bluetooth to play on PC, Mac, Android, and iOS, and stream games using PS Remote Play. | ENHANCED PC GAMING SUPPORT – Experience advanced features like haptic feedback and adaptive triggers ","{""_inline"":""100+ bought in past month · FREE delivery Thu, 28 MayOr fastest delivery Mon, 25 May""}",amazon
"Sony PlayStation Dual Sense Wireless Gaming Controller for PS5, Starlight Blue",Sony,Gaming,7490,7990,6,4.6,7868,https://m.media-amazon.com/images/I/61Oij54SgkL._AC_UL500_.jpg,https://www.amazon.in/Sony-Wireless-Gaming-Controller-Starlight/dp/B09NLH8PMY/ref=sr_1_16?dib=eyJ2IjoiMSJ9.Gmr_zHB8hYuNTEq7FIyCX45UIGIEJZOdOTHg0M7YL1l0mhwDKZxd4zdpVLho3Ubs1cVpSTpx9lvgsouV215jE1Q2gAUTSC69zRsJ33JrcLy7YeN_yQKWMCG8TMjNYzk_OlxxQpUzndXBDcP-csyNDQR5IC17afE90zCcVyWAdiqM4ixJBRIfzxX96aYMcs_N9F12ZmtDKSQpRppBa_DGNRkE58HGFpjrSuKxkypyej0.dA9wMcLUwc0niyH3YfL7GH6FNW6n4XBP2u3s8FuSvqc&dib_tag=se&keywords=gaming+controller+ps5&qid=1779560218&sr=8-16,"1-Feel your in-game actions and environment simulated | 2-Experience varying force and tension at your fingertips | 3-Enjoy a comfortable, evolved design | 4-Iconic layout and enhanced sticks; Hear higher-fidelity sound effects | 5-Item Length: MM 199; Item Width: MM 70; Power Source Type: Battery Powered; Item Height: MM 190 || Feel your in-game actions and environment simulated through haptic feedback Experience varying force and tension at your fingertips with adaptive triggers Enjoy a comfortable, evolved design with an iconic layout and enhanced sticks Intuitively interact with select gam","{""_inline"":""M.R.P: · FREE delivery Thu, 28 May · Only 1 left in stock.""}",amazon
Sounce Anti-Slip Silicone Accessories Compatible with PS5 DualSense Wireless Controller,Sony,Gaming,349,1299,73,4.4,400,https://m.media-amazon.com/images/I/71MWrbfG04L._AC_UL500_.jpg,https://www.amazon.in/Sounce-Accessories-Compatible-Controller-Protective/dp/B0GGZ2TCLD/ref=sr_1_17?dib=eyJ2IjoiMSJ9.Gmr_zHB8hYuNTEq7FIyCX45UIGIEJZOdOTHg0M7YL1l0mhwDKZxd4zdpVLho3Ubs1cVpSTpx9lvgsouV215jE1Q2gAUTSC69zRsJ33JrcLy7YeN_yQKWMCG8TMjNYzk_OlxxQpUzndXBDcP-csyNDQR5IC17afE90zCcVyWAdiqM4ixJBRIfzxX96aYMcs_N9F12ZmtDKSQpRppBa_DGNRkE58HGFpjrSuKxkypyej0.dA9wMcLUwc0niyH3YfL7GH6FNW6n4XBP2u3s8FuSvqc&dib_tag=se&keywords=gaming+controller+ps5&qid=1779560218&sr=8-17,"✅ [Perfect PS5 Compatibility]: Designed as a controller cover compatible with PS5 DualSense wireless controller, this premium silicone skin delivers a precise, snug fit without affecting button response or grip comfort. All buttons, triggers, touchpad, speaker, and charging port remain fully accessible, allowing seamless gameplay while preserving the original controller feel and performance. | ✅ [Complete Protection Kit]: This complete controller cover compatible with PS5 protection kit includes a high-quality silicone case, thumb grip caps, touch pad sticker, and wrap cover stickers. Each ele","{""Brand Name"":""Sounce"",""Manufacturer"":""Sounce, Sounce Retail Private Limited, Godown Nos. 5 & 6, Building No. E6, 1st Floor, Angel Infrastructure, Bhiwandi - 421311 Email us at: support@sounce.com, Customer Care: +91-8879977722"",""Item Type Name"":""Controller cover"",""Manufacturer Contact Information"":""Sounce Retail Private Limited, Godown Nos. 5 & 6, Building No. E6, 1st Floor, Angel Infrastructure, Bhiwandi - 421311 Email us at: support@sounce.com, Customer Care: +91-8879977722"",""Unit Count"":""1.0 Count"",""Country of Origin"":""China"",""Importer Contact Information"":""Sounce Retail Private Limited, Godown Nos. 5 & 6, Building No. E6, 1st Floor, Angel Infrastructure, Bhiwandi - 421311 Email us at: support@sounce.com, Customer Care: +91-8879977722"",""Item Weight Unit of Measure"":""85 Grams"",""Packer Contact Information"":""Sounce Retail Private Limited, Godown Nos. 5 & 6, Building No. E6, 1st Floor, Angel Infrastructure, Bhiwandi - 421311 Email us at: support@sounce.com, Customer Care: +91-8879977722"",""Warranty Description"":""1 Year Manufacturer"",""Best Sellers Rank"":""#2 in Video Games (See Top 100 in Video Games) #1 in PlayStation 5 Consoles"",""ASIN"":""B0GGZ2TCLD"",""Colour"":""Black"",""Shape"":""rectangular"",""Product Finish Type"":""textured"",""Compatible Devices"":""Controller"",""Additional Features"":""Anti-Slip Grip, Easy Install, Shock Absorbing, Soft Silicone, Sweat Resistant"",""Size"":""PS5 Black Skin Cover"",""Item Dimensions L x W"":""19.1L x 14W Centimeters"",""Enclosure Material"":""Silicone""}",amazon
PlayStation Sony Ps5 Dualsense Wireless Controller - Chroma Teal,Sony,Gaming,6849,6849,0,4.3,109,https://m.media-amazon.com/images/I/61gYHCPFqPL._AC_UL500_.jpg,https://www.amazon.in/Sony-PlayStation-Dualsense-Wireless-Controller/dp/B0DSW78XZF/ref=sr_1_18?dib=eyJ2IjoiMSJ9.Gmr_zHB8hYuNTEq7FIyCX45UIGIEJZOdOTHg0M7YL1l0mhwDKZxd4zdpVLho3Ubs1cVpSTpx9lvgsouV215jE1Q2gAUTSC69zRsJ33JrcLy7YeN_yQKWMCG8TMjNYzk_OlxxQpUzndXBDcP-csyNDQR5IC17afE90zCcVyWAdiqM4ixJBRIfzxX96aYMcs_N9F12ZmtDKSQpRppBa_DGNRkE58HGFpjrSuKxkypyej0.dA9wMcLUwc0niyH3YfL7GH6FNW6n4XBP2u3s8FuSvqc&dib_tag=se&keywords=gaming+controller+ps5&qid=1779560218&sr=8-18,"Bring gaming worlds to life o Feel your in-game actions and environment simulated through haptic feedback2. o Experience varying force and tension at your fingertips with adaptive triggers2. | Find your voice, share your passion o Chat online through the built-in microphone3. o Connect a headset directly via the 3.5 mm jack. o Switch voice capture on and off using the dedicated mute button. o Record and broadcast your epic gaming moments with the create button3. | A gaming icon in your hands o Enjoy a comfortable, evolved design with an iconic layout and enhanced sticks. o Charge and play with","{""_inline"":""FREE delivery Fri, 29 May · Only 1 left in stock.""}",amazon
"Cosmic Byte Ares Tri-Mode Wireless, Bluetooth, Wired Controller for PC – 2.4GHz,",Cosmic,Gaming,1799,3499,49,4.4,319,https://m.media-amazon.com/images/I/51X49vVPZ2L._AC_UL500_.jpg,https://www.amazon.in/Cosmic-Byte-Ares-Bluetooth-Controller/dp/B0FMF1QPX4/ref=sr_1_19?dib=eyJ2IjoiMSJ9.Gmr_zHB8hYuNTEq7FIyCX45UIGIEJZOdOTHg0M7YL1l0mhwDKZxd4zdpVLho3Ubs1cVpSTpx9lvgsouV215jE1Q2gAUTSC69zRsJ33JrcLy7YeN_yQKWMCG8TMjNYzk_OlxxQpUzndXBDcP-csyNDQR5IC17afE90zCcVyWAdiqM4ixJBRIfzxX96aYMcs_N9F12ZmtDKSQpRppBa_DGNRkE58HGFpjrSuKxkypyej0.dA9wMcLUwc0niyH3YfL7GH6FNW6n4XBP2u3s8FuSvqc&dib_tag=se&keywords=gaming+controller+ps5&qid=1779560218&sr=8-19,"🎮 TRI-MODE CONNECTIVITY – 2.4GHz Wireless, Bluetooth & USB-C Wired for ultimate flexibility. | 🕹️ HALL EFFECT PRECISION – Drift-free joysticks & triggers built for long-term accuracy. | 🔋 700mAh RECHARGEABLE BATTERY – Hours of continuous gaming on a single charge. | ⚡ TURBO & AUTO TURBO FUNCTIONS – Gain a rapid-fire edge in competitive play. | 💥 IMMERSIVE DUAL VIBRATION – Feel every hit, crash, and explosion.","{""Refresh Rate"":""000 Hz"",""Compatible Devices"":""Android, IOS, PC"",""Controller Type"":""Gamepad"",""Connectivity Technology"":""Bluetooth, USB, Wireless"",""Product Features"":""Ergonomic, Rumble, Wireless"",""Button Quantity"":""12"",""Hardware Platform"":""Desktop, ROG Ally, Smartphone, Steam Deck"",""Power Source Type"":""Battery Powered"",""Compatible Video Game Console Models"":""ASUS ROG Ally RC71L-NH001W, Valve Steam Deck"",""Item Weight"":""0.15 Kilograms"",""Item Package Quantity"":""1"",""Item Dimensions"":""15.6 x 10.5 x 6 Centimeters"",""Colour"":""Black"",""Brand"":""Cosmic Byte"",""Model Name"":""Ares Tri Mode"",""Warranty Description"":""1 Year Warranty Against Manufacturing Defects"",""Manufacturer"":""Cosmic Byte"",""Model Number"":""Ares Tri Mode"",""Manufacturer Part Number"":""Ares Tri Mode"",""Unit Count"":""1 Count"",""Importer Contact Information"":""Cosmic Byte, Prakash Warehousing, S. No.163, Hissa No 1-2-3-4-5A-5B/2/1, , Phursungi, Pune 412308, Maharashtra, India"",""Item Type Name"":""Controller Dock"",""Packer Contact Information"":""Cosmic Byte, Prakash Warehousing, S. No.163, Hissa No 1-2-3-4-5A-5B/2/1, , Phursungi, Pune 412308, Maharashtra, India"",""Best Sellers Rank"":""#554 in Computers & Accessories (See Top 100 in Computers & Accessories) #8 in Gamepads"",""ASIN"":""B0FMF1QPX4""}",amazon
"Kreo Surge XB Wireless Gaming Controller with Hall Effect Joysticks & Triggers, Tri-Mode,",Kreo,Gaming,2099,4999,58,4.3,92,https://m.media-amazon.com/images/I/517iO4y-gEL._AC_UL500_.jpg,https://www.amazon.in/Kreo-Controller-Joysticks-Connectivity-controller/dp/B0FLJ5QFZQ/ref=sr_1_20?dib=eyJ2IjoiMSJ9.Gmr_zHB8hYuNTEq7FIyCX45UIGIEJZOdOTHg0M7YL1l0mhwDKZxd4zdpVLho3Ubs1cVpSTpx9lvgsouV215jE1Q2gAUTSC69zRsJ33JrcLy7YeN_yQKWMCG8TMjNYzk_OlxxQpUzndXBDcP-csyNDQR5IC17afE90zCcVyWAdiqM4ixJBRIfzxX96aYMcs_N9F12ZmtDKSQpRppBa_DGNRkE58HGFpjrSuKxkypyej0.dA9wMcLUwc0niyH3YfL7GH6FNW6n4XBP2u3s8FuSvqc&dib_tag=se&keywords=gaming+controller+ps5&qid=1779560218&sr=8-20,"🎮 Hall Effect Joysticks & Triggers : Kreo Surge XB Gaming Controller uses magnetic hall effect sensors for both joysticks and triggers—delivering ultra-smooth, frictionless control, eliminating stick drift, and extending durability. | 🔄 Up to 1000Hz Polling Rate : With up to 1000Hz via 2.4GHz wireless and USB-C, and 300Hz on Bluetooth, the Kreo Surge XB ensures ultra-low latency and lightning-fast response for competitive gameplay. | 🔗 Tri-Mode Connectivity : Connect the Kreo Surge XB Gaming Controller via Bluetooth, 2.4GHz dongle, or USB-C wired—compatible with PC, Android, Nintendo Switch","{""Refresh Rate"":""000 Hz"",""OS"":""Android""}",amazon
