name,category,price_inr,original_price_inr,discount_percent,rating,total_reviews,image_url,flipkart_url,specs,platform
"Samsung Galaxy F07 (Green, 64 GB)",smartphones,9999.0,11999.0,16.0,4.3,5901,https://rukminim2.flixcart.com/image/400/400/xif0q/mobile/t/r/o/-original-imahjwcmjfzax5rj.jpeg?q=70,https://www.flipkart.com/samsung-galaxy-f07-green-64-gb/p/itm294cbb65839e6?pid=MOBHMGHHXHYZEAVB&lid=LSTMOBHMGHHXHYZEAVBR68SR7&marketplace=FLIPKART&q=smartphone&store=tyy%2F4io&spotlightTagId=default_BestsellerId_tyy%2F4io&srno=s_1_1&otracker=search&fm=organic&iid=0f791077-72ef-4b75-b384-8a9e8094307b.MOBHMGHHXHYZEAVB.SEARCH&ppt=None&ppn=None&ssid=faaeerkblc0000001779038266630&qH=1036ba3c4ed2c021&ov_redirect=true,4 GB RAM | 64 GB ROM | Expandable Upto 2 TB | 17.02 cm (6.7 inch) HD+ Display | 50MP + 2MP | 8MP Front Camera | 5000 mAh Battery,flipkart
"Ai+ Pulse 2 (Blue, 64 GB)",smartphones,8999.0,10999.0,18.0,4.4,1957,https://rukminim2.flixcart.com/image/400/400/xif0q/mobile/q/n/d/-original-imahh27gr2xqbhcp.jpeg?q=70,https://www.flipkart.com/ai-pulse-2-blue-64-gb/p/itm9168504534079?pid=MOBHKHPYZFF8KUPC&lid=LSTMOBHKHPYZFF8KUPCXXI7UT&marketplace=FLIPKART&q=smartphone&store=tyy%2F4io&srno=s_1_2&otracker=search&fm=organic&iid=0f791077-72ef-4b75-b384-8a9e8094307b.MOBHKHPYZFF8KUPC.SEARCH&ppt=None&ppn=None&ssid=faaeerkblc0000001779038266630&qH=1036ba3c4ed2c021&ov_redirect=true,4 GB RAM | 64 GB ROM | Expandable Upto 1 TB | 17.13 cm (6.745 inch) HD+ Display | 50MP Rear Camera | 8MP Front Camera | 6000 mAh Battery,flipkart
"realme P4x 5G (Matte Silver, 128 GB)",smartphones,19999.0,21999.0,9.0,4.4,9748,https://rukminim2.flixcart.com/image/400/400/xif0q/mobile/m/t/c/-original-imahhwh2syfjsadv.jpeg?q=70,https://www.flipkart.com/realme-p4x-5g-matte-silver-128-gb/p/itm575b1540859e4?pid=MOBHHWGMCXRADYYG&lid=LSTMOBHHWGMCXRADYYGSBYBFT&marketplace=FLIPKART&q=smartphone&store=tyy%2F4io&srno=s_1_3&otracker=search&fm=organic&iid=0f791077-72ef-4b75-b384-8a9e8094307b.MOBHHWGMCXRADYYG.SEARCH&ppt=None&ppn=None&ssid=faaeerkblc0000001779038266630&qH=1036ba3c4ed2c021&ov_redirect=true,6 GB RAM | 128 GB ROM | 17.07 cm (6.72 inch) Full HD+ Display | 50MP + 2MP | 8MP Front Camera | 7000 mAh Battery,flipkart
"MOTOROLA g06 power Charger in the Box (Pantone Tendril, 64 GB)",smartphones,12999.0,13999.0,7.0,4.2,16107,https://rukminim2.flixcart.com/image/400/400/xif0q/mobile/8/x/n/-original-imahmrgytg7h98hh.jpeg?q=70,https://www.flipkart.com/motorola-g06-power-charger-box-pantone-tendril-64-gb/p/itm8d56b913f5df7?pid=MOBHMKXHXMB6TZB6&lid=LSTMOBHMKXHXMB6TZB6SREAKF&marketplace=FLIPKART&q=smartphone&store=tyy%2F4io&srno=s_1_4&otracker=search&fm=organic&iid=0f791077-72ef-4b75-b384-8a9e8094307b.MOBHMKXHXMB6TZB6.SEARCH&ppt=None&ppn=None&ssid=faaeerkblc0000001779038266630&qH=1036ba3c4ed2c021&ov_redirect=true,4 GB RAM | 64 GB ROM | Expandable Upto 1 TB | 17.48 cm (6.88 inch) HD+ Display | 50MP Rear Camera | 8MP Front Camera | 7000 mAh Battery,flipkart
"realme P4 Lite 5G (Mosaic Green, 128 GB)",smartphones,14499.0,32999.0,56.0,4.3,2972,https://rukminim2.flixcart.com/image/400/400/xif0q/mobile/a/j/x/-original-imahhngsymvs8bfs.jpeg?q=70,https://www.flipkart.com/realme-p4-lite-5g-mosaic-green-128-gb/p/itm90c243961f214?pid=MOBHN7A8PBUWNHG5&lid=LSTMOBHN7A8PBUWNHG5BENLLV&marketplace=FLIPKART&q=smartphone&store=tyy%2F4io&srno=s_1_5&otracker=search&fm=organic&iid=0f791077-72ef-4b75-b384-8a9e8094307b.MOBHN7A8PBUWNHG5.SEARCH&ppt=None&ppn=None&ssid=faaeerkblc0000001779038266630&qH=1036ba3c4ed2c021&ov_redirect=true,4 GB RAM | 128 GB ROM | 17.27 cm (6.8 inches) HD+ Display | 13MP Rear Camera | 5MP Front Camera | 7000 mAh lithium-ion polymer Battery,flipkart
"POCO C85 5G Charger in the Box (Power Black, 128 GB)",smartphones,12999.0,20999.0,38.0,3.8,787,https://rukminim2.flixcart.com/image/400/400/xif0q/mobile/p/9/o/-original-imahmqgajfkgzujf.jpeg?q=70,https://www.flipkart.com/poco-c85-5g-charger-box-power-black-128-gb/p/itm82925c908fcc3?pid=MOBHMGG5DNYPWU9Q&lid=LSTMOBHMGG5DNYPWU9QRQJHJO&marketplace=FLIPKART&q=smartphone&store=tyy%2F4io&srno=s_1_6&otracker=search&fm=organic&iid=0f791077-72ef-4b75-b384-8a9e8094307b.MOBHMGG5DNYPWU9Q.SEARCH&ppt=None&ppn=None&ssid=faaeerkblc0000001779038266630&qH=1036ba3c4ed2c021&ov_redirect=true,4 GB RAM | 128 GB ROM | Expandable Upto 1 TB | 17.53 cm (6.9 inch) HD+ Display | 50MP Rear Camera | 8MP Front Camera | 6000 mAh Lithium-Ion Polymer Battery,flipkart
"POCO M7 Plus 5G (Aqua Blue, 128 GB)",smartphones,14999.0,16999.0,11.0,4.3,8289,https://rukminim2.flixcart.com/image/400/400/xif0q/mobile/4/2/h/-original-imahf728kg9xghqz.jpeg?q=70,https://www.flipkart.com/poco-m7-plus-5g-aqua-blue-128-gb/p/itm9f4512134d782?pid=MOBHETX66JPY5TR9&lid=LSTMOBHETX66JPY5TR9T7DFF4&marketplace=FLIPKART&q=smartphone&store=tyy%2F4io&srno=s_1_7&otracker=search&fm=organic&iid=0f791077-72ef-4b75-b384-8a9e8094307b.MOBHETX66JPY5TR9.SEARCH&ppt=None&ppn=None&ssid=faaeerkblc0000001779038266630&qH=1036ba3c4ed2c021&ov_redirect=true,6 GB RAM | 128 GB ROM | Expandable Upto 2 TB | 17.53 cm (6.9 inch) Display | 50MP AI Dual Camera | 7000 mAh Battery,flipkart
"MOTOROLA Edge 60 Fusion 5G (PANTONE Slipstream, 128 GB)",smartphones,22999.0,24999.0,8.0,4.4,118017,https://rukminim2.flixcart.com/image/400/400/xif0q/mobile/u/d/j/-original-imahkcvg96ut6azs.jpeg?q=70,https://www.flipkart.com/motorola-edge-60-fusion-5g-pantone-slipstream-128-gb/p/itmac55f534dd027?pid=MOBHHD2K5N9G9VJY&lid=LSTMOBHHD2K5N9G9VJYMQ1MCU&marketplace=FLIPKART&q=smartphone&store=tyy%2F4io&srno=s_1_8&otracker=search&fm=organic&iid=0f791077-72ef-4b75-b384-8a9e8094307b.MOBHHD2K5N9G9VJY.SEARCH&ppt=None&ppn=None&ssid=faaeerkblc0000001779038266630&qH=1036ba3c4ed2c021&ov_redirect=true,8 GB RAM | 128 GB ROM | Expandable Upto 1 TB | 16.94 cm (6.67 inch) Display | 50MP + 13MP | 32MP Front Camera | 5500 mAh Battery,flipkart
"Samsung M06 5G (Sage Green, 128 GB)",smartphones,12149.0,15499.0,21.0,4.1,1666,https://rukminim2.flixcart.com/image/400/400/xif0q/mobile/n/t/g/-original-imaha58mcdsfygaq.jpeg?q=70,https://www.flipkart.com/samsung-m06-5g-sage-green-128-gb/p/itmcafa42dadc15c?pid=MOBH9UYFYVNKR3HR&lid=LSTMOBH9UYFYVNKR3HRU5T1CI&marketplace=FLIPKART&q=smartphone&store=tyy%2F4io&srno=s_1_9&otracker=search&fm=organic&iid=0f791077-72ef-4b75-b384-8a9e8094307b.MOBH9UYFYVNKR3HR.SEARCH&ppt=None&ppn=None&ssid=faaeerkblc0000001779038266630&qH=1036ba3c4ed2c021&ov_redirect=true,4 GB RAM | 128 GB ROM | 17.02 cm (6.7 inch) Display | 50MP Rear Camera | 5000 mAh Battery,flipkart
"Ai+ Nova 2 5G (Blue, 64 GB)",smartphones,10999.0,13999.0,21.0,4.5,733,https://rukminim2.flixcart.com/image/400/400/xif0q/mobile/9/p/c/-original-imahm9rwk2czenkh.jpeg?q=70,https://www.flipkart.com/ai-nova-2-5g-blue-64-gb/p/itm20a7387042b2c?pid=MOBHKHPYHHSYZWHF&lid=LSTMOBHKHPYHHSYZWHFGIS9RH&marketplace=FLIPKART&q=smartphone&store=tyy%2F4io&srno=s_1_10&otracker=search&fm=organic&iid=0f791077-72ef-4b75-b384-8a9e8094307b.MOBHKHPYHHSYZWHF.SEARCH&ppt=None&ppn=None&ssid=faaeerkblc0000001779038266630&qH=1036ba3c4ed2c021&ov_redirect=true,4 GB RAM | 64 GB ROM | Expandable Upto 1 TB | 17.13 cm (6.745 inch) HD+ Display | 50MP Rear Camera | 8MP Front Camera | 6000 mAh Battery,flipkart
"POCO M8 Charger in the Box (Frost Silver, 256 GB)",smartphones,21499.0,29999.0,28.0,4.3,1135,https://rukminim2.flixcart.com/image/400/400/xif0q/mobile/o/5/k/-original-imahmqgafdchqxug.jpeg?q=70,https://www.flipkart.com/poco-m8-charger-box-frost-silver-256-gb/p/itm4c9e66ba568a4?pid=MOBHMGG52VFGBGZE&lid=LSTMOBHMGG52VFGBGZEZEW7SR&marketplace=FLIPKART&q=smartphone&store=tyy%2F4io&srno=s_1_11&otracker=search&fm=organic&iid=0f791077-72ef-4b75-b384-8a9e8094307b.MOBHMGG52VFGBGZE.SEARCH&ppt=None&ppn=None&ssid=faaeerkblc0000001779038266630&qH=1036ba3c4ed2c021&ov_redirect=true,8 GB RAM | 256 GB ROM | Expandable Upto 1 TB | 17.2 cm (6.77 inch) Full HD+ Display | 50MP Rear Camera | 20MP Front Camera | 5520 mAh Battery,flipkart
"Ai+ Pulse 2 (Purple, 64 GB)",smartphones,8999.0,10999.0,18.0,4.4,1957,https://rukminim2.flixcart.com/image/400/400/xif0q/mobile/7/g/a/-original-imahh27g4e28qac6.jpeg?q=70,https://www.flipkart.com/ai-pulse-2-purple-64-gb/p/itmdc910ae2ff0c1?pid=MOBHKHPYQHGDVRTG&lid=LSTMOBHKHPYQHGDVRTGHKLHJJ&marketplace=FLIPKART&q=smartphone&store=tyy%2F4io&srno=s_1_12&otracker=search&fm=organic&iid=0f791077-72ef-4b75-b384-8a9e8094307b.MOBHKHPYQHGDVRTG.SEARCH&ppt=None&ppn=None&ssid=faaeerkblc0000001779038266630&qH=1036ba3c4ed2c021&ov_redirect=true,4 GB RAM | 64 GB ROM | Expandable Upto 1 TB | 17.13 cm (6.745 inch) HD+ Display | 50MP Rear Camera | 8MP Front Camera | 6000 mAh Battery,flipkart
"realme P4 Lite 5G (Mosaic Blue, 128 GB)",smartphones,16499.0,22999.0,28.0,4.3,664,https://rukminim2.flixcart.com/image/400/400/xif0q/mobile/b/n/k/-original-imahhngjaj95jctk.jpeg?q=70,https://www.flipkart.com/realme-p4-lite-5g-mosaic-blue-128-gb/p/itm90c243961f214?pid=MOBHHFBUAZUXKQ5P&lid=LSTMOBHHFBUAZUXKQ5PHUCN4A&marketplace=FLIPKART&q=smartphone&store=tyy%2F4io&srno=s_1_13&otracker=search&fm=organic&iid=0f791077-72ef-4b75-b384-8a9e8094307b.MOBHHFBUAZUXKQ5P.SEARCH&ppt=None&ppn=None&ssid=faaeerkblc0000001779038266630&qH=1036ba3c4ed2c021&ov_redirect=true,6 GB RAM | 128 GB ROM | 17.27 cm (6.8 inches) HD+ Display | 13MP Rear Camera | 5MP Front Camera | 7000 mAh lithium-ion polymer Battery,flipkart
"Samsung M06 5G (Blazing Black, 128 GB)",smartphones,12042.0,15499.0,22.0,4.1,1666,https://rukminim2.flixcart.com/image/400/400/xif0q/mobile/h/y/x/-original-imaha58mehzvmk9w.jpeg?q=70,https://www.flipkart.com/samsung-m06-5g-blazing-black-128-gb/p/itmcafa42dadc15c?pid=MOBH9UYF4GZXGWW6&lid=LSTMOBH9UYF4GZXGWW6PIXDZT&marketplace=FLIPKART&q=smartphone&store=tyy%2F4io&srno=s_1_14&otracker=search&fm=organic&iid=0f791077-72ef-4b75-b384-8a9e8094307b.MOBH9UYF4GZXGWW6.SEARCH&ppt=None&ppn=None&ssid=faaeerkblc0000001779038266630&qH=1036ba3c4ed2c021&ov_redirect=true,4 GB RAM | 128 GB ROM | 17.02 cm (6.7 inch) Display | 50MP Rear Camera | 5000 mAh Battery,flipkart
"MOTOROLA Edge 60 Fusion 5G (PANTONE Amazonite, 128 GB)",smartphones,22999.0,24999.0,8.0,4.4,118017,https://rukminim2.flixcart.com/image/400/400/xif0q/mobile/a/g/a/-original-imahkcvg56ymmhue.jpeg?q=70,https://www.flipkart.com/motorola-edge-60-fusion-5g-pantone-amazonite-128-gb/p/itm0ba5c1f57331a?pid=MOBHHD2KXMH9NCYG&lid=LSTMOBHHD2KXMH9NCYGOY7CC7&marketplace=FLIPKART&q=smartphone&store=tyy%2F4io&srno=s_1_15&otracker=search&fm=organic&iid=0f791077-72ef-4b75-b384-8a9e8094307b.MOBHHD2KXMH9NCYG.SEARCH&ppt=None&ppn=None&ssid=faaeerkblc0000001779038266630&qH=1036ba3c4ed2c021&ov_redirect=true,8 GB RAM | 128 GB ROM | Expandable Upto 1 TB | 16.94 cm (6.67 inch) Display | 50MP + 13MP | 32MP Front Camera | 5500 mAh Battery,flipkart
"MOTOROLA G96 5G (Pantone Ashleigh Blue, 128 GB)",smartphones,18999.0,20999.0,9.0,4.4,88550,https://rukminim2.flixcart.com/image/400/400/xif0q/mobile/c/4/i/-original-imahm5cxdchadqfc.jpeg?q=70,https://www.flipkart.com/motorola-g96-5g-pantone-ashleigh-blue-128-gb/p/itm93452c0761719?pid=MOBHB3SZ2ZUQQQ9U&lid=LSTMOBHB3SZ2ZUQQQ9U5BKC6D&marketplace=FLIPKART&q=smartphone&store=tyy%2F4io&spotlightTagId=default_BestsellerId_tyy%2F4io&srno=s_1_16&otracker=search&fm=organic&iid=0f791077-72ef-4b75-b384-8a9e8094307b.MOBHB3SZ2ZUQQQ9U.SEARCH&ppt=None&ppn=None&ssid=faaeerkblc0000001779038266630&qH=1036ba3c4ed2c021&ov_redirect=true,8 GB RAM | 128 GB ROM | 16.94 cm (6.67 inch) Full HD+ Display | 50MP + 8MP | 32MP Front Camera | 5500 mAh Battery,flipkart
"vivo T5x 5G (Cyber Green, 256 GB)",smartphones,26999.0,33999.0,20.0,4.4,8081,https://rukminim2.flixcart.com/image/400/400/xif0q/mobile/f/i/v/-original-imahhhfvqhmf7fgg.jpeg?q=70,https://www.flipkart.com/vivo-t5x-5g-cyber-green-256-gb/p/itm7da8aa253e72b?pid=MOBHH69NQGVVYQSG&lid=LSTMOBHH69NQGVVYQSGAVFZV6&marketplace=FLIPKART&q=smartphone&store=tyy%2F4io&srno=s_1_17&otracker=search&fm=organic&iid=0f791077-72ef-4b75-b384-8a9e8094307b.MOBHH69NQGVVYQSG.SEARCH&ppt=None&ppn=None&ssid=faaeerkblc0000001779038266630&qH=1036ba3c4ed2c021&ov_redirect=true,8 GB RAM | 256 GB ROM | 17.17 cm (6.76 inch) Display | 50MP + 2MP | 32MP Front Camera | 7200 mAh Li-ion Battery,flipkart
"MOTOROLA g35 5G (Leaf Green, 128 GB)",smartphones,12499.0,12499.0,0,4.2,135747,https://rukminim2.flixcart.com/image/400/400/xif0q/mobile/o/v/c/g35-5g-pb3h0001in-motorola-original-imah7c6xqfsptyzx.jpeg?q=70,https://www.flipkart.com/motorola-g35-5g-leaf-green-128-gb/p/itma3ca32cc93927?pid=MOBH3YGPQHRSNQED&lid=LSTMOBH3YGPQHRSNQEDLDGOMQ&marketplace=FLIPKART&q=smartphone&store=tyy%2F4io&spotlightTagId=default_BestsellerId_tyy%2F4io&srno=s_1_18&otracker=search&fm=organic&iid=0f791077-72ef-4b75-b384-8a9e8094307b.MOBH3YGPQHRSNQED.SEARCH&ppt=None&ppn=None&ssid=faaeerkblc0000001779038266630&qH=1036ba3c4ed2c021&ov_redirect=true,4 GB RAM | 128 GB ROM | Expandable Upto 1 TB | 17.07 cm (6.72 inch) Full HD+ Display | 50MP + 8MP | 16MP Front Camera | 5000 mAh Battery,flipkart
"POCO M7 Plus 5G (Carbon Black, 128 GB)",smartphones,14999.0,16999.0,11.0,4.3,8289,https://rukminim2.flixcart.com/image/400/400/xif0q/mobile/i/t/s/-original-imahf728ffwf54gs.jpeg?q=70,https://www.flipkart.com/poco-m7-plus-5g-carbon-black-128-gb/p/itmb4301b9afe80c?pid=MOBHETX6NVUH8VPG&lid=LSTMOBHETX6NVUH8VPGINMDBZ&marketplace=FLIPKART&q=smartphone&store=tyy%2F4io&srno=s_1_19&otracker=search&fm=organic&iid=0f791077-72ef-4b75-b384-8a9e8094307b.MOBHETX6NVUH8VPG.SEARCH&ppt=None&ppn=None&ssid=faaeerkblc0000001779038266630&qH=1036ba3c4ed2c021&ov_redirect=true,6 GB RAM | 128 GB ROM | Expandable Upto 2 TB | 17.53 cm (6.9 inch) Display | 50MP AI Dual Camera | 7000 mAh Battery,flipkart
"Ai+ Pulse 2 (Purple, 128 GB)",smartphones,9999.0,11999.0,16.0,3.9,2135,https://rukminim2.flixcart.com/image/400/400/xif0q/mobile/7/g/a/-original-imahh27g4e28qac6.jpeg?q=70,https://www.flipkart.com/ai-pulse-2-purple-128-gb/p/itme2f16e3250c0c?pid=MOBHKHPYU6PB9BJR&lid=LSTMOBHKHPYU6PB9BJRTZH163&marketplace=FLIPKART&q=smartphone&store=tyy%2F4io&srno=s_1_20&otracker=search&fm=organic&iid=0f791077-72ef-4b75-b384-8a9e8094307b.MOBHKHPYU6PB9BJR.SEARCH&ppt=None&ppn=None&ssid=faaeerkblc0000001779038266630&qH=1036ba3c4ed2c021&ov_redirect=true,6 GB RAM | 128 GB ROM | Expandable Upto 1 TB | 17.13 cm (6.745 inch) HD+ Display | 50MP Rear Camera | 8MP Front Camera | 6000 mAh Battery,flipkart
"POCO C85 5G Charger in the Box (Spring Green, 128 GB)",smartphones,12999.0,20999.0,38.0,3.8,787,https://rukminim2.flixcart.com/image/400/400/xif0q/mobile/f/r/o/-original-imahmqgakrq8cnty.jpeg?q=70,https://www.flipkart.com/poco-c85-5g-charger-box-spring-green-128-gb/p/itm3e9a1460c5db3?pid=MOBHMGG5GUM8R5GJ&lid=LSTMOBHMGG5GUM8R5GJ3EATHL&marketplace=FLIPKART&q=smartphone&store=tyy%2F4io&srno=s_1_21&otracker=search&fm=organic&iid=0f791077-72ef-4b75-b384-8a9e8094307b.MOBHMGG5GUM8R5GJ.SEARCH&ppt=None&ppn=None&ssid=faaeerkblc0000001779038266630&qH=1036ba3c4ed2c021&ov_redirect=true,4 GB RAM | 128 GB ROM | Expandable Upto 1 TB | 17.53 cm (6.9 inch) HD+ Display | 50MP Rear Camera | 8MP Front Camera | 6000 mAh Lithium-Ion Polymer Battery,flipkart
"realme P4x 5G (Matte Silver, 128 GB)",smartphones,21499.0,23499.0,8.0,4.3,4793,https://rukminim2.flixcart.com/image/400/400/xif0q/mobile/m/t/c/-original-imahhwh2syfjsadv.jpeg?q=70,https://www.flipkart.com/realme-p4x-5g-matte-silver-128-gb/p/itm575b1540859e4?pid=MOBHHWGMJA4GNTVD&lid=LSTMOBHHWGMJA4GNTVDWMGMJS&marketplace=FLIPKART&q=smartphone&store=tyy%2F4io&srno=s_1_22&otracker=search&fm=organic&iid=0f791077-72ef-4b75-b384-8a9e8094307b.MOBHHWGMJA4GNTVD.SEARCH&ppt=None&ppn=None&ssid=faaeerkblc0000001779038266630&qH=1036ba3c4ed2c021&ov_redirect=true,8 GB RAM | 128 GB ROM | 17.07 cm (6.72 inch) Full HD+ Display | 50MP + 2MP | 8MP Front Camera | 7000 mAh Battery,flipkart
"realme Narzo 100 Lite 5G (Thunder Black, 64 GB)",smartphones,13774.0,24999.0,44.0,3.9,62,https://rukminim2.flixcart.com/image/400/400/xif0q/mobile/b/e/4/narzo-100-lite-5g-rmx3902-realme-original-imahmz3qkspzeypp.jpeg?q=70,https://www.flipkart.com/realme-narzo-100-lite-5g-thunder-black-64-gb/p/itm659398bfe469c?pid=MOBHMZ3QKKTHQW7M&lid=LSTMOBHMZ3QKKTHQW7MSIYMJT&marketplace=FLIPKART&q=smartphone&store=tyy%2F4io&srno=s_1_23&otracker=search&fm=organic&iid=0f791077-72ef-4b75-b384-8a9e8094307b.MOBHMZ3QKKTHQW7M.SEARCH&ppt=None&ppn=None&ssid=faaeerkblc0000001779038266630&qH=1036ba3c4ed2c021&ov_redirect=true,4 GB RAM | 64 GB ROM | 17.27 cm (6.8 inch) Display | 50MP Rear Camera | 7000 mAh Battery,flipkart
"realme P4x 5G (Lake Green, 128 GB)",smartphones,19999.0,21999.0,9.0,4.4,9748,https://rukminim2.flixcart.com/image/400/400/xif0q/mobile/d/e/f/-original-imahhwh2zk2fxmme.jpeg?q=70,https://www.flipkart.com/realme-p4x-5g-lake-green-128-gb/p/itm575b1540859e4?pid=MOBHHWGMECHS3DZJ&lid=LSTMOBHHWGMECHS3DZJTSXQAV&marketplace=FLIPKART&q=smartphone&store=tyy%2F4io&srno=s_1_24&otracker=search&fm=organic&iid=0f791077-72ef-4b75-b384-8a9e8094307b.MOBHHWGMECHS3DZJ.SEARCH&ppt=None&ppn=None&ssid=faaeerkblc0000001779038266630&qH=1036ba3c4ed2c021&ov_redirect=true,6 GB RAM | 128 GB ROM | 17.07 cm (6.72 inch) Full HD+ Display | 50MP + 2MP | 8MP Front Camera | 7000 mAh Battery,flipkart
"POCO M7 Plus 5G (Aqua Blue, 128 GB)",smartphones,15999.0,17999.0,11.0,4.2,4928,https://rukminim2.flixcart.com/image/400/400/xif0q/mobile/4/2/h/-original-imahf728kg9xghqz.jpeg?q=70,https://www.flipkart.com/poco-m7-plus-5g-aqua-blue-128-gb/p/itmd9444b12bdb68?pid=MOBHETX6GZAJWQME&lid=LSTMOBHETX6GZAJWQMEDZLMD8&marketplace=FLIPKART&q=smartphone&store=tyy%2F4io&srno=s_2_25&otracker=search&fm=organic&iid=d328fad9-95bc-402a-bf66-2010aa72d32d.MOBHETX6GZAJWQME.SEARCH&ppt=None&ppn=None&ssid=5xpwliyp8g0000001779038269186&qH=1036ba3c4ed2c021&ov_redirect=true,8 GB RAM | 128 GB ROM | Expandable Upto 2 TB | 17.53 cm (6.9 inch) Display | 50MP AI Dual Camera | 7000 mAh Battery,flipkart
"Ai+ Pulse 1 (Blue, 64 GB)",smartphones,7999.0,7999.0,0,4.2,42362,https://rukminim2.flixcart.com/image/400/400/xif0q/mobile/z/h/v/-original-imahgzhp9vgvyfkg.jpeg?q=70,https://www.flipkart.com/ai-pulse-1-blue-64-gb/p/itm039eaa37b8fdb?pid=MOBHDDQXW4ZVQFFX&lid=LSTMOBHDDQXW4ZVQFFXZCFXAD&marketplace=FLIPKART&q=smartphone&store=tyy%2F4io&srno=s_2_26&otracker=search&fm=organic&iid=d328fad9-95bc-402a-bf66-2010aa72d32d.MOBHDDQXW4ZVQFFX.SEARCH&ppt=None&ppn=None&ssid=5xpwliyp8g0000001779038269186&qH=1036ba3c4ed2c021&ov_redirect=true,4 GB RAM | 64 GB ROM | Expandable Upto 1 TB | 17.13 cm (6.745 inch) HD+ Display | 50MP Rear Camera | 5MP Front Camera | 5000 mAh Battery,flipkart
"REDMI 15C 5G (Dusk Purple, 128 GB)",smartphones,15999.0,15999.0,0,3.9,277,https://rukminim2.flixcart.com/image/400/400/xif0q/mobile/x/h/m/15c-5g-2508crn2bi-redmi-original-imahhyh3yy2yygjx.jpeg?q=70,https://www.flipkart.com/redmi-15c-5g-dusk-purple-128-gb/p/itmc1345bb45eef3?pid=MOBHGGZ2SC2RPWAZ&lid=LSTMOBHGGZ2SC2RPWAZV2JPQI&marketplace=FLIPKART&q=smartphone&store=tyy%2F4io&srno=s_2_27&otracker=search&fm=organic&iid=d328fad9-95bc-402a-bf66-2010aa72d32d.MOBHGGZ2SC2RPWAZ.SEARCH&ppt=None&ppn=None&ssid=5xpwliyp8g0000001779038269186&qH=1036ba3c4ed2c021&ov_redirect=true,4 GB RAM | 128 GB ROM | 17.53 cm (6.9 inch) Display | 50MP Rear Camera | 6000 mAh Battery,flipkart
"realme P4 Power 5G (TransOrange, 256 GB)",smartphones,27999.0,34999.0,20.0,4.5,4174,https://rukminim2.flixcart.com/image/400/400/xif0q/mobile/m/c/l/-original-imahjzf6fu6bddkb.jpeg?q=70,https://www.flipkart.com/realme-p4-power-5g-transorange-256-gb/p/itm49784b322aad0?pid=MOBHJHSH2THUTPUU&lid=LSTMOBHJHSH2THUTPUUNWKMJD&marketplace=FLIPKART&q=smartphone&store=tyy%2F4io&srno=s_2_28&otracker=search&fm=organic&iid=d328fad9-95bc-402a-bf66-2010aa72d32d.MOBHJHSH2THUTPUU.SEARCH&ppt=None&ppn=None&ssid=5xpwliyp8g0000001779038269186&qH=1036ba3c4ed2c021&ov_redirect=true,8 GB RAM | 256 GB ROM | 17.27 cm (6.8 inch) Full HD+ AMOLED Display | 50MP + 8MP | Yes | 10001 mAh Battery,flipkart
"realme P4x 5G (Elegant Pink, 128 GB)",smartphones,19999.0,21999.0,9.0,4.4,9748,https://rukminim2.flixcart.com/image/400/400/xif0q/mobile/h/f/i/-original-imahhwh2kzqhrasu.jpeg?q=70,https://www.flipkart.com/realme-p4x-5g-elegant-pink-128-gb/p/itm575b1540859e4?pid=MOBHHWGMD2SAKRCJ&lid=LSTMOBHHWGMD2SAKRCJLOGF4A&marketplace=FLIPKART&q=smartphone&store=tyy%2F4io&srno=s_2_29&otracker=search&fm=organic&iid=d328fad9-95bc-402a-bf66-2010aa72d32d.MOBHHWGMD2SAKRCJ.SEARCH&ppt=None&ppn=None&ssid=5xpwliyp8g0000001779038269186&qH=1036ba3c4ed2c021&ov_redirect=true,6 GB RAM | 128 GB ROM | 17.07 cm (6.72 inch) Full HD+ Display | 50MP + 2MP | 8MP Front Camera | 7000 mAh Battery,flipkart
"Ai+ Nova 2 5G (Purple, 128 GB)",smartphones,12999.0,14999.0,13.0,4.2,765,https://rukminim2.flixcart.com/image/400/400/xif0q/mobile/r/w/d/-original-imahm9rwrftbzfet.jpeg?q=70,https://www.flipkart.com/ai-nova-2-5g-purple-128-gb/p/itm7c92b4bc5c2a3?pid=MOBHKHPYBCU4GZR3&lid=LSTMOBHKHPYBCU4GZR3MNY9GL&marketplace=FLIPKART&q=smartphone&store=tyy%2F4io&srno=s_2_30&otracker=search&fm=organic&iid=d328fad9-95bc-402a-bf66-2010aa72d32d.MOBHKHPYBCU4GZR3.SEARCH&ppt=None&ppn=None&ssid=5xpwliyp8g0000001779038269186&qH=1036ba3c4ed2c021&ov_redirect=true,6 GB RAM | 128 GB ROM | Expandable Upto 1 TB | 17.13 cm (6.745 inch) HD+ Display | 50MP Rear Camera | 8MP Front Camera | 6000 mAh Battery,flipkart
"POCO C85 5G Charger in the Box (Mystic Purple, 128 GB)",smartphones,12999.0,20999.0,38.0,3.8,787,https://rukminim2.flixcart.com/image/400/400/xif0q/mobile/m/b/b/-original-imahmqgaez6anq7z.jpeg?q=70,https://www.flipkart.com/poco-c85-5g-charger-box-mystic-purple-128-gb/p/itm532d980d25214?pid=MOBHMGG5UZHEVJBK&lid=LSTMOBHMGG5UZHEVJBK4YXSTE&marketplace=FLIPKART&q=smartphone&store=tyy%2F4io&srno=s_2_31&otracker=search&fm=organic&iid=d328fad9-95bc-402a-bf66-2010aa72d32d.MOBHMGG5UZHEVJBK.SEARCH&ppt=None&ppn=None&ssid=5xpwliyp8g0000001779038269186&qH=1036ba3c4ed2c021&ov_redirect=true,4 GB RAM | 128 GB ROM | Expandable Upto 1 TB | 17.53 cm (6.9 inch) HD+ Display | 50MP Rear Camera | 8MP Front Camera | 6000 mAh Lithium-Ion Polymer Battery,flipkart
"Samsung M06 5G (Sage Green, 128 GB)",smartphones,13608.0,15497.0,12.0,4.1,1315,https://rukminim2.flixcart.com/image/400/400/xif0q/mobile/n/t/g/-original-imaha58mcdsfygaq.jpeg?q=70,https://www.flipkart.com/samsung-m06-5g-sage-green-128-gb/p/itmcafa42dadc15c?pid=MOBH9UYF3VCXJ279&lid=LSTMOBH9UYF3VCXJ279ZGLN6P&marketplace=FLIPKART&q=smartphone&store=tyy%2F4io&srno=s_2_32&otracker=search&fm=organic&iid=d328fad9-95bc-402a-bf66-2010aa72d32d.MOBH9UYF3VCXJ279.SEARCH&ppt=None&ppn=None&ssid=5xpwliyp8g0000001779038269186&qH=1036ba3c4ed2c021&ov_redirect=true,6 GB RAM | 128 GB ROM | 17.02 cm (6.7 inch) Display | 50MP Rear Camera | 5000 mAh Battery,flipkart
"realme Narzo 100 Lite 5G (Thunder Black, 128 GB)",smartphones,14978.0,27999.0,46.0,3.9,62,https://rukminim2.flixcart.com/image/400/400/xif0q/mobile/b/e/4/narzo-100-lite-5g-rmx3902-realme-original-imahmz3qkspzeypp.jpeg?q=70,https://www.flipkart.com/realme-narzo-100-lite-5g-thunder-black-128-gb/p/itm659398bfe469c?pid=MOBHMZ3R29UXXKWF&lid=LSTMOBHMZ3R29UXXKWF8SUFCI&marketplace=FLIPKART&q=smartphone&store=tyy%2F4io&srno=s_2_33&otracker=search&fm=organic&iid=d328fad9-95bc-402a-bf66-2010aa72d32d.MOBHMZ3R29UXXKWF.SEARCH&ppt=None&ppn=None&ssid=5xpwliyp8g0000001779038269186&qH=1036ba3c4ed2c021&ov_redirect=true,4 GB RAM | 128 GB ROM | 17.27 cm (6.8 inch) Display | 50MP Rear Camera | 7000 mAh Battery,flipkart
"OPPO K14x 5G (Icy Blue, 64 GB)",smartphones,14999.0,19999.0,25.0,4.3,2588,https://rukminim2.flixcart.com/image/400/400/xif0q/mobile/q/l/7/-original-imahmkx5xdavr53c.jpeg?q=70,https://www.flipkart.com/oppo-k14x-5g-icy-blue-64-gb/p/itm188c7a4b69292?pid=MOBHKZF3YEJNPZHZ&lid=LSTMOBHKZF3YEJNPZHZKAKWY1&marketplace=FLIPKART&q=smartphone&store=tyy%2F4io&srno=s_2_34&otracker=search&fm=organic&iid=d328fad9-95bc-402a-bf66-2010aa72d32d.MOBHKZF3YEJNPZHZ.SEARCH&ppt=None&ppn=None&ssid=5xpwliyp8g0000001779038269186&qH=1036ba3c4ed2c021&ov_redirect=true,4 GB RAM | 64 GB ROM | 17.14 cm (6.75 inch) HD+ Display | 50MP + 2MP | 5MP; f/2.2; FOV 77°; 3P lens | 6500 mAh Battery,flipkart
"Samsung Galaxy F06 5G (Bahama Blue, 128 GB)",smartphones,13999.0,16999.0,17.0,4.2,45357,https://rukminim2.flixcart.com/image/400/400/xif0q/mobile/1/j/f/-original-imahjwcmrhs4qaxh.jpeg?q=70,https://www.flipkart.com/samsung-galaxy-f06-5g-bahama-blue-128-gb/p/itmd5f036efa14ec?pid=MOBHMGHH786D4HR8&lid=LSTMOBHMGHH786D4HR8ZJFWRK&marketplace=FLIPKART&q=smartphone&store=tyy%2F4io&srno=s_2_35&otracker=search&fm=organic&iid=d328fad9-95bc-402a-bf66-2010aa72d32d.MOBHMGHH786D4HR8.SEARCH&ppt=None&ppn=None&ssid=5xpwliyp8g0000001779038269186&qH=1036ba3c4ed2c021&ov_redirect=true,4 GB RAM | 128 GB ROM | Expandable Upto 1500 GB | 17.02 cm (6.7 inch) HD+ Display | 50MP + 2MP | 8MP Front Camera | 5000 mAh Battery,flipkart
"realme P4x 5G (Matte Silver, 256 GB)",smartphones,20999.0,20999.0,0,4.3,4793,https://rukminim2.flixcart.com/image/400/400/xif0q/mobile/v/z/7/-original-imahhmksfzcpkyky.jpeg?q=70,https://www.flipkart.com/realme-p4x-5g-matte-silver-256-gb/p/itm575b1540859e4?pid=MOBHHTPHKGSMJA3J&lid=LSTMOBHHTPHKGSMJA3JRPE7AF&marketplace=FLIPKART&q=smartphone&store=tyy%2F4io&srno=s_2_36&otracker=search&fm=organic&iid=d328fad9-95bc-402a-bf66-2010aa72d32d.MOBHHTPHKGSMJA3J.SEARCH&ppt=None&ppn=None&ssid=5xpwliyp8g0000001779038269186&qH=1036ba3c4ed2c021&ov_redirect=true,8 GB RAM | 256 GB ROM | 17.07 cm (6.72 inch) Full HD+ Display | 50MP + 2MP | 8MP Front Camera | 7000 mAh Battery,flipkart
"POCO M7 Pro 5G (Olive Twilight, 128 GB)",smartphones,14999.0,18999.0,21.0,4.3,38347,https://rukminim2.flixcart.com/image/400/400/xif0q/mobile/p/f/d/-original-imah7jsp9uzpjkyc.jpeg?q=70,https://www.flipkart.com/poco-m7-pro-5g-olive-twilight-128-gb/p/itm39b8c2a99ab7d?pid=MOBH7443JP83ZMJ3&lid=LSTMOBH7443JP83ZMJ3BW6AGF&marketplace=FLIPKART&q=smartphone&store=tyy%2F4io&srno=s_2_37&otracker=search&fm=organic&iid=d328fad9-95bc-402a-bf66-2010aa72d32d.MOBH7443JP83ZMJ3.SEARCH&ppt=None&ppn=None&ssid=5xpwliyp8g0000001779038269186&qH=1036ba3c4ed2c021&ov_redirect=true,6 GB RAM | 128 GB ROM | 16.94 cm (6.67 inch) Full HD+ Display | 50MP + 2MP | 20MP Front Camera | 5110 mAh Battery,flipkart
"realme P4 5G (Steel Grey, 128 GB)",smartphones,21999.0,21999.0,0,4.4,17279,https://rukminim2.flixcart.com/image/400/400/xif0q/mobile/2/m/d/-original-imahf47f6fgxwh9a.jpeg?q=70,https://www.flipkart.com/realme-p4-5g-steel-grey-128-gb/p/itmf836e6de035a5?pid=MOBHERXFVRWZP3PZ&lid=LSTMOBHERXFVRWZP3PZJBXCXE&marketplace=FLIPKART&q=smartphone&store=tyy%2F4io&srno=s_2_38&otracker=search&fm=organic&iid=d328fad9-95bc-402a-bf66-2010aa72d32d.MOBHERXFVRWZP3PZ.SEARCH&ppt=None&ppn=None&ssid=5xpwliyp8g0000001779038269186&qH=1036ba3c4ed2c021&ov_redirect=true,8 GB RAM | 128 GB ROM | 17.2 cm (6.77 inch) Display | 50MP + 8MP | 16MP Front Camera | 7000 mAh Battery,flipkart
"vivo T5x 5G (Cyber Green, 128 GB)",smartphones,22999.0,28999.0,20.0,4.4,6301,https://rukminim2.flixcart.com/image/400/400/xif0q/mobile/f/i/v/-original-imahhhfvqhmf7fgg.jpeg?q=70,https://www.flipkart.com/vivo-t5x-5g-cyber-green-128-gb/p/itm7da8aa253e72b?pid=MOBHH69NGFZAYK6M&lid=LSTMOBHH69NGFZAYK6MYQKNQD&marketplace=FLIPKART&q=smartphone&store=tyy%2F4io&srno=s_2_39&otracker=search&fm=organic&iid=d328fad9-95bc-402a-bf66-2010aa72d32d.MOBHH69NGFZAYK6M.SEARCH&ppt=None&ppn=None&ssid=5xpwliyp8g0000001779038269186&qH=1036ba3c4ed2c021&ov_redirect=true,6 GB RAM | 128 GB ROM | 17.17 cm (6.76 inch) Display | 50MP + 2MP | 32MP Front Camera | 7200 mAh Li-ion Battery,flipkart
"vivo T5x 5G (Star Silver, 128 GB)",smartphones,22999.0,28999.0,20.0,4.4,6301,https://rukminim2.flixcart.com/image/400/400/xif0q/mobile/z/m/e/-original-imahhhfv5ffnzjbv.jpeg?q=70,https://www.flipkart.com/vivo-t5x-5g-star-silver-128-gb/p/itm7da8aa253e72b?pid=MOBHH69NRE6PHFBH&lid=LSTMOBHH69NRE6PHFBHJHMXME&marketplace=FLIPKART&q=smartphone&store=tyy%2F4io&srno=s_2_40&otracker=search&fm=organic&iid=d328fad9-95bc-402a-bf66-2010aa72d32d.MOBHH69NRE6PHFBH.SEARCH&ppt=None&ppn=None&ssid=5xpwliyp8g0000001779038269186&qH=1036ba3c4ed2c021&ov_redirect=true,6 GB RAM | 128 GB ROM | 17.17 cm (6.76 inch) Display | 50MP + 2MP | 32MP Front Camera | 7200 mAh Li-ion Battery,flipkart
"realme P4 Lite (Sea Blue, 128 GB)",smartphones,12999.0,13999.0,7.0,4.1,2063,https://rukminim2.flixcart.com/image/400/400/xif0q/mobile/f/s/7/-original-imahkkjrz3qhsxps.jpeg?q=70,https://www.flipkart.com/realme-p4-lite-sea-blue-128-gb/p/itm534024e2339ef?pid=MOBHK685ZBEG6Y5H&lid=LSTMOBHK685ZBEG6Y5HLV0LRO&marketplace=FLIPKART&q=smartphone&store=tyy%2F4io&srno=s_2_41&otracker=search&fm=organic&iid=d328fad9-95bc-402a-bf66-2010aa72d32d.MOBHK685ZBEG6Y5H.SEARCH&ppt=None&ppn=None&ssid=5xpwliyp8g0000001779038269186&qH=1036ba3c4ed2c021&ov_redirect=true,4 GB RAM | 128 GB ROM | 17.14 cm (6.75 inch) HD+ Display | 13MP Rear Camera | 5MP Front Camera | 6300 mAh Battery,flipkart
"MOTOROLA G96 5G (Pantone Greener Pastures, 128 GB)",smartphones,20999.0,20999.0,0,4.4,88550,https://rukminim2.flixcart.com/image/400/400/xif0q/mobile/z/m/9/-original-imahm5cxejzjhnxw.jpeg?q=70,https://www.flipkart.com/motorola-g96-5g-pantone-greener-pastures-128-gb/p/itm24a26a0a5d263?pid=MOBHB3SZSMYUHRXZ&lid=LSTMOBHB3SZSMYUHRXZICDMYQ&marketplace=FLIPKART&q=smartphone&store=tyy%2F4io&srno=s_2_42&otracker=search&fm=organic&iid=d328fad9-95bc-402a-bf66-2010aa72d32d.MOBHB3SZSMYUHRXZ.SEARCH&ppt=None&ppn=None&ssid=5xpwliyp8g0000001779038269186&qH=1036ba3c4ed2c021&ov_redirect=true,8 GB RAM | 128 GB ROM | 16.94 cm (6.67 inch) Full HD+ Display | 50MP + 8MP | 32MP Front Camera | 5500 mAh Battery,flipkart
"POCO C81 (Elite Black, 64 GB)",smartphones,10999.0,19999.0,45.0,3.5,23,https://rukminim2.flixcart.com/image/400/400/xif0q/mobile/r/3/c/-original-imahmqbhgkgyhgwp.jpeg?q=70,https://www.flipkart.com/poco-c81-elite-black-64-gb/p/itm28c771318f328?pid=MOBHMYWR2GCKNVWK&lid=LSTMOBHMYWR2GCKNVWKZWGWBK&marketplace=FLIPKART&q=smartphone&store=tyy%2F4io&srno=s_2_43&otracker=search&fm=organic&iid=d328fad9-95bc-402a-bf66-2010aa72d32d.MOBHMYWR2GCKNVWK.SEARCH&ppt=None&ppn=None&ssid=5xpwliyp8g0000001779038269186&qH=1036ba3c4ed2c021&ov_redirect=true,4 GB RAM | 64 GB ROM | Expandable Upto 2 TB | 17.53 cm (6.9 inch) Display | 13MP Rear Camera | 8MP Front Camera | 6300 mAh Lithium-Ion Polymer Battery,flipkart
"OPPO K13 5G with 7000mAh and 80W SUPERVOOC Charger In-The-Box (Icy Purple, 256 GB)",smartphones,23862.0,24999.0,4.0,4.4,73080,https://rukminim2.flixcart.com/image/400/400/xif0q/mobile/w/a/g/-original-imahm5cxajhxvhsk.jpeg?q=70,https://www.flipkart.com/oppo-k13-5g-7000mah-80w-supervooc-charger-in-the-box-icy-purple-256-gb/p/itm6f2ebf6d205cf?pid=MOBHB392HWDHA8HH&lid=LSTMOBHB392HWDHA8HHQOBNQP&marketplace=FLIPKART&q=smartphone&store=tyy%2F4io&srno=s_2_44&otracker=search&fm=organic&iid=d328fad9-95bc-402a-bf66-2010aa72d32d.MOBHB392HWDHA8HH.SEARCH&ppt=None&ppn=None&ssid=5xpwliyp8g0000001779038269186&qH=1036ba3c4ed2c021&ov_redirect=true,8 GB RAM | 256 GB ROM | 16.94 cm (6.67 inch) Display | 50MP + 2MP | 16MP Front Camera | 7000 mAh Battery,flipkart
"realme Narzo 90x 5G (Aqua Blue, 128 GB)",smartphones,15733.0,15999.0,1.0,4.0,112,https://rukminim2.flixcart.com/image/400/400/xif0q/mobile/u/0/n/narzo-90x-5g-rmx5264-realme-original-imahm6hdhdjkr2mw.jpeg?q=70,https://www.flipkart.com/realme-narzo-90x-5g-aqua-blue-128-gb/p/itma63c5c5ce781a?pid=MOBHH3RBDV8NYP5U&lid=LSTMOBHH3RBDV8NYP5UQYF8TZ&marketplace=FLIPKART&q=smartphone&store=tyy%2F4io&srno=s_2_45&otracker=search&fm=organic&iid=d328fad9-95bc-402a-bf66-2010aa72d32d.MOBHH3RBDV8NYP5U.SEARCH&ppt=None&ppn=None&ssid=5xpwliyp8g0000001779038269186&qH=1036ba3c4ed2c021&ov_redirect=true,4 GB RAM | 128 GB ROM | 17.27 cm (6.8 inch) HD+ Display | 50MP Rear Camera | 8MP Front Camera | 7000 mAh Battery,flipkart
"MOTOROLA Edge 70 Fusion (Pantone SILHOUETTE, 128 GB)",smartphones,26999.0,42999.0,37.0,4.4,6765,https://rukminim2.flixcart.com/image/400/400/xif0q/mobile/k/8/b/-original-imahha4yffqynu9x.jpeg?q=70,https://www.flipkart.com/motorola-edge-70-fusion-pantone-silhouette-128-gb/p/itmea2471033901a?pid=MOBHJ7TXN7CGKUYZ&lid=LSTMOBHJ7TXN7CGKUYZGAEDHA&marketplace=FLIPKART&q=smartphone&store=tyy%2F4io&srno=s_2_46&otracker=search&fm=organic&iid=d328fad9-95bc-402a-bf66-2010aa72d32d.MOBHJ7TXN7CGKUYZ.SEARCH&ppt=None&ppn=None&ssid=5xpwliyp8g0000001779038269186&qH=1036ba3c4ed2c021&ov_redirect=true,8 GB RAM | 128 GB ROM | 17.27 cm (6.8 inch) Super HD Display | 50MP + 13MP | 32MP Front Camera | 7000 mAh Battery,flipkart
"Ai+ Pulse 2 (Blue, 128 GB)",smartphones,9999.0,11999.0,16.0,3.9,2135,https://rukminim2.flixcart.com/image/400/400/xif0q/mobile/q/n/d/-original-imahh27gr2xqbhcp.jpeg?q=70,https://www.flipkart.com/ai-pulse-2-blue-128-gb/p/itmd59202944d081?pid=MOBHKHPYW49R78RA&lid=LSTMOBHKHPYW49R78RAR9LHZP&marketplace=FLIPKART&q=smartphone&store=tyy%2F4io&srno=s_2_47&otracker=search&fm=organic&iid=d328fad9-95bc-402a-bf66-2010aa72d32d.MOBHKHPYW49R78RA.SEARCH&ppt=None&ppn=None&ssid=5xpwliyp8g0000001779038269186&qH=1036ba3c4ed2c021&ov_redirect=true,6 GB RAM | 128 GB ROM | Expandable Upto 1 TB | 17.13 cm (6.745 inch) HD+ Display | 50MP Rear Camera | 8MP Front Camera | 6000 mAh Battery,flipkart
"REDMI 15 5G (Frosted White, 128 GB)",smartphones,17385.0,19999.0,13.0,4.3,2170,https://rukminim2.flixcart.com/image/400/400/xif0q/mobile/0/c/w/15-5g-25057rn09i-redmi-original-imahhyh9aaczzwku.jpeg?q=70,https://www.flipkart.com/redmi-15-5g-frosted-white-128-gb/p/itmd7bced8727891?pid=MOBHFH95FKU234AN&lid=LSTMOBHFH95FKU234ANAKXCI9&marketplace=FLIPKART&q=smartphone&store=tyy%2F4io&srno=s_2_48&otracker=search&fm=organic&iid=d328fad9-95bc-402a-bf66-2010aa72d32d.MOBHFH95FKU234AN.SEARCH&ppt=None&ppn=None&ssid=5xpwliyp8g0000001779038269186&qH=1036ba3c4ed2c021&ov_redirect=true,6 GB RAM | 128 GB ROM | 17.53 cm (6.9 inch) Display | 50MP Rear Camera | 7000 mAh Battery,flipkart
"POCO M7 Plus 5G (Carbon Black, 128 GB)",smartphones,13499.0,15999.0,15.0,3.9,2823,https://rukminim2.flixcart.com/image/400/400/xif0q/mobile/i/t/s/-original-imahf728ffwf54gs.jpeg?q=70,https://www.flipkart.com/poco-m7-plus-5g-carbon-black-128-gb/p/itm9b1bceebdc605?pid=MOBHETX6RHPPFCFD&lid=LSTMOBHETX6RHPPFCFDZH0IHQ&marketplace=FLIPKART&q=smartphone&store=tyy%2F4io&srno=s_3_49&otracker=search&fm=organic&iid=938d03b1-4b9c-495a-87a6-0b68b85ae40c.MOBHETX6RHPPFCFD.SEARCH&ppt=None&ppn=None&ssid=vdxm2ighu80000001779038271367&qH=1036ba3c4ed2c021&ov_redirect=true,4 GB RAM | 128 GB ROM | Expandable Upto 2 TB | 17.53 cm (6.9 inch) Display | 50MP Rear Camera | 7000 mAh Battery,flipkart
"realme Narzo 90x 5G (Maroon Red, 128 GB)",smartphones,16858.0,16999.0,0,4.3,1975,https://rukminim2.flixcart.com/image/400/400/xif0q/mobile/t/m/p/narzo-90x-5g-rmx5264-realme-original-imahmhzefsrxfhhw.jpeg?q=70,https://www.flipkart.com/realme-narzo-90x-5g-maroon-red-128-gb/p/itma63c5c5ce781a?pid=MOBHKZZY3EHDY8FN&lid=LSTMOBHKZZY3EHDY8FNYVEDMU&marketplace=FLIPKART&q=smartphone&store=tyy%2F4io&srno=s_3_50&otracker=search&fm=organic&iid=938d03b1-4b9c-495a-87a6-0b68b85ae40c.MOBHKZZY3EHDY8FN.SEARCH&ppt=None&ppn=None&ssid=vdxm2ighu80000001779038271367&qH=1036ba3c4ed2c021&ov_redirect=true,6 GB RAM | 128 GB ROM | Expandable Upto 2 TB | 17.27 cm (6.8 inch) HD+ Display | 50MP Rear Camera | 8MP Front Camera | 7000 mAh Battery,flipkart
"Samsung Galaxy S25 FE 5G (Navy, 256 GB)",smartphones,65999.0,65999.0,0,4.6,789,https://rukminim2.flixcart.com/image/400/400/xif0q/mobile/o/h/c/-original-imahfrffd6rhhjtt.jpeg?q=70,https://www.flipkart.com/samsung-galaxy-s25-fe-5g-navy-256-gb/p/itm686ea83612e85?pid=MOBHFHS5D6RKZJWY&lid=LSTMOBHFHS5D6RKZJWYXRBHX8&marketplace=FLIPKART&q=smartphone&store=tyy%2F4io&srno=s_3_51&otracker=search&fm=organic&iid=938d03b1-4b9c-495a-87a6-0b68b85ae40c.MOBHFHS5D6RKZJWY.SEARCH&ppt=None&ppn=None&ssid=vdxm2ighu80000001779038271367&qH=1036ba3c4ed2c021&ov_redirect=true,8 GB RAM | 256 GB ROM | 17.02 cm (6.7 inch) Full HD+ Display | 50MP + 12MP + 8MP | 12MP Front Camera | 4900 mAh Li-ion Battery,flipkart
"REDMI Note 15 5G (Black, 128 GB)",smartphones,23265.0,26999.0,13.0,4.3,545,https://rukminim2.flixcart.com/image/400/400/xif0q/mobile/1/i/a/note-15-5g-rma-redmi-original-imahjhpuuxyff3y3.jpeg?q=70,https://www.flipkart.com/redmi-note-15-5g-black-128-gb/p/itm7cb24e3c40189?pid=MOBHJHPUDQRZQBBA&lid=LSTMOBHJHPUDQRZQBBAYRPJ7A&marketplace=FLIPKART&q=smartphone&store=tyy%2F4io&srno=s_3_52&otracker=search&fm=organic&iid=938d03b1-4b9c-495a-87a6-0b68b85ae40c.MOBHJHPUDQRZQBBA.SEARCH&ppt=None&ppn=None&ssid=vdxm2ighu80000001779038271367&qH=1036ba3c4ed2c021&ov_redirect=true,8 GB RAM | 128 GB ROM | 17.2 cm (6.77 inch) Display | 108MP Rear Camera | 5520 mAh Battery,flipkart
"realme Narzo 90x 5G (Marine Blue, 128 GB)",smartphones,17899.0,17999.0,0,4.3,740,https://rukminim2.flixcart.com/image/400/400/xif0q/mobile/x/h/j/narzo-90x-5g-rmx5264-realme-original-imahm43bmwrzwhme.jpeg?q=70,https://www.flipkart.com/realme-narzo-90x-5g-marine-blue-128-gb/p/itma63c5c5ce781a?pid=MOBHM43B3TDUBZWS&lid=LSTMOBHM43B3TDUBZWSMZIGJJ&marketplace=FLIPKART&q=smartphone&store=tyy%2F4io&srno=s_3_53&otracker=search&fm=organic&iid=938d03b1-4b9c-495a-87a6-0b68b85ae40c.MOBHM43B3TDUBZWS.SEARCH&ppt=None&ppn=None&ssid=vdxm2ighu80000001779038271367&qH=1036ba3c4ed2c021&ov_redirect=true,8 GB RAM | 128 GB ROM | 17.27 cm (6.8 inch) Display | 50MP Rear Camera | 7000 mAh Battery,flipkart
"OPPO K14x 5G (Icy Blue, 128 GB)",smartphones,16999.0,17999.0,5.0,4.3,2588,https://rukminim2.flixcart.com/image/400/400/xif0q/mobile/q/l/7/-original-imahmkx5xdavr53c.jpeg?q=70,https://www.flipkart.com/oppo-k14x-5g-icy-blue-128-gb/p/itm188c7a4b69292?pid=MOBHJQQ4JWFJQCGC&lid=LSTMOBHJQQ4JWFJQCGCO9UQAV&marketplace=FLIPKART&q=smartphone&store=tyy%2F4io&srno=s_3_54&otracker=search&fm=organic&iid=938d03b1-4b9c-495a-87a6-0b68b85ae40c.MOBHJQQ4JWFJQCGC.SEARCH&ppt=None&ppn=None&ssid=vdxm2ighu80000001779038271367&qH=1036ba3c4ed2c021&ov_redirect=true,4 GB RAM | 128 GB ROM | 17.14 cm (6.75 inch) HD+ Display | 50MP + 2MP | 5MP; f/2.2; FOV 77°; 3P lens | 6500 mAh Battery,flipkart
"Samsung Galaxy F36 5G (Black, 128 GB)",smartphones,20999.0,22999.0,8.0,4.3,10851,https://rukminim2.flixcart.com/image/400/400/xif0q/mobile/d/c/0/-original-imahgynnhrgyx5wz.jpeg?q=70,https://www.flipkart.com/samsung-galaxy-f36-5g-black-128-gb/p/itmd18f56e2be5da?pid=MOBHDFVTWJGWETBG&lid=LSTMOBHDFVTWJGWETBGLLJCUJ&marketplace=FLIPKART&q=smartphone&store=tyy%2F4io&srno=s_3_55&otracker=search&fm=organic&iid=938d03b1-4b9c-495a-87a6-0b68b85ae40c.MOBHDFVTWJGWETBG.SEARCH&ppt=None&ppn=None&ssid=vdxm2ighu80000001779038271367&qH=1036ba3c4ed2c021&ov_redirect=true,6 GB RAM | 128 GB ROM | Expandable Upto 2 TB | 17.02 cm (6.7 inch) Full HD+ Display | 50MP + 8MP + 2MP | 13MP Front Camera | 5000 mAh Battery,flipkart
"POCO C81x (Ice Blue, 64 GB)",smartphones,9999.0,18999.0,47.0,3.9,26,https://rukminim2.flixcart.com/image/400/400/xif0q/mobile/x/z/r/-original-imahmqbhwvnpc7e4.jpeg?q=70,https://www.flipkart.com/poco-c81x-ice-blue-64-gb/p/itmf2e3aacd5257e?pid=MOBHMYWRWPE4S8G6&lid=LSTMOBHMYWRWPE4S8G6INAADH&marketplace=FLIPKART&q=smartphone&store=tyy%2F4io&srno=s_3_56&otracker=search&fm=organic&iid=938d03b1-4b9c-495a-87a6-0b68b85ae40c.MOBHMYWRWPE4S8G6.SEARCH&ppt=None&ppn=None&ssid=vdxm2ighu80000001779038271367&qH=1036ba3c4ed2c021&ov_redirect=true,3 GB RAM | 64 GB ROM | Expandable Upto 2 TB | 17.48 cm (6.88 inch) Display | 13MP Rear Camera | 8MP Front Camera | 5200 mAh Lithium-Ion Polymer Battery,flipkart
"Alcatel V3 Classic 5G (Cosmic Grey, 128 GB)",smartphones,14999.0,19999.0,25.0,4.1,526,https://rukminim2.flixcart.com/image/400/400/xif0q/mobile/v/n/6/-original-imahcgky5hxrrutt.jpeg?q=70,https://www.flipkart.com/alcatel-v3-classic-5g-cosmic-grey-128-gb/p/itmaf650adae59c3?pid=MOBHBH2GP4ZNXCRJ&lid=LSTMOBHBH2GP4ZNXCRJDUVI2B&marketplace=FLIPKART&q=smartphone&store=tyy%2F4io&srno=s_3_57&otracker=search&fm=organic&iid=938d03b1-4b9c-495a-87a6-0b68b85ae40c.MOBHBH2GP4ZNXCRJ.SEARCH&ppt=None&ppn=None&ssid=vdxm2ighu80000001779038271367&qH=1036ba3c4ed2c021&ov_redirect=true,6 GB RAM | 128 GB ROM | Expandable Upto 2 TB | 16.94 cm (6.67 inch) HD+ Display | 50MP Dual Camera | 8MP Front Camera | 5200 mAh Battery,flipkart
"MOTOROLA Edge 70 Fusion (Pantone COUNTRY AIR, 128 GB)",smartphones,26999.0,42999.0,37.0,4.4,6765,https://rukminim2.flixcart.com/image/400/400/xif0q/mobile/m/9/4/-original-imahh6yfjvvmjpur.jpeg?q=70,https://www.flipkart.com/motorola-edge-70-fusion-pantone-country-air-128-gb/p/itm2b93872d33747?pid=MOBHJ7TXKWJTAHNH&lid=LSTMOBHJ7TXKWJTAHNHH7IMM4&marketplace=FLIPKART&q=smartphone&store=tyy%2F4io&srno=s_3_58&otracker=search&fm=organic&iid=938d03b1-4b9c-495a-87a6-0b68b85ae40c.MOBHJ7TXKWJTAHNH.SEARCH&ppt=None&ppn=None&ssid=vdxm2ighu80000001779038271367&qH=1036ba3c4ed2c021&ov_redirect=true,8 GB RAM | 128 GB ROM | 17.27 cm (6.8 inch) Super HD Display | 50MP + 13MP | 32MP Front Camera | 7000 mAh Battery,flipkart
"POCO M7 Plus 5G (Chrome Silver, 128 GB)",smartphones,15999.0,17999.0,11.0,4.2,4928,https://rukminim2.flixcart.com/image/400/400/xif0q/mobile/n/f/x/-original-imahgwae44avqzng.jpeg?q=70,https://www.flipkart.com/poco-m7-plus-5g-chrome-silver-128-gb/p/itm7074a66234a6d?pid=MOBHETX6NDXNUJGF&lid=LSTMOBHETX6NDXNUJGFQPHFB6&marketplace=FLIPKART&q=smartphone&store=tyy%2F4io&srno=s_3_59&otracker=search&fm=organic&iid=938d03b1-4b9c-495a-87a6-0b68b85ae40c.MOBHETX6NDXNUJGF.SEARCH&ppt=None&ppn=None&ssid=vdxm2ighu80000001779038271367&qH=1036ba3c4ed2c021&ov_redirect=true,8 GB RAM | 128 GB ROM | Expandable Upto 2 TB | 17.53 cm (6.9 inch) Display | 50MP AI Dual Camera | 7000 mAh Battery,flipkart
"MOTOROLA Edge 60 Fusion 5G (PANTONE Zephyr, 128 GB)",smartphones,22999.0,24999.0,8.0,4.4,118017,https://rukminim2.flixcart.com/image/400/400/xif0q/mobile/4/a/e/-original-imahkcvgkwzd7u6p.jpeg?q=70,https://www.flipkart.com/motorola-edge-60-fusion-5g-pantone-zephyr-128-gb/p/itm4928a0586b718?pid=MOBHHD2K42R3RQTB&lid=LSTMOBHHD2K42R3RQTBU6T5AP&marketplace=FLIPKART&q=smartphone&store=tyy%2F4io&srno=s_3_60&otracker=search&fm=organic&iid=938d03b1-4b9c-495a-87a6-0b68b85ae40c.MOBHHD2K42R3RQTB.SEARCH&ppt=None&ppn=None&ssid=vdxm2ighu80000001779038271367&qH=1036ba3c4ed2c021&ov_redirect=true,8 GB RAM | 128 GB ROM | Expandable Upto 1 TB | 16.94 cm (6.67 inch) Display | 50MP + 13MP | 32MP Front Camera | 5500 mAh Battery,flipkart
"realme P4 Lite (Beach Gold, 128 GB)",smartphones,12999.0,13999.0,7.0,4.1,2063,https://rukminim2.flixcart.com/image/400/400/xif0q/mobile/j/t/n/-original-imahkkjrwzbwgf76.jpeg?q=70,https://www.flipkart.com/realme-p4-lite-beach-gold-128-gb/p/itm534024e2339ef?pid=MOBHK685K37ZCSPU&lid=LSTMOBHK685K37ZCSPUTZ3SXB&marketplace=FLIPKART&q=smartphone&store=tyy%2F4io&srno=s_3_61&otracker=search&fm=organic&iid=938d03b1-4b9c-495a-87a6-0b68b85ae40c.MOBHK685K37ZCSPU.SEARCH&ppt=None&ppn=None&ssid=vdxm2ighu80000001779038271367&qH=1036ba3c4ed2c021&ov_redirect=true,4 GB RAM | 128 GB ROM | 17.14 cm (6.75 inch) HD+ Display | 13MP Rear Camera | 5MP Front Camera | 6300 mAh Battery,flipkart
"Infinix GT 30 5G+ Blade White 128 (Blade White, 128 GB)",smartphones,21999.0,24999.0,12.0,4.5,144,https://rukminim2.flixcart.com/image/400/400/xif0q/mobile/u/8/v/-original-imaheqpgdhfcuzvc.jpeg?q=70,https://www.flipkart.com/infinix-gt-30-5g-blade-white-128-blade-white-gb/p/itmf23ef26ed150b?pid=MOBHDQFAYZHYFCQ4&lid=LSTMOBHDQFAYZHYFCQ4OCE2B9&marketplace=FLIPKART&q=smartphone&store=tyy%2F4io&srno=s_3_62&otracker=search&fm=organic&iid=938d03b1-4b9c-495a-87a6-0b68b85ae40c.MOBHDQFAYZHYFCQ4.SEARCH&ppt=None&ppn=None&ssid=vdxm2ighu80000001779038271367&qH=1036ba3c4ed2c021&ov_redirect=true,8 GB RAM | 128 GB ROM | 17.22 cm (6.78 inch) Display | 64MP + 8MP | 13MP Front Camera | 5500 mAh Battery,flipkart
"vivo T4R 5G (Twilight Blue, 256 GB)",smartphones,24999.0,24999.0,0,4.4,49221,https://rukminim2.flixcart.com/image/400/400/xif0q/mobile/2/3/i/-original-imahfkvffkd4qhma.jpeg?q=70,https://www.flipkart.com/vivo-t4r-5g-twilight-blue-256-gb/p/itm3a5653667cb9c?pid=MOBHE49GFMXQ5QEG&lid=LSTMOBHE49GFMXQ5QEGZPB4G9&marketplace=FLIPKART&q=smartphone&store=tyy%2F4io&srno=s_3_63&otracker=search&fm=organic&iid=938d03b1-4b9c-495a-87a6-0b68b85ae40c.MOBHE49GFMXQ5QEG.SEARCH&ppt=None&ppn=None&ssid=vdxm2ighu80000001779038271367&qH=1036ba3c4ed2c021&ov_redirect=true,8 GB RAM | 256 GB ROM | 17.2 cm (6.77 inch) Display | 50MP (OIS) + 2MP | 32MP Front Camera | 5700 mAh Battery,flipkart
"REDMI 15 5G (Sandy Purple, 128 GB)",smartphones,17932.0,19999.0,10.0,4.3,2170,https://rukminim2.flixcart.com/image/400/400/xif0q/mobile/b/w/i/15-5g-25057rn09i-redmi-original-imahfh95y8wbzgxf.jpeg?q=70,https://www.flipkart.com/redmi-15-5g-sandy-purple-128-gb/p/itmd7bced8727891?pid=MOBHFH95KX2GA62H&lid=LSTMOBHFH95KX2GA62HLMLUHM&marketplace=FLIPKART&q=smartphone&store=tyy%2F4io&srno=s_3_64&otracker=search&fm=organic&iid=938d03b1-4b9c-495a-87a6-0b68b85ae40c.MOBHFH95KX2GA62H.SEARCH&ppt=None&ppn=None&ssid=vdxm2ighu80000001779038271367&qH=1036ba3c4ed2c021&ov_redirect=true,6 GB RAM | 128 GB ROM | 17.53 cm (6.9 inch) Display | 50MP Rear Camera | 7000 mAh Battery,flipkart
"Samsung Galaxy F06 5G (Lit Violet, 128 GB)",smartphones,13999.0,16999.0,17.0,4.2,45357,https://rukminim2.flixcart.com/image/400/400/xif0q/mobile/b/p/x/-original-imahjwcmfcercggc.jpeg?q=70,https://www.flipkart.com/samsung-galaxy-f06-5g-lit-violet-128-gb/p/itm7602d48021fe1?pid=MOBHMGHHNYS7WF88&lid=LSTMOBHMGHHNYS7WF88Q60Z1G&marketplace=FLIPKART&q=smartphone&store=tyy%2F4io&srno=s_3_65&otracker=search&fm=organic&iid=938d03b1-4b9c-495a-87a6-0b68b85ae40c.MOBHMGHHNYS7WF88.SEARCH&ppt=None&ppn=None&ssid=vdxm2ighu80000001779038271367&qH=1036ba3c4ed2c021&ov_redirect=true,4 GB RAM | 128 GB ROM | Expandable Upto 1500 GB | 17.02 cm (6.7 inch) HD+ Display | 50MP + 2MP | 8MP Front Camera | 5000 mAh Battery,flipkart
"Ai+ Pulse 2 (Green, 64 GB)",smartphones,8999.0,10999.0,18.0,4.4,1957,https://rukminim2.flixcart.com/image/400/400/xif0q/mobile/a/z/r/-original-imahh27g6cgsf8z3.jpeg?q=70,https://www.flipkart.com/ai-pulse-2-green-64-gb/p/itm8475838cc2064?pid=MOBHKHPYZHDPMZSR&lid=LSTMOBHKHPYZHDPMZSRLBINVS&marketplace=FLIPKART&q=smartphone&store=tyy%2F4io&srno=s_3_66&otracker=search&fm=organic&iid=938d03b1-4b9c-495a-87a6-0b68b85ae40c.MOBHKHPYZHDPMZSR.SEARCH&ppt=None&ppn=None&ssid=vdxm2ighu80000001779038271367&qH=1036ba3c4ed2c021&ov_redirect=true,4 GB RAM | 64 GB ROM | Expandable Upto 1 TB | 17.13 cm (6.745 inch) HD+ Display | 50MP Rear Camera | 8MP Front Camera | 6000 mAh Battery,flipkart
"POCO C71 (Cool Blue, 128 GB)",smartphones,9999.0,9999.0,0,4.1,36424,https://rukminim2.flixcart.com/image/400/400/xif0q/mobile/r/5/z/-original-imahawgarmg5f8ff.jpeg?q=70,https://www.flipkart.com/poco-c71-cool-blue-128-gb/p/itmfb10bdbf02c6e?pid=MOBHAFVJURDB9QYR&lid=LSTMOBHAFVJURDB9QYRYNBHTJ&marketplace=FLIPKART&q=smartphone&store=tyy%2F4io&srno=s_3_67&otracker=search&fm=organic&iid=938d03b1-4b9c-495a-87a6-0b68b85ae40c.MOBHAFVJURDB9QYR.SEARCH&ppt=None&ppn=None&ssid=vdxm2ighu80000001779038271367&qH=1036ba3c4ed2c021&ov_redirect=true,6 GB RAM | 128 GB ROM | Expandable Upto 2 TB | 17.48 cm (6.88 inch) HD+ Display | 32MP Rear Camera | 8MP Front Camera | 5200 mAh Battery,flipkart
"MOTOROLA g35 5G (Guava Red, 128 GB)",smartphones,12499.0,12499.0,0,4.2,135747,https://rukminim2.flixcart.com/image/400/400/xif0q/mobile/e/6/4/g35-5g-pb3h0002in-motorola-original-imah7c6wzezymef7.jpeg?q=70,https://www.flipkart.com/motorola-g35-5g-guava-red-128-gb/p/itm39bba58f6cdfc?pid=MOBH3YGPWZZB9ZZK&lid=LSTMOBH3YGPWZZB9ZZKFWIZWR&marketplace=FLIPKART&q=smartphone&store=tyy%2F4io&srno=s_3_68&otracker=search&fm=organic&iid=938d03b1-4b9c-495a-87a6-0b68b85ae40c.MOBH3YGPWZZB9ZZK.SEARCH&ppt=None&ppn=None&ssid=vdxm2ighu80000001779038271367&qH=1036ba3c4ed2c021&ov_redirect=true,4 GB RAM | 128 GB ROM | Expandable Upto 1 TB | 17.07 cm (6.72 inch) Full HD+ Display | 50MP + 8MP | 16MP Front Camera | 5000 mAh Battery,flipkart
"vivo X200T (Seaside Lilac, 256 GB)",smartphones,59999.0,79999.0,25.0,4.6,2630,https://rukminim2.flixcart.com/image/400/400/xif0q/mobile/m/9/q/-original-imahjzxkrfjzvgzy.jpeg?q=70,https://www.flipkart.com/vivo-x200t-seaside-lilac-256-gb/p/itm1b8452d68859b?pid=MOBHJK5M62ZH9FAM&lid=LSTMOBHJK5M62ZH9FAMR92PUT&marketplace=FLIPKART&q=smartphone&store=tyy%2F4io&srno=s_3_69&otracker=search&fm=organic&iid=938d03b1-4b9c-495a-87a6-0b68b85ae40c.MOBHJK5M62ZH9FAM.SEARCH&ppt=None&ppn=None&ssid=vdxm2ighu80000001779038271367&qH=1036ba3c4ed2c021&ov_redirect=true,12 GB RAM | 256 GB ROM | 16.94 cm (6.67 inch) Full HD+ AMOLED Display | 50MP + 50MP + 50MP | 32MP Front Camera | 6200 mAh Battery,flipkart
"MOTOROLA Edge 70 Fusion (Pantone COUNTRY AIR, 256 GB)",smartphones,29999.0,45999.0,34.0,4.4,6765,https://rukminim2.flixcart.com/image/400/400/xif0q/mobile/m/9/4/-original-imahh6yfjvvmjpur.jpeg?q=70,https://www.flipkart.com/motorola-edge-70-fusion-pantone-country-air-256-gb/p/itm2c3fafb1ebdd8?pid=MOBHJ7TXHMJRFPFM&lid=LSTMOBHJ7TXHMJRFPFMDQYCVG&marketplace=FLIPKART&q=smartphone&store=tyy%2F4io&srno=s_3_70&otracker=search&fm=organic&iid=938d03b1-4b9c-495a-87a6-0b68b85ae40c.MOBHJ7TXHMJRFPFM.SEARCH&ppt=None&ppn=None&ssid=vdxm2ighu80000001779038271367&qH=1036ba3c4ed2c021&ov_redirect=true,8 GB RAM | 256 GB ROM | 17.27 cm (6.8 inch) Super HD Display | 50MP + 13MP | 32MP Front Camera | 7000 mAh Battery,flipkart
"Samsung M06 5G (Blazing Black, 128 GB)",smartphones,13597.0,18999.0,28.0,4.1,1315,https://rukminim2.flixcart.com/image/400/400/xif0q/mobile/h/y/x/-original-imaha58mehzvmk9w.jpeg?q=70,https://www.flipkart.com/samsung-m06-5g-blazing-black-128-gb/p/itmcafa42dadc15c?pid=MOBH9UYFYNVDBNFF&lid=LSTMOBH9UYFYNVDBNFFAY2PDQ&marketplace=FLIPKART&q=smartphone&store=tyy%2F4io&srno=s_3_71&otracker=search&fm=organic&iid=938d03b1-4b9c-495a-87a6-0b68b85ae40c.MOBH9UYFYNVDBNFF.SEARCH&ppt=None&ppn=None&ssid=vdxm2ighu80000001779038271367&qH=1036ba3c4ed2c021&ov_redirect=true,6 GB RAM | 128 GB ROM | 17.02 cm (6.7 inch) Display | 50MP Rear Camera | 5000 mAh Battery,flipkart
"realme Narzo 100 Lite 5G (Frost Silver, 64 GB)",smartphones,13850.0,24999.0,44.0,3.9,62,https://rukminim2.flixcart.com/image/400/400/xif0q/mobile/q/r/l/narzo-100-lite-5g-rmx3902-realme-original-imahmz3qgbczkf6z.jpeg?q=70,https://www.flipkart.com/realme-narzo-100-lite-5g-frost-silver-64-gb/p/itm659398bfe469c?pid=MOBHMZ3SPJZGNYQR&lid=LSTMOBHMZ3SPJZGNYQRKYRJLN&marketplace=FLIPKART&q=smartphone&store=tyy%2F4io&srno=s_3_72&otracker=search&fm=organic&iid=938d03b1-4b9c-495a-87a6-0b68b85ae40c.MOBHMZ3SPJZGNYQR.SEARCH&ppt=None&ppn=None&ssid=vdxm2ighu80000001779038271367&qH=1036ba3c4ed2c021&ov_redirect=true,4 GB RAM | 64 GB ROM | 17.27 cm (6.8 inch) HD+ Display | 50MP Rear Camera | 5MP Front Camera | 7000 mAh Battery,flipkart
MOTOROLA Motobook 60 Pro Full Metal OLED AI PC Intel Core Ultra 5 225H - (16 GB/512 GB SSD/Windows 11 ...,laptops,64990.0,104990.0,38.0,4.4,680,https://rukminim2.flixcart.com/image/400/400/xif0q/computer/z/t/g/-original-imahmazj9jdvdzeb.jpeg?q=70,https://www.flipkart.com/motorola-motobook-60-pro-full-metal-oled-ai-pc-intel-core-ultra-5-225h-16-gb-512-gb-ssd-windows-11-home-83ny000din-thin-light-laptop/p/itm4668d847910ea?pid=COMHHPS9UGSHJHZA&lid=LSTCOMHHPS9UGSHJHZA3STSDL&marketplace=FLIPKART&q=laptop&store=6bo%2Fb5g&srno=s_1_1&otracker=search&fm=organic&iid=en_hR7OINFvXyWFyJN0ZFGG-9USHFqJt5KE1RFnBpWQb34QUjHoWgIgplM8CeVN30mExaoJN_IKdOV7UTxwD7r1Ok4IsYyWu-Pj9cxFjFAoaLk%3D&ppt=None&ppn=None&ssid=0vx6m9780g0000001779038274019&qH=312f91285e048e09&ov_redirect=true,Intel Core Ultra 5 Processor | 16 GB DDR5 RAM | 64 bit Windows 11 Operating System | 512 GB SSD,flipkart
HP Victus Intel Core i5 13th Gen 13420 H - (16 GB/512 GB SSD/Windows 11 Home/6 GB Graphics/NVIDIA GeFo...,laptops,78990.0,88474.0,10.0,4.3,1006,https://rukminim2.flixcart.com/image/400/400/xif0q/computer/h/w/6/-original-imahjqwxymqyxpz2.jpeg?q=70,https://www.flipkart.com/hp-victus-intel-core-i5-13th-gen-13420-h-16-gb-512-gb-ssd-windows-11-home-6-graphics-nvidia-geforce-rtx-3050-15-fa2196tx-gaming-laptop/p/itm44c5abe672c87?pid=COMHGWQESQN4BAHV&lid=LSTCOMHGWQESQN4BAHV3LCR1D&marketplace=FLIPKART&q=laptop&store=6bo%2Fb5g&srno=s_1_2&otracker=search&fm=organic&iid=en_hR7OINFvXyWFyJN0ZFGG-9USHFqJt5KE1RFnBpWQb34MfLsLhppoHSUGKgByEqpxCeGKtAMDU-0TLcsC0YPEBIQEIsITtCzc4bHaOMTqL08%3D&ppt=None&ppn=None&ssid=0vx6m9780g0000001779038274019&qH=312f91285e048e09&ov_redirect=true,Intel Core i5 Processor (13th Gen) | 16 GB DDR4 RAM | Windows 11 Home Operating System | 512 GB SSD,flipkart
"ASUS Vivobook 15 (2025) with Office 2024 + M365 Basic*, Intel Core i3 13th Gen 1315U - (16 GB/512 GB S...",laptops,41990.0,54990.0,23.0,4.5,67,https://rukminim2.flixcart.com/image/400/400/xif0q/computer/q/y/3/-original-imahfcztmzr9wkhd.jpeg?q=70,https://www.flipkart.com/asus-vivobook-15-2025-office-2024-m365-basic-intel-core-i3-13th-gen-1315u-16-gb-512-gb-ssd-windows-11-home-x1504va-nj2324ws-x1504va-bq341ws-thin-light-laptop/p/itmf0e6514a56cbf?pid=COMHEZZTHYZ3DUK5&lid=LSTCOMHEZZTHYZ3DUK5GYZOBP&marketplace=FLIPKART&q=laptop&store=6bo%2Fb5g&srno=s_1_3&otracker=search&fm=organic&iid=b0c77b3d-d4ee-4362-a20b-fe923226f47a.COMHEZZTHYZ3DUK5.SEARCH&ppt=None&ppn=None&ssid=0vx6m9780g0000001779038274019&qH=312f91285e048e09&ov_redirect=true,Intel Core i3 Processor (13th Gen) | 16 GB DDR4 RAM | Windows 11 Home Operating System | 512 GB SSD,flipkart
ASUS Vivobook 15 (2025) with Office 2024 + M365 Basic* Intel Core i3 13th Gen - (8 GB/512 GB SSD/Windo...,laptops,39990.0,50990.0,21.0,4.3,1208,https://rukminim2.flixcart.com/image/400/400/xif0q/computer/x/i/d/-original-imah8fzgxzjamzju.jpeg?q=70,https://www.flipkart.com/asus-vivobook-15-2025-office-2024-m365-basic-intel-core-i3-13th-gen-8-gb-512-gb-ssd-windows-11-home-x1504va-d5321ws-thin-light-laptop/p/itma044347a6922b?pid=COMHGWQY66YNGVFK&lid=LSTCOMHGWQY66YNGVFKYKVYYT&marketplace=FLIPKART&q=laptop&store=6bo%2Fb5g&srno=s_1_4&otracker=search&fm=organic&iid=b0c77b3d-d4ee-4362-a20b-fe923226f47a.COMHGWQY66YNGVFK.SEARCH&ppt=None&ppn=None&ssid=0vx6m9780g0000001779038274019&qH=312f91285e048e09&ov_redirect=true,Intel Core i3 Processor (13th Gen) | 8 GB DDR5 RAM | Windows 11 Home Operating System | 512 GB SSD,flipkart
DELL Inspiron 5440 (2026) (i3 14th Gen) Intel Core 3 14th Gen 100U - (8 GB/512 GB SSD/Windows 11 Home)...,laptops,49185.0,55999.0,12.0,4.2,65,https://rukminim2.flixcart.com/image/400/400/xif0q/computer/6/8/p/inspiron-5440-thin-and-light-laptop-dell-original-imahjsfmjxbvc7zr.jpeg?q=70,https://www.flipkart.com/dell-inspiron-5440-2026-i3-14th-gen-intel-core-3-gen-100u-8-gb-512-gb-ssd-windows-11-home-thin-light-laptop/p/itm0587042bee5d3?pid=COMHJSFMJDAUGGRG&lid=LSTCOMHJSFMJDAUGGRGZUZ79F&marketplace=FLIPKART&q=laptop&store=6bo%2Fb5g&srno=s_1_5&otracker=search&fm=organic&iid=b0c77b3d-d4ee-4362-a20b-fe923226f47a.COMHJSFMJDAUGGRG.SEARCH&ppt=None&ppn=None&ssid=0vx6m9780g0000001779038274019&qH=312f91285e048e09&ov_redirect=true,Intel Core 3 Processor (14th Gen) | 8 GB DDR5 RAM | 64 bit Windows 11 Home Operating System | 512 GB SSD,flipkart
MOTOROLA Motobook 60 Pro Full Metal OLED AI PC Intel Core Ultra 5 225H - (16 GB/512 GB SSD/Windows 11 ...,laptops,64990.0,104990.0,38.0,4.4,680,https://rukminim2.flixcart.com/image/400/400/xif0q/computer/f/b/7/-original-imahmazjdpcgnkrq.jpeg?q=70,https://www.flipkart.com/motorola-motobook-60-pro-full-metal-oled-ai-pc-intel-core-ultra-5-225h-16-gb-512-gb-ssd-windows-11-home-83ny000cin-thin-light-laptop/p/itm1beec582bb1b7?pid=COMHHPS975YQTYUN&lid=LSTCOMHHPS975YQTYUNPQC03I&marketplace=FLIPKART&q=laptop&store=6bo%2Fb5g&srno=s_1_6&otracker=search&fm=organic&iid=en_hR7OINFvXyWFyJN0ZFGG-9USHFqJt5KE1RFnBpWQb35WgKtlOLFEKhe9jo3xW6SIJXRV8qEoQ55_RMoBg42DBjRKtQQVWB8eNWYNLe7VuyQ%3D&ppt=None&ppn=None&ssid=0vx6m9780g0000001779038274019&qH=312f91285e048e09&ov_redirect=true,Intel Core Ultra 5 Processor | 16 GB DDR5 RAM | 64 bit Windows 11 Operating System | 512 GB SSD,flipkart
ASUS Chromebook CX14 Intel Celeron Dual Core N50 - (4 GB/64 GB EMMC Storage/Chrome OS) CX1405CTA-S6062...,laptops,16990.0,22990.0,26.0,3.8,54,https://rukminim2.flixcart.com/image/400/400/xif0q/computer/f/u/d/-original-imahmhhncbddugp2.jpeg?q=70,https://www.flipkart.com/asus-chromebook-cx14-intel-celeron-dual-core-n50-4-gb-64-gb-emmc-storage-chrome-os-cx1405cta-s60620-laptop/p/itm5a14f3731bf15?pid=COMHKQA3R42GHHJF&lid=LSTCOMHKQA3R42GHHJF7ASEFY&marketplace=FLIPKART&q=laptop&store=6bo%2Fb5g&srno=s_1_7&otracker=search&fm=organic&iid=b0c77b3d-d4ee-4362-a20b-fe923226f47a.COMHKQA3R42GHHJF.SEARCH&ppt=None&ppn=None&ssid=0vx6m9780g0000001779038274019&qH=312f91285e048e09&ov_redirect=true,Intel Celeron Dual Core Processor | 4 GB LPDDR5 RAM | Chrome Operating System | 35.56 cm (14 inch) Display,flipkart
Acer Aspire 3 Backlit AMD Ryzen 7 Octa Core 7730U - (16 GB/512 GB SSD/Windows 11 Home) Aspire AS15 - 4...,laptops,49990.0,72999.0,31.0,4.1,1929,https://rukminim2.flixcart.com/image/400/400/xif0q/computer/2/q/t/-original-imahg5ftjkmg4m82.jpeg?q=70,https://www.flipkart.com/acer-aspire-3-backlit-amd-ryzen-7-octa-core-7730u-16-gb-512-gb-ssd-windows-11-home-as15-42-thin-light-laptop/p/itmdaf15e01a1d1a?pid=COMH397XPF4Z3BMX&lid=LSTCOMH397XPF4Z3BMXL8O53G&marketplace=FLIPKART&q=laptop&store=6bo%2Fb5g&srno=s_1_8&otracker=search&fm=organic&iid=b0c77b3d-d4ee-4362-a20b-fe923226f47a.COMH397XPF4Z3BMX.SEARCH&ppt=None&ppn=None&ssid=0vx6m9780g0000001779038274019&qH=312f91285e048e09&ov_redirect=true,AMD Ryzen 7 Octa Core Processor | 16 GB DDR4 RAM | Windows 11 Operating System | 512 GB SSD,flipkart
Lenovo IdeaPad Slim 3 with 1Yr ADP AMD Ryzen 5 Quad Core 7520U - (16 GB/512 GB SSD/Windows 11 Home) 15...,laptops,50750.0,59090.0,14.0,4.1,329,https://rukminim2.flixcart.com/image/400/400/xif0q/computer/i/x/d/-original-imahgk9zhrpnbfja.jpeg?q=70,https://www.flipkart.com/lenovo-ideapad-slim-3-1yr-adp-amd-ryzen-5-quad-core-7520u-16-gb-512-gb-ssd-windows-11-home-15amn8-thin-light-laptop/p/itm76f0e5d975817?pid=COMGRU9ZYEHC4H5K&lid=LSTCOMGRU9ZYEHC4H5KBXYPBM&marketplace=FLIPKART&q=laptop&store=6bo%2Fb5g&srno=s_1_9&otracker=search&fm=organic&iid=b0c77b3d-d4ee-4362-a20b-fe923226f47a.COMGRU9ZYEHC4H5K.SEARCH&ppt=None&ppn=None&ssid=0vx6m9780g0000001779038274019&qH=312f91285e048e09&ov_redirect=true,AMD Ryzen 5 Quad Core Processor | 16 GB LPDDR5 RAM | Windows 11 Operating System | 512 GB SSD,flipkart
Acer Aspire 14 Office 2024 + M365 Basic Intel Core i7 13th Gen 13620H - (16 GB/512 GB SSD/Windows 11 H...,laptops,59990.0,84999.0,29.0,4.2,161,https://rukminim2.flixcart.com/image/400/400/xif0q/computer/l/c/9/-original-imahgfypjsabxvbz.jpeg?q=70,https://www.flipkart.com/acer-aspire-14-office-2024-m365-basic-intel-core-i7-13th-gen-13620h-16-gb-512-gb-ssd-windows-11-home-as14h-53-thin-light-laptop/p/itm15451b45334fc?pid=COMHEWCQSNXSZZGK&lid=LSTCOMHEWCQSNXSZZGKGIDZJH&marketplace=FLIPKART&q=laptop&store=6bo%2Fb5g&srno=s_1_10&otracker=search&fm=organic&iid=b0c77b3d-d4ee-4362-a20b-fe923226f47a.COMHEWCQSNXSZZGK.SEARCH&ppt=None&ppn=None&ssid=0vx6m9780g0000001779038274019&qH=312f91285e048e09&ov_redirect=true,Intel Core i7 Processor (13th Gen) | 16 GB LPDDR5 RAM | 64 bit Windows 11 Home Operating System | 512 GB SSD,flipkart
"ASUS Vivobook S16 OLED (2025) with Backlit Keyboard, Metal Body*, Snapdragon X - (16 GB/512 GB SSD/Win...",laptops,72990.0,98990.0,26.0,4.5,1146,https://rukminim2.flixcart.com/image/400/400/xif0q/computer/g/4/k/-original-imahfn3geekjdudx.jpeg?q=70,https://www.flipkart.com/asus-vivobook-s16-oled-2025-backlit-keyboard-metal-body-snapdragon-x-16-gb-512-gb-ssd-windows-11-home-s3607qa-sh078ws-thin-light-laptop/p/itm252509f1beb81?pid=COMHCQ5EYNZ2HRWW&lid=LSTCOMHCQ5EYNZ2HRWWUYQZ3F&marketplace=FLIPKART&q=laptop&store=6bo%2Fb5g&srno=s_1_11&otracker=search&fm=organic&iid=en_hR7OINFvXyWFyJN0ZFGG-9USHFqJt5KE1RFnBpWQb34CGRszLQas_l49o5dTmGoF9l-MtB2TZmmbKrdOi8rgxlF91k_NKRtsN7mkYTl-6AQ%3D&ppt=None&ppn=None&ssid=0vx6m9780g0000001779038274019&qH=312f91285e048e09&ov_redirect=true,Snapdragon X Processor | 16 GB LPDDR5X RAM | Windows 11 Home Operating System | 512 GB SSD,flipkart
"ASUS Zenbook A14 OLED (2025), MSO 2024 + M365 Basic, Metal Body, Backlit Keyboard, Snapdragon X - (16 ...",laptops,86990.0,122990.0,29.0,3.9,25,https://rukminim2.flixcart.com/image/400/400/xif0q/computer/j/w/g/-original-imahg4ushpwezbhs.jpeg?q=70,https://www.flipkart.com/asus-zenbook-a14-oled-2025-mso-2024-m365-basic-metal-body-backlit-keyboard-snapdragon-x-16-gb-512-gb-ssd-windows-11-home-ux3407qa-qd259ws-thin-light-laptop/p/itm7d82cad4d12b8?pid=COMH9499ZVZTWRCH&lid=LSTCOMH9499ZVZTWRCHXTC5ZB&marketplace=FLIPKART&q=laptop&store=6bo%2Fb5g&srno=s_1_12&otracker=search&fm=organic&iid=en_hR7OINFvXyWFyJN0ZFGG-9USHFqJt5KE1RFnBpWQb34PZoW-mDwwXafi9nSFjTymNh8EszbCwDL9ysg3nuU6Cg1kFuKnWaINrJqv3pKVKuU%3D&ppt=None&ppn=None&ssid=0vx6m9780g0000001779038274019&qH=312f91285e048e09&ov_redirect=true,Snapdragon X Processor | 16 GB LPDDR5X RAM | Windows 11 Home Operating System | 512 GB SSD,flipkart
Primebook 2 Pro (2025) in-Built AI MediaTek Helio G99 (MT8781) - (8 GB/128 GB/Android 15) PBG9914128#4...,laptops,24490.0,39990.0,38.0,4.3,1133,https://rukminim2.flixcart.com/image/400/400/xif0q/computer/t/i/8/-original-imahfskhzaahq9es.jpeg?q=70,https://www.flipkart.com/primebook-2-pro-2025-in-built-ai-mediatek-helio-g99-mt8781-8-gb-128-gb-android-15-pbg9914128-4278c-laptop/p/itmdbf8db6a6f79a?pid=COMHDGD5FH6NZPHD&lid=LSTCOMHDGD5FH6NZPHD567UTY&marketplace=FLIPKART&q=laptop&store=6bo%2Fb5g&srno=s_1_13&otracker=search&fm=organic&iid=b0c77b3d-d4ee-4362-a20b-fe923226f47a.COMHDGD5FH6NZPHD.SEARCH&ppt=None&ppn=None&ssid=0vx6m9780g0000001779038274019&qH=312f91285e048e09&ov_redirect=true,MediaTek Helio G99 (MT8781) Processor | 8 GB LPDDR4X RAM | 64 bit Android Operating System | 35.81 cm (14.1 Inch) Display,flipkart
Ultimus Apex Pro Intel Pentium Quad Core - (4 GB/128 GB SSD/128 GB EMMC Storage/Windows 11 Home) NU14U...,laptops,16990.0,27990.0,39.0,0.0,0,https://rukminim2.flixcart.com/image/400/400/xif0q/computer/k/j/x/nu14u8inc54ls-sg-laptop-ultimus-original-imahmgehjeyhmtdc.jpeg?q=70,https://www.flipkart.com/ultimus-apex-pro-intel-pentium-quad-core-4-gb-128-gb-ssd-128-emmc-storage-windows-11-home-nu14u8inc54ls-sg-laptop/p/itmee44eafbee6b1?pid=COMHMGEHKYSXQHGY&lid=LSTCOMHMGEHKYSXQHGYLE1XQS&marketplace=FLIPKART&q=laptop&store=6bo%2Fb5g&srno=s_1_14&otracker=search&fm=organic&iid=b0c77b3d-d4ee-4362-a20b-fe923226f47a.COMHMGEHKYSXQHGY.SEARCH&ppt=None&ppn=None&ssid=0vx6m9780g0000001779038274019&qH=312f91285e048e09&ov_redirect=true,Intel Pentium Quad Core Processor | 4 GB DDR3 RAM | Windows 11 Home Operating System | 128 GB SSD,flipkart
HP OmniBook 5 OLED Next-Gen AI Laptop Snapdragon X - (16 GB/1 TB SSD/Windows 11 Home) 16-fb0001QU Thin...,laptops,69990.0,88225.0,20.0,4.9,7,https://rukminim2.flixcart.com/image/400/400/xif0q/computer/z/4/0/-original-imahkbffrc6ddqhg.jpeg?q=70,https://www.flipkart.com/hp-omnibook-5-oled-next-gen-ai-laptop-snapdragon-x-16-gb-1-tb-ssd-windows-11-home-16-fb0001qu-thin-light/p/itmb3931d2ae1ddf?pid=COMHGYBW4GEYPD9M&lid=LSTCOMHGYBW4GEYPD9MGJHCAX&marketplace=FLIPKART&q=laptop&store=6bo%2Fb5g&srno=s_1_15&otracker=search&fm=organic&iid=b0c77b3d-d4ee-4362-a20b-fe923226f47a.COMHGYBW4GEYPD9M.SEARCH&ppt=None&ppn=None&ssid=0vx6m9780g0000001779038274019&qH=312f91285e048e09&ov_redirect=true,Snapdragon X Processor | 16 GB LPDDR5X RAM | Windows 11 Home Operating System | 1 TB SSD,flipkart
"ASUS Vivobook S14 (2025) with Office 2024 + M365 Basic*, Backlit Keyboard, Intel Core i7 13th Gen 1362...",laptops,64990.0,98990.0,34.0,4.5,249,https://rukminim2.flixcart.com/image/400/400/xif0q/computer/r/g/n/-original-imahg4utfhsycghz.jpeg?q=70,https://www.flipkart.com/asus-vivobook-s14-2025-office-2024-m365-basic-backlit-keyboard-intel-core-i7-13th-gen-13620h-16-gb-512-gb-ssd-windows-11-home-s3407va-ly040ws-thin-light-laptop/p/itm0a98a172ca03e?pid=COMH9SJ96MZYJWMB&lid=LSTCOMH9SJ96MZYJWMBRIGDBX&marketplace=FLIPKART&q=laptop&store=6bo%2Fb5g&srno=s_1_16&otracker=search&fm=organic&iid=b0c77b3d-d4ee-4362-a20b-fe923226f47a.COMH9SJ96MZYJWMB.SEARCH&ppt=None&ppn=None&ssid=0vx6m9780g0000001779038274019&qH=312f91285e048e09&ov_redirect=true,Intel Core i7 Processor (13th Gen) | 16 GB DDR5 RAM | Windows 11 Home Operating System | 512 GB SSD,flipkart
Acer Aspire 14 AI Office 2024 + M365 Basic Snapdragon X - (16 GB/512 GB SSD/Windows 11 Home) A14-11M T...,laptops,58990.0,91999.0,35.0,4.4,157,https://rukminim2.flixcart.com/image/400/400/xif0q/computer/c/p/l/-original-imahg4wgbhqj5teq.jpeg?q=70,https://www.flipkart.com/acer-aspire-14-ai-office-2024-m365-basic-snapdragon-x-16-gb-512-gb-ssd-windows-11-home-a14-11m-thin-light-laptop/p/itm08730687919bb?pid=COMHFSHUTDFXBZKR&lid=LSTCOMHFSHUTDFXBZKRBKC09Q&marketplace=FLIPKART&q=laptop&store=6bo%2Fb5g&srno=s_1_17&otracker=search&fm=organic&iid=en_hR7OINFvXyWFyJN0ZFGG-9USHFqJt5KE1RFnBpWQb358HAx5dPPvn77Vh759yNZ88DG-2oy3FZPKZVa1CIMMXQaKg8hQxVtMHqLTdaqeDbc%3D&ppt=None&ppn=None&ssid=0vx6m9780g0000001779038274019&qH=312f91285e048e09&ov_redirect=true,Snapdragon X Processor | 16 GB LPDDR5X RAM | 64 bit Windows 11 Home Operating System | 512 GB SSD,flipkart
DELL 14 Next Gen AI PC Microsoft Office Home 2024 Intel Core Ultra 5 226V - (16 GB/512 GB SSD/Windows ...,laptops,87990.0,102656.0,14.0,4.3,50,https://rukminim2.flixcart.com/image/400/400/xif0q/computer/e/k/c/-original-imahgx8wzw8hphzh.jpeg?q=70,https://www.flipkart.com/dell-14-next-gen-ai-pc-microsoft-office-home-2024-intel-core-ultra-5-226v-16-gb-512-gb-ssd-windows-11-home-db14250-plus-2-1-db04250-thin-light-laptop/p/itmd5a3fea5e96f8?pid=COMHDGD5HGDVUX9R&lid=LSTCOMHDGD5HGDVUX9RPSVW5T&marketplace=FLIPKART&q=laptop&store=6bo%2Fb5g&srno=s_1_18&otracker=search&fm=organic&iid=en_hR7OINFvXyWFyJN0ZFGG-9USHFqJt5KE1RFnBpWQb36kkmouPHZK1gBzcU9gTQGIge2xyMCxfIlHQBxnneJ8vx7zrT4gkWAkPCdPBnPCejA%3D&ppt=None&ppn=None&ssid=0vx6m9780g0000001779038274019&qH=312f91285e048e09&ov_redirect=true,Intel Core Ultra 5 Processor | 16 GB LPDDR5X RAM | Windows 11 Operating System | 512 GB SSD,flipkart
Acer Aspire 3 Intel Core i3 13th Gen 1305U - (16 GB/512 GB SSD/Windows 11 Home) A324-53 Thin and Light...,laptops,37990.0,44999.0,15.0,4.3,3664,https://rukminim2.flixcart.com/image/400/400/xif0q/computer/r/p/w/-original-imahg5fxzmyzbkv8.jpeg?q=70,https://www.flipkart.com/acer-aspire-3-intel-core-i3-13th-gen-1305u-16-gb-512-gb-ssd-windows-11-home-a324-53-thin-light-laptop/p/itma6a6812aa712e?pid=COMH4B6CRXD62EPK&lid=LSTCOMH4B6CRXD62EPK3NX1OA&marketplace=FLIPKART&q=laptop&store=6bo%2Fb5g&srno=s_1_19&otracker=search&fm=organic&iid=b0c77b3d-d4ee-4362-a20b-fe923226f47a.COMH4B6CRXD62EPK.SEARCH&ppt=None&ppn=None&ssid=0vx6m9780g0000001779038274019&qH=312f91285e048e09&ov_redirect=true,Intel Core i3 Processor (13th Gen) | 16 GB DDR4 RAM | Windows 11 Operating System | 512 GB SSD,flipkart
Samsung Galaxy Book4 Metal Intel Core i5 13th Gen 1335U - (16 GB/512 GB SSD/Windows 11 Home) NP750XGJ ...,laptops,56990.0,82789.0,31.0,4.5,18754,https://rukminim2.flixcart.com/image/400/400/xif0q/computer/k/t/y/-original-imahg53xspmfrsdd.jpeg?q=70,https://www.flipkart.com/samsung-galaxy-book4-metal-intel-core-i5-13th-gen-1335u-16-gb-512-gb-ssd-windows-11-home-np750xgj-thin-light-laptop/p/itm1df5212efb9fc?pid=COMGZUYDGFJGHZR4&lid=LSTCOMGZUYDGFJGHZR4JPVIN2&marketplace=FLIPKART&q=laptop&store=6bo%2Fb5g&spotlightTagId=default_BestsellerId_6bo%2Fb5g&srno=s_1_20&otracker=search&fm=organic&iid=b0c77b3d-d4ee-4362-a20b-fe923226f47a.COMGZUYDGFJGHZR4.SEARCH&ppt=None&ppn=None&ssid=0vx6m9780g0000001779038274019&qH=312f91285e048e09&ov_redirect=true,Intel Core i5 Processor (13th Gen) | 16 GB LPDDR4X RAM | Windows 11 Operating System | 512 GB SSD,flipkart
DELL 15 with Backlit Keyboard Intel Core i5 13th Gen 1334U - (16 GB/512 GB SSD/Windows 11 Home) DC1525...,laptops,69990.0,71763.0,2.0,4.2,5,https://rukminim2.flixcart.com/image/400/400/xif0q/computer/h/d/x/db15250-thin-and-light-laptop-dell-original-imaheb5hzqtsqfxs.jpeg?q=70,https://www.flipkart.com/dell-15-backlit-keyboard-intel-core-i5-13th-gen-1334u-16-gb-512-gb-ssd-windows-11-home-dc15250-db15250-thin-light-laptop/p/itm1e2ed725033ec?pid=COMHDXXUUWHHAY26&lid=LSTCOMHDXXUUWHHAY26JZWHQM&marketplace=FLIPKART&q=laptop&store=6bo%2Fb5g&srno=s_1_21&otracker=search&fm=organic&iid=en_hR7OINFvXyWFyJN0ZFGG-9USHFqJt5KE1RFnBpWQb340VmVIaf_Vopd1EK3NJ8k3ifkj0M-YHmc7oBDfKvgsRft1H9rwnUnu_M8iS_ChS98%3D&ppt=None&ppn=None&ssid=0vx6m9780g0000001779038274019&qH=312f91285e048e09&ov_redirect=true,Intel Core i5 Processor (13th Gen) | 16 GB DDR4 RAM | Windows 11 Operating System | 512 GB SSD,flipkart
HP 14 AI PC Intel Core Ultra 7 155H - (16 GB/512 GB SSD/Windows 11 Home) 14-ep1151TU/14-gr1036TU/14-ep...,laptops,78900.0,81143.0,2.0,4.1,516,https://rukminim2.flixcart.com/image/400/400/xif0q/computer/o/9/k/-original-imahgry8nwkejmae.jpeg?q=70,https://www.flipkart.com/hp-14-ai-pc-intel-core-ultra-7-155h-16-gb-512-gb-ssd-windows-11-home-14-ep1151tu-14-gr1036tu-14-ep1151tu-thin-light-laptop/p/itm4c681812b88bf?pid=COMHF8G932EYZAJF&lid=LSTCOMHF8G932EYZAJFOUI9CA&marketplace=FLIPKART&q=laptop&store=6bo%2Fb5g&srno=s_1_22&otracker=search&fm=organic&iid=en_hR7OINFvXyWFyJN0ZFGG-9USHFqJt5KE1RFnBpWQb36sUCK5CwduDwDf9l4g17nzsWR80FERi98BvC1R6DEoPlmOBtEFy0FmBP0CX6jfuRQ%3D&ppt=None&ppn=None&ssid=0vx6m9780g0000001779038274019&qH=312f91285e048e09&ov_redirect=true,Intel Core Ultra 7 Processor | 16 GB DDR5 RAM | Windows 11 Home Operating System | 512 GB SSD,flipkart
Acer Swift Neo Office 2024 + M365 Basic Intel Core Ultra 7 155U - (16 GB/512 GB SSD/Windows 11 Home) S...,laptops,59990.0,97999.0,38.0,4.1,286,https://rukminim2.flixcart.com/image/400/400/xif0q/computer/7/l/a/-original-imahgx8wtvrqhczr.jpeg?q=70,https://www.flipkart.com/acer-swift-neo-office-2024-m365-basic-intel-core-ultra-7-155u-16-gb-512-gb-ssd-windows-11-home-sfn14-54h-thin-light-laptop/p/itm84801184d63e1?pid=COMHDZRBCFZZGBWR&lid=LSTCOMHDZRBCFZZGBWRRHFLX5&marketplace=FLIPKART&q=laptop&store=6bo%2Fb5g&srno=s_1_23&otracker=search&fm=organic&iid=b0c77b3d-d4ee-4362-a20b-fe923226f47a.COMHDZRBCFZZGBWR.SEARCH&ppt=None&ppn=None&ssid=0vx6m9780g0000001779038274019&qH=312f91285e048e09&ov_redirect=true,Intel Core Ultra 7 Processor | 16 GB LPDDR5 RAM | 64 bit Windows 11 Home Operating System | 512 GB SSD,flipkart
Acer Aspire Lite AMD Ryzen 3 Quad Core 5300U - (8 GB/512 GB SSD/Windows 11 Home) AL15-41 Thin and Ligh...,laptops,42990.0,44990.0,4.0,4.1,1562,https://rukminim2.flixcart.com/image/400/400/xif0q/computer/b/k/d/-original-imahb2kbf2zdan3z.jpeg?q=70,https://www.flipkart.com/acer-aspire-lite-amd-ryzen-3-quad-core-5300u-8-gb-512-gb-ssd-windows-11-home-al15-41-thin-light-laptop/p/itm1bc0bcb4598e7?pid=COMH2TPSM9V7V38F&lid=LSTCOMH2TPSM9V7V38F5SNKCO&marketplace=FLIPKART&q=laptop&store=6bo%2Fb5g&srno=s_1_24&otracker=search&fm=organic&iid=b0c77b3d-d4ee-4362-a20b-fe923226f47a.COMH2TPSM9V7V38F.SEARCH&ppt=None&ppn=None&ssid=0vx6m9780g0000001779038274019&qH=312f91285e048e09&ov_redirect=true,AMD Ryzen 3 Quad Core Processor | 8 GB DDR4 RAM | Windows 11 Operating System | 512 GB SSD,flipkart
"ASUS Vivobook 14 (2025) with Office 2024 + M365 Basic*, Backlit Keyboard, Intel Core i3 13th Gen 1315U...",laptops,46990.0,50990.0,7.0,4.3,3025,https://rukminim2.flixcart.com/image/400/400/xif0q/computer/u/u/d/-original-imahfcztzmftpy9u.jpeg?q=70,https://www.flipkart.com/asus-vivobook-14-2025-office-2024-m365-basic-backlit-keyboard-intel-core-i3-13th-gen-1315u-8-gb-512-gb-ssd-windows-11-home-x1404va-eb321ws-thin-light-laptop/p/itm86b2575a66c73?pid=COMHEZZTACFZCGWF&lid=LSTCOMHEZZTACFZCGWFFCUHCO&marketplace=FLIPKART&q=laptop&store=6bo%2Fb5g&srno=s_2_25&otracker=search&fm=organic&iid=ac08c0b0-b9dc-4475-9d78-9773d29a7a1e.COMHEZZTACFZCGWF.SEARCH&ppt=None&ppn=None&ssid=y4h37txkao0000001779038276821&qH=312f91285e048e09&ov_redirect=true,Intel Core i3 Processor (13th Gen) | 8 GB DDR4 RAM | Windows 11 Home Operating System | 512 GB SSD,flipkart
MSI Modern 14 AMD Ryzen 5 Hexa Core 7530U - (8 GB/512 GB SSD/Windows 11 Home) Modern 14 C7M-284IN Busi...,laptops,39990.0,64990.0,38.0,4.4,268,https://rukminim2.flixcart.com/image/400/400/xif0q/computer/w/e/h/-original-imahg5fuveu8hy3m.jpeg?q=70,https://www.flipkart.com/msi-modern-14-amd-ryzen-5-hexa-core-7530u-8-gb-512-gb-ssd-windows-11-home-c7m-284in-business-laptop/p/itmef8f5c6fd8e76?pid=COMH3YTFKEXTZPA9&lid=LSTCOMH3YTFKEXTZPA980VO3M&marketplace=FLIPKART&q=laptop&store=6bo%2Fb5g&spotlightTagId=default_TrendingId_6bo%2Fb5g&srno=s_2_26&otracker=search&fm=organic&iid=ac08c0b0-b9dc-4475-9d78-9773d29a7a1e.COMH3YTFKEXTZPA9.SEARCH&ppt=None&ppn=None&ssid=y4h37txkao0000001779038276821&qH=312f91285e048e09&ov_redirect=true,AMD Ryzen 5 Hexa Core Processor | 8 GB DDR4 RAM | Windows 11 Operating System | 512 GB SSD,flipkart
MOTOROLA Motobook 60 Pro Full Metal OLED AI PC Intel Core Ultra 5 225H - (16 GB/512 GB SSD/Windows 11 ...,laptops,64990.0,104990.0,38.0,4.4,680,https://rukminim2.flixcart.com/image/400/400/xif0q/computer/z/t/g/-original-imahmazj9jdvdzeb.jpeg?q=70,https://www.flipkart.com/motorola-motobook-60-pro-full-metal-oled-ai-pc-intel-core-ultra-5-225h-16-gb-512-gb-ssd-windows-11-home-83ny000din-thin-light-laptop/p/itm4668d847910ea?pid=COMHHPS9UGSHJHZA&lid=LSTCOMHHPS9UGSHJHZA3STSDL&marketplace=FLIPKART&q=laptop&store=6bo%2Fb5g&srno=s_2_27&otracker=search&fm=organic&iid=en_GRC57nsM91FH7Hcy6h7AjVzeRXDNw6db_E_Q6PKzxhzU6eNkm1pEEDWoSE_h0-FUxaoJN_IKdOV7UTxwD7r1Ok4IsYyWu-Pj9cxFjFAoaLk%3D&ppt=None&ppn=None&ssid=y4h37txkao0000001779038276821&qH=312f91285e048e09&ov_redirect=true,Intel Core Ultra 5 Processor | 16 GB DDR5 RAM | 64 bit Windows 11 Operating System | 512 GB SSD,flipkart
HP Victus Intel Core i5 13th Gen 13420 H - (16 GB/512 GB SSD/Windows 11 Home/6 GB Graphics/NVIDIA GeFo...,laptops,78990.0,88474.0,10.0,4.3,1006,https://rukminim2.flixcart.com/image/400/400/xif0q/computer/h/w/6/-original-imahjqwxymqyxpz2.jpeg?q=70,https://www.flipkart.com/hp-victus-intel-core-i5-13th-gen-13420-h-16-gb-512-gb-ssd-windows-11-home-6-graphics-nvidia-geforce-rtx-3050-15-fa2196tx-gaming-laptop/p/itm44c5abe672c87?pid=COMHGWQESQN4BAHV&lid=LSTCOMHGWQESQN4BAHV3LCR1D&marketplace=FLIPKART&q=laptop&store=6bo%2Fb5g&srno=s_2_28&otracker=search&fm=organic&iid=en_GRC57nsM91FH7Hcy6h7AjVzeRXDNw6db_E_Q6PKzxhyR0M43TyaQCKPH0OA2x2maCeGKtAMDU-0TLcsC0YPEBIQEIsITtCzc4bHaOMTqL08%3D&ppt=None&ppn=None&ssid=y4h37txkao0000001779038276821&qH=312f91285e048e09&ov_redirect=true,Intel Core i5 Processor (13th Gen) | 16 GB DDR4 RAM | Windows 11 Home Operating System | 512 GB SSD,flipkart
Acer Aspire 3 Intel Core i5 13th Gen 1334U - (16 GB/512 GB SSD/Windows 11 Home) A324-53 Thin and Light...,laptops,46990.0,66999.0,29.0,4.3,1705,https://rukminim2.flixcart.com/image/400/400/xif0q/computer/1/e/v/-original-imahg53ufd4jgtqw.jpeg?q=70,https://www.flipkart.com/acer-aspire-3-intel-core-i5-13th-gen-1334u-16-gb-512-gb-ssd-windows-11-home-a324-53-thin-light-laptop/p/itm707770fddc7e9?pid=COMH4B6CGZKHKUV3&lid=LSTCOMH4B6CGZKHKUV37HVWQK&marketplace=FLIPKART&q=laptop&store=6bo%2Fb5g&srno=s_2_29&otracker=search&fm=organic&iid=ac08c0b0-b9dc-4475-9d78-9773d29a7a1e.COMH4B6CGZKHKUV3.SEARCH&ppt=None&ppn=None&ssid=y4h37txkao0000001779038276821&qH=312f91285e048e09&ov_redirect=true,Intel Core i5 Processor (13th Gen) | 16 GB DDR4 RAM | Windows 11 Operating System | 512 GB SSD,flipkart
Acer Aspire 3 Intel Core i3 13th Gen 1305U - (8 GB/512 GB SSD/Windows 11 Home) A324-53 Thin and Light ...,laptops,24990.0,49999.0,50.0,4.3,3664,https://rukminim2.flixcart.com/image/400/400/xif0q/computer/r/p/w/-original-imahg5fxzmyzbkv8.jpeg?q=70,https://www.flipkart.com/acer-aspire-3-intel-core-i3-13th-gen-1305u-8-gb-512-gb-ssd-windows-11-home-a324-53-thin-light-laptop/p/itma6a6812aa712e?pid=COMH4B6CGTPNVJW9&lid=LSTCOMH4B6CGTPNVJW9JOF4ZC&marketplace=FLIPKART&q=laptop&store=6bo%2Fb5g&srno=s_2_30&otracker=search&fm=organic&iid=ac08c0b0-b9dc-4475-9d78-9773d29a7a1e.COMH4B6CGTPNVJW9.SEARCH&ppt=None&ppn=None&ssid=y4h37txkao0000001779038276821&qH=312f91285e048e09&ov_redirect=true,Intel Core i3 Processor (13th Gen) | 8 GB DDR4 RAM | Windows 11 Operating System | 512 GB SSD,flipkart
MOTOROLA Motobook 60 Pro Full Metal OLED AI PC Intel Core Ultra 5 225H - (16 GB/512 GB SSD/Windows 11 ...,laptops,64990.0,104990.0,38.0,4.4,680,https://rukminim2.flixcart.com/image/400/400/xif0q/computer/f/b/7/-original-imahmazjdpcgnkrq.jpeg?q=70,https://www.flipkart.com/motorola-motobook-60-pro-full-metal-oled-ai-pc-intel-core-ultra-5-225h-16-gb-512-gb-ssd-windows-11-home-83ny000cin-thin-light-laptop/p/itm1beec582bb1b7?pid=COMHHPS975YQTYUN&lid=LSTCOMHHPS975YQTYUNPQC03I&marketplace=FLIPKART&q=laptop&store=6bo%2Fb5g&srno=s_2_31&otracker=search&fm=organic&iid=en_GRC57nsM91FH7Hcy6h7AjVzeRXDNw6db_E_Q6PKzxhyQmZA54Dg97Ak8ubZAVYihd22yvK3ygJaodxhIDhNCWEKsf8s6I2Oz2HOgbXTo_9U%3D&ppt=None&ppn=None&ssid=y4h37txkao0000001779038276821&qH=312f91285e048e09&ov_redirect=true,Intel Core Ultra 5 Processor | 16 GB DDR5 RAM | 64 bit Windows 11 Operating System | 512 GB SSD,flipkart
"ASUS Vivobook S16 OLED (2025) with Backlit Keyboard, Metal Body*, Snapdragon X - (16 GB/512 GB SSD/Win...",laptops,72990.0,98990.0,26.0,4.5,1146,https://rukminim2.flixcart.com/image/400/400/xif0q/computer/g/4/k/-original-imahfn3geekjdudx.jpeg?q=70,https://www.flipkart.com/asus-vivobook-s16-oled-2025-backlit-keyboard-metal-body-snapdragon-x-16-gb-512-gb-ssd-windows-11-home-s3607qa-sh078ws-thin-light-laptop/p/itm252509f1beb81?pid=COMHCQ5EYNZ2HRWW&lid=LSTCOMHCQ5EYNZ2HRWWUYQZ3F&marketplace=FLIPKART&q=laptop&store=6bo%2Fb5g&srno=s_2_32&otracker=search&fm=organic&iid=en_GRC57nsM91FH7Hcy6h7AjVzeRXDNw6db_E_Q6PKzxhw2qOk-rUJzV8oW13AERM74oxxFhY1ZTx1VAtXy9diXfuo15S0a61Wzzbg3qNOknKY%3D&ppt=None&ppn=None&ssid=y4h37txkao0000001779038276821&qH=312f91285e048e09&ov_redirect=true,Snapdragon X Processor | 16 GB LPDDR5X RAM | Windows 11 Home Operating System | 512 GB SSD,flipkart
HP 15 Intel Core i5 13th Gen 1335U - (16 GB/512 GB SSD/Windows 11 Home) 15-fd0576TU / 15-fd0467TU Thin...,laptops,59990.0,65387.0,8.0,4.2,1900,https://rukminim2.flixcart.com/image/400/400/xif0q/computer/t/v/8/-original-imahg5fxfpvjasap.jpeg?q=70,https://www.flipkart.com/hp-15-intel-core-i5-13th-gen-1335u-16-gb-512-gb-ssd-windows-11-home-15-fd0576tu-15-fd0467tu-thin-light-laptop/p/itm3d552029526ba?pid=COMH8QXWHJRQKR6P&lid=LSTCOMH8QXWHJRQKR6PW3FWJH&marketplace=FLIPKART&q=laptop&store=6bo%2Fb5g&srno=s_2_33&otracker=search&fm=organic&iid=ac08c0b0-b9dc-4475-9d78-9773d29a7a1e.COMH8QXWHJRQKR6P.SEARCH&ppt=None&ppn=None&ssid=y4h37txkao0000001779038276821&qH=312f91285e048e09&ov_redirect=true,Intel Core i5 Processor (13th Gen) | 16 GB DDR4 RAM | Windows 11 Home Operating System | 512 GB SSD,flipkart
HP Intel Core i7 13th Gen 13620H - (16 GB/512 GB SSD/Windows 11 Home) 15-fr0046TU Thin and Light Lapto...,laptops,69990.0,77507.0,9.0,4.3,1014,https://rukminim2.flixcart.com/image/400/400/xif0q/computer/y/y/x/-original-imahgx8weecatg2f.jpeg?q=70,https://www.flipkart.com/hp-intel-core-i7-13th-gen-13620h-16-gb-512-gb-ssd-windows-11-home-15-fr0046tu-thin-light-laptop/p/itmc255f42578e1e?pid=COMHDFUWWFF77NQC&lid=LSTCOMHDFUWWFF77NQCREKA4R&marketplace=FLIPKART&q=laptop&store=6bo%2Fb5g&srno=s_2_34&otracker=search&fm=organic&iid=ac08c0b0-b9dc-4475-9d78-9773d29a7a1e.COMHDFUWWFF77NQC.SEARCH&ppt=None&ppn=None&ssid=y4h37txkao0000001779038276821&qH=312f91285e048e09&ov_redirect=true,Intel Core i7 Processor (13th Gen) | 16 GB DDR4 RAM | Windows 11 Home Operating System | 512 GB SSD,flipkart
Acer Aspire 7 (i5 14th Gen) Intel Core 5 210H - (16 GB/512 GB SSD/Windows 11 Home/6 GB Graphics/NVIDIA...,laptops,69990.0,94999.0,26.0,4.5,19,https://rukminim2.flixcart.com/image/400/400/xif0q/computer/d/v/b/-original-imahjjyhfquyb7dv.jpeg?q=70,https://www.flipkart.com/acer-aspire-7-i5-14th-gen-intel-core-5-210h-16-gb-512-gb-ssd-windows-11-home-6-graphics-nvidia-geforce-rtx-3050-a715-79g-gaming-laptop/p/itm356d6c17565ef?pid=COMHGEUYN3UZFJRM&lid=LSTCOMHGEUYN3UZFJRM4GHADL&marketplace=FLIPKART&q=laptop&store=6bo%2Fb5g&srno=s_2_35&otracker=search&fm=organic&iid=ac08c0b0-b9dc-4475-9d78-9773d29a7a1e.COMHGEUYN3UZFJRM.SEARCH&ppt=None&ppn=None&ssid=y4h37txkao0000001779038276821&qH=312f91285e048e09&ov_redirect=true,Intel Core 5 Processor | 16 GB DDR4 RAM | 64 bit Windows 11 Home Operating System | 512 GB SSD,flipkart
"ASUS Vivobook Go 15 (2025) with Office 2024 + M365 Basic*, AMD Ryzen 5 Quad Core 7520U - (8 GB/512 GB ...",laptops,43990.0,48990.0,10.0,4.4,69,https://rukminim2.flixcart.com/image/400/400/xif0q/computer/i/j/5/-original-imagnzg2rwxffejh.jpeg?q=70,https://www.flipkart.com/asus-vivobook-go-15-2025-office-2024-m365-basic-amd-ryzen-5-quad-core-7520u-8-gb-512-gb-ssd-windows-11-home-e1504fa-bq2523ws-thin-light-laptop/p/itm313aa4209e563?pid=COMHCQ5EGANGZ3NN&lid=LSTCOMHCQ5EGANGZ3NNE2UYYT&marketplace=FLIPKART&q=laptop&store=6bo%2Fb5g&srno=s_2_36&otracker=search&fm=organic&iid=ac08c0b0-b9dc-4475-9d78-9773d29a7a1e.COMHCQ5EGANGZ3NN.SEARCH&ppt=None&ppn=None&ssid=y4h37txkao0000001779038276821&qH=312f91285e048e09&ov_redirect=true,AMD Ryzen 5 Quad Core Processor | 8 GB LPDDR5 RAM | Windows 11 Home Operating System | 512 GB SSD,flipkart
"ASUS Zenbook A14 OLED (2025), MSO 2024 + M365 Basic, Metal Body, Backlit Keyboard, Snapdragon X - (16 ...",laptops,86990.0,122990.0,29.0,3.9,25,https://rukminim2.flixcart.com/image/400/400/xif0q/computer/j/w/g/-original-imahg4ushpwezbhs.jpeg?q=70,https://www.flipkart.com/asus-zenbook-a14-oled-2025-mso-2024-m365-basic-metal-body-backlit-keyboard-snapdragon-x-16-gb-512-gb-ssd-windows-11-home-ux3407qa-qd259ws-thin-light-laptop/p/itm7d82cad4d12b8?pid=COMH9499ZVZTWRCH&lid=LSTCOMH9499ZVZTWRCHXTC5ZB&marketplace=FLIPKART&q=laptop&store=6bo%2Fb5g&srno=s_2_37&otracker=search&fm=organic&iid=en_GRC57nsM91FH7Hcy6h7AjVzeRXDNw6db_E_Q6PKzxhxgINfPKUEMjA-m-tovb2n-A52VD1qnpdCO0tjHRF5gQ0hz9c-MSIoFe8xMxkfU6dM%3D&ppt=None&ppn=None&ssid=y4h37txkao0000001779038276821&qH=312f91285e048e09&ov_redirect=true,Snapdragon X Processor | 16 GB LPDDR5X RAM | Windows 11 Home Operating System | 512 GB SSD,flipkart
Acer Aspire 14 AI Office 2024 + M365 Basic Snapdragon X - (16 GB/512 GB SSD/Windows 11 Home) A14-11M T...,laptops,58990.0,91999.0,35.0,4.4,157,https://rukminim2.flixcart.com/image/400/400/xif0q/computer/c/p/l/-original-imahg4wgbhqj5teq.jpeg?q=70,https://www.flipkart.com/acer-aspire-14-ai-office-2024-m365-basic-snapdragon-x-16-gb-512-gb-ssd-windows-11-home-a14-11m-thin-light-laptop/p/itm08730687919bb?pid=COMHFSHUTDFXBZKR&lid=LSTCOMHFSHUTDFXBZKRBKC09Q&marketplace=FLIPKART&q=laptop&store=6bo%2Fb5g&srno=s_2_38&otracker=search&fm=organic&iid=en_GRC57nsM91FH7Hcy6h7AjVzeRXDNw6db_E_Q6PKzxhyfWLTjngkb2wC7aFR_iTGhmEFR7QYkrGF94wnmQPbF-onfEY2D5bWfIUmTlXs_oiU%3D&ppt=None&ppn=None&ssid=y4h37txkao0000001779038276821&qH=312f91285e048e09&ov_redirect=true,Snapdragon X Processor | 16 GB LPDDR5X RAM | 64 bit Windows 11 Home Operating System | 512 GB SSD,flipkart
Lenovo 100e Chromebook Gen 4 MediaTek Kompanio 520 - (4 GB/32 GB EMMC Storage/Chrome OS) 82W00004HA Ch...,laptops,14990.0,16298.0,8.0,4.0,2999,https://rukminim2.flixcart.com/image/400/400/xif0q/computer/c/g/4/-original-imahgfdyf6grkw9r.jpeg?q=70,https://www.flipkart.com/lenovo-100e-chromebook-gen-4-mediatek-kompanio-520-4-gb-32-gb-emmc-storage-chrome-os-82w00004ha/p/itm1ae5f82096ad9?pid=COMHA9FK8YXVUUWA&lid=LSTCOMHA9FK8YXVUUWAAREQMZ&marketplace=FLIPKART&q=laptop&store=6bo%2Fb5g&srno=s_2_39&otracker=search&fm=organic&iid=ac08c0b0-b9dc-4475-9d78-9773d29a7a1e.COMHA9FK8YXVUUWA.SEARCH&ppt=None&ppn=None&ssid=y4h37txkao0000001779038276821&qH=312f91285e048e09&ov_redirect=true,MediaTek Kompanio 520 Processor | 4 GB LPDDR4X RAM | Chrome Operating System | 29.46 cm (11.6 Inch) Display,flipkart
Acer Aspire 3 Intel Celeron Dual Core - (8 GB/512 GB SSD/Windows 11 Home) A311-45 Thin and Light Lapto...,laptops,29990.0,35999.0,16.0,3.8,9446,https://rukminim2.flixcart.com/image/400/400/xif0q/computer/d/s/x/-original-imahg5ftu2dzvyu8.jpeg?q=70,https://www.flipkart.com/acer-aspire-3-intel-celeron-dual-core-8-gb-512-gb-ssd-windows-11-home-a311-45-thin-light-laptop/p/itmad38595c5a902?pid=COMH7NCZY2QDJ5Z4&lid=LSTCOMH7NCZY2QDJ5Z4RHDRWI&marketplace=FLIPKART&q=laptop&store=6bo%2Fb5g&srno=s_2_40&otracker=search&fm=organic&iid=ac08c0b0-b9dc-4475-9d78-9773d29a7a1e.COMH7NCZY2QDJ5Z4.SEARCH&ppt=None&ppn=None&ssid=y4h37txkao0000001779038276821&qH=312f91285e048e09&ov_redirect=true,Intel Celeron Dual Core Processor | 8 GB DDR4 RAM | 64 bit Windows 11 Home Operating System | 512 GB SSD,flipkart
DELL 14 Next Gen AI PC Microsoft Office Home 2024 Intel Core Ultra 5 226V - (16 GB/512 GB SSD/Windows ...,laptops,87990.0,102656.0,14.0,4.3,50,https://rukminim2.flixcart.com/image/400/400/xif0q/computer/e/k/c/-original-imahgx8wzw8hphzh.jpeg?q=70,https://www.flipkart.com/dell-14-next-gen-ai-pc-microsoft-office-home-2024-intel-core-ultra-5-226v-16-gb-512-gb-ssd-windows-11-home-db14250-plus-2-1-db04250-thin-light-laptop/p/itmd5a3fea5e96f8?pid=COMHDGD5HGDVUX9R&lid=LSTCOMHDGD5HGDVUX9RPSVW5T&marketplace=FLIPKART&q=laptop&store=6bo%2Fb5g&srno=s_2_41&otracker=search&fm=organic&iid=en_GRC57nsM91FH7Hcy6h7AjVzeRXDNw6db_E_Q6PKzxhzW0_pzfR4MnYEmmqxqdWt8c9UZn6zayjSIg78ZdJsBi2Vkv0XZFiOX7bbXdlao_f8%3D&ppt=None&ppn=None&ssid=y4h37txkao0000001779038276821&qH=312f91285e048e09&ov_redirect=true,Intel Core Ultra 5 Processor | 16 GB LPDDR5X RAM | Windows 11 Operating System | 512 GB SSD,flipkart
DELL 15 with Backlit Keyboard Intel Core i5 13th Gen 1334U - (16 GB/512 GB SSD/Windows 11 Home) DC1525...,laptops,69990.0,71763.0,2.0,4.2,5,https://rukminim2.flixcart.com/image/400/400/xif0q/computer/h/d/x/db15250-thin-and-light-laptop-dell-original-imaheb5hzqtsqfxs.jpeg?q=70,https://www.flipkart.com/dell-15-backlit-keyboard-intel-core-i5-13th-gen-1334u-16-gb-512-gb-ssd-windows-11-home-dc15250-db15250-thin-light-laptop/p/itm1e2ed725033ec?pid=COMHDXXUUWHHAY26&lid=LSTCOMHDXXUUWHHAY26JZWHQM&marketplace=FLIPKART&q=laptop&store=6bo%2Fb5g&srno=s_2_42&otracker=search&fm=organic&iid=en_GRC57nsM91FH7Hcy6h7AjVzeRXDNw6db_E_Q6PKzxhzfEFnmEfkX_2NrqhqjAYB-FwEr6ZEMQNQsi3_YEl59nF1aSK7rb6bQX8t4WB7p1DA%3D&ppt=None&ppn=None&ssid=y4h37txkao0000001779038276821&qH=312f91285e048e09&ov_redirect=true,Intel Core i5 Processor (13th Gen) | 16 GB DDR4 RAM | Windows 11 Operating System | 512 GB SSD,flipkart
HP 15 (i3 14th Gen) Intel Core 3 100U - (16 GB/512 GB SSD/Windows 11 Home) 15-fd0885TU Thin and Light ...,laptops,52990.0,60990.0,13.0,4.2,1461,https://rukminim2.flixcart.com/image/400/400/xif0q/computer/n/d/h/-original-imahkrdfczexundv.jpeg?q=70,https://www.flipkart.com/hp-15-i3-14th-gen-intel-core-3-100u-16-gb-512-gb-ssd-windows-11-home-15-fd0885tu-thin-light-laptop/p/itm661ed697fa9ca?pid=COMHK4F734GZWHFM&lid=LSTCOMHK4F734GZWHFMWQD9GW&marketplace=FLIPKART&q=laptop&store=6bo%2Fb5g&srno=s_2_43&otracker=search&fm=organic&iid=ac08c0b0-b9dc-4475-9d78-9773d29a7a1e.COMHK4F734GZWHFM.SEARCH&ppt=None&ppn=None&ssid=y4h37txkao0000001779038276821&qH=312f91285e048e09&ov_redirect=true,Intel Core 3 Processor | 16 GB DDR4 RAM | Windows 11 Home Operating System | 512 GB SSD,flipkart
Acer Predator Helios Neo 16S AI Intel Core Ultra 7 255 HX - (16 GB/1 TB SSD/Windows 11 Home/8 GB Graph...,laptops,160990.0,195999.0,17.0,4.8,115,https://rukminim2.flixcart.com/image/400/400/xif0q/computer/v/u/i/-original-imahe9x9gyhggy6f.jpeg?q=70,https://www.flipkart.com/acer-predator-helios-neo-16s-ai-intel-core-ultra-7-255-hx-16-gb-1-tb-ssd-windows-11-home-8-gb-graphics-nvidia-geforce-rtx-5060-phn16s-71-gaming-laptop/p/itm928fc558f47b8?pid=COMHDT6GZZHHE93D&lid=LSTCOMHDT6GZZHHE93DX1SBK7&marketplace=FLIPKART&q=laptop&store=6bo%2Fb5g&srno=s_2_44&otracker=search&fm=organic&iid=ac08c0b0-b9dc-4475-9d78-9773d29a7a1e.COMHDT6GZZHHE93D.SEARCH&ppt=None&ppn=None&ssid=y4h37txkao0000001779038276821&qH=312f91285e048e09&ov_redirect=true,Intel Core Ultra 7 Processor | 16 GB DDR5 RAM | 64 bit Windows 11 Home Operating System | 1 TB SSD,flipkart
HP 15 with MSO'2024 AMD Ryzen 3 Quad Core 7320U - (8 GB/512 GB SSD/Windows 11 Home) 15-fc0025AU | 15-f...,laptops,44980.0,46899.0,4.0,4.0,231,https://rukminim2.flixcart.com/image/400/400/xif0q/computer/w/9/s/15-fc0025au-thin-and-light-laptop-hp-original-imah3behg95r2tfw.jpeg?q=70,https://www.flipkart.com/hp-15-mso-2024-amd-ryzen-3-quad-core-7320u-8-gb-512-gb-ssd-windows-11-home-15-fc0025au-15-fc0500au-thin-light-laptop/p/itm3f21e9fdfc42f?pid=COMGZ7FRZDEQHNYQ&lid=LSTCOMGZ7FRZDEQHNYQHYGBO1&marketplace=FLIPKART&q=laptop&store=6bo%2Fb5g&srno=s_2_45&otracker=search&fm=organic&iid=ac08c0b0-b9dc-4475-9d78-9773d29a7a1e.COMGZ7FRZDEQHNYQ.SEARCH&ppt=None&ppn=None&ssid=y4h37txkao0000001779038276821&qH=312f91285e048e09&ov_redirect=true,AMD Ryzen 3 Quad Core Processor | 8 GB DDR4 RAM | 64 bit Windows 11 Operating System | 512 GB SSD,flipkart
"ASUS Vivobook 15 (2025) with Touchscreen & Backlit Keyboard, Intel Core i3 13th Gen 1315U - (8 GB/512 ...",laptops,39990.0,51990.0,23.0,4.3,230,https://rukminim2.flixcart.com/image/400/400/xif0q/computer/3/2/s/-original-imah2ger8qjev3sj.jpeg?q=70,https://www.flipkart.com/asus-vivobook-15-2025-touchscreen-backlit-keyboard-intel-core-i3-13th-gen-1315u-8-gb-512-gb-ssd-windows-11-home-x1504va-e81599ws-2-1-laptop/p/itm72fc7af14df5e?pid=COMH9SJ9Q8ZZHFN7&lid=LSTCOMH9SJ9Q8ZZHFN7V5EST1&marketplace=FLIPKART&q=laptop&store=6bo%2Fb5g&srno=s_2_46&otracker=search&fm=organic&iid=ac08c0b0-b9dc-4475-9d78-9773d29a7a1e.COMH9SJ9Q8ZZHFN7.SEARCH&ppt=None&ppn=None&ssid=y4h37txkao0000001779038276821&qH=312f91285e048e09&ov_redirect=true,Intel Core i3 Processor (13th Gen) | 8 GB DDR4 RAM | Windows 11 Home Operating System | 512 GB SSD,flipkart
HP 14 AI PC Intel Core Ultra 7 155H - (16 GB/512 GB SSD/Windows 11 Home) 14-ep1151TU/14-gr1036TU/14-ep...,laptops,78900.0,81143.0,2.0,4.1,516,https://rukminim2.flixcart.com/image/400/400/xif0q/computer/o/9/k/-original-imahgry8nwkejmae.jpeg?q=70,https://www.flipkart.com/hp-14-ai-pc-intel-core-ultra-7-155h-16-gb-512-gb-ssd-windows-11-home-14-ep1151tu-14-gr1036tu-14-ep1151tu-thin-light-laptop/p/itm4c681812b88bf?pid=COMHF8G932EYZAJF&lid=LSTCOMHF8G932EYZAJFOUI9CA&marketplace=FLIPKART&q=laptop&store=6bo%2Fb5g&srno=s_2_47&otracker=search&fm=organic&iid=en_GRC57nsM91FH7Hcy6h7AjVzeRXDNw6db_E_Q6PKzxhxQARs-ZwUwt0quxBJevcD9hgaIvJFNB98mBEnXiYMzyeI7uWi7bi3WLqk6JF-UYDE%3D&ppt=None&ppn=None&ssid=y4h37txkao0000001779038276821&qH=312f91285e048e09&ov_redirect=true,Intel Core Ultra 7 Processor | 16 GB DDR5 RAM | Windows 11 Home Operating System | 512 GB SSD,flipkart
DELL 14 Plus Next Gen AI PC Microsoft Office Home 2024 Intel Core Ultra 5 226V - (16 GB/512 GB SSD/Win...,laptops,78990.0,98040.0,19.0,4.3,436,https://rukminim2.flixcart.com/image/400/400/xif0q/computer/0/u/d/-original-imahmg5hzfmzdyab.jpeg?q=70,https://www.flipkart.com/dell-14-plus-next-gen-ai-pc-microsoft-office-home-2024-intel-core-ultra-5-226v-16-gb-512-gb-ssd-windows-11-home-db14250-thin-light-laptop/p/itm35f6fc2e7327a?pid=COMHEARK9EASHAA9&lid=LSTCOMHEARK9EASHAA9VDQUIH&marketplace=FLIPKART&q=laptop&store=6bo%2Fb5g&srno=s_2_48&otracker=search&fm=organic&iid=en_GRC57nsM91FH7Hcy6h7AjVzeRXDNw6db_E_Q6PKzxhxUCRp5kzSyKW6c-76ju_gpHPHf68uXcFIDVWzxk3FMYaV8WX5krIChubBlraAu4CQ%3D&ppt=None&ppn=None&ssid=y4h37txkao0000001779038276821&qH=312f91285e048e09&ov_redirect=true,Intel Core Ultra 5 Processor | 16 GB LPDDR5X RAM | Windows 11 Home Operating System | 512 GB SSD,flipkart
Lenovo Legion 5 2025 AMD Ryzen 7 Octa Core 260 - (16 GB/1 TB SSD/Windows 11 Home/8 GB Graphics/NVIDIA ...,laptops,165990.0,206390.0,19.0,4.5,16,https://rukminim2.flixcart.com/image/400/400/xif0q/computer/c/i/9/-original-imahhmfyvdadkyjq.jpeg?q=70,https://www.flipkart.com/lenovo-legion-5-2025-amd-ryzen-7-octa-core-260-16-gb-1-tb-ssd-windows-11-home-8-gb-graphics-nvidia-geforce-rtx-5060-165-hz-15ahp10-gaming-laptop/p/itm07fa55fee8239?pid=COMHHE2YNEVQVFFS&lid=LSTCOMHHE2YNEVQVFFS2P9OR9&marketplace=FLIPKART&q=laptop&store=6bo%2Fb5g&srno=s_3_49&otracker=search&fm=organic&iid=801d18b5-b866-499b-bfdf-fba8c7c128c7.COMHHE2YNEVQVFFS.SEARCH&ppt=None&ppn=None&ssid=j3zft2be8w0000001779038279697&qH=312f91285e048e09&ov_redirect=true,AMD Ryzen 7 Octa Core Processor | 16 GB DDR5 RAM | 64 bit Windows 11 Home Operating System | 1 TB SSD,flipkart
"ASUS V16 (2025) for Creator with Office 2024 + M365 Basic*,AI PC (i5 14th Gen) Intel Core 5 210H - (16...",laptops,69990.0,88990.0,21.0,4.1,9,https://rukminim2.flixcart.com/image/400/400/xif0q/computer/g/u/1/-original-imahjzm8xztrbesv.jpeg?q=70,https://www.flipkart.com/asus-v16-2025-creator-office-2024-m365-basic-ai-pc-i5-14th-gen-intel-core-5-210h-16-gb-512-gb-ssd-windows-11-home-6-graphics-intel-graphics-nvidia-geforce-rtx-3050-144-ghz-v3607vj-rp134ws-gaming-laptop/p/itm6b4d22acee621?pid=COMHGSA9XKTADPGD&lid=LSTCOMHGSA9XKTADPGDZ5CFB1&marketplace=FLIPKART&q=laptop&store=6bo%2Fb5g&srno=s_3_50&otracker=search&fm=organic&iid=801d18b5-b866-499b-bfdf-fba8c7c128c7.COMHGSA9XKTADPGD.SEARCH&ppt=None&ppn=None&ssid=j3zft2be8w0000001779038279697&qH=312f91285e048e09&ov_redirect=true,Intel Core 5 Processor | 16 GB DDR5 RAM | Windows 11 Home Operating System | 512 GB SSD,flipkart
MOTOROLA Motobook 60 Pro Full Metal OLED AI PC Intel Core Ultra 5 225H - (16 GB/512 GB SSD/Windows 11 ...,laptops,64990.0,104990.0,38.0,4.4,680,https://rukminim2.flixcart.com/image/400/400/xif0q/computer/z/t/g/-original-imahmazj9jdvdzeb.jpeg?q=70,https://www.flipkart.com/motorola-motobook-60-pro-full-metal-oled-ai-pc-intel-core-ultra-5-225h-16-gb-512-gb-ssd-windows-11-home-83ny000din-thin-light-laptop/p/itm4668d847910ea?pid=COMHHPS9UGSHJHZA&lid=LSTCOMHHPS9UGSHJHZA3STSDL&marketplace=FLIPKART&q=laptop&store=6bo%2Fb5g&srno=s_3_51&otracker=search&fm=organic&iid=en_eyvFfsT2Ehk_OcdkEMp95KnSFBswcej7ES20EDojzjrL2fnuMs63dqbPwE6xvdgbxaoJN_IKdOV7UTxwD7r1Ok4IsYyWu-Pj9cxFjFAoaLk%3D&ppt=None&ppn=None&ssid=j3zft2be8w0000001779038279697&qH=312f91285e048e09&ov_redirect=true,Intel Core Ultra 5 Processor | 16 GB DDR5 RAM | 64 bit Windows 11 Operating System | 512 GB SSD,flipkart
HP Victus Intel Core i5 13th Gen 13420 H - (16 GB/512 GB SSD/Windows 11 Home/6 GB Graphics/NVIDIA GeFo...,laptops,78990.0,88474.0,10.0,4.3,1006,https://rukminim2.flixcart.com/image/400/400/xif0q/computer/h/w/6/-original-imahjqwxymqyxpz2.jpeg?q=70,https://www.flipkart.com/hp-victus-intel-core-i5-13th-gen-13420-h-16-gb-512-gb-ssd-windows-11-home-6-graphics-nvidia-geforce-rtx-3050-15-fa2196tx-gaming-laptop/p/itm44c5abe672c87?pid=COMHGWQESQN4BAHV&lid=LSTCOMHGWQESQN4BAHV3LCR1D&marketplace=FLIPKART&q=laptop&store=6bo%2Fb5g&srno=s_3_52&otracker=search&fm=organic&iid=en_eyvFfsT2Ehk_OcdkEMp95KnSFBswcej7ES20EDojzjoNMTtMGU4rm4fXj4hiZncDCeGKtAMDU-0TLcsC0YPEBIQEIsITtCzc4bHaOMTqL08%3D&ppt=None&ppn=None&ssid=j3zft2be8w0000001779038279697&qH=312f91285e048e09&ov_redirect=true,Intel Core i5 Processor (13th Gen) | 16 GB DDR4 RAM | Windows 11 Home Operating System | 512 GB SSD,flipkart
HP Laptop Intel Core i3 13th Gen 1315U - (8 GB/512 GB SSD/Windows 11 Home) 15-fd0129TU / 15-fd0568TU T...,laptops,44990.0,50903.0,11.0,4.2,3166,https://rukminim2.flixcart.com/image/400/400/xif0q/computer/y/z/o/-original-imahg5fuv5wqgkkj.jpeg?q=70,https://www.flipkart.com/hp-laptop-intel-core-i3-13th-gen-1315u-8-gb-512-gb-ssd-windows-11-home-15-fd0129tu-15-fd0568tu-thin-light/p/itmcf7c16556a324?pid=COMHF6WAGPZCBQVZ&lid=LSTCOMHF6WAGPZCBQVZPP4MLX&marketplace=FLIPKART&q=laptop&store=6bo%2Fb5g&srno=s_3_53&otracker=search&fm=organic&iid=801d18b5-b866-499b-bfdf-fba8c7c128c7.COMHF6WAGPZCBQVZ.SEARCH&ppt=None&ppn=None&ssid=j3zft2be8w0000001779038279697&qH=312f91285e048e09&ov_redirect=true,Intel Core i3 Processor (13th Gen) | 8 GB DDR4 RAM | Windows 11 Home Operating System | 512 GB SSD,flipkart
ASUS Expertbook P1 with 1 Yr ADP Intel Core i3 13th Gen 1315U - (16 GB/512 GB SSD/Windows 11 Home) P14...,laptops,46990.0,74990.0,37.0,4.3,5976,https://rukminim2.flixcart.com/image/400/400/xif0q/computer/p/i/a/-original-imahg53uwgmhzfcd.jpeg?q=70,https://www.flipkart.com/asus-expertbook-p1-1-yr-adp-intel-core-i3-13th-gen-1315u-16-gb-512-gb-ssd-windows-11-home-p1403cva-s60938ws-thin-light-laptop/p/itm0af4b81838b5b?pid=COMH8Z2QAWCCUCSP&lid=LSTCOMH8Z2QAWCCUCSPPZPFKG&marketplace=FLIPKART&q=laptop&store=6bo%2Fb5g&srno=s_3_54&otracker=search&fm=organic&iid=801d18b5-b866-499b-bfdf-fba8c7c128c7.COMH8Z2QAWCCUCSP.SEARCH&ppt=None&ppn=None&ssid=j3zft2be8w0000001779038279697&qH=312f91285e048e09&ov_redirect=true,Intel Core i3 Processor (13th Gen) | 16 GB DDR5 RAM | Windows 11 Home Operating System | 512 GB SSD,flipkart
Acer Aspire 15 AMD Ryzen 5 Hexa Core 7430U - (16 GB/512 GB SSD/Windows 11 Home) Aspire AS15-42 Thin an...,laptops,46990.0,59990.0,21.0,4.2,3939,https://rukminim2.flixcart.com/image/400/400/xif0q/computer/p/c/z/-original-imahg5fusry5atvm.jpeg?q=70,https://www.flipkart.com/acer-aspire-15-amd-ryzen-5-hexa-core-7430u-16-gb-512-gb-ssd-windows-11-home-as15-42-thin-light-laptop/p/itmdaf15e01a1d1a?pid=COMH397XW36HUXB8&lid=LSTCOMH397XW36HUXB8LCSOPU&marketplace=FLIPKART&q=laptop&store=6bo%2Fb5g&srno=s_3_55&otracker=search&fm=organic&iid=801d18b5-b866-499b-bfdf-fba8c7c128c7.COMH397XW36HUXB8.SEARCH&ppt=None&ppn=None&ssid=j3zft2be8w0000001779038279697&qH=312f91285e048e09&ov_redirect=true,AMD Ryzen 5 Hexa Core Processor | 16 GB DDR4 RAM | Windows 11 Operating System | 512 GB SSD,flipkart
Lenovo IdeaPad Slim 3 Intel Core i3 13th Gen 1315U - (8 GB/512 GB SSD/Windows 11 Home) IdeaPad Slim 3 ...,laptops,49790.0,55500.0,10.0,3.3,9,https://rukminim2.flixcart.com/image/400/400/xif0q/computer/s/p/p/-original-imahyfx7bqs4qbsg.jpeg?q=70,https://www.flipkart.com/lenovo-ideapad-slim-3-intel-core-i3-13th-gen-1315u-8-gb-512-gb-ssd-windows-11-home-15iru8-thin-light-laptop/p/itmc6707c8d4b21b?pid=COMHFMPWQSGRSZ9T&lid=LSTCOMHFMPWQSGRSZ9T0WUT2I&marketplace=FLIPKART&q=laptop&store=6bo%2Fb5g&srno=s_3_56&otracker=search&fm=organic&iid=801d18b5-b866-499b-bfdf-fba8c7c128c7.COMHFMPWQSGRSZ9T.SEARCH&ppt=None&ppn=None&ssid=j3zft2be8w0000001779038279697&qH=312f91285e048e09&ov_redirect=true,Intel Core i3 Processor (13th Gen) | 8 GB LPDDR5 RAM | Windows 11 Home Operating System | 512 GB SSD,flipkart
MOTOROLA Motobook 60 Pro Full Metal OLED AI PC Intel Core Ultra 5 225H - (16 GB/512 GB SSD/Windows 11 ...,laptops,64990.0,104990.0,38.0,4.4,680,https://rukminim2.flixcart.com/image/400/400/xif0q/computer/f/b/7/-original-imahmazjdpcgnkrq.jpeg?q=70,https://www.flipkart.com/motorola-motobook-60-pro-full-metal-oled-ai-pc-intel-core-ultra-5-225h-16-gb-512-gb-ssd-windows-11-home-83ny000cin-thin-light-laptop/p/itm1beec582bb1b7?pid=COMHHPS975YQTYUN&lid=LSTCOMHHPS975YQTYUNPQC03I&marketplace=FLIPKART&q=laptop&store=6bo%2Fb5g&srno=s_3_57&otracker=search&fm=organic&iid=en_eyvFfsT2Ehk_OcdkEMp95KnSFBswcej7ES20EDojzjooWQIwv9lPWsIdKXsfrqHld22yvK3ygJaodxhIDhNCWEKsf8s6I2Oz2HOgbXTo_9U%3D&ppt=None&ppn=None&ssid=j3zft2be8w0000001779038279697&qH=312f91285e048e09&ov_redirect=true,Intel Core Ultra 5 Processor | 16 GB DDR5 RAM | 64 bit Windows 11 Operating System | 512 GB SSD,flipkart
"ASUS Vivobook S16 OLED (2025) with Backlit Keyboard, Metal Body*, Snapdragon X - (16 GB/512 GB SSD/Win...",laptops,72990.0,98990.0,26.0,4.5,1146,https://rukminim2.flixcart.com/image/400/400/xif0q/computer/g/4/k/-original-imahfn3geekjdudx.jpeg?q=70,https://www.flipkart.com/asus-vivobook-s16-oled-2025-backlit-keyboard-metal-body-snapdragon-x-16-gb-512-gb-ssd-windows-11-home-s3607qa-sh078ws-thin-light-laptop/p/itm252509f1beb81?pid=COMHCQ5EYNZ2HRWW&lid=LSTCOMHCQ5EYNZ2HRWWUYQZ3F&marketplace=FLIPKART&q=laptop&store=6bo%2Fb5g&srno=s_3_58&otracker=search&fm=organic&iid=en_eyvFfsT2Ehk_OcdkEMp95KnSFBswcej7ES20EDojzjohX3DfYKzhn1S_bFCaqh38oxxFhY1ZTx1VAtXy9diXfuo15S0a61Wzzbg3qNOknKY%3D&ppt=None&ppn=None&ssid=j3zft2be8w0000001779038279697&qH=312f91285e048e09&ov_redirect=true,Snapdragon X Processor | 16 GB LPDDR5X RAM | Windows 11 Home Operating System | 512 GB SSD,flipkart
HP 15 (2024) AMD Ryzen 3 Quad Core 7320U - (8 GB/512 GB SSD/Windows 11 Home) 15-fc0500AU / 15-fc0154AU...,laptops,44385.0,46990.0,5.0,4.2,3537,https://rukminim2.flixcart.com/image/400/400/xif0q/computer/g/s/s/-original-imahg5fxvpgb5r7c.jpeg?q=70,https://www.flipkart.com/hp-15-2024-amd-ryzen-3-quad-core-7320u-8-gb-512-gb-ssd-windows-11-home-15-fc0500au-15-fc0154au-thin-light-laptop/p/itm341b4714ead99?pid=COMH56DFUBTUMXRH&lid=LSTCOMH56DFUBTUMXRHJB5N3B&marketplace=FLIPKART&q=laptop&store=6bo%2Fb5g&srno=s_3_59&otracker=search&fm=organic&iid=801d18b5-b866-499b-bfdf-fba8c7c128c7.COMH56DFUBTUMXRH.SEARCH&ppt=None&ppn=None&ssid=j3zft2be8w0000001779038279697&qH=312f91285e048e09&ov_redirect=true,AMD Ryzen 3 Quad Core Processor | 8 GB DDR4 RAM | Windows 11 Operating System | 512 GB SSD,flipkart
"ASUS Vivobook 15, with Backlit Keyboard, Intel Core i3 13th Gen 1315U - (16 GB/512 GB SSD/Windows 11 H...",laptops,41990.0,54990.0,23.0,4.3,3025,https://rukminim2.flixcart.com/image/400/400/xif0q/computer/y/k/g/-original-imahg5fyefftefqt.jpeg?q=70,https://www.flipkart.com/asus-vivobook-15-backlit-keyboard-intel-core-i3-13th-gen-1315u-16-gb-512-gb-ssd-windows-11-home-x1504va-nj2325ws-x1504va-bq342ws-thin-light-laptop/p/itmb44a032e58491?pid=COMH9499CDEZTNHX&lid=LSTCOMH9499CDEZTNHXLD7KLF&marketplace=FLIPKART&q=laptop&store=6bo%2Fb5g&srno=s_3_60&otracker=search&fm=organic&iid=801d18b5-b866-499b-bfdf-fba8c7c128c7.COMH9499CDEZTNHX.SEARCH&ppt=None&ppn=None&ssid=j3zft2be8w0000001779038279697&qH=312f91285e048e09&ov_redirect=true,Intel Core i3 Processor (13th Gen) | 16 GB DDR4 RAM | Windows 11 Home Operating System | 512 GB SSD,flipkart
"ASUS Zenbook A14 OLED (2025), MSO 2024 + M365 Basic, Metal Body, Backlit Keyboard, Snapdragon X - (16 ...",laptops,86990.0,122990.0,29.0,3.9,25,https://rukminim2.flixcart.com/image/400/400/xif0q/computer/j/w/g/-original-imahg4ushpwezbhs.jpeg?q=70,https://www.flipkart.com/asus-zenbook-a14-oled-2025-mso-2024-m365-basic-metal-body-backlit-keyboard-snapdragon-x-16-gb-512-gb-ssd-windows-11-home-ux3407qa-qd259ws-thin-light-laptop/p/itm7d82cad4d12b8?pid=COMH9499ZVZTWRCH&lid=LSTCOMH9499ZVZTWRCHXTC5ZB&marketplace=FLIPKART&q=laptop&store=6bo%2Fb5g&srno=s_3_61&otracker=search&fm=organic&iid=en_eyvFfsT2Ehk_OcdkEMp95KnSFBswcej7ES20EDojzjphkTYYSeg4VqEiNLLDjrUUA52VD1qnpdCO0tjHRF5gQ0hz9c-MSIoFe8xMxkfU6dM%3D&ppt=None&ppn=None&ssid=j3zft2be8w0000001779038279697&qH=312f91285e048e09&ov_redirect=true,Snapdragon X Processor | 16 GB LPDDR5X RAM | Windows 11 Home Operating System | 512 GB SSD,flipkart
Acer Aspire 14 AI Office 2024 + M365 Basic Snapdragon X - (16 GB/512 GB SSD/Windows 11 Home) A14-11M T...,laptops,58990.0,91999.0,35.0,4.4,157,https://rukminim2.flixcart.com/image/400/400/xif0q/computer/c/p/l/-original-imahg4wgbhqj5teq.jpeg?q=70,https://www.flipkart.com/acer-aspire-14-ai-office-2024-m365-basic-snapdragon-x-16-gb-512-gb-ssd-windows-11-home-a14-11m-thin-light-laptop/p/itm08730687919bb?pid=COMHFSHUTDFXBZKR&lid=LSTCOMHFSHUTDFXBZKRBKC09Q&marketplace=FLIPKART&q=laptop&store=6bo%2Fb5g&srno=s_3_62&otracker=search&fm=organic&iid=en_eyvFfsT2Ehk_OcdkEMp95KnSFBswcej7ES20EDojzjrBMaN7qPrVGnBvq0_RBr9lmEFR7QYkrGF94wnmQPbF-onfEY2D5bWfIUmTlXs_oiU%3D&ppt=None&ppn=None&ssid=j3zft2be8w0000001779038279697&qH=312f91285e048e09&ov_redirect=true,Snapdragon X Processor | 16 GB LPDDR5X RAM | 64 bit Windows 11 Home Operating System | 512 GB SSD,flipkart
HP 15 with Backlit Keyboard & Office 2024 AMD Ryzen 7 Octa Core 5825U - (16 GB/512 GB SSD/Windows 11 H...,laptops,55990.0,60248.0,7.0,4.1,396,https://rukminim2.flixcart.com/image/400/400/xif0q/computer/c/j/s/-original-imahk7hhynx2zpdh.jpeg?q=70,https://www.flipkart.com/hp-15-backlit-keyboard-office-2024-amd-ryzen-7-octa-core-5825u-16-gb-512-gb-ssd-windows-11-home-15-fc0476au-15-fc0533au-thin-light-laptop/p/itm573d0be23b79c?pid=COMHCY2NKZPHHGHT&lid=LSTCOMHCY2NKZPHHGHTYJMO6Y&marketplace=FLIPKART&q=laptop&store=6bo%2Fb5g&srno=s_3_63&otracker=search&fm=organic&iid=801d18b5-b866-499b-bfdf-fba8c7c128c7.COMHCY2NKZPHHGHT.SEARCH&ppt=None&ppn=None&ssid=j3zft2be8w0000001779038279697&qH=312f91285e048e09&ov_redirect=true,AMD Ryzen 7 Octa Core Processor | 16 GB DDR4 RAM | Windows 11 Home Operating System | 512 GB SSD,flipkart
Lenovo IdeaPad Slim 3 WUXGA IPS with 1Yr ADP Intel Core i5 13th Gen 13420H - (16 GB/512 GB SSD/Windows...,laptops,62990.0,81390.0,22.0,4.4,229,https://rukminim2.flixcart.com/image/400/400/xif0q/computer/x/g/a/-original-imahgfdfeqk6tfav.jpeg?q=70,https://www.flipkart.com/lenovo-ideapad-slim-3-wuxga-ips-1yr-adp-intel-core-i5-13th-gen-13420h-16-gb-512-gb-ssd-windows-11-home-15irh10-thin-light-laptop/p/itm0d1b176aa2cf1?pid=COMHA9FK5XHYYAZJ&lid=LSTCOMHA9FK5XHYYAZJVDGARI&marketplace=FLIPKART&q=laptop&store=6bo%2Fb5g&srno=s_3_64&otracker=search&fm=organic&iid=801d18b5-b866-499b-bfdf-fba8c7c128c7.COMHA9FK5XHYYAZJ.SEARCH&ppt=None&ppn=None&ssid=j3zft2be8w0000001779038279697&qH=312f91285e048e09&ov_redirect=true,Intel Core i5 Processor (13th Gen) | 16 GB DDR5 RAM | Windows 11 Home Operating System | 512 GB SSD,flipkart
ASUS Expertbook P3 Metal High-performance processor with 1 Yr ADP Intel Core i7 13th Gen 13620H - (32 ...,laptops,84990.0,119990.0,29.0,4.3,230,https://rukminim2.flixcart.com/image/400/400/xif0q/computer/0/p/g/-original-imahg53ujvb5xj2g.jpeg?q=70,https://www.flipkart.com/asus-expertbook-p3-metal-high-performance-processor-1-yr-adp-intel-core-i7-13th-gen-13620h-32-gb-1-tb-ssd-windows-11-home-p3405cva-ly0308ws-thin-light-laptop/p/itm97eeb89e48af8?pid=COMHB7VN6ZDDZ946&lid=LSTCOMHB7VN6ZDDZ946RHQCBL&marketplace=FLIPKART&q=laptop&store=6bo%2Fb5g&srno=s_3_65&otracker=search&fm=organic&iid=801d18b5-b866-499b-bfdf-fba8c7c128c7.COMHB7VN6ZDDZ946.SEARCH&ppt=None&ppn=None&ssid=j3zft2be8w0000001779038279697&qH=312f91285e048e09&ov_redirect=true,Intel Core i7 Processor (13th Gen) | 32 GB DDR5 RAM | Windows 11 Home Operating System | 1 TB SSD,flipkart
MSI Modern 14 AMD Ryzen 5 Hexa Core 7430U - (16 GB/512 GB SSD/Windows 11 Home) 14 C7M-283IN / 14 C7M-4...,laptops,46990.0,66990.0,29.0,4.4,268,https://rukminim2.flixcart.com/image/400/400/xif0q/computer/w/e/h/-original-imahg5fuveu8hy3m.jpeg?q=70,https://www.flipkart.com/msi-modern-14-amd-ryzen-5-hexa-core-7430u-16-gb-512-gb-ssd-windows-11-home-c7m-283in-c7m-400in-business-laptop/p/itmef8f5c6fd8e76?pid=COMH3YTFZZZJJCNU&lid=LSTCOMH3YTFZZZJJCNUFS5LIO&marketplace=FLIPKART&q=laptop&store=6bo%2Fb5g&srno=s_3_66&otracker=search&fm=organic&iid=801d18b5-b866-499b-bfdf-fba8c7c128c7.COMH3YTFZZZJJCNU.SEARCH&ppt=None&ppn=None&ssid=j3zft2be8w0000001779038279697&qH=312f91285e048e09&ov_redirect=true,AMD Ryzen 5 Hexa Core Processor | 16 GB DDR4 RAM | Windows 11 Operating System | 512 GB SSD,flipkart
DELL 14 Next Gen AI PC Microsoft Office Home 2024 Intel Core Ultra 5 226V - (16 GB/512 GB SSD/Windows ...,laptops,87990.0,102656.0,14.0,4.3,50,https://rukminim2.flixcart.com/image/400/400/xif0q/computer/e/k/c/-original-imahgx8wzw8hphzh.jpeg?q=70,https://www.flipkart.com/dell-14-next-gen-ai-pc-microsoft-office-home-2024-intel-core-ultra-5-226v-16-gb-512-gb-ssd-windows-11-home-db14250-plus-2-1-db04250-thin-light-laptop/p/itmd5a3fea5e96f8?pid=COMHDGD5HGDVUX9R&lid=LSTCOMHDGD5HGDVUX9RPSVW5T&marketplace=FLIPKART&q=laptop&store=6bo%2Fb5g&srno=s_3_67&otracker=search&fm=organic&iid=en_eyvFfsT2Ehk_OcdkEMp95KnSFBswcej7ES20EDojzjplEVllcCuzaOVVw25jXYdOc9UZn6zayjSIg78ZdJsBi2Vkv0XZFiOX7bbXdlao_f8%3D&ppt=None&ppn=None&ssid=j3zft2be8w0000001779038279697&qH=312f91285e048e09&ov_redirect=true,Intel Core Ultra 5 Processor | 16 GB LPDDR5X RAM | Windows 11 Operating System | 512 GB SSD,flipkart
DELL 15 with Backlit Keyboard Intel Core i5 13th Gen 1334U - (16 GB/512 GB SSD/Windows 11 Home) DC1525...,laptops,69990.0,71763.0,2.0,4.2,5,https://rukminim2.flixcart.com/image/400/400/xif0q/computer/h/d/x/db15250-thin-and-light-laptop-dell-original-imaheb5hzqtsqfxs.jpeg?q=70,https://www.flipkart.com/dell-15-backlit-keyboard-intel-core-i5-13th-gen-1334u-16-gb-512-gb-ssd-windows-11-home-dc15250-db15250-thin-light-laptop/p/itm1e2ed725033ec?pid=COMHDXXUUWHHAY26&lid=LSTCOMHDXXUUWHHAY26JZWHQM&marketplace=FLIPKART&q=laptop&store=6bo%2Fb5g&srno=s_3_68&otracker=search&fm=organic&iid=en_eyvFfsT2Ehk_OcdkEMp95KnSFBswcej7ES20EDojzjr3jp3cF07rkvF0YyqfuaBFFwEr6ZEMQNQsi3_YEl59nF1aSK7rb6bQX8t4WB7p1DA%3D&ppt=None&ppn=None&ssid=j3zft2be8w0000001779038279697&qH=312f91285e048e09&ov_redirect=true,Intel Core i5 Processor (13th Gen) | 16 GB DDR4 RAM | Windows 11 Operating System | 512 GB SSD,flipkart
DELL Inspiron 5440 (2026) (i3 14th Gen) Intel Core 3 14th Gen 100U - (8 GB/512 GB SSD/Windows 11 Pro) ...,laptops,46990.0,70990.0,33.0,4.1,62,https://rukminim2.flixcart.com/image/400/400/xif0q/computer/l/t/9/inspiron-5440-thin-and-light-laptop-dell-original-imahjsfnkqhx9pkj.jpeg?q=70,https://www.flipkart.com/dell-inspiron-5440-2026-i3-14th-gen-intel-core-3-gen-100u-8-gb-512-gb-ssd-windows-11-pro-thin-light-laptop/p/itmcb515f5806b29?pid=COMHJSFN4CYQJ79Z&lid=LSTCOMHJSFN4CYQJ79ZMCIXOP&marketplace=FLIPKART&q=laptop&store=6bo%2Fb5g&srno=s_3_69&otracker=search&fm=organic&iid=801d18b5-b866-499b-bfdf-fba8c7c128c7.COMHJSFN4CYQJ79Z.SEARCH&ppt=None&ppn=None&ssid=j3zft2be8w0000001779038279697&qH=312f91285e048e09&ov_redirect=true,Intel Core 3 Processor (14th Gen) | 8 GB DDR5 RAM | 64 bit Windows 11 Operating System | 512 GB SSD,flipkart
Ultimus APEX BOLD N Intel Pentium Quad Core N4200 - (8 GB/256 GB SSD/Windows 11 Home) NU14U9INC54LS-CS...,laptops,24990.0,35990.0,30.0,3.5,15,https://rukminim2.flixcart.com/image/400/400/xif0q/computer/3/5/s/nu14u9inc54ls-cs-thin-and-light-laptop-ultimus-original-imahhrz5m2zwhjhj.jpeg?q=70,https://www.flipkart.com/ultimus-apex-bold-n-intel-pentium-quad-core-n4200-8-gb-256-gb-ssd-windows-11-home-nu14u9inc54ls-cs-thin-light-laptop/p/itmed858a0d9d8e2?pid=COMHHRZ6NAGS3ASH&lid=LSTCOMHHRZ6NAGS3ASHZOJ4ZX&marketplace=FLIPKART&q=laptop&store=6bo%2Fb5g&srno=s_3_70&otracker=search&fm=organic&iid=801d18b5-b866-499b-bfdf-fba8c7c128c7.COMHHRZ6NAGS3ASH.SEARCH&ppt=None&ppn=None&ssid=j3zft2be8w0000001779038279697&qH=312f91285e048e09&ov_redirect=true,Intel Pentium Quad Core Processor | 8 GB DDR3 RAM | 64 bit Windows 11 Home Operating System | 256 GB SSD,flipkart
HP 14 AI PC Intel Core Ultra 7 155H - (16 GB/512 GB SSD/Windows 11 Home) 14-ep1151TU/14-gr1036TU/14-ep...,laptops,78900.0,81143.0,2.0,4.1,516,https://rukminim2.flixcart.com/image/400/400/xif0q/computer/o/9/k/-original-imahgry8nwkejmae.jpeg?q=70,https://www.flipkart.com/hp-14-ai-pc-intel-core-ultra-7-155h-16-gb-512-gb-ssd-windows-11-home-14-ep1151tu-14-gr1036tu-14-ep1151tu-thin-light-laptop/p/itm4c681812b88bf?pid=COMHF8G932EYZAJF&lid=LSTCOMHF8G932EYZAJFOUI9CA&marketplace=FLIPKART&q=laptop&store=6bo%2Fb5g&srno=s_3_71&otracker=search&fm=organic&iid=en_eyvFfsT2Ehk_OcdkEMp95KnSFBswcej7ES20EDojzjrUZmoIeoe5bXwk-lfbL0rwhgaIvJFNB98mBEnXiYMzyeI7uWi7bi3WLqk6JF-UYDE%3D&ppt=None&ppn=None&ssid=j3zft2be8w0000001779038279697&qH=312f91285e048e09&ov_redirect=true,Intel Core Ultra 7 Processor | 16 GB DDR5 RAM | Windows 11 Home Operating System | 512 GB SSD,flipkart
DELL 14 Plus Next Gen AI PC Microsoft Office Home 2024 Intel Core Ultra 5 226V - (16 GB/512 GB SSD/Win...,laptops,78990.0,98040.0,19.0,4.3,436,https://rukminim2.flixcart.com/image/400/400/xif0q/computer/0/u/d/-original-imahmg5hzfmzdyab.jpeg?q=70,https://www.flipkart.com/dell-14-plus-next-gen-ai-pc-microsoft-office-home-2024-intel-core-ultra-5-226v-16-gb-512-gb-ssd-windows-11-home-db14250-thin-light-laptop/p/itm35f6fc2e7327a?pid=COMHEARK9EASHAA9&lid=LSTCOMHEARK9EASHAA9VDQUIH&marketplace=FLIPKART&q=laptop&store=6bo%2Fb5g&srno=s_3_72&otracker=search&fm=organic&iid=en_eyvFfsT2Ehk_OcdkEMp95KnSFBswcej7ES20EDojzjpSBZEN03UlMElH-Sg0QCW_HPHf68uXcFIDVWzxk3FMYaV8WX5krIChubBlraAu4CQ%3D&ppt=None&ppn=None&ssid=j3zft2be8w0000001779038279697&qH=312f91285e048e09&ov_redirect=true,Intel Core Ultra 5 Processor | 16 GB LPDDR5X RAM | Windows 11 Home Operating System | 512 GB SSD,flipkart
"TRIGGR Trinity 2 with Dual Pairing, ENC, Fast Charge, 5...3.9(22,113)₹699₹2,99976% offSALE PE SALEAdd to Compare",headphones,699.0,2999.0,76.0,3.9,22113,https://rukminim2.flixcart.com/image/612/612/xif0q/headphone/c/2/d/-original-imahafrzuterwrbk.jpeg?q=70,https://www.flipkart.com/triggr-trinity-2-dual-pairing-enc-fast-charge-50h-battery-rubber-finish-v5-3-bluetooth/p/itm7069ab0b0c2fc?pid=ACCH8Q2VF8FB3BVZ&lid=LSTACCH8Q2VF8FB3BVZU7MBD1&marketplace=FLIPKART&q=headphones&store=0pm%2Ffcn%2Fgc3&srno=s_1_1&otracker=search&fm=organic&iid=en_FMKNtOgjHTqHwhihXAQSPRkgnXowItAPM9jPjkm-jAxicpwdSgACo7vpRETDTKr1SF9ftOyq-jtLjTWduoqZCU0Lqp3nUBlQeeazI_xhu1k%3D&ppt=None&ppn=None&ssid=muci6kwyog0000001779038283117&qH=edd443896ef5dbfc&ov_redirect=true&ov_redirect=true,,flipkart
"TRIGGR Trinity 2 with Dual Pairing, ENC, Fast Charge, 5...3.9(22,113)₹699₹2,99976% offSALE PE SALEAdd to Compare",headphones,699.0,2999.0,76.0,3.9,22113,https://rukminim2.flixcart.com/image/612/612/xif0q/headphone/d/x/r/-original-imahew8jzbryezuj.jpeg?q=70,https://www.flipkart.com/triggr-trinity-2-dual-pairing-enc-fast-charge-50h-battery-rubber-finish-v5-3-bluetooth/p/itmf187255153195?pid=ACCHE5CSYGVG5H97&lid=LSTACCHE5CSYGVG5H973JEXVM&marketplace=FLIPKART&q=headphones&store=0pm%2Ffcn%2Fgc3&srno=s_1_2&otracker=search&fm=organic&iid=en_FMKNtOgjHTqHwhihXAQSPRkgnXowItAPM9jPjkm-jAyjBbtfwrIA7i9CV9I0DkW6e_q06m-74uFJKl2dcgoa-Hbokvd1CzEZnIJbyf1TmFY%3D&ppt=None&ppn=None&ssid=muci6kwyog0000001779038283117&qH=edd443896ef5dbfc&ov_redirect=true&ov_redirect=true,,flipkart
VEDRID P47 WIRELESS Bluetooth3.4(46)₹261₹99973% offOnly few leftAdd to Compare,headphones,261.0,999.0,73.0,3.4,46,https://rukminim2.flixcart.com/image/612/612/xif0q/headphone/b/z/2/p47-wireless-vedrid-original-imahhy4bnphvbxcd.jpeg?q=70,https://www.flipkart.com/vedrid-p47-wireless-bluetooth/p/itm4bd2af1fa8e86?pid=ACCHHY4BP2FBQFRU&lid=LSTACCHHY4BP2FBQFRUFK73LH&marketplace=FLIPKART&q=headphones&store=0pm%2Ffcn%2Fgc3&spotlightTagId=default_TrendingId_0pm%2Ffcn%2Fgc3&srno=s_1_3&otracker=search&fm=organic&iid=a8978fc0-5162-4674-a381-2f901c35a418.ACCHHY4BP2FBQFRU.SEARCH&ppt=None&ppn=None&ssid=muci6kwyog0000001779038283117&qH=edd443896ef5dbfc&ov_redirect=true&ov_redirect=true,,flipkart
"F FERONS Wireless Headphone BT 5.0 Over Ear Foldable wi...3.8(25,132)₹295₹2,59988% offOnly few leftAdd to Compare",headphones,295.0,2599.0,88.0,3.8,25132,https://rukminim2.flixcart.com/image/612/612/xif0q/headphone/y/s/j/wireless-headphone-bt-5-0-over-ear-foldable-with-built-in-mic-sd-original-imahea3jdgx6a36x.jpeg?q=70,https://www.flipkart.com/f-ferons-wireless-headphone-bt-5-0-over-ear-foldable-built-in-mic-sd-card-supported-bluetooth/p/itmca679dbd7a473?pid=ACCHEA3KFVTMRQNU&lid=LSTACCHEA3KFVTMRQNUGB83EB&marketplace=FLIPKART&q=headphones&store=0pm%2Ffcn%2Fgc3&srno=s_1_4&otracker=search&fm=organic&iid=a8978fc0-5162-4674-a381-2f901c35a418.ACCHEA3KFVTMRQNU.SEARCH&ppt=None&ppn=None&ssid=muci6kwyog0000001779038283117&qH=edd443896ef5dbfc&ov_redirect=true&ov_redirect=true,,flipkart
"Techpunch COMFORTABLE EAR PADS WIRELESS HEADPHONE WITH ...3.5(15,674)₹297₹99970% offOnly few leftAdd to Compare",headphones,297.0,999.0,70.0,3.5,15674,https://rukminim2.flixcart.com/image/612/612/xif0q/headphone/t/w/1/comfortable-ear-pads-wireless-headphone-with-aux-support-original-imah9sv7jzpdcbdm.jpeg?q=70,https://www.flipkart.com/techpunch-comfortable-ear-pads-wireless-headphone-aux-support-compatible-device-bluetooth-wired/p/itm60af9bf9d60a5?pid=ACCGSYYWVYZVXJNV&lid=LSTACCGSYYWVYZVXJNVQRD93A&marketplace=FLIPKART&q=headphones&store=0pm%2Ffcn%2Fgc3&srno=s_1_5&otracker=search&fm=organic&iid=a8978fc0-5162-4674-a381-2f901c35a418.ACCGSYYWVYZVXJNV.SEARCH&ppt=None&ppn=None&ssid=muci6kwyog0000001779038283117&qH=edd443896ef5dbfc&ov_redirect=true&ov_redirect=true,,flipkart
"TRIGGR Trinity 3 with Fabric Finish, Dual Pairing, 50H ...4(1,271)₹999₹3,99975% offSALE PE SALEAdd to Compare",headphones,999.0,3999.0,75.0,4.0,1271,https://rukminim2.flixcart.com/image/612/612/xif0q/headphone/e/j/1/-original-imahg6wkgxsbzhsm.jpeg?q=70,https://www.flipkart.com/triggr-trinity-3-fabric-finish-dual-pairing-50h-battery-foldable-design-v5-3-bluetooth/p/itm9d3077d988bc9?pid=ACCHGPKHUMUYHE7K&lid=LSTACCHGPKHUMUYHE7KTQMDMU&marketplace=FLIPKART&q=headphones&store=0pm%2Ffcn%2Fgc3&srno=s_1_6&otracker=search&fm=organic&iid=en_FMKNtOgjHTqHwhihXAQSPRkgnXowItAPM9jPjkm-jAw8SXVdW5vvLJntX3wixt2bh8VbQ9lMsHgw7t8fLP5O9C4Lw629MPo2ZSR9or90mpE%3D&ppt=None&ppn=None&ssid=muci6kwyog0000001779038283117&qH=edd443896ef5dbfc&ov_redirect=true&ov_redirect=true,,flipkart
"ZEBRONICS Zeb-Thunder, True 60Hr Backup, BT v6.0, Gamin...4(1,38,589)₹699₹1,69958% offSaver DealAdd to Compare",headphones,699.0,1699.0,58.0,4.0,138589,https://rukminim2.flixcart.com/image/612/612/xif0q/headphone/v/t/d/-original-imahm9xqhbnnysb4.jpeg?q=70,https://www.flipkart.com/zebronics-zeb-thunder-true-60hr-backup-bt-v6-0-gaming-mode-enc-aux-msd-dual-pairing-bluetooth/p/itm241139e524726?pid=ACCFBHDEHZFK6M2Y&lid=LSTACCFBHDEHZFK6M2YEW7GQQ&marketplace=FLIPKART&q=headphones&store=0pm%2Ffcn%2Fgc3&srno=s_1_7&otracker=search&fm=organic&iid=a8978fc0-5162-4674-a381-2f901c35a418.ACCFBHDEHZFK6M2Y.SEARCH&ppt=None&ppn=None&ssid=muci6kwyog0000001779038283117&qH=edd443896ef5dbfc&ov_redirect=true&ov_redirect=true,,flipkart
"boAt Rockerz 413,60H Battery,ENx, BEAST Mode, Dual Pair...4.2(4,10,200)₹1,199₹2,99059% offSALE PE SALEAdd to Compare",headphones,1199.0,2990.0,59.0,4.2,410200,https://rukminim2.flixcart.com/image/612/612/xif0q/headphone/9/a/d/-original-imahgnf4h2xjhtb9.jpeg?q=70,https://www.flipkart.com/boat-rockerz-413-60h-battery-enx-beast-mode-dual-pair-stream-ad-free-music-via-app-bluetooth/p/itm7e09648b89d4f?pid=ACCHCY6AB8CWSXU6&lid=LSTACCHCY6AB8CWSXU6LXYECD&marketplace=FLIPKART&q=headphones&store=0pm%2Ffcn%2Fgc3&srno=s_1_8&otracker=search&fm=organic&iid=a8978fc0-5162-4674-a381-2f901c35a418.ACCHCY6AB8CWSXU6.SEARCH&ppt=None&ppn=None&ssid=muci6kwyog0000001779038283117&qH=edd443896ef5dbfc&ov_redirect=true&ov_redirect=true,,flipkart
"ZEBRONICS Zeb-Thunder Pro, True 60H Backup, BT v6.0, Ga...3.9(24,537)₹699₹1,89963% offSALE PE SALEAdd to Compare",headphones,699.0,1899.0,63.0,3.9,24537,https://rukminim2.flixcart.com/image/612/612/xif0q/headphone/f/k/l/-original-imahmeynhftn6gxn.jpeg?q=70,https://www.flipkart.com/zebronics-zeb-thunder-pro-true-60h-backup-bt-v6-0-gaming-mode-enc-aux-msd-dual-pairing-bluetooth/p/itm89247dc29c1d4?pid=ACCGYG9UYUF2RYM6&lid=LSTACCGYG9UYUF2RYM6LGYUUJ&marketplace=FLIPKART&q=headphones&store=0pm%2Ffcn%2Fgc3&srno=s_1_9&otracker=search&fm=organic&iid=a8978fc0-5162-4674-a381-2f901c35a418.ACCGYG9UYUF2RYM6.SEARCH&ppt=None&ppn=None&ssid=muci6kwyog0000001779038283117&qH=edd443896ef5dbfc&ov_redirect=true&ov_redirect=true,,flipkart
"MasterGogo Bullets Zs Edition High Bass 48Hr Playtime B...3.5(24)₹292₹1,49980% offOnly few leftAdd to Compare",headphones,292.0,1499.0,80.0,3.5,24,https://rukminim2.flixcart.com/image/612/612/xif0q/shopsy-headphone/j/d/w/bluetooth-yes-bullets-c2-magnetic-power-off-on-48hr-playtime-original-imahj4bef4z2byvq.jpeg?q=70,https://www.flipkart.com/mastergogo-bullets-zs-high-bass-48hr-playtime-blutooth-headphone-neckband-bluetooth/p/itm423d4b2e1a35e?pid=ACCHJH2FC3F4QEFG&lid=LSTACCHJH2FC3F4QEFGPCXZKE&marketplace=FLIPKART&q=headphones&store=0pm%2Ffcn%2Fgc3&srno=s_1_10&otracker=search&fm=organic&iid=a8978fc0-5162-4674-a381-2f901c35a418.ACCHJH2FC3F4QEFG.SEARCH&ppt=None&ppn=None&ssid=muci6kwyog0000001779038283117&qH=edd443896ef5dbfc&ov_redirect=true&ov_redirect=true,,flipkart
"GOBOULT Q 70Hr, ENC Mic, 40mm Bass Boosted Drivers, 4EQ...4(21,840)₹1,798₹5,99970% offBank OfferAdd to Compare",headphones,1798.0,5999.0,70.0,4.0,21840,https://rukminim2.flixcart.com/image/612/612/xif0q/headphone/l/c/y/-original-imahej2rx6bjwg2v.jpeg?q=70,https://www.flipkart.com/goboult-q-70hr-enc-mic-40mm-bass-boosted-drivers-4eq-modes-5-4v-bluetooth-wired/p/itm2f5f72ac9cc71?pid=ACCH3WJ5U5GPBFC8&lid=LSTACCH3WJ5U5GPBFC8MYHY6P&marketplace=FLIPKART&q=headphones&store=0pm%2Ffcn%2Fgc3&srno=s_1_11&otracker=search&fm=organic&iid=en_FMKNtOgjHTqHwhihXAQSPRkgnXowItAPM9jPjkm-jAz1aCqxzs6fcrtvAYOIhI32G2qbfHy34F0jU_HeQIlqKFF91k_NKRtsN7mkYTl-6AQ%3D&ppt=None&ppn=None&ssid=muci6kwyog0000001779038283117&qH=edd443896ef5dbfc&ov_redirect=true&ov_redirect=true,,flipkart
"boAt Rockerz 430, 40ms Latency, 40H Battery, Stream Ad ...4.1(66,311)₹1,299₹2,49047% offBank OfferAdd to Compare",headphones,1299.0,2490.0,47.0,4.1,66311,https://rukminim2.flixcart.com/image/612/612/xif0q/headphone/0/r/5/-original-imahgnf4gectpgv7.jpeg?q=70,https://www.flipkart.com/boat-rockerz-430-40ms-latency-40h-battery-stream-ad-free-music-via-app-bluetooth/p/itm5dca8110e361c?pid=ACCH44E5WV9JCZ5Z&lid=LSTACCH44E5WV9JCZ5Z2EJNOB&marketplace=FLIPKART&q=headphones&store=0pm%2Ffcn%2Fgc3&srno=s_1_12&otracker=search&fm=organic&iid=en_FMKNtOgjHTqHwhihXAQSPRkgnXowItAPM9jPjkm-jAyE2W52ZsBHv7zpNpXQleBDzoyV3952KOyPXzVSZOQnSmaRs4JL222ZRV-dN99QnxU%3D&ppt=None&ppn=None&ssid=muci6kwyog0000001779038283117&qH=edd443896ef5dbfc&ov_redirect=true&ov_redirect=true,,flipkart
"house of common Collapsible Bluetooth Headset featuring...₹428₹4,19989% offOnly few leftAdd to Compare",headphones,428.0,4199.0,89.0,0.0,0,https://rukminim2.flixcart.com/image/612/612/xif0q/headphone/q/a/f/foldable-bluetooth-headphones-with-vault-bass-storage-yf-aizina-original-imahh6gggxghwhz6.jpeg?q=70,https://www.flipkart.com/house-common-collapsible-bluetooth-headset-featuring-bridge-bass-link-ch-wired/p/itmf093053178e97?pid=ACCHH6GKUBVJVGS6&lid=LSTACCHH6GKUBVJVGS6S0YJDT&marketplace=FLIPKART&q=headphones&store=0pm%2Ffcn%2Fgc3&srno=s_1_13&otracker=search&fm=organic&iid=a8978fc0-5162-4674-a381-2f901c35a418.ACCHH6GKUBVJVGS6.SEARCH&ppt=None&ppn=None&ssid=muci6kwyog0000001779038283117&qH=edd443896ef5dbfc&ov_redirect=true&ov_redirect=true,,flipkart
"boAt Rockerz 413,60H Battery,ENx, BEAST Mode, Dual Pair...4.2(4,10,200)₹1,199₹2,99059% offSALE PE SALEAdd to Compare",headphones,1199.0,2990.0,59.0,4.2,410200,https://rukminim2.flixcart.com/image/612/612/xif0q/headphone/4/k/a/-original-imahgnf4ufvcrvwt.jpeg?q=70,https://www.flipkart.com/boat-rockerz-413-60h-battery-enx-beast-mode-dual-pair-stream-ad-free-music-via-app-bluetooth/p/itm2fdbde2c0293a?pid=ACCHCY6AZHYU2SXF&lid=LSTACCHCY6AZHYU2SXF4MHJDE&marketplace=FLIPKART&q=headphones&store=0pm%2Ffcn%2Fgc3&srno=s_1_14&otracker=search&fm=organic&iid=a8978fc0-5162-4674-a381-2f901c35a418.ACCHCY6AZHYU2SXF.SEARCH&ppt=None&ppn=None&ssid=muci6kwyog0000001779038283117&qH=edd443896ef5dbfc&ov_redirect=true&ov_redirect=true,,flipkart
"boAt Rockerz 412, 60H Battery,40ms Latency,ENx, Stream ...4.2(4,10,200)₹1,199₹2,99960% offSALE PE SALEAdd to Compare",headphones,1199.0,2999.0,60.0,4.2,410200,https://rukminim2.flixcart.com/image/612/612/xif0q/headphone/e/a/q/-original-imahgnf4hyrbguu5.jpeg?q=70,https://www.flipkart.com/boat-rockerz-412-60h-battery-40ms-latency-enx-stream-ad-free-music-via-app-bluetooth/p/itm853d714b12952?pid=ACCHCJW3ZGHK88AB&lid=LSTACCHCJW3ZGHK88ABAGJ5TQ&marketplace=FLIPKART&q=headphones&store=0pm%2Ffcn%2Fgc3&srno=s_1_15&otracker=search&fm=organic&iid=a8978fc0-5162-4674-a381-2f901c35a418.ACCHCJW3ZGHK88AB.SEARCH&ppt=None&ppn=None&ssid=muci6kwyog0000001779038283117&qH=edd443896ef5dbfc&ov_redirect=true&ov_redirect=true,,flipkart
"AIZINA Collapsible Bluetooth Extreme Bass Studio Sound_...₹430₹4,19989% offOnly few leftAdd to Compare",headphones,430.0,4199.0,89.0,0.0,0,https://rukminim2.flixcart.com/image/612/612/xif0q/headphone/i/j/c/compact-folding-bluetooth-ultra-bass-excellence-ez-tws-original-imahgyhqwcrsdh53.jpeg?q=70,https://www.flipkart.com/aizina-collapsible-bluetooth-extreme-bass-studio-sound-sw-wired/p/itmd0afa64543d0e?pid=ACCHGYG32RRPTWB3&lid=LSTACCHGYG32RRPTWB3NSVXXB&marketplace=FLIPKART&q=headphones&store=0pm%2Ffcn%2Fgc3&srno=s_1_16&otracker=search&fm=organic&iid=a8978fc0-5162-4674-a381-2f901c35a418.ACCHGYG32RRPTWB3.SEARCH&ppt=None&ppn=None&ssid=muci6kwyog0000001779038283117&qH=edd443896ef5dbfc&ov_redirect=true&ov_redirect=true,,flipkart
"TRIGGR Trinity 3 with Fabric Finish, Dual Pairing, 50H ...4(1,271)₹999₹3,99975% offSALE PE SALEAdd to Compare",headphones,999.0,3999.0,75.0,4.0,1271,https://rukminim2.flixcart.com/image/612/612/xif0q/headphone/u/5/l/-original-imahg6wkandsvt4y.jpeg?q=70,https://www.flipkart.com/triggr-trinity-3-fabric-finish-dual-pairing-50h-battery-foldable-design-v5-3-bluetooth/p/itm5979a99d7d2e5?pid=ACCHGPKHCHYWZUNR&lid=LSTACCHGPKHCHYWZUNRTLIPKW&marketplace=FLIPKART&q=headphones&store=0pm%2Ffcn%2Fgc3&srno=s_1_17&otracker=search&fm=organic&iid=en_FMKNtOgjHTqHwhihXAQSPRkgnXowItAPM9jPjkm-jAxx4akMvylg7bJDokemkHZvXPY8NQoR5s09-Nidu8O1GMr2nQ-hxIx3cG7ph9WxirU%3D&ppt=None&ppn=None&ssid=muci6kwyog0000001779038283117&qH=edd443896ef5dbfc&ov_redirect=true&ov_redirect=true,,flipkart
"GOBOULT Mustang Q 70Hrs Battery, ENC Mic, 40mm Drivers,...4.2(5,536)₹2,499₹6,99964% offBank OfferAdd to Compare",headphones,2499.0,6999.0,64.0,4.2,5536,https://rukminim2.flixcart.com/image/612/612/xif0q/headphone/n/5/x/-original-imahej2rrxg4b2ew.jpeg?q=70,https://www.flipkart.com/goboult-mustang-q-70hrs-battery-enc-mic-40mm-drivers-4eq-modes-5-4v-bluetooth-wired/p/itmce195bb800aac?pid=ACCH8KFYHKYG3ZFU&lid=LSTACCH8KFYHKYG3ZFU46NBUT&marketplace=FLIPKART&q=headphones&store=0pm%2Ffcn%2Fgc3&srno=s_1_18&otracker=search&fm=organic&iid=en_FMKNtOgjHTqHwhihXAQSPRkgnXowItAPM9jPjkm-jAweMOHsXkQ2VfIZiClCjd7y49bWLNnmUUaWSup60NFfvh7zrT4gkWAkPCdPBnPCejA%3D&ppt=None&ppn=None&ssid=muci6kwyog0000001779038283117&qH=edd443896ef5dbfc&ov_redirect=true&ov_redirect=true,,flipkart
"boAt Rockerz 480 w/ Beast Mode, RGB LEDs(6 Light Modes)...4.2(14,724)₹1,699₹3,79055% offBank OfferAdd to Compare",headphones,1699.0,3790.0,55.0,4.2,14724,https://rukminim2.flixcart.com/image/612/612/xif0q/headphone/a/h/j/-original-imahgnf4dp5tfjhm.jpeg?q=70,https://www.flipkart.com/boat-rockerz-480-w-beast-mode-rgb-leds-6-light-modes-60hrs-playback-enx-tech-bluetooth/p/itm7362b8da6ff74?pid=ACCH44E526JMXHZN&lid=LSTACCH44E526JMXHZN5SOCIA&marketplace=FLIPKART&q=headphones&store=0pm%2Ffcn%2Fgc3&srno=s_1_19&otracker=search&fm=organic&iid=a8978fc0-5162-4674-a381-2f901c35a418.ACCH44E526JMXHZN.SEARCH&ppt=None&ppn=None&ssid=muci6kwyog0000001779038283117&qH=edd443896ef5dbfc&ov_redirect=true&ov_redirect=true,,flipkart
"EARBUDDY SnapX 20 Pro+ with ANC Bluetooth 47 Bluetooth3.6(28)₹292₹1,99985% offOnly few leftAdd to Compare",headphones,292.0,1999.0,85.0,3.6,28,https://rukminim2.flixcart.com/image/612/612/xif0q/headphone/u/v/d/snapx-20-pro-with-anc-bluetooth-47-earbuddy-original-imahggfhshmjvfwh.jpeg?q=70,https://www.flipkart.com/earbuddy-snapx-20-pro-anc-bluetooth-47/p/itm16d1c5519639c?pid=ACCHGGFHYEVRR8R2&lid=LSTACCHGGFHYEVRR8R2V9AOVR&marketplace=FLIPKART&q=headphones&store=0pm%2Ffcn%2Fgc3&srno=s_1_20&otracker=search&fm=organic&iid=a8978fc0-5162-4674-a381-2f901c35a418.ACCHGGFHYEVRR8R2.SEARCH&ppt=None&ppn=None&ssid=muci6kwyog0000001779038283117&qH=edd443896ef5dbfc&ov_redirect=true&ov_redirect=true,,flipkart
"TRIGGR Trinity 2 with Dual Pairing, ENC, Fast Charge, 5...3.9(22,113)₹750₹2,99974% offBank OfferAdd to Compare",headphones,750.0,2999.0,74.0,3.9,22113,https://rukminim2.flixcart.com/image/612/612/xif0q/headphone/f/c/z/-original-imahafshasnhfjvd.jpeg?q=70,https://www.flipkart.com/triggr-trinity-2-dual-pairing-enc-fast-charge-50h-battery-rubber-finish-v5-3-bluetooth/p/itm03c651cfe2be4?pid=ACCH8Q2VGN7MHYHS&lid=LSTACCH8Q2VGN7MHYHSCMGABG&marketplace=FLIPKART&q=headphones&store=0pm%2Ffcn%2Fgc3&srno=s_1_21&otracker=search&fm=organic&iid=en_FMKNtOgjHTqHwhihXAQSPRkgnXowItAPM9jPjkm-jAwy5sORVMCDfKQnzxyVkjtVQ4x5AjFJtYSbxA7f6Y3zsPt1H9rwnUnu_M8iS_ChS98%3D&ppt=None&ppn=None&ssid=muci6kwyog0000001779038283117&qH=edd443896ef5dbfc&ov_redirect=true&ov_redirect=true,,flipkart
"LOPAZ Bluetooth Wireless Headphones Stretchable & Folda...3.8(354)₹498₹1,49966% offSALE PE SALEAdd to Compare",headphones,498.0,1499.0,66.0,3.8,354,https://rukminim2.flixcart.com/image/612/612/xif0q/headphone/3/h/g/bluetooth-wireless-headphones-stretchable-foldable-lopaz-original-imahyg3jhntxgk3y.jpeg?q=70,https://www.flipkart.com/lopaz-bluetooth-wireless-headphones-stretchable-foldable-gaming/p/itmbbf5a7e34f250?pid=ACCFFMME6YA8HX2K&lid=LSTACCFFMME6YA8HX2K3AC5SC&marketplace=FLIPKART&q=headphones&store=0pm%2Ffcn%2Fgc3&srno=s_1_22&otracker=search&fm=organic&iid=en_FMKNtOgjHTqHwhihXAQSPRkgnXowItAPM9jPjkm-jAyIypnvBWhcvhbi1QsaUxomnPCHCZa4-aPuR2R-Ps6vU_UFjCTyOHoHZs-Z5_PS_w0%3D&ppt=None&ppn=None&ssid=muci6kwyog0000001779038283117&qH=edd443896ef5dbfc&ov_redirect=true&ov_redirect=true,,flipkart
"SONY WH-CH520/LZ IN Bluetooth4.3(13,090)₹4,390₹5,99026% offOnly few leftAdd to Compare",headphones,4390.0,5990.0,26.0,4.3,13090,https://rukminim2.flixcart.com/image/612/612/xif0q/headphone/p/x/k/wh-ch510-sony-original-imagz5rbr2ncbrey.jpeg?q=70,https://www.flipkart.com/sony-wh-ch520-lz-bluetooth/p/itmf3323e4dd1211?pid=ACCGZ4MAJXCC8ED8&lid=LSTACCGZ4MAJXCC8ED8QJ9YST&marketplace=FLIPKART&q=headphones&store=0pm%2Ffcn%2Fgc3&srno=s_1_23&otracker=search&fm=organic&iid=a8978fc0-5162-4674-a381-2f901c35a418.ACCGZ4MAJXCC8ED8.SEARCH&ppt=None&ppn=None&ssid=muci6kwyog0000001779038283117&qH=edd443896ef5dbfc&ov_redirect=true&ov_redirect=true,,flipkart
"PTron Studio w/ 60hrs Playtime, Dual-device Pairing, HD...3.9(2,164)₹649₹2,59975% offOnly 2 leftAdd to Compare",headphones,649.0,2599.0,75.0,3.9,2164,https://rukminim2.flixcart.com/image/612/612/xif0q/headphone/q/e/x/-original-imahg5yzggargbs7.jpeg?q=70,https://www.flipkart.com/ptron-studio-w-60hrs-playtime-dual-device-pairing-hd-mic-40mm-drivers-bt5-4-bluetooth/p/itm428418398f35e?pid=ACCHGBHAFCEAQGHZ&lid=LSTACCHGBHAFCEAQGHZNHOFGO&marketplace=FLIPKART&q=headphones&store=0pm%2Ffcn%2Fgc3&srno=s_1_24&otracker=search&fm=organic&iid=a8978fc0-5162-4674-a381-2f901c35a418.ACCHGBHAFCEAQGHZ.SEARCH&ppt=None&ppn=None&ssid=muci6kwyog0000001779038283117&qH=edd443896ef5dbfc&ov_redirect=true&ov_redirect=true,,flipkart
"F FERONS Wireless Lightweight Foldable Adjustable Suppo...3.8(25,132)₹297₹2,59988% offOnly few leftAdd to Compare",headphones,297.0,2599.0,88.0,3.8,25132,https://rukminim2.flixcart.com/image/612/612/xif0q/headphone/0/u/3/wireless-lightweight-foldable-adjustable-supported-sd-card-aux-original-imahea3sf9cpug6s.jpeg?q=70,https://www.flipkart.com/f-ferons-wireless-lightweight-foldable-adjustable-supported-sd-card-aux-cable-sports-bluetooth/p/itmf431e196757a7?pid=ACCHEA3SWH8JDV9J&lid=LSTACCHEA3SWH8JDV9JFP0CHB&marketplace=FLIPKART&q=headphones&store=0pm%2Ffcn%2Fgc3&srno=s_1_25&otracker=search&fm=organic&iid=a8978fc0-5162-4674-a381-2f901c35a418.ACCHEA3SWH8JDV9J.SEARCH&ppt=None&ppn=None&ssid=muci6kwyog0000001779038283117&qH=edd443896ef5dbfc&ov_redirect=true&ov_redirect=true,,flipkart
"AIZINA Wireless Stereo Headphones with Mic & SD Card, E...₹430₹4,19989% offOnly few leftAdd to Compare",headphones,430.0,4199.0,89.0,0.0,0,https://rukminim2.flixcart.com/image/612/612/xif0q/headphone/o/k/u/wireless-stereo-headphones-with-mic-sd-card-extra-battery-backup-original-imahgae4hwgvdtkx.jpeg?q=70,https://www.flipkart.com/aizina-wireless-stereo-headphones-mic-sd-card-extra-battery-backup-zu-bluetooth-wired/p/itm54b25cca37f84?pid=ACCHGAE4U2HFKYZV&lid=LSTACCHGAE4U2HFKYZVP0FYZ7&marketplace=FLIPKART&q=headphones&store=0pm%2Ffcn%2Fgc3&srno=s_1_26&otracker=search&fm=organic&iid=a8978fc0-5162-4674-a381-2f901c35a418.ACCHGAE4U2HFKYZV.SEARCH&ppt=None&ppn=None&ssid=muci6kwyog0000001779038283117&qH=edd443896ef5dbfc&ov_redirect=true&ov_redirect=true,,flipkart
"truke BTG 500 with 40mm Drivers, 10H of Playtime, Dual ...4.1(4,158)₹899₹2,49964% offSALE PE SALEAdd to Compare",headphones,899.0,2499.0,64.0,4.1,4158,https://rukminim2.flixcart.com/image/612/612/xif0q/headphone/u/b/j/-original-imah4jfepgqxwga2.jpeg?q=70,https://www.flipkart.com/truke-btg-500-40mm-drivers-10h-playtime-dual-pairing-gaming-mode-enc-5-4v-bluetooth/p/itm7b5ea9e48e311?pid=ACCH32NGQG88S75Z&lid=LSTACCH32NGQG88S75ZTP7M8O&marketplace=FLIPKART&q=headphones&store=0pm%2Ffcn%2Fgc3&srno=s_1_27&otracker=search&fm=organic&iid=en_FMKNtOgjHTqHwhihXAQSPRkgnXowItAPM9jPjkm-jAxn7rU2VjZ9EoMDrSGfsqArZ_wc8ibPkebDR8fhcNX1qCsp2Pb6ljaD52iOeV1GD4o%3D&ppt=None&ppn=None&ssid=muci6kwyog0000001779038283117&qH=edd443896ef5dbfc&ov_redirect=true&ov_redirect=true,,flipkart
"boAt Rockerz 413,60H Battery,ENx, BEAST Mode, Dual Pair...4.2(4,10,200)₹1,199₹2,99059% offSALE PE SALEAdd to Compare",headphones,1199.0,2990.0,59.0,4.2,410200,https://rukminim2.flixcart.com/image/612/612/xif0q/headphone/9/a/d/-original-imahgnf4h2xjhtb9.jpeg?q=70,https://www.flipkart.com/boat-rockerz-413-60h-battery-enx-beast-mode-dual-pair-stream-ad-free-music-via-app-bluetooth/p/itm7e09648b89d4f?pid=ACCHCY6AB8CWSXU6&lid=LSTACCHCY6AB8CWSXU6LXYECD&marketplace=FLIPKART&q=headphones&store=0pm%2Ffcn%2Fgc3&srno=s_1_28&otracker=search&fm=organic&iid=en_FMKNtOgjHTqHwhihXAQSPRkgnXowItAPM9jPjkm-jAy_bT1OUZyRYOY0c3PGhdomTYXB3hfcJ7UOCzFtJV3FqyqhaHrzSI4OjvZa1DRoeKc%3D&ppt=None&ppn=None&ssid=muci6kwyog0000001779038283117&qH=edd443896ef5dbfc&ov_redirect=true&ov_redirect=true,,flipkart
"F FERONS Foldable Over-Ear Design Bluetooth 5.0 – Hi-Fi...3.8(25,132)₹297₹2,59988% offOnly few leftAdd to Compare",headphones,297.0,2599.0,88.0,3.8,25132,https://rukminim2.flixcart.com/image/612/612/xif0q/headphone/r/q/l/foldable-over-ear-design-bluetooth-5-0-hi-fi-sound-for-music-original-imahdnsgyrhzhdpk.jpeg?q=70,https://www.flipkart.com/f-ferons-foldable-over-ear-design-bluetooth-5-0-hi-fi-sound-for-music-work-calls/p/itmbd755728ef62a?pid=ACCHDNSG2YYMMENV&lid=LSTACCHDNSG2YYMMENVC0Q8UT&marketplace=FLIPKART&q=headphones&store=0pm%2Ffcn%2Fgc3&srno=s_1_29&otracker=search&fm=organic&iid=a8978fc0-5162-4674-a381-2f901c35a418.ACCHDNSG2YYMMENV.SEARCH&ppt=None&ppn=None&ssid=muci6kwyog0000001779038283117&qH=edd443896ef5dbfc&ov_redirect=true&ov_redirect=true,,flipkart
"F FERONS Wireless Foldable Sports Stereo With Microphon...3.8(25,132)₹295₹2,59988% offOnly few leftAdd to Compare",headphones,295.0,2599.0,88.0,3.8,25132,https://rukminim2.flixcart.com/image/612/612/xif0q/headphone/t/l/v/wireless-foldable-sports-stereo-with-microphone-memory-card-original-imahdnscr8m3nrhc.jpeg?q=70,https://www.flipkart.com/f-ferons-wireless-foldable-sports-stereo-microphone-memory-card-supported-bluetooth/p/itma70174f87e12e?pid=ACCHDNTYK78VN6PK&lid=LSTACCHDNTYK78VN6PKOANIYD&marketplace=FLIPKART&q=headphones&store=0pm%2Ffcn%2Fgc3&srno=s_1_30&otracker=search&fm=organic&iid=a8978fc0-5162-4674-a381-2f901c35a418.ACCHDNTYK78VN6PK.SEARCH&ppt=None&ppn=None&ssid=muci6kwyog0000001779038283117&qH=edd443896ef5dbfc&ov_redirect=true&ov_redirect=true,,flipkart
"GOBOULT Fluid X Pro ANC Calling, 70Hrs Battery Life, Fo...4(21,840)₹2,299₹7,99971% offBank OfferAdd to Compare",headphones,2299.0,7999.0,71.0,4.0,21840,https://rukminim2.flixcart.com/image/612/612/xif0q/headphone/m/t/5/-original-imahf77sttdscszt.jpeg?q=70,https://www.flipkart.com/goboult-fluid-x-pro-anc-calling-70hrs-battery-life-foldable-design-bluetooth-wired/p/itm16560bdf07057?pid=ACCHF634ZFQV2QTD&lid=LSTACCHF634ZFQV2QTD7Q0BXH&marketplace=FLIPKART&q=headphones&store=0pm%2Ffcn%2Fgc3&srno=s_1_31&otracker=search&fm=organic&iid=en_FMKNtOgjHTqHwhihXAQSPRkgnXowItAPM9jPjkm-jAxNN0g35gupwH32tg9y73na-_0kFzxoGQTsA-SKzvH6VtmEaX_1OVaDgohoY5ZV-y8%3D&ppt=None&ppn=None&ssid=muci6kwyog0000001779038283117&qH=edd443896ef5dbfc&ov_redirect=true&ov_redirect=true,,flipkart
"PunnkFunnk GM K20 Gaming Headset, Over Ear Gaming Headp...3.7(345)₹928₹4,99981% offBank OfferAdd to Compare",headphones,928.0,4999.0,81.0,3.7,345,https://rukminim2.flixcart.com/image/612/612/xif0q/headphone/y/7/o/gm-k20-gaming-headset-over-ear-gaming-headphones-with-mic-original-imahmh236audfkrq.jpeg?q=70,https://www.flipkart.com/punnkfunnk-gm-k20-gaming-headset-over-ear-headphones-mic-wired/p/itmee98f4dc5f149?pid=ACCGVUSAZNPGZQGD&lid=LSTACCGVUSAZNPGZQGDYEI9SL&marketplace=FLIPKART&q=headphones&store=0pm%2Ffcn%2Fgc3&srno=s_1_32&otracker=search&fm=organic&iid=en_FMKNtOgjHTqHwhihXAQSPRkgnXowItAPM9jPjkm-jAzwJUTOIPE_pbgCMFSmWX5wnfUsL3X_kI8wMdahpsVJzg%3D%3D&ppt=None&ppn=None&ssid=muci6kwyog0000001779038283117&qH=edd443896ef5dbfc&ov_redirect=true&ov_redirect=true,,flipkart
"Techpunch 100% BEST SOUND QUALITY BLUETOOTH HEADPHONE F...3.5(1,089)₹297₹99970% offOnly few leftAdd to Compare",headphones,297.0,999.0,70.0,3.5,1089,https://rukminim2.flixcart.com/image/612/612/xif0q/headphone/i/b/l/100-best-sound-quality-bluetooth-headphone-for-gaming-music-for-original-imagsyu2bq55yzmw.jpeg?q=70,https://www.flipkart.com/techpunch-100-best-sound-quality-bluetooth-headphone-gaming-music-all-device-wired/p/itmb83816cf3cb8f?pid=ACCGSYU3UFFTNZRR&lid=LSTACCGSYU3UFFTNZRR2NE6F2&marketplace=FLIPKART&q=headphones&store=0pm%2Ffcn%2Fgc3&srno=s_1_33&otracker=search&fm=organic&iid=a8978fc0-5162-4674-a381-2f901c35a418.ACCGSYU3UFFTNZRR.SEARCH&ppt=None&ppn=None&ssid=muci6kwyog0000001779038283117&qH=edd443896ef5dbfc&ov_redirect=true&ov_redirect=true,,flipkart
"TWS Gaming Bluetooth Headphones with Deep Bass and Arou...2.9(9)₹439₹4,19989% offOnly few leftAdd to Compare",headphones,439.0,4199.0,89.0,2.9,9,https://rukminim2.flixcart.com/image/612/612/xif0q/headphone/r/r/q/gaming-bluetooth-headphones-with-deep-bass-and-around-ear-design-original-imahg4zuz5jzvfkz.jpeg?q=70,https://www.flipkart.com/tws-gaming-bluetooth-headphones-deep-bass-around-ear-design-uh-wired/p/itma226868311959?pid=ACCHG4ZZJDZZXUZJ&lid=LSTACCHG4ZZJDZZXUZJFAGLIS&marketplace=FLIPKART&q=headphones&store=0pm%2Ffcn%2Fgc3&srno=s_1_34&otracker=search&fm=organic&iid=a8978fc0-5162-4674-a381-2f901c35a418.ACCHG4ZZJDZZXUZJ.SEARCH&ppt=None&ppn=None&ssid=muci6kwyog0000001779038283117&qH=edd443896ef5dbfc&ov_redirect=true&ov_redirect=true,,flipkart
"F FERONS Compact Foldable Headphone Crystal Crisp Clear...3.8(25,132)₹295₹2,59988% offOnly few leftAdd to Compare",headphones,295.0,2599.0,88.0,3.8,25132,https://rukminim2.flixcart.com/image/612/612/xif0q/headphone/t/s/j/compact-foldable-headphone-crystal-crisp-clear-audio-soft-original-imahfv3ddhhfnqma.jpeg?q=70,https://www.flipkart.com/f-ferons-compact-foldable-headphone-crystal-crisp-clear-audio-soft-cushion-design-bluetooth/p/itmac7ec18b0fc94?pid=ACCHF8ZCYRYMAGQS&lid=LSTACCHF8ZCYRYMAGQSRLJCBS&marketplace=FLIPKART&q=headphones&store=0pm%2Ffcn%2Fgc3&srno=s_1_35&otracker=search&fm=organic&iid=a8978fc0-5162-4674-a381-2f901c35a418.ACCHF8ZCYRYMAGQS.SEARCH&ppt=None&ppn=None&ssid=muci6kwyog0000001779038283117&qH=edd443896ef5dbfc&ov_redirect=true&ov_redirect=true,,flipkart
"F FERONS Foldable Headphone Stylish & Durable High Qual...3.8(25,132)₹297₹2,59988% offOnly few leftAdd to Compare",headphones,297.0,2599.0,88.0,3.8,25132,https://rukminim2.flixcart.com/image/612/612/xif0q/headphone/h/f/g/foldable-headphone-stylish-durable-high-quality-stereo-sound-aux-original-imahfv3arch5fakg.jpeg?q=70,https://www.flipkart.com/f-ferons-foldable-headphone-stylish-durable-high-quality-stereo-sound-aux-support-bluetooth/p/itm49271e3366ee1?pid=ACCHF8ZDZCH3GHHE&lid=LSTACCHF8ZDZCH3GHHEU8MLSI&marketplace=FLIPKART&q=headphones&store=0pm%2Ffcn%2Fgc3&srno=s_1_36&otracker=search&fm=organic&iid=a8978fc0-5162-4674-a381-2f901c35a418.ACCHF8ZDZCH3GHHE.SEARCH&ppt=None&ppn=None&ssid=muci6kwyog0000001779038283117&qH=edd443896ef5dbfc&ov_redirect=true&ov_redirect=true,,flipkart
"TRIGGR Punkheadz Z2 with 50H Battery, Dual Pairing, 40m...4.3(1,666)₹1,099₹4,99978% offSALE PE SALEAdd to Compare",headphones,1099.0,4999.0,78.0,4.3,1666,https://rukminim2.flixcart.com/image/612/612/xif0q/headphone/g/b/k/-original-imahmh2edkrzb8ez.jpeg?q=70,https://www.flipkart.com/triggr-punkheadz-z2-50h-battery-dual-pairing-40mm-drivers-enc-aux-port-v5-4-bluetooth/p/itm0ce6e645e7f93?pid=ACCHMYT5HVWGFG8Z&lid=LSTACCHMYT5HVWGFG8ZAJMZJE&marketplace=FLIPKART&q=headphones&store=0pm%2Ffcn%2Fgc3&srno=s_1_37&otracker=search&fm=organic&iid=en_FMKNtOgjHTqHwhihXAQSPRkgnXowItAPM9jPjkm-jAxHmjDIcZNM6HOo4a93bt7RaBqF7PVj92qzv4Z0nVsWx_NzSJq5vUoApsGIr4piuio%3D&ppt=None&ppn=None&ssid=muci6kwyog0000001779038283117&qH=edd443896ef5dbfc&ov_redirect=true&ov_redirect=true,,flipkart
"GOBOULT Fluid X 60Hrs, 40mm Drivers, Foldable design, E...4(21,840)₹1,999₹5,99966% offBank OfferAdd to Compare",headphones,1999.0,5999.0,66.0,4.0,21840,https://rukminim2.flixcart.com/image/612/612/xif0q/headphone/o/o/s/-original-imahf77syamgxzfy.jpeg?q=70,https://www.flipkart.com/goboult-fluid-x-60hrs-40mm-drivers-foldable-design-enc-mic-5-4v-bluetooth-wired/p/itm8f4302035813f?pid=ACCHF634UXAKXXUH&lid=LSTACCHF634UXAKXXUH4BVJTC&marketplace=FLIPKART&q=headphones&store=0pm%2Ffcn%2Fgc3&srno=s_1_38&otracker=search&fm=organic&iid=en_FMKNtOgjHTqHwhihXAQSPRkgnXowItAPM9jPjkm-jAyn482P4QT2YNRS3IxjWJeYT8uKAzhRF2szHUrNqH6gcr3nN5BP0oUQf7sdSRT1im4%3D&ppt=None&ppn=None&ssid=muci6kwyog0000001779038283117&qH=edd443896ef5dbfc&ov_redirect=true&ov_redirect=true,,flipkart
"PTron Studio w/ 60hrs Playtime, Dual-device Pairing, HD...3.9(2,164)₹649₹2,59975% offBank OfferAdd to Compare",headphones,649.0,2599.0,75.0,3.9,2164,https://rukminim2.flixcart.com/image/612/612/xif0q/headphone/t/x/i/-original-imahg5yzrgny2zv5.jpeg?q=70,https://www.flipkart.com/ptron-studio-w-60hrs-playtime-dual-device-pairing-hd-mic-40mm-drivers-bt5-4-bluetooth-wired/p/itma2e45ff98eb7c?pid=ACCHH5CAHYCBHZCZ&lid=LSTACCHH5CAHYCBHZCZKX4JWC&marketplace=FLIPKART&q=headphones&store=0pm%2Ffcn%2Fgc3&srno=s_1_39&otracker=search&fm=organic&iid=a8978fc0-5162-4674-a381-2f901c35a418.ACCHH5CAHYCBHZCZ.SEARCH&ppt=None&ppn=None&ssid=muci6kwyog0000001779038283117&qH=edd443896ef5dbfc&ov_redirect=true&ov_redirect=true,,flipkart
"PTron Studio Pro w/ 65hrs Playtime, Dual-device Pairing...4(2,583)₹749₹2,59971% offSALE PE SALEAdd to Compare",headphones,749.0,2599.0,71.0,4.0,2583,https://rukminim2.flixcart.com/image/612/612/xif0q/headphone/v/o/0/-original-imahgzhfbh2k2n3u.jpeg?q=70,https://www.flipkart.com/ptron-studio-pro-w-65hrs-playtime-dual-device-pairing-ai-enc-calls-pristine-sound-bluetooth/p/itmecc0e012b8381?pid=ACCHGBHAD28ZGGPH&lid=LSTACCHGBHAD28ZGGPHB8FOCI&marketplace=FLIPKART&q=headphones&store=0pm%2Ffcn%2Fgc3&srno=s_1_40&otracker=search&fm=organic&iid=a8978fc0-5162-4674-a381-2f901c35a418.ACCHGBHAD28ZGGPH.SEARCH&ppt=None&ppn=None&ssid=muci6kwyog0000001779038283117&qH=edd443896ef5dbfc&ov_redirect=true&ov_redirect=true,,flipkart
"TRIGGR Trinity 2 with Dual Pairing, ENC, Fast Charge, 5...3.9(22,113)₹699₹2,99976% offSALE PE SALEAdd to Compare",headphones,699.0,2999.0,76.0,3.9,22113,https://rukminim2.flixcart.com/image/612/612/xif0q/headphone/c/2/d/-original-imahafrzuterwrbk.jpeg?q=70,https://www.flipkart.com/triggr-trinity-2-dual-pairing-enc-fast-charge-50h-battery-rubber-finish-v5-3-bluetooth/p/itm7069ab0b0c2fc?pid=ACCH8Q2VF8FB3BVZ&lid=LSTACCH8Q2VF8FB3BVZU7MBD1&marketplace=FLIPKART&q=headphones&store=0pm%2Ffcn%2Fgc3&srno=s_2_41&otracker=search&fm=organic&iid=en_EVtoDzprgZ-6BGLHyNJhdj0cArllzx75uqSlC-1-jMyvFQ9iv7S8ZbYdjihAqLHCSF9ftOyq-jtLjTWduoqZCU0Lqp3nUBlQeeazI_xhu1k%3D&ppt=None&ppn=None&ssid=a5sol7m3740000001779038285346&qH=edd443896ef5dbfc&ov_redirect=true&ov_redirect=true,,flipkart
"TRIGGR Trinity 2 with Dual Pairing, ENC, Fast Charge, 5...3.9(22,113)₹699₹2,99976% offSALE PE SALEAdd to Compare",headphones,699.0,2999.0,76.0,3.9,22113,https://rukminim2.flixcart.com/image/612/612/xif0q/headphone/d/x/r/-original-imahew8jzbryezuj.jpeg?q=70,https://www.flipkart.com/triggr-trinity-2-dual-pairing-enc-fast-charge-50h-battery-rubber-finish-v5-3-bluetooth/p/itmf187255153195?pid=ACCHE5CSYGVG5H97&lid=LSTACCHE5CSYGVG5H973JEXVM&marketplace=FLIPKART&q=headphones&store=0pm%2Ffcn%2Fgc3&srno=s_2_42&otracker=search&fm=organic&iid=en_EVtoDzprgZ-6BGLHyNJhdj0cArllzx75uqSlC-1-jMyL21d4Fn995k3hODfujoxne_q06m-74uFJKl2dcgoa-Hbokvd1CzEZnIJbyf1TmFY%3D&ppt=None&ppn=None&ssid=a5sol7m3740000001779038285346&qH=edd443896ef5dbfc&ov_redirect=true&ov_redirect=true,,flipkart
"Thundercharge Monster Wireless headphones Bluetooth & W...₹489₹2,99983% offSALE PE SALEAdd to Compare",headphones,489.0,2999.0,83.0,0.0,0,https://rukminim2.flixcart.com/image/612/612/xif0q/headphone/l/k/8/monster-wireless-headphones-thundercharge-original-imahkntag6zmqryr.jpeg?q=70,https://www.flipkart.com/thundercharge-monster-wireless-headphones-bluetooth-wired/p/itm881d2eb356790?pid=ACCHKNTCBTD6BHXF&lid=LSTACCHKNTCBTD6BHXFVQB64I&marketplace=FLIPKART&q=headphones&store=0pm%2Ffcn%2Fgc3&srno=s_2_43&otracker=search&fm=organic&iid=9279cf4d-ebea-4c5d-8877-f43f1f696031.ACCHKNTCBTD6BHXF.SEARCH&ppt=None&ppn=None&ssid=a5sol7m3740000001779038285346&qH=edd443896ef5dbfc&ov_redirect=true&ov_redirect=true,,flipkart
"F FERONS Wireless Lightweight, Soft Pads Built-In Mic F...3.8(25,132)₹297₹2,59988% offOnly few leftAdd to Compare",headphones,297.0,2599.0,88.0,3.8,25132,https://rukminim2.flixcart.com/image/612/612/xif0q/headphone/u/y/a/wireless-lightweight-soft-pads-built-in-mic-for-travel-gym-original-imahe6qvsnrznqcg.jpeg?q=70,https://www.flipkart.com/f-ferons-wireless-lightweight-soft-pads-built-in-mic-travel-gym-running-bluetooth/p/itmfe62610d6b640?pid=ACCHDNSRYSTXS5WV&lid=LSTACCHDNSRYSTXS5WVEVLTCQ&marketplace=FLIPKART&q=headphones&store=0pm%2Ffcn%2Fgc3&srno=s_2_44&otracker=search&fm=organic&iid=9279cf4d-ebea-4c5d-8877-f43f1f696031.ACCHDNSRYSTXS5WV.SEARCH&ppt=None&ppn=None&ssid=a5sol7m3740000001779038285346&qH=edd443896ef5dbfc&ov_redirect=true&ov_redirect=true,,flipkart
"PTron Studio Evo w/ Dual-Device Pairing, 70Hrs Playtime...4.1(11,037)₹699₹3,19978% offSALE PE SALEAdd to Compare",headphones,699.0,3199.0,78.0,4.1,11037,https://rukminim2.flixcart.com/image/612/612/xif0q/headphone/4/l/d/-original-imahhg2kduxhhhgr.jpeg?q=70,https://www.flipkart.com/ptron-studio-evo-w-dual-device-pairing-70hrs-playtime-pristine-audio-clear-calls-bluetooth/p/itmed65c41d8e097?pid=ACCHECD7TFHA8HMX&lid=LSTACCHECD7TFHA8HMXRINOTR&marketplace=FLIPKART&q=headphones&store=0pm%2Ffcn%2Fgc3&srno=s_2_45&otracker=search&fm=organic&iid=9279cf4d-ebea-4c5d-8877-f43f1f696031.ACCHECD7TFHA8HMX.SEARCH&ppt=None&ppn=None&ssid=a5sol7m3740000001779038285346&qH=edd443896ef5dbfc&ov_redirect=true&ov_redirect=true,,flipkart
"PTron Studio Pro w/ 65hrs Playtime, Dual-device Pairing...4(2,583)₹749₹2,59971% offBank OfferAdd to Compare",headphones,749.0,2599.0,71.0,4.0,2583,https://rukminim2.flixcart.com/image/612/612/xif0q/headphone/5/j/8/-original-imahgzhfxhquvu9h.jpeg?q=70,https://www.flipkart.com/ptron-studio-pro-w-65hrs-playtime-dual-device-pairing-ai-enc-calls-pristine-sound-bluetooth/p/itmbb8bf9fd3f14e?pid=ACCHGBHAGCMKDTYF&lid=LSTACCHGBHAGCMKDTYFNYWCPY&marketplace=FLIPKART&q=headphones&store=0pm%2Ffcn%2Fgc3&srno=s_2_46&otracker=search&fm=organic&iid=9279cf4d-ebea-4c5d-8877-f43f1f696031.ACCHGBHAGCMKDTYF.SEARCH&ppt=None&ppn=None&ssid=a5sol7m3740000001779038285346&qH=edd443896ef5dbfc&ov_redirect=true&ov_redirect=true,,flipkart
"TRIGGR Trinity 3 with Fabric Finish, Dual Pairing, 50H ...4(1,271)₹999₹3,99975% offSALE PE SALEAdd to Compare",headphones,999.0,3999.0,75.0,4.0,1271,https://rukminim2.flixcart.com/image/612/612/xif0q/headphone/e/j/1/-original-imahg6wkgxsbzhsm.jpeg?q=70,https://www.flipkart.com/triggr-trinity-3-fabric-finish-dual-pairing-50h-battery-foldable-design-v5-3-bluetooth/p/itm9d3077d988bc9?pid=ACCHGPKHUMUYHE7K&lid=LSTACCHGPKHUMUYHE7KTQMDMU&marketplace=FLIPKART&q=headphones&store=0pm%2Ffcn%2Fgc3&srno=s_2_47&otracker=search&fm=organic&iid=en_EVtoDzprgZ-6BGLHyNJhdj0cArllzx75uqSlC-1-jMzRDfaWjE6-rHss4NUK2cd3gmslK8rOr08uYu7WaJFHao1S1pI3rCk1qbkKPcNlckM%3D&ppt=None&ppn=None&ssid=a5sol7m3740000001779038285346&qH=edd443896ef5dbfc&ov_redirect=true&ov_redirect=true,,flipkart
"GOBOULT Q 70Hr, ENC Mic, 40mm Bass Boosted Drivers, 4EQ...4(21,840)₹1,798₹5,99970% offBank OfferAdd to Compare",headphones,1798.0,5999.0,70.0,4.0,21840,https://rukminim2.flixcart.com/image/612/612/xif0q/headphone/l/c/y/-original-imahej2rx6bjwg2v.jpeg?q=70,https://www.flipkart.com/goboult-q-70hr-enc-mic-40mm-bass-boosted-drivers-4eq-modes-5-4v-bluetooth-wired/p/itm2f5f72ac9cc71?pid=ACCH3WJ5U5GPBFC8&lid=LSTACCH3WJ5U5GPBFC8MYHY6P&marketplace=FLIPKART&q=headphones&store=0pm%2Ffcn%2Fgc3&srno=s_2_48&otracker=search&fm=organic&iid=en_EVtoDzprgZ-6BGLHyNJhdj0cArllzx75uqSlC-1-jMyQg4fHPKtfti-hl-EpPiHcAYcBDYGGMqSFRlu-X-y-Juo15S0a61Wzzbg3qNOknKY%3D&ppt=None&ppn=None&ssid=a5sol7m3740000001779038285346&qH=edd443896ef5dbfc&ov_redirect=true&ov_redirect=true,,flipkart
Worricow Super Extra Bass Bluetooth Headset Bluetooth3.5(881)₹297₹99970% offOnly few leftAdd to Compare,headphones,297.0,999.0,70.0,3.5,881,https://rukminim2.flixcart.com/image/612/612/xif0q/headphone/l/f/u/super-extra-bass-bluetooth-headset-worricow-original-imahgsa2ban9zdtm.jpeg?q=70,https://www.flipkart.com/worricow-super-extra-bass-bluetooth-headset/p/itm079c4c83d0e3e?pid=ACCGMHC8MTQHH7HW&lid=LSTACCGMHC8MTQHH7HWOMQV6K&marketplace=FLIPKART&q=headphones&store=0pm%2Ffcn%2Fgc3&srno=s_2_49&otracker=search&fm=organic&iid=9279cf4d-ebea-4c5d-8877-f43f1f696031.ACCGMHC8MTQHH7HW.SEARCH&ppt=None&ppn=None&ssid=a5sol7m3740000001779038285346&qH=edd443896ef5dbfc&ov_redirect=true&ov_redirect=true,,flipkart
"boAt Rockerz 371, 40mm Drivers, 50H Battery, BEAST Mode...4.1(4,366)₹999₹2,99966% offBank OfferAdd to Compare",headphones,999.0,2999.0,66.0,4.1,4366,https://rukminim2.flixcart.com/image/612/612/xif0q/headphone/q/g/7/-original-imahfywk4xrpjsyz.jpeg?q=70,https://www.flipkart.com/boat-rockerz-371-40mm-drivers-50h-battery-beast-mode-enx-voice-assistant-bt-v5-4-bluetooth/p/itm7956c53f24ee5?pid=ACCHEYBVGA8GJVT9&lid=LSTACCHEYBVGA8GJVT99GQENZ&marketplace=FLIPKART&q=headphones&store=0pm%2Ffcn%2Fgc3&srno=s_2_50&otracker=search&fm=organic&iid=9279cf4d-ebea-4c5d-8877-f43f1f696031.ACCHEYBVGA8GJVT9.SEARCH&ppt=None&ppn=None&ssid=a5sol7m3740000001779038285346&qH=edd443896ef5dbfc&ov_redirect=true&ov_redirect=true,,flipkart
"boAt Rockerz 430, 40ms Latency, 40H Battery, Stream Ad ...4.1(66,311)₹1,299₹2,49047% offBank OfferAdd to Compare",headphones,1299.0,2490.0,47.0,4.1,66311,https://rukminim2.flixcart.com/image/612/612/xif0q/headphone/0/r/5/-original-imahgnf4gectpgv7.jpeg?q=70,https://www.flipkart.com/boat-rockerz-430-40ms-latency-40h-battery-stream-ad-free-music-via-app-bluetooth/p/itm5dca8110e361c?pid=ACCH44E5WV9JCZ5Z&lid=LSTACCH44E5WV9JCZ5Z2EJNOB&marketplace=FLIPKART&q=headphones&store=0pm%2Ffcn%2Fgc3&srno=s_2_51&otracker=search&fm=organic&iid=en_EVtoDzprgZ-6BGLHyNJhdj0cArllzx75uqSlC-1-jMxH-sqVAshRrGRo8dYjfAZCP79tS_5Msbd8nZx_NPsLpvUFjCTyOHoHZs-Z5_PS_w0%3D&ppt=None&ppn=None&ssid=a5sol7m3740000001779038285346&qH=edd443896ef5dbfc&ov_redirect=true&ov_redirect=true,,flipkart
"TRIGGR Trinity 3 with Fabric Finish, Dual Pairing, 50H ...4(1,271)₹999₹3,99975% offSALE PE SALEAdd to Compare",headphones,999.0,3999.0,75.0,4.0,1271,https://rukminim2.flixcart.com/image/612/612/xif0q/headphone/u/5/l/-original-imahg6wkandsvt4y.jpeg?q=70,https://www.flipkart.com/triggr-trinity-3-fabric-finish-dual-pairing-50h-battery-foldable-design-v5-3-bluetooth/p/itm5979a99d7d2e5?pid=ACCHGPKHCHYWZUNR&lid=LSTACCHGPKHCHYWZUNRTLIPKW&marketplace=FLIPKART&q=headphones&store=0pm%2Ffcn%2Fgc3&srno=s_2_52&otracker=search&fm=organic&iid=en_EVtoDzprgZ-6BGLHyNJhdj0cArllzx75uqSlC-1-jMwDbWZ0-LeuFahCmpyMHr31jLFDxYQKC7uogT--MaZdONT29QNQVU4kmpt6AERHFAg%3D&ppt=None&ppn=None&ssid=a5sol7m3740000001779038285346&qH=edd443896ef5dbfc&ov_redirect=true&ov_redirect=true,,flipkart
"TWS Recharge Support Headphones with Mic, SD Card, Long...4.1(34)₹423₹4,19989% offLowest Price LiveAdd to Compare",headphones,423.0,4199.0,89.0,4.1,34,https://rukminim2.flixcart.com/image/612/612/xif0q/headphone/o/q/q/daily-travel-headphones-with-mic-sd-card-playback-extended-original-imahhhyxhfe6qrbw.jpeg?q=70,https://www.flipkart.com/tws-recharge-support-headphones-mic-sd-card-long-runtime-e7-bluetooth-wired/p/itm93a661f2cbdfe?pid=ACCHHHZYW8EAZ66B&lid=LSTACCHHHZYW8EAZ66BMS4UA8&marketplace=FLIPKART&q=headphones&store=0pm%2Ffcn%2Fgc3&srno=s_2_53&otracker=search&fm=organic&iid=9279cf4d-ebea-4c5d-8877-f43f1f696031.ACCHHHZYW8EAZ66B.SEARCH&ppt=None&ppn=None&ssid=a5sol7m3740000001779038285346&qH=edd443896ef5dbfc&ov_redirect=true&ov_redirect=true,,flipkart
"PTron Studio Evo w/ Dual-Device Pairing, 70Hrs Playtime...4.1(11,037)₹699₹3,19978% offBank OfferAdd to Compare",headphones,699.0,3199.0,78.0,4.1,11037,https://rukminim2.flixcart.com/image/612/612/xif0q/headphone/j/i/g/-original-imahb2dvdr3f4vzc.jpeg?q=70,https://www.flipkart.com/ptron-studio-evo-w-dual-device-pairing-70hrs-playtime-pristine-audio-clear-calls-bluetooth/p/itm528fd260133c3?pid=ACCH8J5VFJQFSFSJ&lid=LSTACCH8J5VFJQFSFSJBDJMZJ&marketplace=FLIPKART&q=headphones&store=0pm%2Ffcn%2Fgc3&srno=s_2_54&otracker=search&fm=organic&iid=9279cf4d-ebea-4c5d-8877-f43f1f696031.ACCH8J5VFJQFSFSJ.SEARCH&ppt=None&ppn=None&ssid=a5sol7m3740000001779038285346&qH=edd443896ef5dbfc&ov_redirect=true&ov_redirect=true,,flipkart
"Ovista P9 HEADPHONE Bluetooth & Wired₹486₹1,99975% offOnly few leftAdd to Compare",headphones,486.0,1999.0,75.0,0.0,0,https://rukminim2.flixcart.com/image/612/612/xif0q/headphone/c/d/u/p9-headphone-ovista-original-imahhj48kpkjggdb.jpeg?q=70,https://www.flipkart.com/ovista-p9-headphone-bluetooth-wired/p/itm36f7fe4543498?pid=ACCHHJ49RTYRZ8ZR&lid=LSTACCHHJ49RTYRZ8ZRXDNBDI&marketplace=FLIPKART&q=headphones&store=0pm%2Ffcn%2Fgc3&srno=s_2_55&otracker=search&fm=organic&iid=9279cf4d-ebea-4c5d-8877-f43f1f696031.ACCHHJ49RTYRZ8ZR.SEARCH&ppt=None&ppn=None&ssid=a5sol7m3740000001779038285346&qH=edd443896ef5dbfc&ov_redirect=true&ov_redirect=true,,flipkart
"Roshantechenterprise P9 Wireless Bluetooth Headphone Bl...3(5)₹458₹1,29964% offOnly few leftAdd to Compare",headphones,458.0,1299.0,64.0,3.0,5,https://rukminim2.flixcart.com/image/612/612/xif0q/headphone/u/b/n/p9-wireless-bluetooth-headphone-roshantechenterprise-original-imahmyut7fgfvygm.jpeg?q=70,https://www.flipkart.com/roshantechenterprise-p9-wireless-bluetooth-headphone-wired/p/itmac92a07dbae3a?pid=ACCHMYUTYHHU7EZB&lid=LSTACCHMYUTYHHU7EZBMKZG5A&marketplace=FLIPKART&q=headphones&store=0pm%2Ffcn%2Fgc3&srno=s_2_56&otracker=search&fm=organic&iid=9279cf4d-ebea-4c5d-8877-f43f1f696031.ACCHMYUTYHHU7EZB.SEARCH&ppt=None&ppn=None&ssid=a5sol7m3740000001779038285346&qH=edd443896ef5dbfc&ov_redirect=true&ov_redirect=true,,flipkart
"GOBOULT Mustang Q 70Hrs Battery, ENC Mic, 40mm Drivers,...4.2(5,536)₹2,499₹6,99964% offBank OfferAdd to Compare",headphones,2499.0,6999.0,64.0,4.2,5536,https://rukminim2.flixcart.com/image/612/612/xif0q/headphone/n/5/x/-original-imahej2rrxg4b2ew.jpeg?q=70,https://www.flipkart.com/goboult-mustang-q-70hrs-battery-enc-mic-40mm-drivers-4eq-modes-5-4v-bluetooth-wired/p/itmce195bb800aac?pid=ACCH8KFYHKYG3ZFU&lid=LSTACCH8KFYHKYG3ZFU46NBUT&marketplace=FLIPKART&q=headphones&store=0pm%2Ffcn%2Fgc3&srno=s_2_57&otracker=search&fm=organic&iid=en_EVtoDzprgZ-6BGLHyNJhdj0cArllzx75uqSlC-1-jMzpr_XdBbyXoIWMmIA2Mb_qVkDCSjJrQp5jd4z2t6mN92Vkv0XZFiOX7bbXdlao_f8%3D&ppt=None&ppn=None&ssid=a5sol7m3740000001779038285346&qH=edd443896ef5dbfc&ov_redirect=true&ov_redirect=true,,flipkart
"TRIGGR Trinity 2 with Dual Pairing, ENC, Fast Charge, 5...3.9(22,113)₹750₹2,99974% offBank OfferAdd to Compare",headphones,750.0,2999.0,74.0,3.9,22113,https://rukminim2.flixcart.com/image/612/612/xif0q/headphone/f/c/z/-original-imahafshasnhfjvd.jpeg?q=70,https://www.flipkart.com/triggr-trinity-2-dual-pairing-enc-fast-charge-50h-battery-rubber-finish-v5-3-bluetooth/p/itm03c651cfe2be4?pid=ACCH8Q2VGN7MHYHS&lid=LSTACCH8Q2VGN7MHYHSCMGABG&marketplace=FLIPKART&q=headphones&store=0pm%2Ffcn%2Fgc3&srno=s_2_58&otracker=search&fm=organic&iid=en_EVtoDzprgZ-6BGLHyNJhdj0cArllzx75uqSlC-1-jMw6-bWSly3e-aKDzU2xE3BN8kULOMG_I6ZamiMsbH4tyl1aSK7rb6bQX8t4WB7p1DA%3D&ppt=None&ppn=None&ssid=a5sol7m3740000001779038285346&qH=edd443896ef5dbfc&ov_redirect=true&ov_redirect=true,,flipkart
"ZEBRONICS Duke Pro (WHP-13), 50Hr Backup, ANC & ENC,App...4.3(393)₹1,499₹8,09981% offLowest Price LiveAdd to Compare",headphones,1499.0,8099.0,81.0,4.3,393,https://rukminim2.flixcart.com/image/612/612/xif0q/headphone/x/r/s/-original-imahjgrzyfs8gmgh.jpeg?q=70,https://www.flipkart.com/zebronics-duke-pro-whp-13-50hr-backup-anc-enc-app-support-3eq-modes-bt-v6-0-foldable-bluetooth/p/itmefa3388baea74?pid=ACCHGHGXPYTUFZGD&lid=LSTACCHGHGXPYTUFZGDV2EQTY&marketplace=FLIPKART&q=headphones&store=0pm%2Ffcn%2Fgc3&srno=s_2_59&otracker=search&fm=organic&iid=9279cf4d-ebea-4c5d-8877-f43f1f696031.ACCHGHGXPYTUFZGD.SEARCH&ppt=None&ppn=None&ssid=a5sol7m3740000001779038285346&qH=edd443896ef5dbfc&ov_redirect=true&ov_redirect=true,,flipkart
"house of common Bluetooth On-Ear Headphones with HD Sou...3.7(163)₹426₹4,19989% offOnly few leftAdd to Compare",headphones,426.0,4199.0,89.0,3.7,163,https://rukminim2.flixcart.com/image/612/612/xif0q/headphone/o/r/z/bluetooth-gaming-headset-with-high-definition-audio-and-original-imahgxn8nergmagu.jpeg?q=70,https://www.flipkart.com/house-common-bluetooth-on-ear-headphones-hd-sound-foldable-frame-built-in-mic-yz-wired/p/itm94daed2b6930c?pid=ACCHBFTGBABAMPSR&lid=LSTACCHBFTGBABAMPSRHUWMDX&marketplace=FLIPKART&q=headphones&store=0pm%2Ffcn%2Fgc3&srno=s_2_60&otracker=search&fm=organic&iid=9279cf4d-ebea-4c5d-8877-f43f1f696031.ACCHBFTGBABAMPSR.SEARCH&ppt=None&ppn=None&ssid=a5sol7m3740000001779038285346&qH=edd443896ef5dbfc&ov_redirect=true&ov_redirect=true,,flipkart
"LOPAZ Bluetooth Wireless Headphones Stretchable & Folda...3.8(354)₹498₹1,49966% offSALE PE SALEAdd to Compare",headphones,498.0,1499.0,66.0,3.8,354,https://rukminim2.flixcart.com/image/612/612/xif0q/headphone/3/h/g/bluetooth-wireless-headphones-stretchable-foldable-lopaz-original-imahyg3jhntxgk3y.jpeg?q=70,https://www.flipkart.com/lopaz-bluetooth-wireless-headphones-stretchable-foldable-gaming/p/itmbbf5a7e34f250?pid=ACCFFMME6YA8HX2K&lid=LSTACCFFMME6YA8HX2K3AC5SC&marketplace=FLIPKART&q=headphones&store=0pm%2Ffcn%2Fgc3&srno=s_2_61&otracker=search&fm=organic&iid=en_EVtoDzprgZ-6BGLHyNJhdj0cArllzx75uqSlC-1-jMwG8W8DEwRnRgifT1IMTM1M6V5LQvNbbDdmSZ02-TKwsA%3D%3D&ppt=None&ppn=None&ssid=a5sol7m3740000001779038285346&qH=edd443896ef5dbfc&ov_redirect=true&ov_redirect=true,,flipkart
"truke BTG 500 with 40mm Drivers, 10H of Playtime, Dual ...4.1(4,158)₹899₹2,49964% offSALE PE SALEAdd to Compare",headphones,899.0,2499.0,64.0,4.1,4158,https://rukminim2.flixcart.com/image/612/612/xif0q/headphone/u/b/j/-original-imah4jfepgqxwga2.jpeg?q=70,https://www.flipkart.com/truke-btg-500-40mm-drivers-10h-playtime-dual-pairing-gaming-mode-enc-5-4v-bluetooth/p/itm7b5ea9e48e311?pid=ACCH32NGQG88S75Z&lid=LSTACCH32NGQG88S75ZTP7M8O&marketplace=FLIPKART&q=headphones&store=0pm%2Ffcn%2Fgc3&srno=s_2_62&otracker=search&fm=organic&iid=en_EVtoDzprgZ-6BGLHyNJhdj0cArllzx75uqSlC-1-jMzAuuPPau8iqAdrhIu1Dd0XZ_wc8ibPkebDR8fhcNX1qH2jGuDLx_cmoBdxLHagfOw%3D&ppt=None&ppn=None&ssid=a5sol7m3740000001779038285346&qH=edd443896ef5dbfc&ov_redirect=true&ov_redirect=true,,flipkart
"boAt Rockerz 411,40H Battery, 40ms Latency, Stream Ad F...4.1(6,751)₹1,099₹2,99963% offBank OfferAdd to Compare",headphones,1099.0,2999.0,63.0,4.1,6751,https://rukminim2.flixcart.com/image/612/612/xif0q/headphone/j/1/6/-original-imahgnf49ftmhwcj.jpeg?q=70,https://www.flipkart.com/boat-rockerz-411-40h-battery-40ms-latency-stream-ad-free-music-via-app-bt-v5-4-bluetooth/p/itmf824790d6dde3?pid=ACCHCJW33SSHZY9H&lid=LSTACCHCJW33SSHZY9HXPKHWI&marketplace=FLIPKART&q=headphones&store=0pm%2Ffcn%2Fgc3&srno=s_2_63&otracker=search&fm=organic&iid=9279cf4d-ebea-4c5d-8877-f43f1f696031.ACCHCJW33SSHZY9H.SEARCH&ppt=None&ppn=None&ssid=a5sol7m3740000001779038285346&qH=edd443896ef5dbfc&ov_redirect=true&ov_redirect=true,,flipkart
"ZEBRONICS Zeb-Thunder, True 60Hr Backup, BT v6.0, Gamin...4(1,38,589)₹699₹1,69958% offBank OfferAdd to Compare",headphones,699.0,1699.0,58.0,4.0,138589,https://rukminim2.flixcart.com/image/612/612/xif0q/headphone/z/f/g/-original-imahm9xqgnzbaczt.jpeg?q=70,https://www.flipkart.com/zebronics-zeb-thunder-true-60hr-backup-bt-v6-0-gaming-mode-enc-aux-msd-dual-pairing-bluetooth/p/itmfcfd68516d7da?pid=ACCFBHDF8UG8GQGV&lid=LSTACCFBHDF8UG8GQGV4WG9DI&marketplace=FLIPKART&q=headphones&store=0pm%2Ffcn%2Fgc3&srno=s_2_64&otracker=search&fm=organic&iid=9279cf4d-ebea-4c5d-8877-f43f1f696031.ACCFBHDF8UG8GQGV.SEARCH&ppt=None&ppn=None&ssid=a5sol7m3740000001779038285346&qH=edd443896ef5dbfc&ov_redirect=true&ov_redirect=true,,flipkart
TABARET Best Buy Headphone Multifunctional Stereo Wirel...3.4(376)₹297₹99970% offOnly few leftAdd to Compare,headphones,297.0,999.0,70.0,3.4,376,https://rukminim2.flixcart.com/image/612/612/xif0q/headphone/c/t/3/best-buy-headphone-multifunctional-stereo-wireless-bluetooth-original-imahcz8rwtqrpe84.jpeg?q=70,https://www.flipkart.com/tabaret-best-buy-headphone-multifunctional-stereo-wireless-bluetooth-headphones/p/itm6af72bdf810e4?pid=ACCHCZ8RUCA4QGKU&lid=LSTACCHCZ8RUCA4QGKUE8U7QD&marketplace=FLIPKART&q=headphones&store=0pm%2Ffcn%2Fgc3&srno=s_2_65&otracker=search&fm=organic&iid=9279cf4d-ebea-4c5d-8877-f43f1f696031.ACCHCZ8RUCA4QGKU.SEARCH&ppt=None&ppn=None&ssid=a5sol7m3740000001779038285346&qH=edd443896ef5dbfc&ov_redirect=true&ov_redirect=true,,flipkart
"BUFONA High Bass Wireless Earphone BT Sports Headphones...3.5(1,174)₹328₹1,00067% offOnly few leftAdd to Compare",headphones,328.0,1000.0,67.0,3.5,1174,https://rukminim2.flixcart.com/image/612/612/xif0q/headphone/1/3/j/high-bass-wireless-earphone-bt-sports-headphones-with-fm-memory-original-imahbvdwum42rh78.jpeg?q=70,https://www.flipkart.com/bufona-high-bass-wireless-earphone-bt-sports-headphones-fm-memory-card-support-bluetooth/p/itmd590809adf84c?pid=ACCHBVDXSGRWZJF9&lid=LSTACCHBVDXSGRWZJF910GTC4&marketplace=FLIPKART&q=headphones&store=0pm%2Ffcn%2Fgc3&srno=s_2_66&otracker=search&fm=organic&iid=9279cf4d-ebea-4c5d-8877-f43f1f696031.ACCHBVDXSGRWZJF9.SEARCH&ppt=None&ppn=None&ssid=a5sol7m3740000001779038285346&qH=edd443896ef5dbfc&ov_redirect=true&ov_redirect=true,,flipkart
"boAt Rockerz 413,60H Battery,ENx, BEAST Mode, Dual Pair...4.2(4,10,200)₹1,199₹2,99059% offSALE PE SALEAdd to Compare",headphones,1199.0,2990.0,59.0,4.2,410200,https://rukminim2.flixcart.com/image/612/612/xif0q/headphone/9/a/d/-original-imahgnf4h2xjhtb9.jpeg?q=70,https://www.flipkart.com/boat-rockerz-413-60h-battery-enx-beast-mode-dual-pair-stream-ad-free-music-via-app-bluetooth/p/itm7e09648b89d4f?pid=ACCHCY6AB8CWSXU6&lid=LSTACCHCY6AB8CWSXU6LXYECD&marketplace=FLIPKART&q=headphones&store=0pm%2Ffcn%2Fgc3&srno=s_2_67&otracker=search&fm=organic&iid=en_EVtoDzprgZ-6BGLHyNJhdj0cArllzx75uqSlC-1-jMxnutt3ccgsEJkuzTxlA3h1TYXB3hfcJ7UOCzFtJV3Fqw891ypMzu4_aryI8_sihJ8%3D&ppt=None&ppn=None&ssid=a5sol7m3740000001779038285346&qH=edd443896ef5dbfc&ov_redirect=true&ov_redirect=true,,flipkart
"GOBOULT Fluid X Pro ANC Calling, 70Hrs Battery Life, Fo...4(21,840)₹2,299₹7,99971% offBank OfferAdd to Compare",headphones,2299.0,7999.0,71.0,4.0,21840,https://rukminim2.flixcart.com/image/612/612/xif0q/headphone/m/t/5/-original-imahf77sttdscszt.jpeg?q=70,https://www.flipkart.com/goboult-fluid-x-pro-anc-calling-70hrs-battery-life-foldable-design-bluetooth-wired/p/itm16560bdf07057?pid=ACCHF634ZFQV2QTD&lid=LSTACCHF634ZFQV2QTD7Q0BXH&marketplace=FLIPKART&q=headphones&store=0pm%2Ffcn%2Fgc3&srno=s_2_68&otracker=search&fm=organic&iid=en_EVtoDzprgZ-6BGLHyNJhdj0cArllzx75uqSlC-1-jMzqytu742_CHGNKZY5fosGD-_0kFzxoGQTsA-SKzvH6VhhTy0lUJ14SzoMSv_CzLF0%3D&ppt=None&ppn=None&ssid=a5sol7m3740000001779038285346&qH=edd443896ef5dbfc&ov_redirect=true&ov_redirect=true,,flipkart
"icall 2024 NEW P47 Wireless Portable Gaming Headphone B...3.3(22)₹289₹1,59981% offOnly few leftAdd to Compare",headphones,289.0,1599.0,81.0,3.3,22,https://rukminim2.flixcart.com/image/612/612/xif0q/headphone/i/c/y/2024-new-p47-wireless-portable-gaming-headphone-icall-original-imahgagv28nfkpgn.jpeg?q=70,https://www.flipkart.com/icall-2024-new-p47-wireless-portable-gaming-headphone-bluetooth-wired/p/itmd8836291c8169?pid=ACCGZ6RSWFGCBAJF&lid=LSTACCGZ6RSWFGCBAJFEHILPH&marketplace=FLIPKART&q=headphones&store=0pm%2Ffcn%2Fgc3&srno=s_2_69&otracker=search&fm=organic&iid=9279cf4d-ebea-4c5d-8877-f43f1f696031.ACCGZ6RSWFGCBAJF.SEARCH&ppt=None&ppn=None&ssid=a5sol7m3740000001779038285346&qH=edd443896ef5dbfc&ov_redirect=true&ov_redirect=true,,flipkart
Techobucks Wireless Headphone and Speaker Up to 8 Hrs P...3.7(9)₹330₹99966% offOnly few leftAdd to Compare,headphones,330.0,999.0,66.0,3.7,9,https://rukminim2.flixcart.com/image/612/612/xif0q/headphone/e/h/5/best-sound-bluetooth-wireless-headphone-gaming-headphone-original-imahfmbvua88dzvy.jpeg?q=70,https://www.flipkart.com/techobucks-wireless-headphone-speaker-up-8-hrs-playtime-40mm-boostedbass-bluetooth-gaming/p/itm1b1ae813f5d15?pid=ACCHFSYGNW6VYRZR&lid=LSTACCHFSYGNW6VYRZRFUAUPU&marketplace=FLIPKART&q=headphones&store=0pm%2Ffcn%2Fgc3&srno=s_2_70&otracker=search&fm=organic&iid=9279cf4d-ebea-4c5d-8877-f43f1f696031.ACCHFSYGNW6VYRZR.SEARCH&ppt=None&ppn=None&ssid=a5sol7m3740000001779038285346&qH=edd443896ef5dbfc&ov_redirect=true&ov_redirect=true,,flipkart
"PunnkFunnk GM K20 Gaming Headset, Over Ear Gaming Headp...3.7(345)₹928₹4,99981% offBank OfferAdd to Compare",headphones,928.0,4999.0,81.0,3.7,345,https://rukminim2.flixcart.com/image/612/612/xif0q/headphone/y/7/o/gm-k20-gaming-headset-over-ear-gaming-headphones-with-mic-original-imahmh236audfkrq.jpeg?q=70,https://www.flipkart.com/punnkfunnk-gm-k20-gaming-headset-over-ear-headphones-mic-wired/p/itmee98f4dc5f149?pid=ACCGVUSAZNPGZQGD&lid=LSTACCGVUSAZNPGZQGDYEI9SL&marketplace=FLIPKART&q=headphones&store=0pm%2Ffcn%2Fgc3&srno=s_2_71&otracker=search&fm=organic&iid=en_EVtoDzprgZ-6BGLHyNJhdj0cArllzx75uqSlC-1-jMykOvPM_TRGgjrPHuENc5Rhu6exBzRuCW8nwhH4sEXUrw%3D%3D&ppt=None&ppn=None&ssid=a5sol7m3740000001779038285346&qH=edd443896ef5dbfc&ov_redirect=true&ov_redirect=true,,flipkart
"TRIGGR Punkheadz Z2 with 50H Battery, Dual Pairing, 40m...4.3(1,666)₹1,099₹4,99978% offSALE PE SALEAdd to Compare",headphones,1099.0,4999.0,78.0,4.3,1666,https://rukminim2.flixcart.com/image/612/612/xif0q/headphone/g/b/k/-original-imahmh2edkrzb8ez.jpeg?q=70,https://www.flipkart.com/triggr-punkheadz-z2-50h-battery-dual-pairing-40mm-drivers-enc-aux-port-v5-4-bluetooth/p/itm0ce6e645e7f93?pid=ACCHMYT5HVWGFG8Z&lid=LSTACCHMYT5HVWGFG8ZAJMZJE&marketplace=FLIPKART&q=headphones&store=0pm%2Ffcn%2Fgc3&srno=s_2_72&otracker=search&fm=organic&iid=en_EVtoDzprgZ-6BGLHyNJhdj0cArllzx75uqSlC-1-jMxNNJ_XS36CJvYnmER0N_3paBqF7PVj92qzv4Z0nVsWx1F91k_NKRtsN7mkYTl-6AQ%3D&ppt=None&ppn=None&ssid=a5sol7m3740000001779038285346&qH=edd443896ef5dbfc&ov_redirect=true&ov_redirect=true,,flipkart
"F FERONS Portable Foldable Headphon Clear Sound Comfort...3.8(25,132)₹297₹2,59988% offOnly few leftAdd to Compare",headphones,297.0,2599.0,88.0,3.8,25132,https://rukminim2.flixcart.com/image/612/612/xif0q/headphone/x/1/m/portable-foldable-headphon-clear-sound-comfort-fit-adjustable-original-imahf8zcxhfgywvn.jpeg?q=70,https://www.flipkart.com/f-ferons-portable-foldable-headphon-clear-sound-comfort-fit-adjustable-travel-friendly-bluetooth/p/itmc6f60028d540d?pid=ACCHF8ZCFRFGXKJB&lid=LSTACCHF8ZCFRFGXKJBE0HOKY&marketplace=FLIPKART&q=headphones&store=0pm%2Ffcn%2Fgc3&srno=s_2_73&otracker=search&fm=organic&iid=9279cf4d-ebea-4c5d-8877-f43f1f696031.ACCHF8ZCFRFGXKJB.SEARCH&ppt=None&ppn=None&ssid=a5sol7m3740000001779038285346&qH=edd443896ef5dbfc&ov_redirect=true&ov_redirect=true,,flipkart
"Bestor RGB Wired Gaming Headset with Mic | Dual USB + 3...3.6(72)₹779₹1,99961% offOnly few leftAdd to Compare",headphones,779.0,1999.0,61.0,3.6,72,https://rukminim2.flixcart.com/image/612/612/xif0q/headphone/4/b/i/rgb-wired-gaming-headset-with-mic-dual-usb-3-5mm-jack-gaming-original-imahkgkuzbbwpbx5.jpeg?q=70,https://www.flipkart.com/bestor-rgb-wired-gaming-headset-mic-dual-usb-3-5mm-jack-headphones/p/itm850ca147fa0d7?pid=ACCHKCR9QY53DH9Z&lid=LSTACCHKCR9QY53DH9ZRCECHB&marketplace=FLIPKART&q=headphones&store=0pm%2Ffcn%2Fgc3&srno=s_2_74&otracker=search&fm=organic&iid=9279cf4d-ebea-4c5d-8877-f43f1f696031.ACCHKCR9QY53DH9Z.SEARCH&ppt=None&ppn=None&ssid=a5sol7m3740000001779038285346&qH=edd443896ef5dbfc&ov_redirect=true&ov_redirect=true,,flipkart
Techobucks etooth & Extra Bass Headphone Combo Offer Bl...3.5(55)₹442₹99955% offSaver DealAdd to Compare,headphones,442.0,999.0,55.0,3.5,55,https://rukminim2.flixcart.com/image/612/612/kmccosw0/headphone/j/x/t/bo-at-roc-kerz-bluetooth-3d-bass-faster-connectivity-headset-original-imagf9jhhbcsyzuy.jpeg?q=70,https://www.flipkart.com/techobucks-etooth-extra-bass-headphone-combo-offer-bluetooth/p/itm60d6181061393?pid=ACCGJVJHHSVMDZAK&lid=LSTACCGJVJHHSVMDZAKAQ2ZKJ&marketplace=FLIPKART&q=headphones&store=0pm%2Ffcn%2Fgc3&srno=s_2_75&otracker=search&fm=organic&iid=9279cf4d-ebea-4c5d-8877-f43f1f696031.ACCGJVJHHSVMDZAK.SEARCH&ppt=None&ppn=None&ssid=a5sol7m3740000001779038285346&qH=edd443896ef5dbfc&ov_redirect=true&ov_redirect=true,,flipkart
"EARBUDDY SnapX 20 Pro+ with ANC Bluetooth 11 Bluetooth4(104)₹278₹1,99986% offOnly few leftAdd to Compare",headphones,278.0,1999.0,86.0,4.0,104,https://rukminim2.flixcart.com/image/612/612/xif0q/headphone/j/9/r/snapx-20-pro-with-anc-bluetooth-11-earbuddy-original-imahgh2hp5wykumd.jpeg?q=70,https://www.flipkart.com/earbuddy-snapx-20-pro-anc-bluetooth-11/p/itmac7b109ff2d7f?pid=ACCHGH2MHFCF3NBP&lid=LSTACCHGH2MHFCF3NBP5BZ8QA&marketplace=FLIPKART&q=headphones&store=0pm%2Ffcn%2Fgc3&srno=s_2_76&otracker=search&fm=organic&iid=9279cf4d-ebea-4c5d-8877-f43f1f696031.ACCHGH2MHFCF3NBP.SEARCH&ppt=None&ppn=None&ssid=a5sol7m3740000001779038285346&qH=edd443896ef5dbfc&ov_redirect=true&ov_redirect=true,,flipkart
"GOBOULT Fluid X 60Hrs, 40mm Drivers, Foldable design, E...4(21,840)₹1,999₹5,99966% offBank OfferAdd to Compare",headphones,1999.0,5999.0,66.0,4.0,21840,https://rukminim2.flixcart.com/image/612/612/xif0q/headphone/o/o/s/-original-imahf77syamgxzfy.jpeg?q=70,https://www.flipkart.com/goboult-fluid-x-60hrs-40mm-drivers-foldable-design-enc-mic-5-4v-bluetooth-wired/p/itm8f4302035813f?pid=ACCHF634UXAKXXUH&lid=LSTACCHF634UXAKXXUH4BVJTC&marketplace=FLIPKART&q=headphones&store=0pm%2Ffcn%2Fgc3&srno=s_2_77&otracker=search&fm=organic&iid=en_EVtoDzprgZ-6BGLHyNJhdj0cArllzx75uqSlC-1-jMy2dv6m6KrLZuHKbzaVjhkpT8uKAzhRF2szHUrNqH6gcmaRs4JL222ZRV-dN99QnxU%3D&ppt=None&ppn=None&ssid=a5sol7m3740000001779038285346&qH=edd443896ef5dbfc&ov_redirect=true&ov_redirect=true,,flipkart
"FRONY SH12 Premium (Bluetooth Headset) with Noise Cance...₹460₹1,20061% offBank OfferAdd to Compare",headphones,460.0,1200.0,61.0,0.0,0,https://rukminim2.flixcart.com/image/612/612/xif0q/headphone/m/g/2/sh12-premium-bluetooth-headset-with-noise-cancelation-technology-original-imahfj7t2pghbxgx.jpeg?q=70,https://www.flipkart.com/frony-sh12-premium-bluetooth-headset-noise-cancelation-technology-yxc55-bluetooth/p/itm06b7de305689a?pid=ACCHFJ8W7GTVFUD8&lid=LSTACCHFJ8W7GTVFUD8R6XZBU&marketplace=FLIPKART&q=headphones&store=0pm%2Ffcn%2Fgc3&srno=s_2_78&otracker=search&fm=organic&iid=en_EVtoDzprgZ-6BGLHyNJhdj0cArllzx75uqSlC-1-jMw2D47P5mofkBcqVOV_rB7m7xCQ6NHHIj5dJnr-CONUrvUFjCTyOHoHZs-Z5_PS_w0%3D&ppt=None&ppn=None&ssid=a5sol7m3740000001779038285346&qH=edd443896ef5dbfc&ov_redirect=true&ov_redirect=true,,flipkart
"ZEBRONICS Zeb-Duke, with 60h Backup, BT v5.3, Gaming Mo...4(16,945)₹999₹2,49960% offSaver DealAdd to Compare",headphones,999.0,2499.0,60.0,4.0,16945,https://rukminim2.flixcart.com/image/612/612/xif0q/headphone/p/e/s/-original-imahmwwcysrhbbge.jpeg?q=70,https://www.flipkart.com/zebronics-zeb-duke-60h-backup-bt-v5-3-gaming-mode-enc-led-lights-dual-pairing-bluetooth/p/itmeebe19f16d976?pid=ACCGYABTZTZHHNYS&lid=LSTACCGYABTZTZHHNYS7OXHKX&marketplace=FLIPKART&q=headphones&store=0pm%2Ffcn%2Fgc3&srno=s_2_79&otracker=search&fm=organic&iid=9279cf4d-ebea-4c5d-8877-f43f1f696031.ACCGYABTZTZHHNYS.SEARCH&ppt=None&ppn=None&ssid=a5sol7m3740000001779038285346&qH=edd443896ef5dbfc&ov_redirect=true&ov_redirect=true,,flipkart
"ZEBRONICS Thunder Max (ZEB-WHP 7), 120H Playtime, 3 EQ ...4(4,305)₹999₹2,49960% offOnly few leftAdd to Compare",headphones,999.0,2499.0,60.0,4.0,4305,https://rukminim2.flixcart.com/image/612/612/xif0q/headphone/d/a/j/-original-imahmndqkmpwfbmy.jpeg?q=70,https://www.flipkart.com/zebronics-thunder-max-zeb-whp-7-120h-playtime-3-eq-modes-enc-bt-v5-4-metallic-finish-bluetooth/p/itm562f69e4c3df8?pid=ACCH5HMW2ZNMZKUK&lid=LSTACCH5HMW2ZNMZKUKTHTKSI&marketplace=FLIPKART&q=headphones&store=0pm%2Ffcn%2Fgc3&srno=s_2_80&otracker=search&fm=organic&iid=9279cf4d-ebea-4c5d-8877-f43f1f696031.ACCH5HMW2ZNMZKUK.SEARCH&ppt=None&ppn=None&ssid=a5sol7m3740000001779038285346&qH=edd443896ef5dbfc&ov_redirect=true&ov_redirect=true,,flipkart
"TRIGGR Trinity 2 with Dual Pairing, ENC, Fast Charge, 5...3.9(22,113)₹699₹2,99976% offSALE PE SALEAdd to Compare",headphones,699.0,2999.0,76.0,3.9,22113,https://rukminim2.flixcart.com/image/612/612/xif0q/headphone/c/2/d/-original-imahafrzuterwrbk.jpeg?q=70,https://www.flipkart.com/triggr-trinity-2-dual-pairing-enc-fast-charge-50h-battery-rubber-finish-v5-3-bluetooth/p/itm7069ab0b0c2fc?pid=ACCH8Q2VF8FB3BVZ&lid=LSTACCH8Q2VF8FB3BVZU7MBD1&marketplace=FLIPKART&q=headphones&store=0pm%2Ffcn%2Fgc3&srno=s_3_81&otracker=search&fm=organic&iid=en__-Q0bE8psQc5DhjBEAvZqijrZFd1hnUzrF4p9VR1brIJF7k71sHnJekGzP_UJ3N2SF9ftOyq-jtLjTWduoqZCU0Lqp3nUBlQeeazI_xhu1k%3D&ppt=None&ppn=None&ssid=x3rwi60mfk0000001779038288090&qH=edd443896ef5dbfc&ov_redirect=true&ov_redirect=true,,flipkart
"TRIGGR Trinity 2 with Dual Pairing, ENC, Fast Charge, 5...3.9(22,113)₹699₹2,99976% offSALE PE SALEAdd to Compare",headphones,699.0,2999.0,76.0,3.9,22113,https://rukminim2.flixcart.com/image/612/612/xif0q/headphone/d/x/r/-original-imahew8jzbryezuj.jpeg?q=70,https://www.flipkart.com/triggr-trinity-2-dual-pairing-enc-fast-charge-50h-battery-rubber-finish-v5-3-bluetooth/p/itmf187255153195?pid=ACCHE5CSYGVG5H97&lid=LSTACCHE5CSYGVG5H973JEXVM&marketplace=FLIPKART&q=headphones&store=0pm%2Ffcn%2Fgc3&srno=s_3_82&otracker=search&fm=organic&iid=en__-Q0bE8psQc5DhjBEAvZqijrZFd1hnUzrF4p9VR1brKvcfBjzHGf9_2uqe8rLeu6e_q06m-74uFJKl2dcgoa-Hbokvd1CzEZnIJbyf1TmFY%3D&ppt=None&ppn=None&ssid=x3rwi60mfk0000001779038288090&qH=edd443896ef5dbfc&ov_redirect=true&ov_redirect=true,,flipkart
TABARET Hot selling Gaming Wireless Bluetooth Headphone...3.6(8)₹298₹99970% offOnly few leftAdd to Compare,headphones,298.0,999.0,70.0,3.6,8,https://rukminim2.flixcart.com/image/612/612/xif0q/shopsy-headphone/y/k/6/bluetooth-yes-wireless-bluetooth-portable-headphones-with-original-imah2kypp75zncza.jpeg?q=70,https://www.flipkart.com/tabaret-hot-selling-gaming-wireless-bluetooth-headphones-mic-6-hours-palyback/p/itm22b8bdd7c2767?pid=ACCHC35HYEWFVUEE&lid=LSTACCHC35HYEWFVUEESF9DA3&marketplace=FLIPKART&q=headphones&store=0pm%2Ffcn%2Fgc3&srno=s_3_83&otracker=search&fm=organic&iid=99e569fb-69a4-4022-b314-1e1e19ae4538.ACCHC35HYEWFVUEE.SEARCH&ppt=None&ppn=None&ssid=x3rwi60mfk0000001779038288090&qH=edd443896ef5dbfc&ov_redirect=true&ov_redirect=true,,flipkart
"PTron Studio w/ 60hrs Playtime, Dual-device Pairing, HD...3.9(2,164)₹649₹2,59975% offOnly few leftAdd to Compare",headphones,649.0,2599.0,75.0,3.9,2164,https://rukminim2.flixcart.com/image/612/612/xif0q/headphone/b/3/i/-original-imahg5yzyawwmhdr.jpeg?q=70,https://www.flipkart.com/ptron-studio-w-60hrs-playtime-dual-device-pairing-hd-mic-40mm-drivers-bt5-4-bluetooth/p/itme16cbbd24bd47?pid=ACCHGBHASAMQNEVH&lid=LSTACCHGBHASAMQNEVHAZ2TY4&marketplace=FLIPKART&q=headphones&store=0pm%2Ffcn%2Fgc3&srno=s_3_84&otracker=search&fm=organic&iid=99e569fb-69a4-4022-b314-1e1e19ae4538.ACCHGBHASAMQNEVH.SEARCH&ppt=None&ppn=None&ssid=x3rwi60mfk0000001779038288090&qH=edd443896ef5dbfc&ov_redirect=true&ov_redirect=true,,flipkart
"SONY WH-CH720N/BCIN Bluetooth4.4(4,633)₹7,989₹14,99046% offBank OfferAdd to Compare",headphones,7989.0,14990.0,46.0,4.4,4633,https://rukminim2.flixcart.com/image/612/612/xif0q/headphone/y/x/y/-original-imagz2d8fkkf5vme.jpeg?q=70,https://www.flipkart.com/sony-wh-ch720n-bcin-bluetooth/p/itm45d94d7470182?pid=ACCGNBYSFZSYSBEZ&lid=LSTACCGNBYSFZSYSBEZNTPZU9&marketplace=FLIPKART&q=headphones&store=0pm%2Ffcn%2Fgc3&srno=s_3_85&otracker=search&fm=organic&iid=99e569fb-69a4-4022-b314-1e1e19ae4538.ACCGNBYSFZSYSBEZ.SEARCH&ppt=None&ppn=None&ssid=x3rwi60mfk0000001779038288090&qH=edd443896ef5dbfc&ov_redirect=true&ov_redirect=true,,flipkart
"boAt Rockerz 650 Pro(2025 Launch), Touch/Swipe Controls...4.2(91,798)₹2,699₹8,99069% offSALE PE SALEAdd to Compare",headphones,2699.0,8990.0,69.0,4.2,91798,https://rukminim2.flixcart.com/image/612/612/xif0q/headphone/j/n/a/-original-imah9pg5ckx3wvz2.jpeg?q=70,https://www.flipkart.com/boat-rockerz-650-pro-2025-launch-touch-swipe-controls-dolby-audio-80-hrs-battery-bluetooth/p/itm6a6f32d9dc372?pid=ACCH8GEKW2VUVWK8&lid=LSTACCH8GEKW2VUVWK81IU1G9&marketplace=FLIPKART&q=headphones&store=0pm%2Ffcn%2Fgc3&srno=s_3_86&otracker=search&fm=organic&iid=99e569fb-69a4-4022-b314-1e1e19ae4538.ACCH8GEKW2VUVWK8.SEARCH&ppt=None&ppn=None&ssid=x3rwi60mfk0000001779038288090&qH=edd443896ef5dbfc&ov_redirect=true&ov_redirect=true,,flipkart
"TRIGGR Trinity 3 with Fabric Finish, Dual Pairing, 50H ...4(1,271)₹999₹3,99975% offSALE PE SALEAdd to Compare",headphones,999.0,3999.0,75.0,4.0,1271,https://rukminim2.flixcart.com/image/612/612/xif0q/headphone/e/j/1/-original-imahg6wkgxsbzhsm.jpeg?q=70,https://www.flipkart.com/triggr-trinity-3-fabric-finish-dual-pairing-50h-battery-foldable-design-v5-3-bluetooth/p/itm9d3077d988bc9?pid=ACCHGPKHUMUYHE7K&lid=LSTACCHGPKHUMUYHE7KTQMDMU&marketplace=FLIPKART&q=headphones&store=0pm%2Ffcn%2Fgc3&srno=s_3_87&otracker=search&fm=organic&iid=en__-Q0bE8psQc5DhjBEAvZqijrZFd1hnUzrF4p9VR1brKNArha-mKQjO02dGhKLeWjgmslK8rOr08uYu7WaJFHao1S1pI3rCk1qbkKPcNlckM%3D&ppt=None&ppn=None&ssid=x3rwi60mfk0000001779038288090&qH=edd443896ef5dbfc&ov_redirect=true&ov_redirect=true,,flipkart
"GOBOULT Q 70Hr, ENC Mic, 40mm Bass Boosted Drivers, 4EQ...4(21,840)₹1,798₹5,99970% offBank OfferAdd to Compare",headphones,1798.0,5999.0,70.0,4.0,21840,https://rukminim2.flixcart.com/image/612/612/xif0q/headphone/l/c/y/-original-imahej2rx6bjwg2v.jpeg?q=70,https://www.flipkart.com/goboult-q-70hr-enc-mic-40mm-bass-boosted-drivers-4eq-modes-5-4v-bluetooth-wired/p/itm2f5f72ac9cc71?pid=ACCH3WJ5U5GPBFC8&lid=LSTACCH3WJ5U5GPBFC8MYHY6P&marketplace=FLIPKART&q=headphones&store=0pm%2Ffcn%2Fgc3&srno=s_3_88&otracker=search&fm=organic&iid=en__-Q0bE8psQc5DhjBEAvZqijrZFd1hnUzrF4p9VR1brIKaTB6iGJ7uTALoqjBPpnsAYcBDYGGMqSFRlu-X-y-Juo15S0a61Wzzbg3qNOknKY%3D&ppt=None&ppn=None&ssid=x3rwi60mfk0000001779038288090&qH=edd443896ef5dbfc&ov_redirect=true&ov_redirect=true,,flipkart
"SONY 310AP Wired4.2(2,74,694)₹899₹2,19058% offBank OfferAdd to Compare",headphones,899.0,2190.0,58.0,4.2,274694,https://rukminim2.flixcart.com/image/612/612/xif0q/headphone/1/k/s/-original-imahfgfkwdkuasyz.jpeg?q=70,https://www.flipkart.com/sony-310ap-wired/p/itmfb1e61496b58e?pid=ACCDQZAUQJUJ7CAG&lid=LSTACCDQZAUQJUJ7CAG5A5T9S&marketplace=FLIPKART&q=headphones&store=0pm%2Ffcn%2Fgc3&srno=s_3_89&otracker=search&fm=organic&iid=99e569fb-69a4-4022-b314-1e1e19ae4538.ACCDQZAUQJUJ7CAG.SEARCH&ppt=None&ppn=None&ssid=x3rwi60mfk0000001779038288090&qH=edd443896ef5dbfc&ov_redirect=true&ov_redirect=true,,flipkart
"FRONY SH12 Premium (Bluetooth Headset) with Noise Cance...3.5(412)₹461₹1,20061% offOnly few leftAdd to Compare",headphones,461.0,1200.0,61.0,3.5,412,https://rukminim2.flixcart.com/image/612/612/xif0q/headphone/r/g/5/sh12-premium-bluetooth-headset-with-noise-cancelation-technology-original-imahfj7tyzetqgjj.jpeg?q=70,https://www.flipkart.com/frony-sh12-premium-bluetooth-headset-noise-cancelation-technology-srr425-bluetooth/p/itm3c6e57acc7468?pid=ACCHFJ8XQGKTCRHG&lid=LSTACCHFJ8XQGKTCRHG84UJPL&marketplace=FLIPKART&q=headphones&store=0pm%2Ffcn%2Fgc3&srno=s_3_90&otracker=search&fm=organic&iid=99e569fb-69a4-4022-b314-1e1e19ae4538.ACCHFJ8XQGKTCRHG.SEARCH&ppt=None&ppn=None&ssid=x3rwi60mfk0000001779038288090&qH=edd443896ef5dbfc&ov_redirect=true&ov_redirect=true,,flipkart
"boAt Rockerz 430, 40ms Latency, 40H Battery, Stream Ad ...4.1(66,311)₹1,299₹2,49047% offBank OfferAdd to Compare",headphones,1299.0,2490.0,47.0,4.1,66311,https://rukminim2.flixcart.com/image/612/612/xif0q/headphone/0/r/5/-original-imahgnf4gectpgv7.jpeg?q=70,https://www.flipkart.com/boat-rockerz-430-40ms-latency-40h-battery-stream-ad-free-music-via-app-bluetooth/p/itm5dca8110e361c?pid=ACCH44E5WV9JCZ5Z&lid=LSTACCH44E5WV9JCZ5Z2EJNOB&marketplace=FLIPKART&q=headphones&store=0pm%2Ffcn%2Fgc3&srno=s_3_91&otracker=search&fm=organic&iid=en__-Q0bE8psQc5DhjBEAvZqijrZFd1hnUzrF4p9VR1brLk1Oeys1NugJmjb-h6b3kpP79tS_5Msbd8nZx_NPsLpvUFjCTyOHoHZs-Z5_PS_w0%3D&ppt=None&ppn=None&ssid=x3rwi60mfk0000001779038288090&qH=edd443896ef5dbfc&ov_redirect=true&ov_redirect=true,,flipkart
"TRIGGR Trinity 3 with Fabric Finish, Dual Pairing, 50H ...4(1,271)₹999₹3,99975% offSALE PE SALEAdd to Compare",headphones,999.0,3999.0,75.0,4.0,1271,https://rukminim2.flixcart.com/image/612/612/xif0q/headphone/u/5/l/-original-imahg6wkandsvt4y.jpeg?q=70,https://www.flipkart.com/triggr-trinity-3-fabric-finish-dual-pairing-50h-battery-foldable-design-v5-3-bluetooth/p/itm5979a99d7d2e5?pid=ACCHGPKHCHYWZUNR&lid=LSTACCHGPKHCHYWZUNRTLIPKW&marketplace=FLIPKART&q=headphones&store=0pm%2Ffcn%2Fgc3&srno=s_3_92&otracker=search&fm=organic&iid=en__-Q0bE8psQc5DhjBEAvZqijrZFd1hnUzrF4p9VR1brKWgS7cl3fQTDvvDszfM77gjLFDxYQKC7uogT--MaZdONT29QNQVU4kmpt6AERHFAg%3D&ppt=None&ppn=None&ssid=x3rwi60mfk0000001779038288090&qH=edd443896ef5dbfc&ov_redirect=true&ov_redirect=true,,flipkart
"Logitech H-111 Wired4(6,014)₹599₹82527% offSaver DealAdd to Compare",headphones,599.0,825.0,27.0,4.0,6014,https://rukminim2.flixcart.com/image/612/612/xif0q/headphone/u/l/j/h-111-logitech-original-imah7z9zwknxcunh.jpeg?q=70,https://www.flipkart.com/logitech-h-111-wired/p/itma852dfdcf0b11?pid=ACCG56PQFTZC3NYC&lid=LSTACCG56PQFTZC3NYCL9RN0J&marketplace=FLIPKART&q=headphones&store=0pm%2Ffcn%2Fgc3&srno=s_3_93&otracker=search&fm=organic&iid=99e569fb-69a4-4022-b314-1e1e19ae4538.ACCG56PQFTZC3NYC.SEARCH&ppt=None&ppn=None&ssid=x3rwi60mfk0000001779038288090&qH=edd443896ef5dbfc&ov_redirect=true&ov_redirect=true,,flipkart
"YAROH SH12 Premium (Bluetooth Headset) with Noise Cance...3.8(66)₹464₹1,20061% offSaver DealAdd to Compare",headphones,464.0,1200.0,61.0,3.8,66,https://rukminim2.flixcart.com/image/612/612/xif0q/headphone/p/l/o/sh12-premium-bluetooth-headset-with-noise-cancelation-technology-original-imahfj7tv9cdbhsr.jpeg?q=70,https://www.flipkart.com/yaroh-sh12-premium-bluetooth-headset-noise-cancelation-technology-zzz469-bluetooth/p/itm71aa012761612?pid=ACCHFJ8BWHPCHTGD&lid=LSTACCHFJ8BWHPCHTGDBOARPW&marketplace=FLIPKART&q=headphones&store=0pm%2Ffcn%2Fgc3&srno=s_3_94&otracker=search&fm=organic&iid=99e569fb-69a4-4022-b314-1e1e19ae4538.ACCHFJ8BWHPCHTGD.SEARCH&ppt=None&ppn=None&ssid=x3rwi60mfk0000001779038288090&qH=edd443896ef5dbfc&ov_redirect=true&ov_redirect=true,,flipkart
"boAt Rockerz Plus 550, Customizable Earcups,100H Batter...4.1(9,530)₹1,899₹4,99061% offSALE PE SALEAdd to Compare",headphones,1899.0,4990.0,61.0,4.1,9530,https://rukminim2.flixcart.com/image/612/612/xif0q/headphone/z/s/f/-original-imahezn9wyhe3f4w.jpeg?q=70,https://www.flipkart.com/boat-rockerz-plus-550-customizable-earcups-100h-battery-stream-ad-free-music-via-app-bluetooth/p/itm1c1d7cbf34208?pid=ACCHDVJZQWUD5FNX&lid=LSTACCHDVJZQWUD5FNXT7RDPG&marketplace=FLIPKART&q=headphones&store=0pm%2Ffcn%2Fgc3&srno=s_3_95&otracker=search&fm=organic&iid=99e569fb-69a4-4022-b314-1e1e19ae4538.ACCHDVJZQWUD5FNX.SEARCH&ppt=None&ppn=None&ssid=x3rwi60mfk0000001779038288090&qH=edd443896ef5dbfc&ov_redirect=true&ov_redirect=true,,flipkart
"ZEBRONICS Zeb-Duke, with 60h Backup, BT v5.3, Gaming Mo...4(16,945)₹1,349₹2,79951% offOnly few leftAdd to Compare",headphones,1349.0,2799.0,51.0,4.0,16945,https://rukminim2.flixcart.com/image/612/612/xif0q/headphone/6/r/p/-original-imahmwwd545bn3dh.jpeg?q=70,https://www.flipkart.com/zebronics-zeb-duke-60h-backup-bt-v5-3-gaming-mode-enc-led-lights-dual-pairing-bluetooth/p/itmfe884d6126f14?pid=ACCFRR83SHYTWNAF&lid=LSTACCFRR83SHYTWNAFUS8CE3&marketplace=FLIPKART&q=headphones&store=0pm%2Ffcn%2Fgc3&srno=s_3_96&otracker=search&fm=organic&iid=99e569fb-69a4-4022-b314-1e1e19ae4538.ACCFRR83SHYTWNAF.SEARCH&ppt=None&ppn=None&ssid=x3rwi60mfk0000001779038288090&qH=edd443896ef5dbfc&ov_redirect=true&ov_redirect=true,,flipkart
"GOBOULT Mustang Q 70Hrs Battery, ENC Mic, 40mm Drivers,...4.2(5,536)₹2,499₹6,99964% offBank OfferAdd to Compare",headphones,2499.0,6999.0,64.0,4.2,5536,https://rukminim2.flixcart.com/image/612/612/xif0q/headphone/n/5/x/-original-imahej2rrxg4b2ew.jpeg?q=70,https://www.flipkart.com/goboult-mustang-q-70hrs-battery-enc-mic-40mm-drivers-4eq-modes-5-4v-bluetooth-wired/p/itmce195bb800aac?pid=ACCH8KFYHKYG3ZFU&lid=LSTACCH8KFYHKYG3ZFU46NBUT&marketplace=FLIPKART&q=headphones&store=0pm%2Ffcn%2Fgc3&srno=s_3_97&otracker=search&fm=organic&iid=en__-Q0bE8psQc5DhjBEAvZqijrZFd1hnUzrF4p9VR1brJ5aZJxCAINLgYMeWIQzLrsVkDCSjJrQp5jd4z2t6mN92Vkv0XZFiOX7bbXdlao_f8%3D&ppt=None&ppn=None&ssid=x3rwi60mfk0000001779038288090&qH=edd443896ef5dbfc&ov_redirect=true&ov_redirect=true,,flipkart
"TRIGGR Trinity 2 with Dual Pairing, ENC, Fast Charge, 5...3.9(22,113)₹750₹2,99974% offBank OfferAdd to Compare",headphones,750.0,2999.0,74.0,3.9,22113,https://rukminim2.flixcart.com/image/612/612/xif0q/headphone/f/c/z/-original-imahafshasnhfjvd.jpeg?q=70,https://www.flipkart.com/triggr-trinity-2-dual-pairing-enc-fast-charge-50h-battery-rubber-finish-v5-3-bluetooth/p/itm03c651cfe2be4?pid=ACCH8Q2VGN7MHYHS&lid=LSTACCH8Q2VGN7MHYHSCMGABG&marketplace=FLIPKART&q=headphones&store=0pm%2Ffcn%2Fgc3&srno=s_3_98&otracker=search&fm=organic&iid=en__-Q0bE8psQc5DhjBEAvZqijrZFd1hnUzrF4p9VR1brJtmQeu2Y-BWgFh67unKrE08kULOMG_I6ZamiMsbH4tyl1aSK7rb6bQX8t4WB7p1DA%3D&ppt=None&ppn=None&ssid=x3rwi60mfk0000001779038288090&qH=edd443896ef5dbfc&ov_redirect=true&ov_redirect=true,,flipkart
"boAt Rockerz 430, 40ms Latency, 40H Battery, Stream Ad ...4.1(66,311)₹1,299₹2,49047% offBank OfferAdd to Compare",headphones,1299.0,2490.0,47.0,4.1,66311,https://rukminim2.flixcart.com/image/612/612/xif0q/headphone/5/x/d/-original-imahgnf4czdzkjnj.jpeg?q=70,https://www.flipkart.com/boat-rockerz-430-40ms-latency-40h-battery-stream-ad-free-music-via-app-bluetooth/p/itma5e58807a8450?pid=ACCH44E54RMWWH28&lid=LSTACCH44E54RMWWH28XHSLXA&marketplace=FLIPKART&q=headphones&store=0pm%2Ffcn%2Fgc3&srno=s_3_99&otracker=search&fm=organic&iid=99e569fb-69a4-4022-b314-1e1e19ae4538.ACCH44E54RMWWH28.SEARCH&ppt=None&ppn=None&ssid=x3rwi60mfk0000001779038288090&qH=edd443896ef5dbfc&ov_redirect=true&ov_redirect=true,,flipkart
"ZEBRONICS Thunder NEO (WHP 12),True 50h backup, 3EQ Mod...4.1(1,107)₹799₹1,89957% offSALE PE SALEAdd to Compare",headphones,799.0,1899.0,57.0,4.1,1107,https://rukminim2.flixcart.com/image/612/612/xif0q/headphone/2/v/r/-original-imahmne9manrxpmn.jpeg?q=70,https://www.flipkart.com/zebronics-thunder-neo-whp-12-true-50h-backup-3eq-modes-bt-v6-0-aux-enc-rapid-charge-bluetooth/p/itm306ecc9574073?pid=ACCHDFTDGY6FSBPD&lid=LSTACCHDFTDGY6FSBPDYLPT6E&marketplace=FLIPKART&q=headphones&store=0pm%2Ffcn%2Fgc3&srno=s_3_100&otracker=search&fm=organic&iid=99e569fb-69a4-4022-b314-1e1e19ae4538.ACCHDFTDGY6FSBPD.SEARCH&ppt=None&ppn=None&ssid=x3rwi60mfk0000001779038288090&qH=edd443896ef5dbfc&ov_redirect=true&ov_redirect=true,,flipkart
"truke BTG 500 with 40mm Drivers, 10H of Playtime, Dual ...4.1(4,158)₹899₹2,49964% offSALE PE SALEAdd to Compare",headphones,899.0,2499.0,64.0,4.1,4158,https://rukminim2.flixcart.com/image/612/612/xif0q/headphone/u/b/j/-original-imah4jfepgqxwga2.jpeg?q=70,https://www.flipkart.com/truke-btg-500-40mm-drivers-10h-playtime-dual-pairing-gaming-mode-enc-5-4v-bluetooth/p/itm7b5ea9e48e311?pid=ACCH32NGQG88S75Z&lid=LSTACCH32NGQG88S75ZTP7M8O&marketplace=FLIPKART&q=headphones&store=0pm%2Ffcn%2Fgc3&srno=s_3_101&otracker=search&fm=organic&iid=en__-Q0bE8psQc5DhjBEAvZqijrZFd1hnUzrF4p9VR1brJ0KPziBMyW-82NsbKJSeLGaVYVRvrAPK-Omo-qk9Vnh-I7uWi7bi3WLqk6JF-UYDE%3D&ppt=None&ppn=None&ssid=x3rwi60mfk0000001779038288090&qH=edd443896ef5dbfc&ov_redirect=true&ov_redirect=true,,flipkart
"LOPAZ Bluetooth Wireless Headphones Stretchable & Folda...3.8(354)₹498₹1,49966% offSALE PE SALEAdd to Compare",headphones,498.0,1499.0,66.0,3.8,354,https://rukminim2.flixcart.com/image/612/612/xif0q/headphone/3/h/g/bluetooth-wireless-headphones-stretchable-foldable-lopaz-original-imahyg3jhntxgk3y.jpeg?q=70,https://www.flipkart.com/lopaz-bluetooth-wireless-headphones-stretchable-foldable-gaming/p/itmbbf5a7e34f250?pid=ACCFFMME6YA8HX2K&lid=LSTACCFFMME6YA8HX2K3AC5SC&marketplace=FLIPKART&q=headphones&store=0pm%2Ffcn%2Fgc3&srno=s_3_102&otracker=search&fm=organic&iid=en__-Q0bE8psQc5DhjBEAvZqijrZFd1hnUzrF4p9VR1brKtv1cGu_-8zcmwtfMCIVPgGtjSWQ7rh6YYFdAuzcKDCfUFjCTyOHoHZs-Z5_PS_w0%3D&ppt=None&ppn=None&ssid=x3rwi60mfk0000001779038288090&qH=edd443896ef5dbfc&ov_redirect=true&ov_redirect=true,,flipkart
"Treadmill NEW ARRIVAL Gaming Headsets, Theater-Like Dee...3.9(41)₹297₹1,50080% offOnly few leftAdd to Compare",headphones,297.0,1500.0,80.0,3.9,41,https://rukminim2.flixcart.com/image/612/612/kshtxu80/headphone/6/q/j/new-arrival-gaming-headsets-theater-like-deep-immersive-audio-original-imag625tgjggfstx.jpeg?q=70,https://www.flipkart.com/treadmill-new-arrival-gaming-headsets-theater-like-deep-immersive-audio-bluetooth/p/itma33aaddbe55bd?pid=ACCG625TDUY3JVGA&lid=LSTACCG625TDUY3JVGAURDJ4A&marketplace=FLIPKART&q=headphones&store=0pm%2Ffcn%2Fgc3&srno=s_3_103&otracker=search&fm=organic&iid=99e569fb-69a4-4022-b314-1e1e19ae4538.ACCG625TDUY3JVGA.SEARCH&ppt=None&ppn=None&ssid=x3rwi60mfk0000001779038288090&qH=edd443896ef5dbfc&ov_redirect=true&ov_redirect=true,,flipkart
"YAROH SH12 Premium (Bluetooth Headset) with Noise Cance...3.7(112)₹467₹1,20061% offSaver DealAdd to Compare",headphones,467.0,1200.0,61.0,3.7,112,https://rukminim2.flixcart.com/image/612/612/xif0q/headphone/p/h/l/sh12-premium-bluetooth-headset-with-noise-cancelation-technology-original-imahfj7up2rq6dyj.jpeg?q=70,https://www.flipkart.com/yaroh-sh12-premium-bluetooth-headset-noise-cancelation-technology-hsh8-bluetooth/p/itmebda62ca3d42a?pid=ACCHFJ8CNYPCANBE&lid=LSTACCHFJ8CNYPCANBEMVNJUD&marketplace=FLIPKART&q=headphones&store=0pm%2Ffcn%2Fgc3&srno=s_3_104&otracker=search&fm=organic&iid=99e569fb-69a4-4022-b314-1e1e19ae4538.ACCHFJ8CNYPCANBE.SEARCH&ppt=None&ppn=None&ssid=x3rwi60mfk0000001779038288090&qH=edd443896ef5dbfc&ov_redirect=true&ov_redirect=true,,flipkart
"Treadmill TOP BRAND P-47 Multi-functional Clear and hig...3.8(31)₹297₹1,00070% offOnly few leftAdd to Compare",headphones,297.0,1000.0,70.0,3.8,31,https://rukminim2.flixcart.com/image/612/612/ksm49e80/headphone/c/n/j/top-brand-p-47-multi-functional-clear-and-high-quality-hd-sound-original-imag65hvkf6ghqrr.jpeg?q=70,https://www.flipkart.com/treadmill-top-brand-p-47-multi-functional-clear-high-quality-hd-sound-bluetooth/p/itm7290be5f8c662?pid=ACCG65HVZ7ZVTYUZ&lid=LSTACCG65HVZ7ZVTYUZKDOSVE&marketplace=FLIPKART&q=headphones&store=0pm%2Ffcn%2Fgc3&srno=s_3_105&otracker=search&fm=organic&iid=99e569fb-69a4-4022-b314-1e1e19ae4538.ACCG65HVZ7ZVTYUZ.SEARCH&ppt=None&ppn=None&ssid=x3rwi60mfk0000001779038288090&qH=edd443896ef5dbfc&ov_redirect=true&ov_redirect=true,,flipkart
"ZEBRONICS Zeb-Thunder, True 60Hr Backup, BT v6.0, Gamin...4(1,38,589)₹699₹1,69958% offSaver DealAdd to Compare",headphones,699.0,1699.0,58.0,4.0,138589,https://rukminim2.flixcart.com/image/612/612/xif0q/headphone/c/d/e/-original-imahm9xq7bnyvmvz.jpeg?q=70,https://www.flipkart.com/zebronics-zeb-thunder-true-60hr-backup-bt-v6-0-gaming-mode-enc-aux-msd-dual-pairing-bluetooth/p/itm61e3c38f21e8c?pid=ACCFBH83ZFXQHSPU&lid=LSTACCFBH83ZFXQHSPU2YPPPX&marketplace=FLIPKART&q=headphones&store=0pm%2Ffcn%2Fgc3&srno=s_3_106&otracker=search&fm=organic&iid=99e569fb-69a4-4022-b314-1e1e19ae4538.ACCFBH83ZFXQHSPU.SEARCH&ppt=None&ppn=None&ssid=x3rwi60mfk0000001779038288090&qH=edd443896ef5dbfc&ov_redirect=true&ov_redirect=true,,flipkart
"boAt Rockerz 413,60H Battery,ENx, BEAST Mode, Dual Pair...4.2(4,10,200)₹1,199₹2,99059% offSALE PE SALEAdd to Compare",headphones,1199.0,2990.0,59.0,4.2,410200,https://rukminim2.flixcart.com/image/612/612/xif0q/headphone/9/a/d/-original-imahgnf4h2xjhtb9.jpeg?q=70,https://www.flipkart.com/boat-rockerz-413-60h-battery-enx-beast-mode-dual-pair-stream-ad-free-music-via-app-bluetooth/p/itm7e09648b89d4f?pid=ACCHCY6AB8CWSXU6&lid=LSTACCHCY6AB8CWSXU6LXYECD&marketplace=FLIPKART&q=headphones&store=0pm%2Ffcn%2Fgc3&srno=s_3_107&otracker=search&fm=organic&iid=en__-Q0bE8psQc5DhjBEAvZqijrZFd1hnUzrF4p9VR1brIjKe-QfDUI5SJQnY2u_ekfTYXB3hfcJ7UOCzFtJV3Fqw891ypMzu4_aryI8_sihJ8%3D&ppt=None&ppn=None&ssid=x3rwi60mfk0000001779038288090&qH=edd443896ef5dbfc&ov_redirect=true&ov_redirect=true,,flipkart
"GOBOULT Fluid X Pro ANC Calling, 70Hrs Battery Life, Fo...4(21,840)₹2,299₹7,99971% offBank OfferAdd to Compare",headphones,2299.0,7999.0,71.0,4.0,21840,https://rukminim2.flixcart.com/image/612/612/xif0q/headphone/m/t/5/-original-imahf77sttdscszt.jpeg?q=70,https://www.flipkart.com/goboult-fluid-x-pro-anc-calling-70hrs-battery-life-foldable-design-bluetooth-wired/p/itm16560bdf07057?pid=ACCHF634ZFQV2QTD&lid=LSTACCHF634ZFQV2QTD7Q0BXH&marketplace=FLIPKART&q=headphones&store=0pm%2Ffcn%2Fgc3&srno=s_3_108&otracker=search&fm=organic&iid=en__-Q0bE8psQc5DhjBEAvZqijrZFd1hnUzrF4p9VR1brJboeijLFfrdIUYdJDBOHWb-_0kFzxoGQTsA-SKzvH6VhhTy0lUJ14SzoMSv_CzLF0%3D&ppt=None&ppn=None&ssid=x3rwi60mfk0000001779038288090&qH=edd443896ef5dbfc&ov_redirect=true&ov_redirect=true,,flipkart
"YAROH SH12 Premium (Bluetooth Headset) with Noise Cance...3.9(63)₹461₹1,20061% offOnly few leftAdd to Compare",headphones,461.0,1200.0,61.0,3.9,63,https://rukminim2.flixcart.com/image/612/612/xif0q/headphone/r/b/1/sh12-premium-bluetooth-headset-with-noise-cancelation-technology-original-imahfj7thzn5upjk.jpeg?q=70,https://www.flipkart.com/yaroh-sh12-premium-bluetooth-headset-noise-cancelation-technology-mmm430-bluetooth/p/itm3766b6ab8eb1d?pid=ACCHFJ8CKCRY5JYG&lid=LSTACCHFJ8CKCRY5JYGHQAR9Y&marketplace=FLIPKART&q=headphones&store=0pm%2Ffcn%2Fgc3&srno=s_3_109&otracker=search&fm=organic&iid=99e569fb-69a4-4022-b314-1e1e19ae4538.ACCHFJ8CKCRY5JYG.SEARCH&ppt=None&ppn=None&ssid=x3rwi60mfk0000001779038288090&qH=edd443896ef5dbfc&ov_redirect=true&ov_redirect=true,,flipkart
"VEKIN Headphone with FM/SD Card Slot with Music and Cal...3.7(1,093)₹498₹1,29961% offOnly few leftAdd to Compare",headphones,498.0,1299.0,61.0,3.7,1093,https://rukminim2.flixcart.com/image/612/612/xif0q/headphone/f/j/2/headphone-with-fm-sd-card-slot-with-music-and-calling-control-original-imahfad6tqphh7yz.jpeg?q=70,https://www.flipkart.com/vekin-headphone-fm-sd-card-slot-music-calling-control-bluetooth/p/itmadf558106ba23?pid=ACCG59YWMNTYVXTC&lid=LSTACCG59YWMNTYVXTC2YAVCV&marketplace=FLIPKART&q=headphones&store=0pm%2Ffcn%2Fgc3&srno=s_3_110&otracker=search&fm=organic&iid=99e569fb-69a4-4022-b314-1e1e19ae4538.ACCG59YWMNTYVXTC.SEARCH&ppt=None&ppn=None&ssid=x3rwi60mfk0000001779038288090&qH=edd443896ef5dbfc&ov_redirect=true&ov_redirect=true,,flipkart
"PunnkFunnk GM K20 Gaming Headset, Over Ear Gaming Headp...3.7(345)₹928₹4,99981% offBank OfferAdd to Compare",headphones,928.0,4999.0,81.0,3.7,345,https://rukminim2.flixcart.com/image/612/612/xif0q/headphone/y/7/o/gm-k20-gaming-headset-over-ear-gaming-headphones-with-mic-original-imahmh236audfkrq.jpeg?q=70,https://www.flipkart.com/punnkfunnk-gm-k20-gaming-headset-over-ear-headphones-mic-wired/p/itmee98f4dc5f149?pid=ACCGVUSAZNPGZQGD&lid=LSTACCGVUSAZNPGZQGDYEI9SL&marketplace=FLIPKART&q=headphones&store=0pm%2Ffcn%2Fgc3&srno=s_3_111&otracker=search&fm=organic&iid=en__-Q0bE8psQc5DhjBEAvZqijrZFd1hnUzrF4p9VR1brIaukxdKJJZcQlvYO1vf0zqu6exBzRuCW8nwhH4sEXUrw%3D%3D&ppt=None&ppn=None&ssid=x3rwi60mfk0000001779038288090&qH=edd443896ef5dbfc&ov_redirect=true&ov_redirect=true,,flipkart
"TRIGGR Punkheadz Z2 with 50H Battery, Dual Pairing, 40m...4.3(1,666)₹1,099₹4,99978% offSALE PE SALEAdd to Compare",headphones,1099.0,4999.0,78.0,4.3,1666,https://rukminim2.flixcart.com/image/612/612/xif0q/headphone/g/b/k/-original-imahmh2edkrzb8ez.jpeg?q=70,https://www.flipkart.com/triggr-punkheadz-z2-50h-battery-dual-pairing-40mm-drivers-enc-aux-port-v5-4-bluetooth/p/itm0ce6e645e7f93?pid=ACCHMYT5HVWGFG8Z&lid=LSTACCHMYT5HVWGFG8ZAJMZJE&marketplace=FLIPKART&q=headphones&store=0pm%2Ffcn%2Fgc3&srno=s_3_112&otracker=search&fm=organic&iid=en__-Q0bE8psQc5DhjBEAvZqijrZFd1hnUzrF4p9VR1brLtNJ-aYtYoWZO5tq2SoTpVaBqF7PVj92qzv4Z0nVsWx1F91k_NKRtsN7mkYTl-6AQ%3D&ppt=None&ppn=None&ssid=x3rwi60mfk0000001779038288090&qH=edd443896ef5dbfc&ov_redirect=true&ov_redirect=true,,flipkart
Techpunch SPORTS PORTABLE HEADPHONE WITH BLUETOOTH & AU...3.6(116)₹297₹99970% offOnly few leftAdd to Compare,headphones,297.0,999.0,70.0,3.6,116,https://rukminim2.flixcart.com/image/612/612/xif0q/headphone/h/o/w/p47-sports-foldable-wireless-best-headphone-work-with-ios-original-imah26mhfxeujxg4.jpeg?q=70,https://www.flipkart.com/techpunch-sports-portable-headphone-bluetooth-aux-connected-all-device-wired/p/itm1d2f250e4961e?pid=ACCHBR86F8W6TNMU&lid=LSTACCHBR86F8W6TNMUSJB9ON&marketplace=FLIPKART&q=headphones&store=0pm%2Ffcn%2Fgc3&srno=s_3_113&otracker=search&fm=organic&iid=99e569fb-69a4-4022-b314-1e1e19ae4538.ACCHBR86F8W6TNMU.SEARCH&ppt=None&ppn=None&ssid=x3rwi60mfk0000001779038288090&qH=edd443896ef5dbfc&ov_redirect=true&ov_redirect=true,,flipkart
"boAt Rockerz 411,40H Battery, 40ms Latency, Stream Ad F...4.1(6,751)₹1,199₹2,99960% offBank OfferAdd to Compare",headphones,1199.0,2999.0,60.0,4.1,6751,https://rukminim2.flixcart.com/image/612/612/xif0q/headphone/v/6/r/-original-imahgnf46qzkbgdw.jpeg?q=70,https://www.flipkart.com/boat-rockerz-411-40h-battery-40ms-latency-stream-ad-free-music-via-app-bt-v5-4-bluetooth/p/itm07aad4fa6fcee?pid=ACCHCJW3NHPAGHHA&lid=LSTACCHCJW3NHPAGHHAEBT6WM&marketplace=FLIPKART&q=headphones&store=0pm%2Ffcn%2Fgc3&srno=s_3_114&otracker=search&fm=organic&iid=99e569fb-69a4-4022-b314-1e1e19ae4538.ACCHCJW3NHPAGHHA.SEARCH&ppt=None&ppn=None&ssid=x3rwi60mfk0000001779038288090&qH=edd443896ef5dbfc&ov_redirect=true&ov_redirect=true,,flipkart
"boAt Rockerz 430, 40ms Latency, 40H Battery, Stream Ad ...4.1(66,311)₹1,299₹2,49047% offOnly few leftAdd to Compare",headphones,1299.0,2490.0,47.0,4.1,66311,https://rukminim2.flixcart.com/image/612/612/xif0q/headphone/d/k/0/-original-imahgnf4uqcmqhnb.jpeg?q=70,https://www.flipkart.com/boat-rockerz-430-40ms-latency-40h-battery-stream-ad-free-music-via-app-bluetooth/p/itmffa34bfe88f9b?pid=ACCH44E5CRHKC462&lid=LSTACCH44E5CRHKC462FRC6JH&marketplace=FLIPKART&q=headphones&store=0pm%2Ffcn%2Fgc3&srno=s_3_115&otracker=search&fm=organic&iid=99e569fb-69a4-4022-b314-1e1e19ae4538.ACCH44E5CRHKC462.SEARCH&ppt=None&ppn=None&ssid=x3rwi60mfk0000001779038288090&qH=edd443896ef5dbfc&ov_redirect=true&ov_redirect=true,,flipkart
"SOJUBA Wireless Headphone Over the Head Sports Gaming E...4.2(36)₹336₹1,00066% offOnly few leftAdd to Compare",headphones,336.0,1000.0,66.0,4.2,36,https://rukminim2.flixcart.com/image/612/612/xif0q/headphone/k/9/r/foldable-sports-wireless-headphone-gaming-earphone-with-micro-sd-original-imahfpd4wpghm2ey.jpeg?q=70,https://www.flipkart.com/sojuba-wireless-headphone-over-head-sports-gaming-earphone-micro-sd-card-slot-bluetooth-wired/p/itmfe313f7940e56?pid=ACCHHGTG9ZGWPEP6&lid=LSTACCHHGTG9ZGWPEP6EZHMVD&marketplace=FLIPKART&q=headphones&store=0pm%2Ffcn%2Fgc3&srno=s_3_116&otracker=search&fm=organic&iid=99e569fb-69a4-4022-b314-1e1e19ae4538.ACCHHGTG9ZGWPEP6.SEARCH&ppt=None&ppn=None&ssid=x3rwi60mfk0000001779038288090&qH=edd443896ef5dbfc&ov_redirect=true&ov_redirect=true,,flipkart
"GOBOULT Fluid X 60Hrs, 40mm Drivers, Foldable design, E...4(21,840)₹1,999₹5,99966% offBank OfferAdd to Compare",headphones,1999.0,5999.0,66.0,4.0,21840,https://rukminim2.flixcart.com/image/612/612/xif0q/headphone/o/o/s/-original-imahf77syamgxzfy.jpeg?q=70,https://www.flipkart.com/goboult-fluid-x-60hrs-40mm-drivers-foldable-design-enc-mic-5-4v-bluetooth-wired/p/itm8f4302035813f?pid=ACCHF634UXAKXXUH&lid=LSTACCHF634UXAKXXUH4BVJTC&marketplace=FLIPKART&q=headphones&store=0pm%2Ffcn%2Fgc3&srno=s_3_117&otracker=search&fm=organic&iid=en__-Q0bE8psQc5DhjBEAvZqijrZFd1hnUzrF4p9VR1brKfIh5CoIZw3prMNenVS884T8uKAzhRF2szHUrNqH6gcmaRs4JL222ZRV-dN99QnxU%3D&ppt=None&ppn=None&ssid=x3rwi60mfk0000001779038288090&qH=edd443896ef5dbfc&ov_redirect=true&ov_redirect=true,,flipkart
"FRONY SH12 Premium (Bluetooth Headset) with Noise Cance...₹460₹1,20061% offBank OfferAdd to Compare",headphones,460.0,1200.0,61.0,0.0,0,https://rukminim2.flixcart.com/image/612/612/xif0q/headphone/m/g/2/sh12-premium-bluetooth-headset-with-noise-cancelation-technology-original-imahfj7t2pghbxgx.jpeg?q=70,https://www.flipkart.com/frony-sh12-premium-bluetooth-headset-noise-cancelation-technology-yxc55-bluetooth/p/itm06b7de305689a?pid=ACCHFJ8W7GTVFUD8&lid=LSTACCHFJ8W7GTVFUD8R6XZBU&marketplace=FLIPKART&q=headphones&store=0pm%2Ffcn%2Fgc3&srno=s_3_118&otracker=search&fm=organic&iid=en__-Q0bE8psQc5DhjBEAvZqijrZFd1hnUzrF4p9VR1brJcJ4dLO9NEn09BGTC0mTRx7xCQ6NHHIj5dJnr-CONUrvUFjCTyOHoHZs-Z5_PS_w0%3D&ppt=None&ppn=None&ssid=x3rwi60mfk0000001779038288090&qH=edd443896ef5dbfc&ov_redirect=true&ov_redirect=true,,flipkart
"O2 TECH P9 Wireless Bluetooth Headphones with Deep Bass...₹448₹1,49970% offOnly 3 leftAdd to Compare",headphones,448.0,1499.0,70.0,0.0,0,https://rukminim2.flixcart.com/image/612/612/xif0q/headphone/b/b/8/p9-wireless-headphone-24h-playtime-dual-paring-gaming-headphone-original-imah5fk22jxzzs7b.jpeg?q=70,https://www.flipkart.com/o2-tech-p9-wireless-bluetooth-headphones-deep-bass-isolation-wired/p/itmb6b77adba6a36?pid=ACCHMZH2KJS6RYKH&lid=LSTACCHMZH2KJS6RYKHTXLI3L&marketplace=FLIPKART&q=headphones&store=0pm%2Ffcn%2Fgc3&srno=s_3_119&otracker=search&fm=organic&iid=99e569fb-69a4-4022-b314-1e1e19ae4538.ACCHMZH2KJS6RYKH.SEARCH&ppt=None&ppn=None&ssid=x3rwi60mfk0000001779038288090&qH=edd443896ef5dbfc&ov_redirect=true&ov_redirect=true,,flipkart
"vadish Top Premium Audio Quality Luxurious Comfort Crys...4(6)₹811₹3,99979% offOnly few leftAdd to Compare",headphones,811.0,3999.0,79.0,4.0,6,https://rukminim2.flixcart.com/image/612/612/xif0q/shopsy-headphone/e/x/r/bluetooth-yes-hot-selling-premium-audio-quality-luxurious-original-imahkh2cgnq9v7bc.jpeg?q=70,https://www.flipkart.com/vadish-top-premium-audio-quality-luxurious-comfort-crystal-clear-sound-bluetooth/p/itmde199cd0ff108?pid=ACCHKHQAWYDJ9C9E&lid=LSTACCHKHQAWYDJ9C9EE60DCU&marketplace=FLIPKART&q=headphones&store=0pm%2Ffcn%2Fgc3&srno=s_3_120&otracker=search&fm=organic&iid=99e569fb-69a4-4022-b314-1e1e19ae4538.ACCHKHQAWYDJ9C9E.SEARCH&ppt=None&ppn=None&ssid=x3rwi60mfk0000001779038288090&qH=edd443896ef5dbfc&ov_redirect=true&ov_redirect=true,,flipkart
BRUTON Ring-854 |light Weight |Walking & Gym Sports | Running ...,shoes,398.0,2999.0,86.0,0.0,0,https://rukminim2.flixcart.com/image/612/612/xif0q/shoe/p/b/a/6-rng-854-beige-6-bruton-beige-resized-2-original-imahbgyzxr6ygvye.jpeg?q=70,https://www.flipkart.com/bruton-ring-854-light-weight-walking-gym-sports-running-shoes-men/p/itm4647369d1241b?pid=SHOHBFDU9DTEKHYH&lid=LSTSHOHBFDU9DTEKHYHBYHPJD&marketplace=FLIPKART&q=running+shoes+men&store=osp%2Fcil%2F1cu&srno=s_1_1&otracker=search&fm=organic&iid=en_guN7pG5lM7Wd4_H_NiS8J6f_-XdzdKDWpGT1ZVui-ywMMJfb5JQhOOpad0g4BW23F0qjQCgc-SIm1NSFWvaXDA%3D%3D&ppt=None&ppn=None&ssid=rdw33baq740000001779038290635&qH=696d82f7475d216f&ov_redirect=true,,flipkart
BRUTON Lite Sports Shoes Running Shoes For Men,shoes,398.0,2499.0,84.0,0.0,0,https://rukminim2.flixcart.com/image/612/612/xif0q/shoe/s/a/2/6-rng-eva-852-blk-6-bruton-black-original-imahezey9kued2f9.jpeg?q=70,https://www.flipkart.com/bruton-lite-sports-shoes-running-men/p/itm6a11d96a24e7f?pid=SHOGZHZFGCD9CAGV&lid=LSTSHOGZHZFGCD9CAGVASZA2C&marketplace=FLIPKART&q=running+shoes+men&store=osp%2Fcil%2F1cu&srno=s_1_2&otracker=search&fm=organic&iid=en_guN7pG5lM7Wd4_H_NiS8J6f_-XdzdKDWpGT1ZVui-yy7Y01S8qdeUB3G6teS7paGZ26X3bw1Xw9ZrHjDGtnPzg%3D%3D&ppt=None&ppn=None&ssid=rdw33baq740000001779038290635&qH=696d82f7475d216f&ov_redirect=true,,flipkart
"Aeonik Premium Sports,Soft Cushioned Insole, comfortable Runni...",shoes,470.0,1999.0,76.0,0.0,0,https://rukminim2.flixcart.com/image/612/612/xif0q/shoe/z/7/l/-original-imahh6wcnzfnfgdp.jpeg?q=70,https://www.flipkart.com/aeonik-premium-sports-soft-cushioned-insole-comfortable-running-shoes-men/p/itme5640ab9aa113?pid=SHOHGHSCDGDYGCP9&lid=LSTSHOHGHSCDGDYGCP9RPFRIK&marketplace=FLIPKART&q=running+shoes+men&store=osp%2Fcil%2F1cu&srno=s_1_3&otracker=search&fm=organic&iid=en_guN7pG5lM7Wd4_H_NiS8J6f_-XdzdKDWpGT1ZVui-yzdHlW7UGiaLUtjNSKlDAcJAveIhgAgt726wxk87zgEfg%3D%3D&ppt=None&ppn=None&ssid=rdw33baq740000001779038290635&qH=696d82f7475d216f&ov_redirect=true,,flipkart
BEEROCK Kosko Running Shoes For Men,shoes,504.0,1499.0,66.0,0.0,0,https://rukminim2.flixcart.com/image/612/612/xif0q/shoe/c/r/x/-resized-2-original-imahd2zbveyfarzm.jpeg?q=70,https://www.flipkart.com/beerock-kosko-running-shoes-men/p/itm1ee99abaf7675?pid=SHOFYE97PQDGJ2NF&lid=LSTSHOFYE97PQDGJ2NFK9JUFM&marketplace=FLIPKART&q=running+shoes+men&store=osp%2Fcil%2F1cu&srno=s_1_4&otracker=search&fm=organic&iid=665ea1cd-d538-44ed-b36c-c261406af564.SHOFYE97PQDGJ2NF.SEARCH&ppt=None&ppn=None&ssid=rdw33baq740000001779038290635&qH=696d82f7475d216f&ov_redirect=true,,flipkart
"TURNX Lightweight,Comfortable,Trendy,Breathable, Sports Runni...",shoes,750.0,3999.0,81.0,0.0,0,https://rukminim2.flixcart.com/image/612/612/xif0q/shoe/z/x/w/9-victory-white-sky-9-0-turnx-white-sky-blue-original-imahmp46vmudys7a.jpeg?q=70,https://www.flipkart.com/turnx-lightweight-comfortable-trendy-breathable-sports-running-shoes-men/p/itmee099fec86f20?pid=SHOHMP46HYVJEQYW&lid=LSTSHOHMP46HYVJEQYWGJQDGX&marketplace=FLIPKART&q=running+shoes+men&store=osp%2Fcil%2F1cu&srno=s_1_5&otracker=search&fm=organic&iid=665ea1cd-d538-44ed-b36c-c261406af564.SHOHMP46HYVJEQYW.SEARCH&ppt=None&ppn=None&ssid=rdw33baq740000001779038290635&qH=696d82f7475d216f&ov_redirect=true,,flipkart
ANIKE Men’s Lightweight Running Sports Shoes Sneakers For Men,shoes,445.0,999.0,55.0,0.0,0,https://rukminim2.flixcart.com/image/612/612/xif0q/shoe/n/w/u/10-shoes-images-4-10-0-anike-multicolor-original-imahkmsgtgj6fub7.jpeg?q=70,https://www.flipkart.com/anike-mens-lightweight-running-sports-shoes-sneakers-men/p/itmf44c394aedd10?pid=SHOHKMSGFGEU8E75&lid=LSTSHOHKMSGFGEU8E75NEIWXW&marketplace=FLIPKART&q=running+shoes+men&store=osp%2Fcil%2F1cu&srno=s_1_6&otracker=search&fm=organic&iid=665ea1cd-d538-44ed-b36c-c261406af564.SHOHKMSGFGEU8E75.SEARCH&ppt=None&ppn=None&ssid=rdw33baq740000001779038290635&qH=696d82f7475d216f&ov_redirect=true,,flipkart
JQR MIRAGE Running Shoes For Men,shoes,899.0,1699.0,47.0,0.0,0,https://rukminim2.flixcart.com/image/612/612/xif0q/shoe/i/i/d/8-mirage-8-jqr-wht-original-imahhg572kgymq4q.jpeg?q=70,https://www.flipkart.com/jqr-mirage-running-shoes-men/p/itma3ba6e9538e93?pid=SHOHFMQPQSWZWJVW&lid=LSTSHOHFMQPQSWZWJVWAFZREE&marketplace=FLIPKART&q=running+shoes+men&store=osp%2Fcil%2F1cu&srno=s_1_7&otracker=search&fm=organic&iid=en_guN7pG5lM7Wd4_H_NiS8J6f_-XdzdKDWpGT1ZVui-yxG4soTDeTcffDEA4lf4XIUU3JgMytZb2oy22VAc1wuhjaXAI15xQIPam6Hsx54Dy4%3D&ppt=None&ppn=None&ssid=rdw33baq740000001779038290635&qH=696d82f7475d216f&ov_redirect=true,,flipkart
"Aeonik Premium Sports,Soft Cushioned Insole, comfortable Runni...",shoes,470.0,1999.0,76.0,0.0,0,https://rukminim2.flixcart.com/image/612/612/xif0q/shoe/z/7/l/-original-imahh6wcnzfnfgdp.jpeg?q=70,https://www.flipkart.com/aeonik-premium-sports-soft-cushioned-insole-comfortable-running-shoes-men/p/itme5640ab9aa113?pid=SHOHGHSCQKFFGEYT&lid=LSTSHOHGHSCQKFFGEYTDHX0EH&marketplace=FLIPKART&q=running+shoes+men&store=osp%2Fcil%2F1cu&srno=s_1_8&otracker=search&fm=organic&iid=en_guN7pG5lM7Wd4_H_NiS8J6f_-XdzdKDWpGT1ZVui-ywXz1qZOGq8v8izp3GkPeKCOTEHWBcmUvwS_-CadOtjUPUFjCTyOHoHZs-Z5_PS_w0%3D&ppt=None&ppn=None&ssid=rdw33baq740000001779038290635&qH=696d82f7475d216f&ov_redirect=true,,flipkart
SNEAK EDGE Men’s Trendy Sports Running Sneakers | Lightweight Casu...,shoes,426.0,1299.0,67.0,0.0,0,https://rukminim2.flixcart.com/image/612/612/xif0q/shoe/k/8/d/6-2001-6-sneak-edge-grey-original-imahn8ewyzqggfrh.jpeg?q=70,https://www.flipkart.com/sneak-edge-mens-trendy-sports-running-sneakers-lightweight-casual-shoes-daily-wear-men/p/itm87de18ad94802?pid=SHOHN8FFUM8JYHGF&lid=LSTSHOHN8FFUM8JYHGFNLDPTB&marketplace=FLIPKART&q=running+shoes+men&store=osp%2Fcil%2F1cu&srno=s_1_9&otracker=search&fm=organic&iid=665ea1cd-d538-44ed-b36c-c261406af564.SHOHN8FFUM8JYHGF.SEARCH&ppt=None&ppn=None&ssid=rdw33baq740000001779038290635&qH=696d82f7475d216f&ov_redirect=true,,flipkart
SNEAK EDGE Men’s Trendy Sports Running Sneakers | Lightweight Casu...,shoes,498.0,1499.0,66.0,0.0,0,https://rukminim2.flixcart.com/image/612/612/xif0q/shoe/0/1/q/7-2001-7-sneak-edge-black-original-imahn8gfgfquxrhc.jpeg?q=70,https://www.flipkart.com/sneak-edge-mens-trendy-sports-running-sneakers-lightweight-casual-shoes-daily-wear-men/p/itmbd40165bed7a8?pid=SHOHN8GYWXSUXTHX&lid=LSTSHOHN8GYWXSUXTHXGFWHJ5&marketplace=FLIPKART&q=running+shoes+men&store=osp%2Fcil%2F1cu&srno=s_1_10&otracker=search&fm=organic&iid=665ea1cd-d538-44ed-b36c-c261406af564.SHOHN8GYWXSUXTHX.SEARCH&ppt=None&ppn=None&ssid=rdw33baq740000001779038290635&qH=696d82f7475d216f&ov_redirect=true,,flipkart
GOLDSTAR PVC'602 Running Shoes For Men,shoes,499.0,999.0,50.0,0.0,0,https://rukminim2.flixcart.com/image/612/612/xif0q/shopsy-shoe/0/v/i/11-602-shoe-11-goldstar-blue-original-imahjnf9y8a5xztw.jpeg?q=70,https://www.flipkart.com/goldstar-pvc-602-running-shoes-men/p/itmd07cd9364780a?pid=SHOGX7YUWSZVRK5W&lid=LSTSHOGX7YUWSZVRK5WOEN9ZN&marketplace=FLIPKART&q=running+shoes+men&store=osp%2Fcil%2F1cu&srno=s_1_11&otracker=search&fm=organic&iid=en_guN7pG5lM7Wd4_H_NiS8J6f_-XdzdKDWpGT1ZVui-ywWzdPXU-8wppCaDDrT9IUX-qtoZIUbR9btHrZY7T8_hg%3D%3D&ppt=None&ppn=None&ssid=rdw33baq740000001779038290635&qH=696d82f7475d216f&ov_redirect=true,,flipkart
Free Kicks Running Shoes For Men,shoes,390.0,1499.0,73.0,0.0,0,https://rukminim2.flixcart.com/image/612/612/xif0q/shoe/b/f/l/9-freesole-grey-free-kicks-grey-original-imagxpgzzgmedgdv.jpeg?q=70,https://www.flipkart.com/free-kicks-running-shoes-men/p/itmad3c138f2cfae?pid=SHOGXSVKCFY2MV4J&lid=LSTSHOGXSVKCFY2MV4JNMBDL1&marketplace=FLIPKART&q=running+shoes+men&store=osp%2Fcil%2F1cu&srno=s_1_12&otracker=search&fm=organic&iid=en_guN7pG5lM7Wd4_H_NiS8J6f_-XdzdKDWpGT1ZVui-yzy140W7V_2dmtWXvdIUVF2d0RAWg-4YMcrtBTZBOMdWPUFjCTyOHoHZs-Z5_PS_w0%3D&ppt=None&ppn=None&ssid=rdw33baq740000001779038290635&qH=696d82f7475d216f&ov_redirect=true,,flipkart
BEEROCK Oxygen Running Shoes For Men,shoes,469.0,1499.0,68.0,0.0,0,https://rukminim2.flixcart.com/image/612/612/xif0q/shoe/r/a/8/-resized-2-original-imahb927yg8qspu5.jpeg?q=70,https://www.flipkart.com/beerock-oxygen-running-shoes-men/p/itmfhgh9d5qpg4js?pid=SHOEGWUCBABDUWXA&lid=LSTSHOEGWUCBABDUWXAGSG4RU&marketplace=FLIPKART&q=running+shoes+men&store=osp%2Fcil%2F1cu&srno=s_1_13&otracker=search&fm=organic&iid=665ea1cd-d538-44ed-b36c-c261406af564.SHOEGWUCBABDUWXA.SEARCH&ppt=None&ppn=None&ssid=rdw33baq740000001779038290635&qH=696d82f7475d216f&ov_redirect=true,,flipkart
CLYMB Premium Casual Shoes For all Running Shoes Running Shoe...,shoes,438.0,2100.0,79.0,0.0,0,https://rukminim2.flixcart.com/image/612/612/xif0q/shoe/0/l/r/7-urban2-grey-41-clymb-grey-original-imahmqdfyjxaqar3.jpeg?q=70,https://www.flipkart.com/clymb-premium-casual-shoes-all-running-men/p/itmc155a208865dc?pid=SHOHC8JZYC7VYVAN&lid=LSTSHOHC8JZYC7VYVANR533JT&marketplace=FLIPKART&q=running+shoes+men&store=osp%2Fcil%2F1cu&srno=s_1_14&otracker=search&fm=organic&iid=en_guN7pG5lM7Wd4_H_NiS8J6f_-XdzdKDWpGT1ZVui-yxMdLU-0IvlREKIw--RcIPbTlJLz2wLom2lURwkJvxipQ%3D%3D&ppt=None&ppn=None&ssid=rdw33baq740000001779038290635&qH=696d82f7475d216f&ov_redirect=true,,flipkart
"asian Thar-01 Black Sports,Training,Gym,Walking,Stylish For M...",shoes,536.0,1249.0,57.0,0.0,0,https://rukminim2.flixcart.com/image/612/612/xif0q/shoe/o/u/m/7-thar-01-7-asian-black-pgreen-original-imahhhf3fbqzfv9v.jpeg?q=70,https://www.flipkart.com/asian-thar-01-black-sports-training-gym-walking-stylish-men/p/itm3118b73e21def?pid=SHOGHHFEHS6ABR4E&lid=LSTSHOGHHFEHS6ABR4E0KPQPH&marketplace=FLIPKART&q=running+shoes+men&store=osp%2Fcil%2F1cu&srno=s_1_15&otracker=search&fm=organic&iid=665ea1cd-d538-44ed-b36c-c261406af564.SHOGHHFEHS6ABR4E.SEARCH&ppt=None&ppn=None&ssid=rdw33baq740000001779038290635&qH=696d82f7475d216f&ov_redirect=true,,flipkart
Free Kicks FK- 447 Latest Running Shoes For Men,shoes,255.0,1299.0,80.0,0.0,0,https://rukminim2.flixcart.com/image/612/612/xif0q/shoe/h/x/y/-resized-2-original-imagg7htcqmzdw9j.jpeg?q=70,https://www.flipkart.com/free-kicks-fk-447-latest-running-shoes-men/p/itm0240fdb438236?pid=SHOGWUPKEHKZXRKX&lid=LSTSHOGWUPKEHKZXRKXGHOE3Z&marketplace=FLIPKART&q=running+shoes+men&store=osp%2Fcil%2F1cu&srno=s_1_16&otracker=search&fm=organic&iid=665ea1cd-d538-44ed-b36c-c261406af564.SHOGWUPKEHKZXRKX.SEARCH&ppt=None&ppn=None&ssid=rdw33baq740000001779038290635&qH=696d82f7475d216f&ov_redirect=true,,flipkart
First Affordable Collection of Stylish Shoes For MEN Running ...,shoes,294.0,1499.0,80.0,0.0,0,https://rukminim2.flixcart.com/image/612/612/xif0q/shoe/p/i/e/6-f1rst-full-black-6-hotstyle-white-resized-2-original-imaghmz9xa2yk8m9.jpeg?q=70,https://www.flipkart.com/first-affordable-collection-stylish-shoes-men-running-formen/p/itm9a4cb4392a5e4?pid=SHOGMYV8CXHDTGYQ&lid=LSTSHOGMYV8CXHDTGYQ4BRZV5&marketplace=FLIPKART&q=running+shoes+men&store=osp%2Fcil%2F1cu&srno=s_1_17&otracker=search&fm=organic&iid=en_guN7pG5lM7Wd4_H_NiS8J6f_-XdzdKDWpGT1ZVui-yyR4587_TQ-y00pyyBaBA7_LUngLmx2MT4ChLvuZhG_LvUFjCTyOHoHZs-Z5_PS_w0%3D&ppt=None&ppn=None&ssid=rdw33baq740000001779038290635&qH=696d82f7475d216f&ov_redirect=true,,flipkart
"NOBELITE Premium Sports ,Gym, Trending, Stylish Running Shoes Fo...",shoes,398.0,2499.0,84.0,0.0,0,https://rukminim2.flixcart.com/image/612/612/xif0q/shoe/r/2/s/8-sport-24503-8-nobelite-white-black-resized-2-original-imahf3x7e8yanbyy.jpeg?q=70,https://www.flipkart.com/nobelite-premium-sports-gym-trending-stylish-running-shoes-men/p/itm97ef97f943d6c?pid=SHOHC562FG4MYPXY&lid=LSTSHOHC562FG4MYPXY9UTOF8&marketplace=FLIPKART&q=running+shoes+men&store=osp%2Fcil%2F1cu&srno=s_1_18&otracker=search&fm=organic&iid=en_guN7pG5lM7Wd4_H_NiS8J6f_-XdzdKDWpGT1ZVui-yxlnWE40tAxCsGHrz2HgwAYidvpd81PFvZQkZRuJTgvE_UFjCTyOHoHZs-Z5_PS_w0%3D&ppt=None&ppn=None&ssid=rdw33baq740000001779038290635&qH=696d82f7475d216f&ov_redirect=true,,flipkart
SNEAK EDGE Men’s Trendy Sports Running Sneakers | Lightweight Casu...,shoes,498.0,1499.0,66.0,0.0,0,https://rukminim2.flixcart.com/image/612/612/xif0q/shoe/t/m/r/6-2001-6-sneak-edge-white-original-imahn8ezhhzuz3qv.jpeg?q=70,https://www.flipkart.com/sneak-edge-mens-trendy-sports-running-sneakers-lightweight-casual-shoes-daily-wear-men/p/itme638d97066e4b?pid=SHOHN8FFWDAFRJCX&lid=LSTSHOHN8FFWDAFRJCXLU0QW9&marketplace=FLIPKART&q=running+shoes+men&store=osp%2Fcil%2F1cu&srno=s_1_19&otracker=search&fm=organic&iid=665ea1cd-d538-44ed-b36c-c261406af564.SHOHN8FFWDAFRJCX.SEARCH&ppt=None&ppn=None&ssid=rdw33baq740000001779038290635&qH=696d82f7475d216f&ov_redirect=true,,flipkart
World Wear Footwear Exclusive Range of Stylish Comfortable Sports Sneakers ...,shoes,328.0,998.0,67.0,0.0,0,https://rukminim2.flixcart.com/image/612/612/xif0q/shoe/a/d/2/-resized-2-original-imahd2zgjuevfq7k.jpeg?q=70,https://www.flipkart.com/world-wear-footwear-exclusive-range-stylish-comfortable-sports-sneakers-running-shoes-men/p/itmc118b75c3d25f?pid=SHOGNHYEE9HKGHNZ&lid=LSTSHOGNHYEE9HKGHNZLHNSRE&marketplace=FLIPKART&q=running+shoes+men&store=osp%2Fcil%2F1cu&srno=s_1_20&otracker=search&fm=organic&iid=665ea1cd-d538-44ed-b36c-c261406af564.SHOGNHYEE9HKGHNZ.SEARCH&ppt=None&ppn=None&ssid=rdw33baq740000001779038290635&qH=696d82f7475d216f&ov_redirect=true,,flipkart
JQR GLOBAL PLUS Running Shoes For Men,shoes,733.0,1699.0,56.0,0.0,0,https://rukminim2.flixcart.com/image/612/612/xif0q/shoe/f/q/s/-original-imahgbrx5uhyz4z7.jpeg?q=70,https://www.flipkart.com/jqr-global-plus-running-shoes-men/p/itmc07cdbe340802?pid=SHOGHZNR5JHU3WGM&lid=LSTSHOGHZNR5JHU3WGMTRS8NP&marketplace=FLIPKART&q=running+shoes+men&store=osp%2Fcil%2F1cu&srno=s_1_21&otracker=search&fm=organic&iid=en_guN7pG5lM7Wd4_H_NiS8J6f_-XdzdKDWpGT1ZVui-ywoRrqaqHZd9yGD-ncK8fLQ8_h3qNeVR5vogsbjxV4v0Ke2V9XDvunzl7fbjyNvPBk%3D&ppt=None&ppn=None&ssid=rdw33baq740000001779038290635&qH=696d82f7475d216f&ov_redirect=true,,flipkart
JQR ZENITHH Running Shoes For Men,shoes,622.0,1399.0,55.0,0.0,0,https://rukminim2.flixcart.com/image/612/612/xif0q/shoe/f/t/r/9-zenithh-jqr-l-gry-original-imahay2quvgzufkh.jpeg?q=70,https://www.flipkart.com/jqr-zenithh-running-shoes-men/p/itm247cdc410ffb9?pid=SHOHAY2RSAYJY5HY&lid=LSTSHOHAY2RSAYJY5HYENWJOZ&marketplace=FLIPKART&q=running+shoes+men&store=osp%2Fcil%2F1cu&srno=s_1_22&otracker=search&fm=organic&iid=en_guN7pG5lM7Wd4_H_NiS8J6f_-XdzdKDWpGT1ZVui-yzeo8piyxfj19ae0KDRLHEIbyerJylOmjvgvrEvzvNOG5Xw7DUDS2vl5umacXcUPQk%3D&ppt=None&ppn=None&ssid=rdw33baq740000001779038290635&qH=696d82f7475d216f&ov_redirect=true,,flipkart
HOTSTYLE Trendy & Stylish Running Shoes For Men,shoes,229.0,999.0,77.0,0.0,0,https://rukminim2.flixcart.com/image/612/612/xif0q/shoe/2/z/y/7-hs-multi-1-7-7-hotstyle-black-original-imahh2cnt7hagxy5.jpeg?q=70,https://www.flipkart.com/hotstyle-trendy-stylish-running-shoes-men/p/itme3f5ce18186c3?pid=SHOG483UHWHEGSE7&lid=LSTSHOG483UHWHEGSE7LOLQHU&marketplace=FLIPKART&q=running+shoes+men&store=osp%2Fcil%2F1cu&srno=s_1_23&otracker=search&fm=organic&iid=665ea1cd-d538-44ed-b36c-c261406af564.SHOG483UHWHEGSE7.SEARCH&ppt=None&ppn=None&ssid=rdw33baq740000001779038290635&qH=696d82f7475d216f&ov_redirect=true,,flipkart
LOC SAYGA Sneakers For Men,shoes,699.0,1999.0,65.0,0.0,0,https://rukminim2.flixcart.com/image/612/612/xif0q/shoe/a/0/c/8-speed-1-8-0-loc-sayga-tan-original-imahn5zys9gtgsgz.jpeg?q=70,https://www.flipkart.com/loc-sayga-sneakers-men/p/itm45b5ee78fe56f?pid=SHOHN67PUJRTV5JF&lid=LSTSHOHN67PUJRTV5JF4OE9SU&marketplace=FLIPKART&q=running+shoes+men&store=osp%2Fcil%2F1cu&srno=s_1_24&otracker=search&fm=organic&iid=665ea1cd-d538-44ed-b36c-c261406af564.SHOHN67PUJRTV5JF.SEARCH&ppt=None&ppn=None&ssid=rdw33baq740000001779038290635&qH=696d82f7475d216f&ov_redirect=true,,flipkart
Free Kicks FK-394 Premium Running Shoes For Men,shoes,255.0,799.0,68.0,0.0,0,https://rukminim2.flixcart.com/image/612/612/xif0q/shoe/a/8/y/10-394-blueorange-10-10-free-kicks-blue-orange-resized-2-original-imahyr9mrvzfymnx.jpeg?q=70,https://www.flipkart.com/free-kicks-fk-394-premium-running-shoes-men/p/itm6df7358e458ef?pid=SHOGDGYKDZEPNURT&lid=LSTSHOGDGYKDZEPNURTLJJDF1&marketplace=FLIPKART&q=running+shoes+men&store=osp%2Fcil%2F1cu&srno=s_1_25&otracker=search&fm=organic&iid=665ea1cd-d538-44ed-b36c-c261406af564.SHOGDGYKDZEPNURT.SEARCH&ppt=None&ppn=None&ssid=rdw33baq740000001779038290635&qH=696d82f7475d216f&ov_redirect=true,,flipkart
SEGA S-15 Running Shoes For Men,shoes,699.0,829.0,15.0,0.0,0,https://rukminim2.flixcart.com/image/612/612/xif0q/shoe/7/j/g/-original-imahgctkxaknfh2b.jpeg?q=70,https://www.flipkart.com/sega-s-15-running-shoes-men/p/itmfhyp7yvqhdq5r?pid=SHOFHYHC9NHWEHJF&lid=LSTSHOFHYHC9NHWEHJFXIVZ4V&marketplace=FLIPKART&q=running+shoes+men&store=osp%2Fcil%2F1cu&srno=s_1_26&otracker=search&fm=organic&iid=665ea1cd-d538-44ed-b36c-c261406af564.SHOFHYHC9NHWEHJF.SEARCH&ppt=None&ppn=None&ssid=rdw33baq740000001779038290635&qH=696d82f7475d216f&ov_redirect=true,,flipkart
Abros CRYPTO Running Shoes For Men,shoes,1149.0,3199.0,64.0,0.0,0,https://rukminim2.flixcart.com/image/612/612/xif0q/shoe/m/0/h/-original-imahfhpg4ghbkgfh.jpeg?q=70,https://www.flipkart.com/abros-crypto-running-shoes-men/p/itma610edb77e599?pid=SHOGXBZQWPSUFASX&lid=LSTSHOGXBZQWPSUFASXHTQESL&marketplace=FLIPKART&q=running+shoes+men&store=osp%2Fcil%2F1cu&srno=s_1_27&otracker=search&fm=organic&iid=en_guN7pG5lM7Wd4_H_NiS8J6f_-XdzdKDWpGT1ZVui-yyIPRWrv6RiYCUEzE69wHdBQInS8TQjPH_wkJBM5cH_-pxkhLmIBDS3Pr7Nxtl3saw%3D&ppt=None&ppn=None&ssid=rdw33baq740000001779038290635&qH=696d82f7475d216f&ov_redirect=true,,flipkart
SKYMORE Stylish Sports Running Shoes Running Shoes For Men,shoes,423.0,2499.0,83.0,0.0,0,https://rukminim2.flixcart.com/image/612/612/xif0q/shoe/r/j/a/8-eva-rng-912-blk-8-skymore-black-original-imahexgkarbgy2ns.jpeg?q=70,https://www.flipkart.com/skymore-stylish-sports-running-shoes-men/p/itm0e16da99cdd49?pid=SHOHEM3FGJFKJRHH&lid=LSTSHOHEM3FGJFKJRHHZLLVRB&marketplace=FLIPKART&q=running+shoes+men&store=osp%2Fcil%2F1cu&srno=s_1_28&otracker=search&fm=organic&iid=en_guN7pG5lM7Wd4_H_NiS8J6f_-XdzdKDWpGT1ZVui-ywLGpan_zRGPC6UNb7XDH88mzNhqYstxk5G3OK3b1uVWPUFjCTyOHoHZs-Z5_PS_w0%3D&ppt=None&ppn=None&ssid=rdw33baq740000001779038290635&qH=696d82f7475d216f&ov_redirect=true,,flipkart
"asian Thar-01 Grey Sneakers,Sports,Training,Gym,Walking,Styli...",shoes,536.0,1249.0,57.0,0.0,0,https://rukminim2.flixcart.com/image/612/612/xif0q/shoe/l/a/3/12-thar-01-big-12-asian-lgrey-black-original-imahhhf3xy7wts9e.jpeg?q=70,https://www.flipkart.com/asian-thar-01-grey-sneakers-sports-training-gym-walking-stylish-men/p/itm068b33789b883?pid=SHOGHCHGG39XPNDD&lid=LSTSHOGHCHGG39XPNDDZLK8TT&marketplace=FLIPKART&q=running+shoes+men&store=osp%2Fcil%2F1cu&srno=s_1_29&otracker=search&fm=organic&iid=665ea1cd-d538-44ed-b36c-c261406af564.SHOGHCHGG39XPNDD.SEARCH&ppt=None&ppn=None&ssid=rdw33baq740000001779038290635&qH=696d82f7475d216f&ov_redirect=true,,flipkart
BRUTON Trendy Sports Running Running Shoes For Men,shoes,253.0,2499.0,89.0,0.0,0,https://rukminim2.flixcart.com/image/612/612/xif0q/shoe/q/f/t/6-rng-2cmb-560-wht-514-gry-6-bruton-white-grey-original-imahyrrapdn8xuqy.jpeg?q=70,https://www.flipkart.com/bruton-trendy-sports-running-shoes-men/p/itm20130f6ebb65e?pid=SHOHAHHWAJGCCX3U&lid=LSTSHOHAHHWAJGCCX3U6OZ8O1&marketplace=FLIPKART&q=running+shoes+men&store=osp%2Fcil%2F1cu&srno=s_1_30&otracker=search&fm=organic&iid=665ea1cd-d538-44ed-b36c-c261406af564.SHOHAHHWAJGCCX3U.SEARCH&ppt=None&ppn=None&ssid=rdw33baq740000001779038290635&qH=696d82f7475d216f&ov_redirect=true,,flipkart
Abros CRYPTO Running Shoes For Men,shoes,889.0,3199.0,72.0,0.0,0,https://rukminim2.flixcart.com/image/612/612/xif0q/shoe/e/u/i/-resized-2-original-imahfhphzdhxqwmz.jpeg?q=70,https://www.flipkart.com/abros-crypto-running-shoes-men/p/itmf53ebaf490514?pid=SHOGXBZQ3GFWYRWZ&lid=LSTSHOGXBZQ3GFWYRWZBUAIX8&marketplace=FLIPKART&q=running+shoes+men&store=osp%2Fcil%2F1cu&srno=s_1_31&otracker=search&fm=organic&iid=en_guN7pG5lM7Wd4_H_NiS8J6f_-XdzdKDWpGT1ZVui-yxSJ2Wp2fmCzpA1GBVMVDCCiNUEnfb0XADk5sbbsdWa3csvznWCApVxH0FtqY3oUAk%3D&ppt=None&ppn=None&ssid=rdw33baq740000001779038290635&qH=696d82f7475d216f&ov_redirect=true,,flipkart
"aadi Men's Grey Lightweight EVA Running, Walking & Gym Casua...",shoes,414.0,1999.0,79.0,0.0,0,https://rukminim2.flixcart.com/image/612/612/xif0q/shoe/e/p/f/-original-imahh6wfhjeqebuy.jpeg?q=70,https://www.flipkart.com/aadi-men-s-grey-lightweight-eva-running-walking-gym-casual-sports-shoes-running-men/p/itmf4ffe65f7bebc?pid=SHOGWSZFNUAZXGW9&lid=LSTSHOGWSZFNUAZXGW91BEACL&marketplace=FLIPKART&q=running+shoes+men&store=osp%2Fcil%2F1cu&srno=s_1_32&otracker=search&fm=organic&iid=en_guN7pG5lM7Wd4_H_NiS8J6f_-XdzdKDWpGT1ZVui-yx6_ofrqeMhPBoz5syr6Rw1ie7JKNmYxlRIpLxdkPXaHA%3D%3D&ppt=None&ppn=None&ssid=rdw33baq740000001779038290635&qH=696d82f7475d216f&ov_redirect=true,,flipkart
"asian Thar-01 White Sneakers,Sports,Training,Gym,Walking,Styl...",shoes,536.0,1249.0,57.0,0.0,0,https://rukminim2.flixcart.com/image/612/612/xif0q/shoe/b/o/z/10-thar-01-10-asian-white-slate-blue-original-imahhhf3bfchyf9g.jpeg?q=70,https://www.flipkart.com/asian-thar-01-white-sneakers-sports-training-gym-walking-stylish-men/p/itm9883ddd8afc2d?pid=SHOGHCHGXYCXFARR&lid=LSTSHOGHCHGXYCXFARRUE0CB5&marketplace=FLIPKART&q=running+shoes+men&store=osp%2Fcil%2F1cu&srno=s_1_33&otracker=search&fm=organic&iid=665ea1cd-d538-44ed-b36c-c261406af564.SHOGHCHGXYCXFARR.SEARCH&ppt=None&ppn=None&ssid=rdw33baq740000001779038290635&qH=696d82f7475d216f&ov_redirect=true,,flipkart
VOLAX Sneakers For Men,shoes,428.0,1599.0,73.0,0.0,0,https://rukminim2.flixcart.com/image/612/612/xif0q/shoe/0/a/i/10-men-s-latest-trendy-shoes-10-0-volax-grey-original-imahm9vfp7nzhjfx.jpeg?q=70,https://www.flipkart.com/volax-sneakers-men/p/itmc543f1a019131?pid=SHOHM9XZH7VQPN2W&lid=LSTSHOHM9XZH7VQPN2WKFH6HQ&marketplace=FLIPKART&q=running+shoes+men&store=osp%2Fcil%2F1cu&srno=s_1_34&otracker=search&fm=organic&iid=665ea1cd-d538-44ed-b36c-c261406af564.SHOHM9XZH7VQPN2W.SEARCH&ppt=None&ppn=None&ssid=rdw33baq740000001779038290635&qH=696d82f7475d216f&ov_redirect=true,,flipkart
"HOTSTYLE Shoes,Loafers Shoes, Running Shoes For Men",shoes,374.0,2249.0,83.0,0.0,0,https://rukminim2.flixcart.com/image/612/612/xif0q/shoe/d/h/0/8-11-sticker-grey-8-hotstyle-white-grey-resized-2-original-imahgdv2kp93va3n.jpeg?q=70,https://www.flipkart.com/hotstyle-shoes-loafers-shoes-running-shoes-men/p/itm4e835fc003e94?pid=SHOHFY3PCUYDDPMS&lid=LSTSHOHFY3PCUYDDPMSB5BWO0&marketplace=FLIPKART&q=running+shoes+men&store=osp%2Fcil%2F1cu&srno=s_1_35&otracker=search&fm=organic&iid=665ea1cd-d538-44ed-b36c-c261406af564.SHOHFY3PCUYDDPMS.SEARCH&ppt=None&ppn=None&ssid=rdw33baq740000001779038290635&qH=696d82f7475d216f&ov_redirect=true,,flipkart
action Athleo ATG-424 Comfortable Lightweight Breathable Durab...,shoes,597.0,1899.0,68.0,0.0,0,https://rukminim2.flixcart.com/image/612/612/xif0q/shoe/q/w/b/8-atg-424-8-action-navy-original-imahfjdcumwzbxrh.jpeg?q=70,https://www.flipkart.com/action-athleo-atg-424-comfortable-lightweight-breathable-durable-sports-slip-on-running-shoes-men/p/itm62e5e05c840bf?pid=SHOGE95BCF8VGG5S&lid=LSTSHOGE95BCF8VGG5S0PZIJE&marketplace=FLIPKART&q=running+shoes+men&store=osp%2Fcil%2F1cu&srno=s_1_36&otracker=search&fm=organic&iid=665ea1cd-d538-44ed-b36c-c261406af564.SHOGE95BCF8VGG5S.SEARCH&ppt=None&ppn=None&ssid=rdw33baq740000001779038290635&qH=696d82f7475d216f&ov_redirect=true,,flipkart
"NOBELITE Premium Sports ,Gym, Trending, Stylish Running Shoes Fo...",shoes,448.0,2499.0,82.0,0.0,0,https://rukminim2.flixcart.com/image/612/612/xif0q/shoe/n/z/y/10-sneakers-24501-10-nobelite-white-green-original-imahd7j3wjrhtwcd.jpeg?q=70,https://www.flipkart.com/nobelite-premium-sports-gym-trending-stylish-running-shoes-men/p/itm33552770b6111?pid=SHOH8ZVYZFRPFUAQ&lid=LSTSHOH8ZVYZFRPFUAQVXFAIS&marketplace=FLIPKART&q=running+shoes+men&store=osp%2Fcil%2F1cu&srno=s_1_37&otracker=search&fm=organic&iid=en_guN7pG5lM7Wd4_H_NiS8J6f_-XdzdKDWpGT1ZVui-ywo4Jle__MSrxvr4MmNQ5Xw2hQRcro_-UkjzJM-7l9R0A%3D%3D&ppt=None&ppn=None&ssid=rdw33baq740000001779038290635&qH=696d82f7475d216f&ov_redirect=true,,flipkart
BRUTON Trendy Sports Running Shoes For Men,shoes,253.0,1299.0,80.0,0.0,0,https://rukminim2.flixcart.com/image/612/612/xif0q/shoe/u/i/w/6-551-blue-40-bruton-blue-white-original-imaheh6rudbnhvx3.jpeg?q=70,https://www.flipkart.com/bruton-trendy-sports-running-shoes-men/p/itmee016d61b7d8a?pid=SHOGF5NXB6ZFXTVF&lid=LSTSHOGF5NXB6ZFXTVFXYAKYE&marketplace=FLIPKART&q=running+shoes+men&store=osp%2Fcil%2F1cu&srno=s_1_38&otracker=search&fm=organic&iid=en_guN7pG5lM7Wd4_H_NiS8J6f_-XdzdKDWpGT1ZVui-yz1S95SnwIYSOdZ1Cn1ZxYzf6XDEeIsfO92Fz4sDOLK4A%3D%3D&ppt=None&ppn=None&ssid=rdw33baq740000001779038290635&qH=696d82f7475d216f&ov_redirect=true,,flipkart
Free Kicks FK-394 Stylish Running Shoes For Men,shoes,255.0,799.0,68.0,0.0,0,https://rukminim2.flixcart.com/image/612/612/xif0q/shoe/a/8/y/10-394-blueorange-10-10-free-kicks-blue-orange-resized-2-original-imahyr9mrvzfymnx.jpeg?q=70,https://www.flipkart.com/free-kicks-fk-394-stylish-running-shoes-men/p/itm6df7358e458ef?pid=SHOGDGYKTS7YR5FM&lid=LSTSHOGDGYKTS7YR5FMAZFEV2&marketplace=FLIPKART&q=running+shoes+men&store=osp%2Fcil%2F1cu&srno=s_1_39&otracker=search&fm=organic&iid=665ea1cd-d538-44ed-b36c-c261406af564.SHOGDGYKTS7YR5FM.SEARCH&ppt=None&ppn=None&ssid=rdw33baq740000001779038290635&qH=696d82f7475d216f&ov_redirect=true,,flipkart
VOLAX Men's Latest Stylish Canvas Running Sports Shoes Sneake...,shoes,428.0,1599.0,73.0,0.0,0,https://rukminim2.flixcart.com/image/612/612/xif0q/shoe/1/f/e/8-men-s-canvas-sports-shoes-8-0-only-steps-beige-original-imahm7zdm4xcvgeb.jpeg?q=70,https://www.flipkart.com/volax-men-s-latest-stylish-canvas-running-sports-shoes-sneakers-men/p/itm97c73d8412263?pid=SHOHM9WZVNCDKHHG&lid=LSTSHOHM9WZVNCDKHHGHIXSPF&marketplace=FLIPKART&q=running+shoes+men&store=osp%2Fcil%2F1cu&srno=s_1_40&otracker=search&fm=organic&iid=665ea1cd-d538-44ed-b36c-c261406af564.SHOHM9WZVNCDKHHG.SEARCH&ppt=None&ppn=None&ssid=rdw33baq740000001779038290635&qH=696d82f7475d216f&ov_redirect=true,,flipkart
BRUTON Ring-854 |light Weight |Walking & Gym Sports | Running ...,shoes,398.0,2999.0,86.0,0.0,0,https://rukminim2.flixcart.com/image/612/612/xif0q/shoe/p/b/a/6-rng-854-beige-6-bruton-beige-resized-2-original-imahbgyzxr6ygvye.jpeg?q=70,https://www.flipkart.com/bruton-ring-854-light-weight-walking-gym-sports-running-shoes-men/p/itm4647369d1241b?pid=SHOHBFDU9DTEKHYH&lid=LSTSHOHBFDU9DTEKHYHBYHPJD&marketplace=FLIPKART&q=running+shoes+men&store=osp%2Fcil%2F1cu&srno=s_2_41&otracker=search&fm=organic&iid=en_aXc7SQvRpSguxy4-pIjLdhdRrO8026w19OPAL-HDEzmM3ujPTMGdvNgrbS3O9-RhF0qjQCgc-SIm1NSFWvaXDA%3D%3D&ppt=None&ppn=None&ssid=f45x49jueo0000001779038293497&qH=696d82f7475d216f&ov_redirect=true,,flipkart
BRUTON Lite Sports Shoes Running Shoes For Men,shoes,398.0,2499.0,84.0,0.0,0,https://rukminim2.flixcart.com/image/612/612/xif0q/shoe/s/a/2/6-rng-eva-852-blk-6-bruton-black-original-imahezey9kued2f9.jpeg?q=70,https://www.flipkart.com/bruton-lite-sports-shoes-running-men/p/itm6a11d96a24e7f?pid=SHOGZHZFGCD9CAGV&lid=LSTSHOGZHZFGCD9CAGVASZA2C&marketplace=FLIPKART&q=running+shoes+men&store=osp%2Fcil%2F1cu&srno=s_2_42&otracker=search&fm=organic&iid=en_aXc7SQvRpSguxy4-pIjLdhdRrO8026w19OPAL-HDEznfqIY1AVQHriMOKf5xgpicZ26X3bw1Xw9ZrHjDGtnPzg%3D%3D&ppt=None&ppn=None&ssid=f45x49jueo0000001779038293497&qH=696d82f7475d216f&ov_redirect=true,,flipkart
World Wear Footwear New Latest Affordable Running Shoes For Men,shoes,219.0,499.0,56.0,0.0,0,https://rukminim2.flixcart.com/image/612/612/xif0q/shoe/y/u/o/-resized-2-original-imaghvb3gmh7t9zg.jpeg?q=70,https://www.flipkart.com/world-wear-footwear-new-latest-affordable-running-shoes-men/p/itme5c8648cc74c4?pid=SHOG3NHVKV8H3VU8&lid=LSTSHOG3NHVKV8H3VU867QIFR&marketplace=FLIPKART&q=running+shoes+men&store=osp%2Fcil%2F1cu&srno=s_2_43&otracker=search&fm=organic&iid=d776e57f-c2f0-4ff0-81b7-4401166640bd.SHOG3NHVKV8H3VU8.SEARCH&ppt=None&ppn=None&ssid=f45x49jueo0000001779038293497&qH=696d82f7475d216f&ov_redirect=true,,flipkart
jootiyapa Trending Running Shoes For Men Running Shoes For Men,shoes,300.0,699.0,57.0,0.0,0,https://rukminim2.flixcart.com/image/612/612/xif0q/shoe/h/s/d/8-c-1724-t-grn-8-0-jootiyapa-green-original-imahjzp7k3s2ahep.jpeg?q=70,https://www.flipkart.com/jootiyapa-trending-running-shoes-men/p/itm89c204feb2f6e?pid=SHOHJZP7B2UW3MZ2&lid=LSTSHOHJZP7B2UW3MZ2T2SPW9&marketplace=FLIPKART&q=running+shoes+men&store=osp%2Fcil%2F1cu&srno=s_2_44&otracker=search&fm=organic&iid=d776e57f-c2f0-4ff0-81b7-4401166640bd.SHOHJZP7B2UW3MZ2.SEARCH&ppt=None&ppn=None&ssid=f45x49jueo0000001779038293497&qH=696d82f7475d216f&ov_redirect=true,,flipkart
BRUTON Trendy Men Sports Running Running Shoes For Men,shoes,253.0,1299.0,80.0,0.0,0,https://rukminim2.flixcart.com/image/612/612/xif0q/shoe/b/b/h/-original-imahjytwkjtnwagv.jpeg?q=70,https://www.flipkart.com/bruton-trendy-men-sports-running-shoes/p/itm5de16ed79acc7?pid=SHOGFPH5Z6V2YGKC&lid=LSTSHOGFPH5Z6V2YGKC8RWOQJ&marketplace=FLIPKART&q=running+shoes+men&store=osp%2Fcil%2F1cu&srno=s_2_45&otracker=search&fm=organic&iid=d776e57f-c2f0-4ff0-81b7-4401166640bd.SHOGFPH5Z6V2YGKC.SEARCH&ppt=None&ppn=None&ssid=f45x49jueo0000001779038293497&qH=696d82f7475d216f&ov_redirect=true,,flipkart
World Wear Footwear Exclusive Affordable Collection of Trendy & Stylish Spo...,shoes,328.0,998.0,67.0,0.0,0,https://rukminim2.flixcart.com/image/612/612/xif0q/shoe/5/n/c/6-9406-6-world-wear-footwear-blue-original-imagzvfrkqecyby3.jpeg?q=70,https://www.flipkart.com/world-wear-footwear-exclusive-affordable-collection-trendy-stylish-sport-sneakers-shoes-walking-men/p/itmdd3c8052f3332?pid=SHOGBFX9U4GRGUZG&lid=LSTSHOGBFX9U4GRGUZGAFFWYF&marketplace=FLIPKART&q=running+shoes+men&store=osp%2Fcil%2F1cu&srno=s_2_46&otracker=search&fm=organic&iid=d776e57f-c2f0-4ff0-81b7-4401166640bd.SHOGBFX9U4GRGUZG.SEARCH&ppt=None&ppn=None&ssid=f45x49jueo0000001779038293497&qH=696d82f7475d216f&ov_redirect=true,,flipkart
CLYMB cosko Lace up walking outdoor waterproof running Runnin...,shoes,455.0,2499.0,81.0,0.0,0,https://rukminim2.flixcart.com/image/612/612/xif0q/shoe/g/b/h/6-cosco-white-6-clymb-white-original-imahmqdf2psguyfh.jpeg?q=70,https://www.flipkart.com/clymb-cosko-lace-up-walking-outdoor-waterproof-running-shoes-men/p/itma6838a0e2619a?pid=SHOGCVGBZNCGRKR2&lid=LSTSHOGCVGBZNCGRKR23ZYI1O&marketplace=FLIPKART&q=running+shoes+men&store=osp%2Fcil%2F1cu&srno=s_2_47&otracker=search&fm=organic&iid=en_aXc7SQvRpSguxy4-pIjLdhdRrO8026w19OPAL-HDEzl7KqrUIp4UuUgxqqf335YMp3D1VqSqWo6fM3irZvX9rQ%3D%3D&ppt=None&ppn=None&ssid=f45x49jueo0000001779038293497&qH=696d82f7475d216f&ov_redirect=true,,flipkart
JQR MIRAGE Running Shoes For Men,shoes,899.0,1699.0,47.0,0.0,0,https://rukminim2.flixcart.com/image/612/612/xif0q/shoe/i/i/d/8-mirage-8-jqr-wht-original-imahhg572kgymq4q.jpeg?q=70,https://www.flipkart.com/jqr-mirage-running-shoes-men/p/itma3ba6e9538e93?pid=SHOHFMQPQSWZWJVW&lid=LSTSHOHFMQPQSWZWJVWAFZREE&marketplace=FLIPKART&q=running+shoes+men&store=osp%2Fcil%2F1cu&srno=s_2_48&otracker=search&fm=organic&iid=en_aXc7SQvRpSguxy4-pIjLdhdRrO8026w19OPAL-HDEzlP1GEwA2pMyuR4h_d6wmBfVBK1wpfQagETf0jD5umMpOo15S0a61Wzzbg3qNOknKY%3D&ppt=None&ppn=None&ssid=f45x49jueo0000001779038293497&qH=696d82f7475d216f&ov_redirect=true,,flipkart
CAMPUS MIKE (N) Walking Shoes For Men,shoes,894.0,1999.0,55.0,0.0,0,https://rukminim2.flixcart.com/image/612/612/xif0q/shoe/g/g/c/9-5g-845-9-campus-mod-blu-wht-original-imahna9wwmhzymsv.jpeg?q=70,https://www.flipkart.com/campus-mike-n-walking-shoes-men/p/itm27c989f1e20c6?pid=SHOG4G3XXA5GHCY7&lid=LSTSHOG4G3XXA5GHCY7EZOUGS&marketplace=FLIPKART&q=running+shoes+men&store=osp%2Fcil%2F1cu&srno=s_2_49&otracker=search&fm=organic&iid=d776e57f-c2f0-4ff0-81b7-4401166640bd.SHOG4G3XXA5GHCY7.SEARCH&ppt=None&ppn=None&ssid=f45x49jueo0000001779038293497&qH=696d82f7475d216f&ov_redirect=true,,flipkart
"DRACKFOOT Shoes,Running,Walking,Training,Sports Shoes,Casual shoe...",shoes,668.0,999.0,33.0,0.0,0,https://rukminim2.flixcart.com/image/612/612/xif0q/shoe/b/n/9/7-nt-combo-2-1114-1139-7-0-pennen-blue-original-imahj366hxf9sbbq.jpeg?q=70,https://www.flipkart.com/drackfoot-shoes-running-walking-training-sports-shoes-casual-shoe-sneakers-men-casuals/p/itm1d7c3f2cf72ea?pid=SHOHJ38FZVHNPVNE&lid=LSTSHOHJ38FZVHNPVNEDUFJHI&marketplace=FLIPKART&q=running+shoes+men&store=osp%2Fcil%2F1cu&srno=s_2_50&otracker=search&fm=organic&iid=d776e57f-c2f0-4ff0-81b7-4401166640bd.SHOHJ38FZVHNPVNE.SEARCH&ppt=None&ppn=None&ssid=f45x49jueo0000001779038293497&qH=696d82f7475d216f&ov_redirect=true,,flipkart
"Aeonik Premium Sports,Soft Cushioned Insole, comfortable Runni...",shoes,470.0,1999.0,76.0,0.0,0,https://rukminim2.flixcart.com/image/612/612/xif0q/shoe/z/7/l/-original-imahh6wcnzfnfgdp.jpeg?q=70,https://www.flipkart.com/aeonik-premium-sports-soft-cushioned-insole-comfortable-running-shoes-men/p/itme5640ab9aa113?pid=SHOHGHSCDGDYGCP9&lid=LSTSHOHGHSCDGDYGCP9RPFRIK&marketplace=FLIPKART&q=running+shoes+men&store=osp%2Fcil%2F1cu&srno=s_2_51&otracker=search&fm=organic&iid=en_aXc7SQvRpSguxy4-pIjLdhdRrO8026w19OPAL-HDEzkZhv_Lmc2fnrCqKJb8CpXRMzbf4KyIj3dyFgK-bSmuWQ%3D%3D&ppt=None&ppn=None&ssid=f45x49jueo0000001779038293497&qH=696d82f7475d216f&ov_redirect=true,,flipkart
"Aeonik Premium Sports,Soft Cushioned Insole, comfortable Runni...",shoes,470.0,1999.0,76.0,0.0,0,https://rukminim2.flixcart.com/image/612/612/xif0q/shoe/z/7/l/-original-imahh6wcnzfnfgdp.jpeg?q=70,https://www.flipkart.com/aeonik-premium-sports-soft-cushioned-insole-comfortable-running-shoes-men/p/itme5640ab9aa113?pid=SHOHGHSCQKFFGEYT&lid=LSTSHOHGHSCQKFFGEYTDHX0EH&marketplace=FLIPKART&q=running+shoes+men&store=osp%2Fcil%2F1cu&srno=s_2_52&otracker=search&fm=organic&iid=en_aXc7SQvRpSguxy4-pIjLdhdRrO8026w19OPAL-HDEzkfjX_issIC_541Y3cegHmq92ZSubdJKyZjsgFm3tkfYA%3D%3D&ppt=None&ppn=None&ssid=f45x49jueo0000001779038293497&qH=696d82f7475d216f&ov_redirect=true,,flipkart
CAMPUS MIKE (N) Walking Shoes For Men,shoes,947.0,1999.0,52.0,0.0,0,https://rukminim2.flixcart.com/image/612/612/xif0q/shoe/z/d/x/-original-imahmd3zukvbjwkk.jpeg?q=70,https://www.flipkart.com/campus-mike-n-walking-shoes-men/p/itmf8ff8f65cc63f?pid=SHOG2EYZPCPDTR8T&lid=LSTSHOG2EYZPCPDTR8TOWRDXU&marketplace=FLIPKART&q=running+shoes+men&store=osp%2Fcil%2F1cu&spotlightTagId=default_BestsellerId_osp%2Fcil%2F1cu&srno=s_2_53&otracker=search&fm=organic&iid=d776e57f-c2f0-4ff0-81b7-4401166640bd.SHOG2EYZPCPDTR8T.SEARCH&ppt=None&ppn=None&ssid=f45x49jueo0000001779038293497&qH=696d82f7475d216f&ov_redirect=true,,flipkart
Asics GT-2000 13 Outdoors For Men,shoes,5199.0,12999.0,60.0,0.0,0,https://rukminim2.flixcart.com/image/612/612/xif0q/shoe/4/t/j/-resized-2-original-imahddxbnzjywrde.jpeg?q=70,https://www.flipkart.com/asics-gt-2000-13-outdoors-men/p/itmc208d64da7e99?pid=SHOH8H5ZZZAXZBHF&lid=LSTSHOH8H5ZZZAXZBHFBTYUAT&marketplace=FLIPKART&q=running+shoes+men&store=osp%2Fcil%2F1cu&srno=s_2_54&otracker=search&fm=organic&iid=d776e57f-c2f0-4ff0-81b7-4401166640bd.SHOH8H5ZZZAXZBHF.SEARCH&ppt=None&ppn=None&ssid=f45x49jueo0000001779038293497&qH=696d82f7475d216f&ov_redirect=true,,flipkart
JQR PROTEIN Running Shoes For Men,shoes,533.0,1199.0,55.0,0.0,0,https://rukminim2.flixcart.com/image/612/612/xif0q/shoe/l/w/4/-original-imahgctjnuh5kj8n.jpeg?q=70,https://www.flipkart.com/jqr-protein-running-shoes-men/p/itm8879cf49d738b?pid=SHOG4PAHHZEBXHUY&lid=LSTSHOG4PAHHZEBXHUYTGX223&marketplace=FLIPKART&q=running+shoes+men&store=osp%2Fcil%2F1cu&srno=s_2_55&otracker=search&fm=organic&iid=d776e57f-c2f0-4ff0-81b7-4401166640bd.SHOG4PAHHZEBXHUY.SEARCH&ppt=None&ppn=None&ssid=f45x49jueo0000001779038293497&qH=696d82f7475d216f&ov_redirect=true,,flipkart
CAMPUS MIKE (N) Walking Shoes For Men,shoes,914.0,1999.0,54.0,0.0,0,https://rukminim2.flixcart.com/image/612/612/xif0q/shoe/j/k/i/-original-imahmd3wrjw5fggc.jpeg?q=70,https://www.flipkart.com/campus-mike-n-walking-shoes-men/p/itm8f7228d1e224c?pid=SHOG2EYZKZDFCNRK&lid=LSTSHOG2EYZKZDFCNRKTFTTFF&marketplace=FLIPKART&q=running+shoes+men&store=osp%2Fcil%2F1cu&srno=s_2_56&otracker=search&fm=organic&iid=d776e57f-c2f0-4ff0-81b7-4401166640bd.SHOG2EYZKZDFCNRK.SEARCH&ppt=None&ppn=None&ssid=f45x49jueo0000001779038293497&qH=696d82f7475d216f&ov_redirect=true,,flipkart
GOLDSTAR PVC'602 Running Shoes For Men,shoes,499.0,999.0,50.0,0.0,0,https://rukminim2.flixcart.com/image/612/612/xif0q/shopsy-shoe/0/v/i/11-602-shoe-11-goldstar-blue-original-imahjnf9y8a5xztw.jpeg?q=70,https://www.flipkart.com/goldstar-pvc-602-running-shoes-men/p/itmd07cd9364780a?pid=SHOGX7YUWSZVRK5W&lid=LSTSHOGX7YUWSZVRK5WOEN9ZN&marketplace=FLIPKART&q=running+shoes+men&store=osp%2Fcil%2F1cu&srno=s_2_57&otracker=search&fm=organic&iid=en_aXc7SQvRpSguxy4-pIjLdhdRrO8026w19OPAL-HDEzmc7sYBGJO5a1pkIf8xBrfMl4Szi9DN_KX4sL3SktfZuQ%3D%3D&ppt=None&ppn=None&ssid=f45x49jueo0000001779038293497&qH=696d82f7475d216f&ov_redirect=true,,flipkart
Free Kicks Running Shoes For Men,shoes,390.0,1499.0,73.0,0.0,0,https://rukminim2.flixcart.com/image/612/612/xif0q/shoe/b/f/l/9-freesole-grey-free-kicks-grey-original-imagxpgzzgmedgdv.jpeg?q=70,https://www.flipkart.com/free-kicks-running-shoes-men/p/itmad3c138f2cfae?pid=SHOGXSVKCFY2MV4J&lid=LSTSHOGXSVKCFY2MV4JNMBDL1&marketplace=FLIPKART&q=running+shoes+men&store=osp%2Fcil%2F1cu&srno=s_2_58&otracker=search&fm=organic&iid=en_aXc7SQvRpSguxy4-pIjLdhdRrO8026w19OPAL-HDEzlLeXiNbLr-ZQ2WJYf7KZhTTJaM_4k3D6qi0PqrSPsrEg%3D%3D&ppt=None&ppn=None&ssid=f45x49jueo0000001779038293497&qH=696d82f7475d216f&ov_redirect=true,,flipkart
BRUTON Trendy Men Sports Running Running Shoes For Men,shoes,253.0,2499.0,89.0,0.0,0,https://rukminim2.flixcart.com/image/612/612/xif0q/shoe/d/b/x/6-biss-2031-blu-wht-40-bruton-blue-resized-2-original-imahczyufwkmpeyq.jpeg?q=70,https://www.flipkart.com/bruton-trendy-men-sports-running-shoes/p/itmb3ebe97ae69d8?pid=SHOHANWGDT36NC37&lid=LSTSHOHANWGDT36NC37WFPY65&marketplace=FLIPKART&q=running+shoes+men&store=osp%2Fcil%2F1cu&srno=s_2_59&otracker=search&fm=organic&iid=d776e57f-c2f0-4ff0-81b7-4401166640bd.SHOHANWGDT36NC37.SEARCH&ppt=None&ppn=None&ssid=f45x49jueo0000001779038293497&qH=696d82f7475d216f&ov_redirect=true,,flipkart
World Wear Footwear Exclusive Range of Stylish Comfortable Sports Sneakers ...,shoes,328.0,1299.0,74.0,0.0,0,https://rukminim2.flixcart.com/image/612/612/xif0q/shoe/6/f/j/-original-imahb927dshnruyz.jpeg?q=70,https://www.flipkart.com/world-wear-footwear-exclusive-range-stylish-comfortable-sports-sneakers-running-shoes-men/p/itmb30666ea35211?pid=SHOFZ2QYSFBDHFKF&lid=LSTSHOFZ2QYSFBDHFKFA9MP36&marketplace=FLIPKART&q=running+shoes+men&store=osp%2Fcil%2F1cu&srno=s_2_60&otracker=search&fm=organic&iid=d776e57f-c2f0-4ff0-81b7-4401166640bd.SHOFZ2QYSFBDHFKF.SEARCH&ppt=None&ppn=None&ssid=f45x49jueo0000001779038293497&qH=696d82f7475d216f&ov_redirect=true,,flipkart
CLYMB Premium Casual Shoes For all Running Shoes Running Shoe...,shoes,438.0,2100.0,79.0,0.0,0,https://rukminim2.flixcart.com/image/612/612/xif0q/shoe/0/l/r/7-urban2-grey-41-clymb-grey-original-imahmqdfyjxaqar3.jpeg?q=70,https://www.flipkart.com/clymb-premium-casual-shoes-all-running-men/p/itmc155a208865dc?pid=SHOHC8JZYC7VYVAN&lid=LSTSHOHC8JZYC7VYVANR533JT&marketplace=FLIPKART&q=running+shoes+men&store=osp%2Fcil%2F1cu&srno=s_2_61&otracker=search&fm=organic&iid=en_aXc7SQvRpSguxy4-pIjLdhdRrO8026w19OPAL-HDEzmFPf733zLD6kjETQMTlnRwjDgX88PdtYlkLyyjX1BXrA%3D%3D&ppt=None&ppn=None&ssid=f45x49jueo0000001779038293497&qH=696d82f7475d216f&ov_redirect=true,,flipkart
First Affordable Collection of Stylish Shoes For MEN Running ...,shoes,294.0,1499.0,80.0,0.0,0,https://rukminim2.flixcart.com/image/612/612/xif0q/shoe/p/i/e/6-f1rst-full-black-6-hotstyle-white-resized-2-original-imaghmz9xa2yk8m9.jpeg?q=70,https://www.flipkart.com/first-affordable-collection-stylish-shoes-men-running-formen/p/itm9a4cb4392a5e4?pid=SHOGMYV8CXHDTGYQ&lid=LSTSHOGMYV8CXHDTGYQ4BRZV5&marketplace=FLIPKART&q=running+shoes+men&store=osp%2Fcil%2F1cu&srno=s_2_62&otracker=search&fm=organic&iid=en_aXc7SQvRpSguxy4-pIjLdhdRrO8026w19OPAL-HDEzkY0_z4tJEHqDw4VRwrOySbSs2JoF6JkbyGA96WozwyF_UFjCTyOHoHZs-Z5_PS_w0%3D&ppt=None&ppn=None&ssid=f45x49jueo0000001779038293497&qH=696d82f7475d216f&ov_redirect=true,,flipkart
DRACKFOOT Casuals For Men,shoes,330.0,999.0,66.0,0.0,0,https://rukminim2.flixcart.com/image/612/612/xif0q/shoe/n/w/i/6-wts-shoes-1111-6-0-pennen-black-original-imahhb62hgpyky96.jpeg?q=70,https://www.flipkart.com/drackfoot-casuals-men/p/itmfb1219f2eaa6d?pid=SHOHKWPNVTNA7ZGE&lid=LSTSHOHKWPNVTNA7ZGEPUMJVZ&marketplace=FLIPKART&q=running+shoes+men&store=osp%2Fcil%2F1cu&srno=s_2_63&otracker=search&fm=organic&iid=d776e57f-c2f0-4ff0-81b7-4401166640bd.SHOHKWPNVTNA7ZGE.SEARCH&ppt=None&ppn=None&ssid=f45x49jueo0000001779038293497&qH=696d82f7475d216f&ov_redirect=true,,flipkart
Abros HAMSTER PRO Running Shoes For Men,shoes,789.0,2099.0,62.0,0.0,0,https://rukminim2.flixcart.com/image/612/612/xif0q/shoe/7/o/k/-resized-2-original-imahfhpjenuwh9zg.jpeg?q=70,https://www.flipkart.com/abros-hamster-pro-running-shoes-men/p/itmbcbea3c4ba438?pid=SHOGZ8FUZWR5PTFG&lid=LSTSHOGZ8FUZWR5PTFGMMY8WQ&marketplace=FLIPKART&q=running+shoes+men&store=osp%2Fcil%2F1cu&srno=s_2_64&otracker=search&fm=organic&iid=d776e57f-c2f0-4ff0-81b7-4401166640bd.SHOGZ8FUZWR5PTFG.SEARCH&ppt=None&ppn=None&ssid=f45x49jueo0000001779038293497&qH=696d82f7475d216f&ov_redirect=true,,flipkart
GOLDSTAR PVC'602 Running Shoes For Men,shoes,499.0,999.0,50.0,0.0,0,https://rukminim2.flixcart.com/image/612/612/xif0q/shopsy-shoe/0/v/i/11-602-shoe-11-goldstar-blue-original-imahjnf9y8a5xztw.jpeg?q=70,https://www.flipkart.com/goldstar-pvc-602-running-shoes-men/p/itmd07cd9364780a?pid=SHOGX7YUWSZVRK5W&lid=LSTSHOGX7YUWSZVRK5WOEN9ZN&marketplace=FLIPKART&q=running+shoes+men&store=osp%2Fcil%2F1cu&srno=s_2_65&otracker=search&fm=organic&iid=d776e57f-c2f0-4ff0-81b7-4401166640bd.SHOGX7YUWSZVRK5W.SEARCH&ppt=None&ppn=None&ssid=f45x49jueo0000001779038293497&qH=696d82f7475d216f&ov_redirect=true,,flipkart
CAMPUS VIBGYOR Walking Shoes For Men,shoes,657.0,1399.0,53.0,0.0,0,https://rukminim2.flixcart.com/image/612/612/xif0q/shoe/l/t/f/-original-imahmd3xzgpzkmv6.jpeg?q=70,https://www.flipkart.com/campus-vibgyor-walking-shoes-men/p/itmb3d46da612d81?pid=SHOG4TKZGYMXYSNP&lid=LSTSHOG4TKZGYMXYSNPCEYXD9&marketplace=FLIPKART&q=running+shoes+men&store=osp%2Fcil%2F1cu&srno=s_2_66&otracker=search&fm=organic&iid=d776e57f-c2f0-4ff0-81b7-4401166640bd.SHOG4TKZGYMXYSNP.SEARCH&ppt=None&ppn=None&ssid=f45x49jueo0000001779038293497&qH=696d82f7475d216f&ov_redirect=true,,flipkart
JQR GLOBAL PLUS Running Shoes For Men,shoes,733.0,1699.0,56.0,0.0,0,https://rukminim2.flixcart.com/image/612/612/xif0q/shoe/f/q/s/-original-imahgbrx5uhyz4z7.jpeg?q=70,https://www.flipkart.com/jqr-global-plus-running-shoes-men/p/itmc07cdbe340802?pid=SHOGHZNR5JHU3WGM&lid=LSTSHOGHZNR5JHU3WGMTRS8NP&marketplace=FLIPKART&q=running+shoes+men&store=osp%2Fcil%2F1cu&srno=s_2_67&otracker=search&fm=organic&iid=en_aXc7SQvRpSguxy4-pIjLdhdRrO8026w19OPAL-HDEzkY32Z1ncgucJ4QY-9xL9M58_h3qNeVR5vogsbjxV4v0ADM2KWit8hFHxJOvPdMi04%3D&ppt=None&ppn=None&ssid=f45x49jueo0000001779038293497&qH=696d82f7475d216f&ov_redirect=true,,flipkart
JQR ZENITHH Running Shoes For Men,shoes,622.0,1399.0,55.0,0.0,0,https://rukminim2.flixcart.com/image/612/612/xif0q/shoe/f/t/r/9-zenithh-jqr-l-gry-original-imahay2quvgzufkh.jpeg?q=70,https://www.flipkart.com/jqr-zenithh-running-shoes-men/p/itm247cdc410ffb9?pid=SHOHAY2RSAYJY5HY&lid=LSTSHOHAY2RSAYJY5HYENWJOZ&marketplace=FLIPKART&q=running+shoes+men&store=osp%2Fcil%2F1cu&srno=s_2_68&otracker=search&fm=organic&iid=en_aXc7SQvRpSguxy4-pIjLdhdRrO8026w19OPAL-HDEzku2EvbF49tetYqq_xSqUstbyerJylOmjvgvrEvzvNOG406z3QAm4-AoFL_C4Jep-g%3D&ppt=None&ppn=None&ssid=f45x49jueo0000001779038293497&qH=696d82f7475d216f&ov_redirect=true,,flipkart
"WINGSCRAFT Running,Walking,Training,Sports Shoes,Casual shoe Sneak...",shoes,478.0,999.0,52.0,0.0,0,https://rukminim2.flixcart.com/image/612/612/xif0q/shopsy-shoe/e/f/u/10-pht-shoes-1119-10-0-nexsole-green-original-imahky56qa2cph49.jpeg?q=70,https://www.flipkart.com/wingscraft-running-walking-training-sports-shoes-casual-shoe-sneakers-men-casuals/p/itm51aaf2b6642d7?pid=SHOHKY4GPGR78PTG&lid=LSTSHOHKY4GPGR78PTGUJRZYK&marketplace=FLIPKART&q=running+shoes+men&store=osp%2Fcil%2F1cu&srno=s_2_69&otracker=search&fm=organic&iid=d776e57f-c2f0-4ff0-81b7-4401166640bd.SHOHKY4GPGR78PTG.SEARCH&ppt=None&ppn=None&ssid=f45x49jueo0000001779038293497&qH=696d82f7475d216f&ov_redirect=true,,flipkart
action Athleo ATG-496 Comfortable Lightweight Breathable Durab...,shoes,669.0,2799.0,76.0,0.0,0,https://rukminim2.flixcart.com/image/612/612/xif0q/shoe/j/b/v/11-atg-496-11-action-white-original-imahdnzsdem995g2.jpeg?q=70,https://www.flipkart.com/action-athleo-atg-496-comfortable-lightweight-breathable-durable-sports-lace-up-running-shoes-men/p/itm90d871abea385?pid=SHOGE95CFFWQYTZD&lid=LSTSHOGE95CFFWQYTZDGFOLYN&marketplace=FLIPKART&q=running+shoes+men&store=osp%2Fcil%2F1cu&srno=s_2_70&otracker=search&fm=organic&iid=d776e57f-c2f0-4ff0-81b7-4401166640bd.SHOGE95CFFWQYTZD.SEARCH&ppt=None&ppn=None&ssid=f45x49jueo0000001779038293497&qH=696d82f7475d216f&ov_redirect=true,,flipkart
Abros CRYPTO Running Shoes For Men,shoes,1149.0,3199.0,64.0,0.0,0,https://rukminim2.flixcart.com/image/612/612/xif0q/shoe/m/0/h/-original-imahfhpg4ghbkgfh.jpeg?q=70,https://www.flipkart.com/abros-crypto-running-shoes-men/p/itma610edb77e599?pid=SHOGXBZQWPSUFASX&lid=LSTSHOGXBZQWPSUFASXHTQESL&marketplace=FLIPKART&q=running+shoes+men&store=osp%2Fcil%2F1cu&srno=s_2_71&otracker=search&fm=organic&iid=en_aXc7SQvRpSguxy4-pIjLdhdRrO8026w19OPAL-HDEzla25dMV_kGabGQsYzM4SWTQInS8TQjPH_wkJBM5cH_-jRKtQQVWB8eNWYNLe7VuyQ%3D&ppt=None&ppn=None&ssid=f45x49jueo0000001779038293497&qH=696d82f7475d216f&ov_redirect=true,,flipkart
"NOBELITE Premium Sports ,Gym, Trending, Stylish Running Shoes Fo...",shoes,398.0,2499.0,84.0,0.0,0,https://rukminim2.flixcart.com/image/612/612/xif0q/shoe/r/2/s/8-sport-24503-8-nobelite-white-black-resized-2-original-imahf3x7e8yanbyy.jpeg?q=70,https://www.flipkart.com/nobelite-premium-sports-gym-trending-stylish-running-shoes-men/p/itm97ef97f943d6c?pid=SHOHC562FG4MYPXY&lid=LSTSHOHC562FG4MYPXY9UTOF8&marketplace=FLIPKART&q=running+shoes+men&store=osp%2Fcil%2F1cu&srno=s_2_72&otracker=search&fm=organic&iid=en_aXc7SQvRpSguxy4-pIjLdhdRrO8026w19OPAL-HDEzmV6_x-93sSzYerDfpKEAASKph5dAVMW_AIShy8E7-kj_UFjCTyOHoHZs-Z5_PS_w0%3D&ppt=None&ppn=None&ssid=f45x49jueo0000001779038293497&qH=696d82f7475d216f&ov_redirect=true,,flipkart
GOLDSTAR PVC'602 Running Shoes For Men,shoes,499.0,999.0,50.0,0.0,0,https://rukminim2.flixcart.com/image/612/612/xif0q/shopsy-shoe/3/i/n/10-602-shoe-10-goldstar-brown-original-imahjnf9ggseqzbw.jpeg?q=70,https://www.flipkart.com/goldstar-pvc-602-running-shoes-men/p/itmc9482af3bfc41?pid=SHOGX8KWHPHY35TJ&lid=LSTSHOGX8KWHPHY35TJUTUTZS&marketplace=FLIPKART&q=running+shoes+men&store=osp%2Fcil%2F1cu&srno=s_2_73&otracker=search&fm=organic&iid=d776e57f-c2f0-4ff0-81b7-4401166640bd.SHOGX8KWHPHY35TJ.SEARCH&ppt=None&ppn=None&ssid=f45x49jueo0000001779038293497&qH=696d82f7475d216f&ov_redirect=true,,flipkart
JQR GLOBAL PLUS Running Shoes For Men,shoes,733.0,1699.0,56.0,0.0,0,https://rukminim2.flixcart.com/image/612/612/xif0q/shoe/f/q/s/-original-imahgbrx5uhyz4z7.jpeg?q=70,https://www.flipkart.com/jqr-global-plus-running-shoes-men/p/itmc07cdbe340802?pid=SHOGHZNRDFHKEU5Z&lid=LSTSHOGHZNRDFHKEU5ZUAGJ12&marketplace=FLIPKART&q=running+shoes+men&store=osp%2Fcil%2F1cu&srno=s_2_74&otracker=search&fm=organic&iid=d776e57f-c2f0-4ff0-81b7-4401166640bd.SHOGHZNRDFHKEU5Z.SEARCH&ppt=None&ppn=None&ssid=f45x49jueo0000001779038293497&qH=696d82f7475d216f&ov_redirect=true,,flipkart
"WINGSCRAFT Running,Walking,Training,Sports Shoes,Casual shoe Sneak...",shoes,326.0,999.0,67.0,0.0,0,https://rukminim2.flixcart.com/image/612/612/xif0q/shopsy-shoe/n/v/w/6-pqt-shoes-1134-6-0-nexsole-green-original-imahkwykuzdk6dfh.jpeg?q=70,https://www.flipkart.com/wingscraft-running-walking-training-sports-shoes-casual-shoe-sneakers-men-casuals/p/itma5e501fbbd6a3?pid=SHOHKYZRGC8ZHQHT&lid=LSTSHOHKYZRGC8ZHQHTDYMFZ9&marketplace=FLIPKART&q=running+shoes+men&store=osp%2Fcil%2F1cu&srno=s_2_75&otracker=search&fm=organic&iid=d776e57f-c2f0-4ff0-81b7-4401166640bd.SHOHKYZRGC8ZHQHT.SEARCH&ppt=None&ppn=None&ssid=f45x49jueo0000001779038293497&qH=696d82f7475d216f&ov_redirect=true,,flipkart
"Absolute comfort shoes, casual shoes, running shoes Running Shoes For Me...",shoes,170.0,999.0,82.0,0.0,0,https://rukminim2.flixcart.com/image/612/612/xif0q/shoe/p/t/u/10-dfe34-10-absolute-comfort-black-original-imahjqkc84x2kvuj.jpeg?q=70,https://www.flipkart.com/absolute-comfort-shoes-casual-running-shoes-men/p/itmdb0014e0f20cc?pid=SHOFN7HWNRMY99AC&lid=LSTSHOFN7HWNRMY99ACIQRHTU&marketplace=FLIPKART&q=running+shoes+men&store=osp%2Fcil%2F1cu&srno=s_2_76&otracker=search&fm=organic&iid=d776e57f-c2f0-4ff0-81b7-4401166640bd.SHOFN7HWNRMY99AC.SEARCH&ppt=None&ppn=None&ssid=f45x49jueo0000001779038293497&qH=696d82f7475d216f&ov_redirect=true,,flipkart
Abros CRYPTO Running Shoes For Men,shoes,889.0,3199.0,72.0,0.0,0,https://rukminim2.flixcart.com/image/612/612/xif0q/shoe/e/u/i/-resized-2-original-imahfhphzdhxqwmz.jpeg?q=70,https://www.flipkart.com/abros-crypto-running-shoes-men/p/itmf53ebaf490514?pid=SHOGXBZQ3GFWYRWZ&lid=LSTSHOGXBZQ3GFWYRWZBUAIX8&marketplace=FLIPKART&q=running+shoes+men&store=osp%2Fcil%2F1cu&srno=s_2_77&otracker=search&fm=organic&iid=en_aXc7SQvRpSguxy4-pIjLdhdRrO8026w19OPAL-HDEzkTA2DsSZKPKqyjyh2Ya6IRiNUEnfb0XADk5sbbsdWa3Q1kFuKnWaINrJqv3pKVKuU%3D&ppt=None&ppn=None&ssid=f45x49jueo0000001779038293497&qH=696d82f7475d216f&ov_redirect=true,,flipkart
SKYMORE Stylish Sports Running Shoes Running Shoes For Men,shoes,423.0,2499.0,83.0,0.0,0,https://rukminim2.flixcart.com/image/612/612/xif0q/shoe/r/j/a/8-eva-rng-912-blk-8-skymore-black-original-imahexgkarbgy2ns.jpeg?q=70,https://www.flipkart.com/skymore-stylish-sports-running-shoes-men/p/itm0e16da99cdd49?pid=SHOHEM3FGJFKJRHH&lid=LSTSHOHEM3FGJFKJRHHZLLVRB&marketplace=FLIPKART&q=running+shoes+men&store=osp%2Fcil%2F1cu&srno=s_2_78&otracker=search&fm=organic&iid=en_aXc7SQvRpSguxy4-pIjLdhdRrO8026w19OPAL-HDEzlrTkqlSHBsJkfan6mUcyK0Z4zB9hcXDyMIdFlpR2A-lfUFjCTyOHoHZs-Z5_PS_w0%3D&ppt=None&ppn=None&ssid=f45x49jueo0000001779038293497&qH=696d82f7475d216f&ov_redirect=true,,flipkart
BRUTON Exclusive Trendy Sports Running Running Shoes For Men,shoes,272.0,1299.0,79.0,0.0,0,https://rukminim2.flixcart.com/image/612/612/xif0q/shoe/l/h/2/9-bis-444-gry-org-9-bruton-orange-grey-original-imahbgymrwd3dy8k.jpeg?q=70,https://www.flipkart.com/bruton-exclusive-trendy-sports-running-shoes-men/p/itm725ec29166373?pid=SHOGFPAZSUAMGMKG&lid=LSTSHOGFPAZSUAMGMKGVL5RMH&marketplace=FLIPKART&q=running+shoes+men&store=osp%2Fcil%2F1cu&srno=s_2_79&otracker=search&fm=organic&iid=d776e57f-c2f0-4ff0-81b7-4401166640bd.SHOGFPAZSUAMGMKG.SEARCH&ppt=None&ppn=None&ssid=f45x49jueo0000001779038293497&qH=696d82f7475d216f&ov_redirect=true,,flipkart
CAMPUS HURRICANE Running Shoes For Men,shoes,866.0,1699.0,49.0,0.0,0,https://rukminim2.flixcart.com/image/612/612/xif0q/shoe/6/n/g/9-6g-842-9-campus-bt-grn-blk-resized-2-original-imahhdjhbpncmxtz.jpeg?q=70,https://www.flipkart.com/campus-hurricane-running-shoes-men/p/itm4d0125d9c2c65?pid=SHOG6BNGSFQGPPED&lid=LSTSHOG6BNGSFQGPPEDSI9DN0&marketplace=FLIPKART&q=running+shoes+men&store=osp%2Fcil%2F1cu&spotlightTagId=default_BestsellerId_osp%2Fcil%2F1cu&srno=s_2_80&otracker=search&fm=organic&iid=d776e57f-c2f0-4ff0-81b7-4401166640bd.SHOG6BNGSFQGPPED.SEARCH&ppt=None&ppn=None&ssid=f45x49jueo0000001779038293497&qH=696d82f7475d216f&ov_redirect=true,,flipkart
BRUTON Ring-854 |light Weight |Walking & Gym Sports | Running ...,shoes,398.0,2999.0,86.0,0.0,0,https://rukminim2.flixcart.com/image/612/612/xif0q/shoe/p/b/a/6-rng-854-beige-6-bruton-beige-resized-2-original-imahbgyzxr6ygvye.jpeg?q=70,https://www.flipkart.com/bruton-ring-854-light-weight-walking-gym-sports-running-shoes-men/p/itm4647369d1241b?pid=SHOHBFDU9DTEKHYH&lid=LSTSHOHBFDU9DTEKHYHBYHPJD&marketplace=FLIPKART&q=running+shoes+men&store=osp%2Fcil%2F1cu&srno=s_3_81&otracker=search&fm=organic&iid=en_50pI9gQK3NVtzTgDwq0ThDHessMQyRYSwj2lMRy9mYa1GmR_XOPIDMgLwsJXLmgSF0qjQCgc-SIm1NSFWvaXDA%3D%3D&ppt=None&ppn=None&ssid=k5i4x4vitc0000001779038296867&qH=696d82f7475d216f&ov_redirect=true,,flipkart
BRUTON Lite Sports Shoes Running Shoes For Men,shoes,398.0,2499.0,84.0,0.0,0,https://rukminim2.flixcart.com/image/612/612/xif0q/shoe/s/a/2/6-rng-eva-852-blk-6-bruton-black-original-imahezey9kued2f9.jpeg?q=70,https://www.flipkart.com/bruton-lite-sports-shoes-running-men/p/itm6a11d96a24e7f?pid=SHOGZHZFGCD9CAGV&lid=LSTSHOGZHZFGCD9CAGVASZA2C&marketplace=FLIPKART&q=running+shoes+men&store=osp%2Fcil%2F1cu&srno=s_3_82&otracker=search&fm=organic&iid=en_50pI9gQK3NVtzTgDwq0ThDHessMQyRYSwj2lMRy9mYa4YNuPhADcSNSKnqKflrzOZ26X3bw1Xw9ZrHjDGtnPzg%3D%3D&ppt=None&ppn=None&ssid=k5i4x4vitc0000001779038296867&qH=696d82f7475d216f&ov_redirect=true,,flipkart
CAMPUS CAMP-HUSTUN Running Shoes For Men,shoes,1099.0,2499.0,56.0,0.0,0,https://rukminim2.flixcart.com/image/612/612/xif0q/shoe/l/l/b/-original-imahgcstbtvqdsfx.jpeg?q=70,https://www.flipkart.com/campus-camp-hustun-running-shoes-men/p/itm6c9f3ce748b5d?pid=SHOGGPYYFQZNGVTY&lid=LSTSHOGGPYYFQZNGVTYSKS6LD&marketplace=FLIPKART&q=running+shoes+men&store=osp%2Fcil%2F1cu&srno=s_3_83&otracker=search&fm=organic&iid=8c77e757-e987-4490-a289-12e8dd00e8b9.SHOGGPYYFQZNGVTY.SEARCH&ppt=None&ppn=None&ssid=k5i4x4vitc0000001779038296867&qH=696d82f7475d216f&ov_redirect=true,,flipkart
BIRDE Premium Sports Shoe Walking Shoes For Men,shoes,366.0,999.0,63.0,0.0,0,https://rukminim2.flixcart.com/image/612/612/xif0q/shoe/t/e/a/-resized-2-original-imahd2zgcy65awfg.jpeg?q=70,https://www.flipkart.com/birde-premium-sports-shoe-walking-shoes-men/p/itmf2ec4ce441a91?pid=SHOGMNDZDCQRFTHR&lid=LSTSHOGMNDZDCQRFTHRN3AOAY&marketplace=FLIPKART&q=running+shoes+men&store=osp%2Fcil%2F1cu&srno=s_3_84&otracker=search&fm=organic&iid=8c77e757-e987-4490-a289-12e8dd00e8b9.SHOGMNDZDCQRFTHR.SEARCH&ppt=None&ppn=None&ssid=k5i4x4vitc0000001779038296867&qH=696d82f7475d216f&ov_redirect=true,,flipkart
BRUTON Trendy Sports Running Shoes For Men,shoes,253.0,1299.0,80.0,0.0,0,https://rukminim2.flixcart.com/image/612/612/xif0q/shoe/z/m/c/8-bisi-rng-512-black-8-8-bruton-black-original-imahb5w6yuyffbzy.jpeg?q=70,https://www.flipkart.com/bruton-trendy-sports-running-shoes-men/p/itmc9bfe38b079d7?pid=SHOGEDNEQJYSXHXX&lid=LSTSHOGEDNEQJYSXHXXILU65R&marketplace=FLIPKART&q=running+shoes+men&store=osp%2Fcil%2F1cu&srno=s_3_85&otracker=search&fm=organic&iid=8c77e757-e987-4490-a289-12e8dd00e8b9.SHOGEDNEQJYSXHXX.SEARCH&ppt=None&ppn=None&ssid=k5i4x4vitc0000001779038296867&qH=696d82f7475d216f&ov_redirect=true,,flipkart
HOTSTYLE FAST Trendy Running Shoes For Men,shoes,294.0,1499.0,80.0,0.0,0,https://rukminim2.flixcart.com/image/612/612/xif0q/shoe/r/1/p/8-f1rst-full-black-8-hotstyle-white-original-imahh2cmzpfxcnpr.jpeg?q=70,https://www.flipkart.com/hotstyle-fast-trendy-running-shoes-men/p/itm9a4cb4392a5e4?pid=SHOGKPPGWX6M95ZW&lid=LSTSHOGKPPGWX6M95ZWMOSYFY&marketplace=FLIPKART&q=running+shoes+men&store=osp%2Fcil%2F1cu&srno=s_3_86&otracker=search&fm=organic&iid=8c77e757-e987-4490-a289-12e8dd00e8b9.SHOGKPPGWX6M95ZW.SEARCH&ppt=None&ppn=None&ssid=k5i4x4vitc0000001779038296867&qH=696d82f7475d216f&ov_redirect=true,,flipkart
JQR MIRAGE Running Shoes For Men,shoes,899.0,1699.0,47.0,0.0,0,https://rukminim2.flixcart.com/image/612/612/xif0q/shoe/i/i/d/8-mirage-8-jqr-wht-original-imahhg572kgymq4q.jpeg?q=70,https://www.flipkart.com/jqr-mirage-running-shoes-men/p/itma3ba6e9538e93?pid=SHOHFMQPQSWZWJVW&lid=LSTSHOHFMQPQSWZWJVWAFZREE&marketplace=FLIPKART&q=running+shoes+men&store=osp%2Fcil%2F1cu&srno=s_3_87&otracker=search&fm=organic&iid=en_50pI9gQK3NVtzTgDwq0ThDHessMQyRYSwj2lMRy9mYa3mzwIh4hXCaWCoZlVAIylVBK1wpfQagETf0jD5umMpEKsf8s6I2Oz2HOgbXTo_9U%3D&ppt=None&ppn=None&ssid=k5i4x4vitc0000001779038296867&qH=696d82f7475d216f&ov_redirect=true,,flipkart
"Aeonik Premium Sports,Soft Cushioned Insole, comfortable Runni...",shoes,470.0,1999.0,76.0,0.0,0,https://rukminim2.flixcart.com/image/612/612/xif0q/shoe/z/7/l/-original-imahh6wcnzfnfgdp.jpeg?q=70,https://www.flipkart.com/aeonik-premium-sports-soft-cushioned-insole-comfortable-running-shoes-men/p/itme5640ab9aa113?pid=SHOHGHSCDGDYGCP9&lid=LSTSHOHGHSCDGDYGCP9RPFRIK&marketplace=FLIPKART&q=running+shoes+men&store=osp%2Fcil%2F1cu&srno=s_3_88&otracker=search&fm=organic&iid=en_50pI9gQK3NVtzTgDwq0ThDHessMQyRYSwj2lMRy9mYYef3GUTvtULhfHZ4vgPS_IIierzK6fGvefagO8To1WCw%3D%3D&ppt=None&ppn=None&ssid=k5i4x4vitc0000001779038296867&qH=696d82f7475d216f&ov_redirect=true,,flipkart
GOLDSTAR PVC'602 Running Shoes For Men,shoes,499.0,999.0,50.0,0.0,0,https://rukminim2.flixcart.com/image/612/612/xif0q/shopsy-shoe/p/i/q/8-602-shoe-8-goldstar-black-original-imahjnf9rxbhm8rs.jpeg?q=70,https://www.flipkart.com/goldstar-pvc-602-running-shoes-men/p/itm190c0aa6b0a2d?pid=SHOGX8KV4BB4GZDZ&lid=LSTSHOGX8KV4BB4GZDZKSZUUR&marketplace=FLIPKART&q=running+shoes+men&store=osp%2Fcil%2F1cu&srno=s_3_89&otracker=search&fm=organic&iid=8c77e757-e987-4490-a289-12e8dd00e8b9.SHOGX8KV4BB4GZDZ.SEARCH&ppt=None&ppn=None&ssid=k5i4x4vitc0000001779038296867&qH=696d82f7475d216f&ov_redirect=true,,flipkart
"BERSACHE Premium Sports ,Gym, Trending, Stylish Running Shoes Fo...",shoes,771.0,1999.0,61.0,0.0,0,https://rukminim2.flixcart.com/image/612/612/xif0q/shoe/d/7/o/-original-imahbwg6xez8bhwc.jpeg?q=70,https://www.flipkart.com/bersache-premium-sports-gym-trending-stylish-running-shoes-men/p/itmde4ffbe97f215?pid=SHOGM859BTJQZEMG&lid=LSTSHOGM859BTJQZEMGGG6W56&marketplace=FLIPKART&q=running+shoes+men&store=osp%2Fcil%2F1cu&srno=s_3_90&otracker=search&fm=organic&iid=8c77e757-e987-4490-a289-12e8dd00e8b9.SHOGM859BTJQZEMG.SEARCH&ppt=None&ppn=None&ssid=k5i4x4vitc0000001779038296867&qH=696d82f7475d216f&ov_redirect=true,,flipkart
GOLDSTAR PVC'602 Running Shoes For Men,shoes,499.0,999.0,50.0,0.0,0,https://rukminim2.flixcart.com/image/612/612/xif0q/shopsy-shoe/0/v/i/11-602-shoe-11-goldstar-blue-original-imahjnf9y8a5xztw.jpeg?q=70,https://www.flipkart.com/goldstar-pvc-602-running-shoes-men/p/itmd07cd9364780a?pid=SHOGX7YUWSZVRK5W&lid=LSTSHOGX7YUWSZVRK5WOEN9ZN&marketplace=FLIPKART&q=running+shoes+men&store=osp%2Fcil%2F1cu&srno=s_3_91&otracker=search&fm=organic&iid=en_50pI9gQK3NVtzTgDwq0ThDHessMQyRYSwj2lMRy9mYaX95X4ZlFvCVwViZlCbKNgGsxOFYW7XTeUlGWCRGr5sg%3D%3D&ppt=None&ppn=None&ssid=k5i4x4vitc0000001779038296867&qH=696d82f7475d216f&ov_redirect=true,,flipkart
Free Kicks Running Shoes For Men,shoes,390.0,1499.0,73.0,0.0,0,https://rukminim2.flixcart.com/image/612/612/xif0q/shoe/b/f/l/9-freesole-grey-free-kicks-grey-original-imagxpgzzgmedgdv.jpeg?q=70,https://www.flipkart.com/free-kicks-running-shoes-men/p/itmad3c138f2cfae?pid=SHOGXSVKCFY2MV4J&lid=LSTSHOGXSVKCFY2MV4JNMBDL1&marketplace=FLIPKART&q=running+shoes+men&store=osp%2Fcil%2F1cu&srno=s_3_92&otracker=search&fm=organic&iid=en_50pI9gQK3NVtzTgDwq0ThDHessMQyRYSwj2lMRy9mYZLZ5jtwzpuQpxKaBIoER2qrTEJu2Wq6MGgEsQGSsbVdw%3D%3D&ppt=None&ppn=None&ssid=k5i4x4vitc0000001779038296867&qH=696d82f7475d216f&ov_redirect=true,,flipkart
KILLER 22508-Navy D.Grey Walking Shoes For Men,shoes,730.0,1999.0,63.0,0.0,0,https://rukminim2.flixcart.com/image/612/612/xif0q/shoe/g/c/e/11-22508-navy-d-grey-45-killer-navy-d-grey-original-imahftj2kgzggzyn.jpeg?q=70,https://www.flipkart.com/killer-22508-navy-d-grey-walking-shoes-men/p/itm62ea3ed6cff3f?pid=SHOGC93UXF3TGZX4&lid=LSTSHOGC93UXF3TGZX4SHWRXF&marketplace=FLIPKART&q=running+shoes+men&store=osp%2Fcil%2F1cu&srno=s_3_93&otracker=search&fm=organic&iid=8c77e757-e987-4490-a289-12e8dd00e8b9.SHOGC93UXF3TGZX4.SEARCH&ppt=None&ppn=None&ssid=k5i4x4vitc0000001779038296867&qH=696d82f7475d216f&ov_redirect=true,,flipkart
CLYMB Satas Wht Sky Walking/Outdoor/Gym & Traning Outdoors Fo...,shoes,425.0,2100.0,79.0,0.0,0,https://rukminim2.flixcart.com/image/612/612/xif0q/shopsy-shoe/m/m/v/7-satas-wht-sky-7-clymb-blue-original-imahm6de9zgsjhzq.jpeg?q=70,https://www.flipkart.com/clymb-satas-wht-sky-walking-outdoor-gym-traning-outdoors-men/p/itma664087cb381b?pid=SHOH3FG4FRPEWH6S&lid=LSTSHOH3FG4FRPEWH6SW9CVWQ&marketplace=FLIPKART&q=running+shoes+men&store=osp%2Fcil%2F1cu&srno=s_3_94&otracker=search&fm=organic&iid=8c77e757-e987-4490-a289-12e8dd00e8b9.SHOH3FG4FRPEWH6S.SEARCH&ppt=None&ppn=None&ssid=k5i4x4vitc0000001779038296867&qH=696d82f7475d216f&ov_redirect=true,,flipkart
"asian Cosko Sports Shoes,Running Shoes,Walking Shoes,Training...",shoes,772.0,999.0,22.0,0.0,0,https://rukminim2.flixcart.com/image/612/612/xif0q/shoe/q/q/e/9-coscocgryblk-9-asian-grey-original-imahkf9dznuhzhz7.jpeg?q=70,https://www.flipkart.com/asian-cosko-sports-shoes-running-shoes-walking-shoes-training-shoes-men/p/itmfe3bnzhckr7n5?pid=SHOF78HRPADYMJYA&lid=LSTSHOF78HRPADYMJYABDD8Z3&marketplace=FLIPKART&q=running+shoes+men&store=osp%2Fcil%2F1cu&srno=s_3_95&otracker=search&fm=organic&iid=8c77e757-e987-4490-a289-12e8dd00e8b9.SHOF78HRPADYMJYA.SEARCH&ppt=None&ppn=None&ssid=k5i4x4vitc0000001779038296867&qH=696d82f7475d216f&ov_redirect=true,,flipkart
action Athleo ATG-424 Comfortable Lightweight Breathable Durab...,shoes,655.0,1899.0,65.0,0.0,0,https://rukminim2.flixcart.com/image/612/612/xif0q/shoe/e/k/5/8-atg-424-black-8-action-black-original-imahec4qqjwa4h7h.jpeg?q=70,https://www.flipkart.com/action-athleo-atg-424-comfortable-lightweight-breathable-durable-sports-slip-on-running-shoes-men/p/itm05ba4c824036e?pid=SHOGAFP5VXQYT3K7&lid=LSTSHOGAFP5VXQYT3K7FTWKFA&marketplace=FLIPKART&q=running+shoes+men&store=osp%2Fcil%2F1cu&srno=s_3_96&otracker=search&fm=organic&iid=8c77e757-e987-4490-a289-12e8dd00e8b9.SHOGAFP5VXQYT3K7.SEARCH&ppt=None&ppn=None&ssid=k5i4x4vitc0000001779038296867&qH=696d82f7475d216f&ov_redirect=true,,flipkart
CLYMB Premium Casual Shoes For all Running Shoes Running Shoe...,shoes,438.0,2100.0,79.0,0.0,0,https://rukminim2.flixcart.com/image/612/612/xif0q/shoe/0/l/r/7-urban2-grey-41-clymb-grey-original-imahmqdfyjxaqar3.jpeg?q=70,https://www.flipkart.com/clymb-premium-casual-shoes-all-running-men/p/itmc155a208865dc?pid=SHOHC8JZYC7VYVAN&lid=LSTSHOHC8JZYC7VYVANR533JT&marketplace=FLIPKART&q=running+shoes+men&store=osp%2Fcil%2F1cu&srno=s_3_97&otracker=search&fm=organic&iid=en_50pI9gQK3NVtzTgDwq0ThDHessMQyRYSwj2lMRy9mYZqFbv38r91J7KKZO-cfbFJurUnOHx-NxnBavMAZ09hnw%3D%3D&ppt=None&ppn=None&ssid=k5i4x4vitc0000001779038296867&qH=696d82f7475d216f&ov_redirect=true,,flipkart
First Affordable Collection of Stylish Shoes For MEN Running ...,shoes,294.0,1499.0,80.0,0.0,0,https://rukminim2.flixcart.com/image/612/612/xif0q/shoe/p/i/e/6-f1rst-full-black-6-hotstyle-white-resized-2-original-imaghmz9xa2yk8m9.jpeg?q=70,https://www.flipkart.com/first-affordable-collection-stylish-shoes-men-running-formen/p/itm9a4cb4392a5e4?pid=SHOGMYV8CXHDTGYQ&lid=LSTSHOGMYV8CXHDTGYQ4BRZV5&marketplace=FLIPKART&q=running+shoes+men&store=osp%2Fcil%2F1cu&srno=s_3_98&otracker=search&fm=organic&iid=en_50pI9gQK3NVtzTgDwq0ThDHessMQyRYSwj2lMRy9mYa9VTfaJ0t6FYK8M_mmiZM3SxjshgoGYIYpJiQjlSQ6Ag%3D%3D&ppt=None&ppn=None&ssid=k5i4x4vitc0000001779038296867&qH=696d82f7475d216f&ov_redirect=true,,flipkart
Birde Walking Shoes For Men,shoes,364.0,999.0,63.0,0.0,0,https://rukminim2.flixcart.com/image/612/612/xif0q/shoe/s/0/p/-resized-2-original-imahd2zgahauh5ns.jpeg?q=70,https://www.flipkart.com/birde-walking-shoes-men/p/itm13f51ebe4b28a?pid=SHOGMMZ2XQE8KB5T&lid=LSTSHOGMMZ2XQE8KB5T1K90MM&marketplace=FLIPKART&q=running+shoes+men&store=osp%2Fcil%2F1cu&srno=s_3_99&otracker=search&fm=organic&iid=8c77e757-e987-4490-a289-12e8dd00e8b9.SHOGMMZ2XQE8KB5T.SEARCH&ppt=None&ppn=None&ssid=k5i4x4vitc0000001779038296867&qH=696d82f7475d216f&ov_redirect=true,,flipkart
CLYMB cosko Lace up walking outdoor waterproof running Runnin...,shoes,465.0,2499.0,81.0,0.0,0,https://rukminim2.flixcart.com/image/612/612/xif0q/shoe/i/q/c/7-cosco-blue-7-clymb-blue-original-imahmqdfk2raemmw.jpeg?q=70,https://www.flipkart.com/clymb-cosko-lace-up-walking-outdoor-waterproof-running-shoes-men/p/itmfew2tshsseqxa?pid=SHOFEVVEMSZFG68T&lid=LSTSHOFEVVEMSZFG68TQLGAAG&marketplace=FLIPKART&q=running+shoes+men&store=osp%2Fcil%2F1cu&srno=s_3_100&otracker=search&fm=organic&iid=8c77e757-e987-4490-a289-12e8dd00e8b9.SHOFEVVEMSZFG68T.SEARCH&ppt=None&ppn=None&ssid=k5i4x4vitc0000001779038296867&qH=696d82f7475d216f&ov_redirect=true,,flipkart
"NOBELITE Premium Sports ,Gym, Trending, Stylish Running Shoes Fo...",shoes,398.0,2499.0,84.0,0.0,0,https://rukminim2.flixcart.com/image/612/612/xif0q/shoe/r/2/s/8-sport-24503-8-nobelite-white-black-resized-2-original-imahf3x7e8yanbyy.jpeg?q=70,https://www.flipkart.com/nobelite-premium-sports-gym-trending-stylish-running-shoes-men/p/itm97ef97f943d6c?pid=SHOHC562FG4MYPXY&lid=LSTSHOHC562FG4MYPXY9UTOF8&marketplace=FLIPKART&q=running+shoes+men&store=osp%2Fcil%2F1cu&srno=s_3_101&otracker=search&fm=organic&iid=en_50pI9gQK3NVtzTgDwq0ThDHessMQyRYSwj2lMRy9mYaErcVohU7V4a3XA8cKtlGnXv4ClJ3DqIDmXZAfzNi8VA%3D%3D&ppt=None&ppn=None&ssid=k5i4x4vitc0000001779038296867&qH=696d82f7475d216f&ov_redirect=true,,flipkart
JQR GLOBAL PLUS Running Shoes For Men,shoes,733.0,1699.0,56.0,0.0,0,https://rukminim2.flixcart.com/image/612/612/xif0q/shoe/f/q/s/-original-imahgbrx5uhyz4z7.jpeg?q=70,https://www.flipkart.com/jqr-global-plus-running-shoes-men/p/itmc07cdbe340802?pid=SHOGHZNR5JHU3WGM&lid=LSTSHOGHZNR5JHU3WGMTRS8NP&marketplace=FLIPKART&q=running+shoes+men&store=osp%2Fcil%2F1cu&srno=s_3_102&otracker=search&fm=organic&iid=en_50pI9gQK3NVtzTgDwq0ThDHessMQyRYSwj2lMRy9mYbjMEbGJcPtaeakL0hL35c38_h3qNeVR5vogsbjxV4v0H2jGuDLx_cmoBdxLHagfOw%3D&ppt=None&ppn=None&ssid=k5i4x4vitc0000001779038296867&qH=696d82f7475d216f&ov_redirect=true,,flipkart
"asian Delta-20 Grey Sports,Casual,Walking,Gym, For Men",shoes,999.0,1899.0,47.0,0.0,0,https://rukminim2.flixcart.com/image/612/612/xif0q/shoe/w/h/f/-original-imahgctkkqht9uyz.jpeg?q=70,https://www.flipkart.com/asian-delta-20-grey-sports-casual-walking-gym-men/p/itmb15dc7c96eabe?pid=SHOGGZKNH9YDEENB&lid=LSTSHOGGZKNH9YDEENBRDRSZI&marketplace=FLIPKART&q=running+shoes+men&store=osp%2Fcil%2F1cu&srno=s_3_103&otracker=search&fm=organic&iid=8c77e757-e987-4490-a289-12e8dd00e8b9.SHOGGZKNH9YDEENB.SEARCH&ppt=None&ppn=None&ssid=k5i4x4vitc0000001779038296867&qH=696d82f7475d216f&ov_redirect=true,,flipkart
PUMA Skyrocket Lite Running Shoes For Men,shoes,2500.0,4999.0,49.0,0.0,0,https://rukminim2.flixcart.com/image/612/612/xif0q/shoe/3/s/5/-original-imahgvehp2qwhrkz.jpeg?q=70,https://www.flipkart.com/puma-skyrocket-lite-running-shoes-men/p/itm59efdfb630e85?pid=SHOH8Y2Q2DPYFQBX&lid=LSTSHOH8Y2Q2DPYFQBXPUZMGM&marketplace=FLIPKART&q=running+shoes+men&store=osp%2Fcil%2F1cu&srno=s_3_104&otracker=search&fm=organic&iid=8c77e757-e987-4490-a289-12e8dd00e8b9.SHOH8Y2Q2DPYFQBX.SEARCH&ppt=None&ppn=None&ssid=k5i4x4vitc0000001779038296867&qH=696d82f7475d216f&ov_redirect=true,,flipkart
CLYMB cosko Lace up walking outdoor waterproof running Runnin...,shoes,465.0,2499.0,81.0,0.0,0,https://rukminim2.flixcart.com/image/612/612/xif0q/shoe/i/q/c/7-cosco-blue-7-clymb-blue-original-imahmqdfk2raemmw.jpeg?q=70,https://www.flipkart.com/clymb-cosko-lace-up-walking-outdoor-waterproof-running-shoes-men/p/itmfew2tshsseqxa?pid=SHOFEVVEEHERQS4A&lid=LSTSHOFEVVEEHERQS4AZP1VOS&marketplace=FLIPKART&q=running+shoes+men&store=osp%2Fcil%2F1cu&srno=s_3_105&otracker=search&fm=organic&iid=8c77e757-e987-4490-a289-12e8dd00e8b9.SHOFEVVEEHERQS4A.SEARCH&ppt=None&ppn=None&ssid=k5i4x4vitc0000001779038296867&qH=696d82f7475d216f&ov_redirect=true,,flipkart
BRUTON Lite Sports Running Shoes For Men,shoes,398.0,2499.0,84.0,0.0,0,https://rukminim2.flixcart.com/image/612/612/xif0q/shoe/q/w/y/6-rng-854-grey-40-bruton-grey-original-imahbhzs8zgnexrz.jpeg?q=70,https://www.flipkart.com/bruton-lite-sports-running-shoes-men/p/itmf4ffe65f7bebc?pid=SHOGZYEA9HANTBYN&lid=LSTSHOGZYEA9HANTBYN29TCR6&marketplace=FLIPKART&q=running+shoes+men&store=osp%2Fcil%2F1cu&srno=s_3_106&otracker=search&fm=organic&iid=8c77e757-e987-4490-a289-12e8dd00e8b9.SHOGZYEA9HANTBYN.SEARCH&ppt=None&ppn=None&ssid=k5i4x4vitc0000001779038296867&qH=696d82f7475d216f&ov_redirect=true,,flipkart
JQR ZENITHH Running Shoes For Men,shoes,622.0,1399.0,55.0,0.0,0,https://rukminim2.flixcart.com/image/612/612/xif0q/shoe/f/t/r/9-zenithh-jqr-l-gry-original-imahay2quvgzufkh.jpeg?q=70,https://www.flipkart.com/jqr-zenithh-running-shoes-men/p/itm247cdc410ffb9?pid=SHOHAY2RSAYJY5HY&lid=LSTSHOHAY2RSAYJY5HYENWJOZ&marketplace=FLIPKART&q=running+shoes+men&store=osp%2Fcil%2F1cu&srno=s_3_107&otracker=search&fm=organic&iid=en_50pI9gQK3NVtzTgDwq0ThDHessMQyRYSwj2lMRy9mYbg4ErvTbpfb7Sqw_N8hNRHbyerJylOmjvgvrEvzvNOGwDM2KWit8hFHxJOvPdMi04%3D&ppt=None&ppn=None&ssid=k5i4x4vitc0000001779038296867&qH=696d82f7475d216f&ov_redirect=true,,flipkart
Abros CRYPTO Running Shoes For Men,shoes,1149.0,3199.0,64.0,0.0,0,https://rukminim2.flixcart.com/image/612/612/xif0q/shoe/m/0/h/-original-imahfhpg4ghbkgfh.jpeg?q=70,https://www.flipkart.com/abros-crypto-running-shoes-men/p/itma610edb77e599?pid=SHOGXBZQWPSUFASX&lid=LSTSHOGXBZQWPSUFASXHTQESL&marketplace=FLIPKART&q=running+shoes+men&store=osp%2Fcil%2F1cu&srno=s_3_108&otracker=search&fm=organic&iid=en_50pI9gQK3NVtzTgDwq0ThDHessMQyRYSwj2lMRy9mYZHrigkrcC9ykMXixvgvKbQQInS8TQjPH_wkJBM5cH_-o06z3QAm4-AoFL_C4Jep-g%3D&ppt=None&ppn=None&ssid=k5i4x4vitc0000001779038296867&qH=696d82f7475d216f&ov_redirect=true,,flipkart
World Wear Footwear Latest Range of Trendy Shoe Running Shoes For Men,shoes,328.0,998.0,67.0,0.0,0,https://rukminim2.flixcart.com/image/612/612/xif0q/shoe/l/3/s/-resized-2-original-imagr7vf4h3zq3gr.jpeg?q=70,https://www.flipkart.com/world-wear-footwear-latest-range-trendy-shoe-running-shoes-men/p/itm2cb4c6f967e6e?pid=SHOG3SHQHEGBEGGK&lid=LSTSHOG3SHQHEGBEGGKTHQ2OW&marketplace=FLIPKART&q=running+shoes+men&store=osp%2Fcil%2F1cu&srno=s_3_109&otracker=search&fm=organic&iid=8c77e757-e987-4490-a289-12e8dd00e8b9.SHOG3SHQHEGBEGGK.SEARCH&ppt=None&ppn=None&ssid=k5i4x4vitc0000001779038296867&qH=696d82f7475d216f&ov_redirect=true,,flipkart
Footox Trendy Sports Running Shoes For Men,shoes,295.0,999.0,70.0,0.0,0,https://rukminim2.flixcart.com/image/612/612/xif0q/shoe/j/j/v/7-grey-green-fms-38-s-shoe-7-footox-grey-green-original-imahdep3uvpvhgyy.jpeg?q=70,https://www.flipkart.com/footox-trendy-sports-running-shoes-men/p/itmccaf91c36bff7?pid=SHOH5GE9EF3PQ8GN&lid=LSTSHOH5GE9EF3PQ8GNAN0MPA&marketplace=FLIPKART&q=running+shoes+men&store=osp%2Fcil%2F1cu&srno=s_3_110&otracker=search&fm=organic&iid=8c77e757-e987-4490-a289-12e8dd00e8b9.SHOH5GE9EF3PQ8GN.SEARCH&ppt=None&ppn=None&ssid=k5i4x4vitc0000001779038296867&qH=696d82f7475d216f&ov_redirect=true,,flipkart
SKYMORE Stylish Sports Running Shoes Running Shoes For Men,shoes,423.0,2499.0,83.0,0.0,0,https://rukminim2.flixcart.com/image/612/612/xif0q/shoe/r/j/a/8-eva-rng-912-blk-8-skymore-black-original-imahexgkarbgy2ns.jpeg?q=70,https://www.flipkart.com/skymore-stylish-sports-running-shoes-men/p/itm0e16da99cdd49?pid=SHOHEM3FGJFKJRHH&lid=LSTSHOHEM3FGJFKJRHHZLLVRB&marketplace=FLIPKART&q=running+shoes+men&store=osp%2Fcil%2F1cu&srno=s_3_111&otracker=search&fm=organic&iid=en_50pI9gQK3NVtzTgDwq0ThDHessMQyRYSwj2lMRy9mYarOA-jdiXlAkuIQcDRXwF3qVoTKkyZUhCzf5BKgYHUz_UFjCTyOHoHZs-Z5_PS_w0%3D&ppt=None&ppn=None&ssid=k5i4x4vitc0000001779038296867&qH=696d82f7475d216f&ov_redirect=true,,flipkart
"NOBELITE Premium Sports ,Gym, Trending, Stylish Running Shoes Fo...",shoes,448.0,2499.0,82.0,0.0,0,https://rukminim2.flixcart.com/image/612/612/xif0q/shoe/n/z/y/10-sneakers-24501-10-nobelite-white-green-original-imahd7j3wjrhtwcd.jpeg?q=70,https://www.flipkart.com/nobelite-premium-sports-gym-trending-stylish-running-shoes-men/p/itm33552770b6111?pid=SHOH8ZVYZFRPFUAQ&lid=LSTSHOH8ZVYZFRPFUAQVXFAIS&marketplace=FLIPKART&q=running+shoes+men&store=osp%2Fcil%2F1cu&srno=s_3_112&otracker=search&fm=organic&iid=en_50pI9gQK3NVtzTgDwq0ThDHessMQyRYSwj2lMRy9mYYkThMzB6AjOs8qNdrIOmrVmoPL9V6QGWGQbOe97X4LRvUFjCTyOHoHZs-Z5_PS_w0%3D&ppt=None&ppn=None&ssid=k5i4x4vitc0000001779038296867&qH=696d82f7475d216f&ov_redirect=true,,flipkart
"asian Waterproof-17 Sports,Walking,Gym,Training,Stylish Runni...",shoes,800.0,1299.0,38.0,0.0,0,https://rukminim2.flixcart.com/image/612/612/xif0q/shoe/e/s/m/9-waterproof-17-9-asian-dark-grey-original-imahm7hyvbhtggxs.jpeg?q=70,https://www.flipkart.com/asian-waterproof-17-sports-walking-gym-training-stylish-running-shoes-men/p/itme74538692ccda?pid=SHOGKZUFEZP7WZDM&lid=LSTSHOGKZUFEZP7WZDMS5SBJD&marketplace=FLIPKART&q=running+shoes+men&store=osp%2Fcil%2F1cu&srno=s_3_113&otracker=search&fm=organic&iid=8c77e757-e987-4490-a289-12e8dd00e8b9.SHOGKZUFEZP7WZDM.SEARCH&ppt=None&ppn=None&ssid=k5i4x4vitc0000001779038296867&qH=696d82f7475d216f&ov_redirect=true,,flipkart
BRUTON 602-Berry Trendy Light Weight Sports Running Shoes Runn...,shoes,687.0,2999.0,77.0,0.0,0,https://rukminim2.flixcart.com/image/612/612/xif0q/shoe/t/w/3/7-eva-rng-602-blk-7-bruton-black-original-imahh6szzzqgcspg.jpeg?q=70,https://www.flipkart.com/bruton-602-berry-trendy-light-weight-sports-running-shoes-men/p/itm17a8213d5d99a?pid=SHOHCZ8BHFGVHJMZ&lid=LSTSHOHCZ8BHFGVHJMZJ1P5ME&marketplace=FLIPKART&q=running+shoes+men&store=osp%2Fcil%2F1cu&srno=s_3_114&otracker=search&fm=organic&iid=8c77e757-e987-4490-a289-12e8dd00e8b9.SHOHCZ8BHFGVHJMZ.SEARCH&ppt=None&ppn=None&ssid=k5i4x4vitc0000001779038296867&qH=696d82f7475d216f&ov_redirect=true,,flipkart
"asian WNDR-13 Pro White Sports,Casual,Walking.Gym,Training,St...",shoes,822.0,1499.0,45.0,0.0,0,https://rukminim2.flixcart.com/image/612/612/xif0q/shoe/z/q/z/-original-imahgcsvbahef4kh.jpeg?q=70,https://www.flipkart.com/asian-wndr-13-pro-white-sports-casual-walking-gym-training-stylish-running-shoes-men/p/itm0e7c54fb67cb3?pid=SHOGHGZVPZBMWN7A&lid=LSTSHOGHGZVPZBMWN7AHTJNTW&marketplace=FLIPKART&q=running+shoes+men&store=osp%2Fcil%2F1cu&srno=s_3_115&otracker=search&fm=organic&iid=8c77e757-e987-4490-a289-12e8dd00e8b9.SHOGHGZVPZBMWN7A.SEARCH&ppt=None&ppn=None&ssid=k5i4x4vitc0000001779038296867&qH=696d82f7475d216f&ov_redirect=true,,flipkart
asian Dominator-04 Sneakers for Men | Chunky Premium Stylish ...,shoes,1249.0,2799.0,55.0,0.0,0,https://rukminim2.flixcart.com/image/612/612/xif0q/shoe/i/m/m/7-dominator-04-7-asian-lgrey-silver-original-imahghe6gjvywqdk.jpeg?q=70,https://www.flipkart.com/asian-dominator-04-sneakers-men-chunky-premium-stylish-sneaker-comfort-running-shoes/p/itm8be036ec7bf72?pid=SHOHGDZYFWVPCFNM&lid=LSTSHOHGDZYFWVPCFNMZQJJOB&marketplace=FLIPKART&q=running+shoes+men&store=osp%2Fcil%2F1cu&srno=s_3_116&otracker=search&fm=organic&iid=8c77e757-e987-4490-a289-12e8dd00e8b9.SHOHGDZYFWVPCFNM.SEARCH&ppt=None&ppn=None&ssid=k5i4x4vitc0000001779038296867&qH=696d82f7475d216f&ov_redirect=true,,flipkart
Abros CRYPTO Running Shoes For Men,shoes,889.0,3199.0,72.0,0.0,0,https://rukminim2.flixcart.com/image/612/612/xif0q/shoe/e/u/i/-resized-2-original-imahfhphzdhxqwmz.jpeg?q=70,https://www.flipkart.com/abros-crypto-running-shoes-men/p/itmf53ebaf490514?pid=SHOGXBZQ3GFWYRWZ&lid=LSTSHOGXBZQ3GFWYRWZBUAIX8&marketplace=FLIPKART&q=running+shoes+men&store=osp%2Fcil%2F1cu&srno=s_3_117&otracker=search&fm=organic&iid=en_50pI9gQK3NVtzTgDwq0ThDHessMQyRYSwj2lMRy9mYYGsUdj6n8y_hh8A0qeuL3EiNUEnfb0XADk5sbbsdWa3Q1kFuKnWaINrJqv3pKVKuU%3D&ppt=None&ppn=None&ssid=k5i4x4vitc0000001779038296867&qH=696d82f7475d216f&ov_redirect=true,,flipkart
"aadi Men's Grey Lightweight EVA Running, Walking & Gym Casua...",shoes,414.0,1999.0,79.0,0.0,0,https://rukminim2.flixcart.com/image/612/612/xif0q/shoe/e/p/f/-original-imahh6wfhjeqebuy.jpeg?q=70,https://www.flipkart.com/aadi-men-s-grey-lightweight-eva-running-walking-gym-casual-sports-shoes-running-men/p/itmf4ffe65f7bebc?pid=SHOGWSZFNUAZXGW9&lid=LSTSHOGWSZFNUAZXGW91BEACL&marketplace=FLIPKART&q=running+shoes+men&store=osp%2Fcil%2F1cu&srno=s_3_118&otracker=search&fm=organic&iid=en_50pI9gQK3NVtzTgDwq0ThDHessMQyRYSwj2lMRy9mYafKqjQUIxU2szdDAS6L9TutWnwf6RWWN6X3U-AfBDgrQ%3D%3D&ppt=None&ppn=None&ssid=k5i4x4vitc0000001779038296867&qH=696d82f7475d216f&ov_redirect=true,,flipkart
"asian Wndr,Cosko-13 Full Black Boys School Shoes,Running Shoe...",shoes,705.0,999.0,29.0,0.0,0,https://rukminim2.flixcart.com/image/612/612/xif0q/shoe/y/w/s/6-13cfullblk-6-asian-black-original-imahgnh9kwvdcfjs.jpeg?q=70,https://www.flipkart.com/asian-wndr-cosko-13-full-black-boys-school-shoes-running-shoes-walking-shoes-sports-shoes-gym-shoes-running-training-gym-men/p/itm07d046960183a?pid=SHOFGBK8HUUHYJE6&lid=LSTSHOFGBK8HUUHYJE6KWWZZJ&marketplace=FLIPKART&q=running+shoes+men&store=osp%2Fcil%2F1cu&srno=s_3_119&otracker=search&fm=organic&iid=8c77e757-e987-4490-a289-12e8dd00e8b9.SHOFGBK8HUUHYJE6.SEARCH&ppt=None&ppn=None&ssid=k5i4x4vitc0000001779038296867&qH=696d82f7475d216f&ov_redirect=true,,flipkart
JQR MIRAGE Running Shoes For Men,shoes,899.0,1699.0,47.0,0.0,0,https://rukminim2.flixcart.com/image/612/612/xif0q/shoe/i/i/d/8-mirage-8-jqr-wht-original-imahhg572kgymq4q.jpeg?q=70,https://www.flipkart.com/jqr-mirage-running-shoes-men/p/itma3ba6e9538e93?pid=SHOHFMQPEKZWEGRH&lid=LSTSHOHFMQPEKZWEGRHY7ZKWX&marketplace=FLIPKART&q=running+shoes+men&store=osp%2Fcil%2F1cu&srno=s_3_120&otracker=search&fm=organic&iid=8c77e757-e987-4490-a289-12e8dd00e8b9.SHOHFMQPEKZWEGRH.SEARCH&ppt=None&ppn=None&ssid=k5i4x4vitc0000001779038296867&qH=696d82f7475d216f&ov_redirect=true,,flipkart
Noise Colorfit Icon 2 1.8'' Display with Bluetooth Call...,watches,1499.0,5999.0,75.0,0.0,0,https://rukminim2.flixcart.com/image/612/612/xif0q/smartwatch/s/i/u/-original-imah76jt64ffmwg4.jpeg?q=70,https://www.flipkart.com/noise-colorfit-icon-2-1-8-display-bluetooth-calling-ai-voice-assistant-smartwatch/p/itmd4cd819eadb9f?pid=SMWGEH7VGYMGCP3V&lid=LSTSMWGEH7VGYMGCP3VXIJHDY&marketplace=FLIPKART&q=smartwatch&store=ajy%2Fbuh&srno=s_1_1&otracker=search&fm=organic&iid=en_3LM2CwEVohUYRelyCnB7WsIrk0XbTbkvUIVZHBQJbEuXBZdOsT6eM4fU7lDQxV2PuobeIGRrVhm-vZuiX9ZVQPUFjCTyOHoHZs-Z5_PS_w0%3D&ppt=None&ppn=None&ssid=18t745mda80000001779038300327&qH=adc5bc5b72db9fa3&ov_redirect=true,,flipkart
"Samsung Galaxy Watch8 (40mm, LTE)",watches,37999.0,42999.0,11.0,0.0,0,https://rukminim2.flixcart.com/image/612/612/xif0q/smartwatch/l/l/f/-original-imahe8sqxggtvkhy.jpeg?q=70,https://www.flipkart.com/samsung-galaxy-watch8-40mm-lte/p/itm9c75e1ed10471?pid=SMWHDA8A9S5PPG6H&lid=LSTSMWHDA8A9S5PPG6HBXKNBT&marketplace=FLIPKART&q=smartwatch&store=ajy%2Fbuh&srno=s_1_2&otracker=search&fm=organic&iid=en_3LM2CwEVohUYRelyCnB7WsIrk0XbTbkvUIVZHBQJbEsEbJ61zZ9PAIDlpBsAXws6Bo_LQlfL4HvvLUXcFTqlhIQEIsITtCzc4bHaOMTqL08%3D&ppt=None&ppn=None&ssid=18t745mda80000001779038300327&qH=adc5bc5b72db9fa3&ov_redirect=true,,flipkart
TECHIO T800 BT Smartwatch Touchscreen Watch with IP67 W...,watches,498.0,1999.0,75.0,0.0,0,https://rukminim2.flixcart.com/image/612/612/xif0q/smartwatch/7/9/6/49-h9-t800-orange-001-android-ios-techio-yes-original-imahfjjr8jfrjnds.jpeg?q=70,https://www.flipkart.com/techio-t800-bt-smartwatch-touchscreen-watch-ip67-waterproof/p/itm6e920afc37484?pid=SMWHFJJRVP4HZWKS&lid=LSTSMWHFJJRVP4HZWKSGRHD79&marketplace=FLIPKART&q=smartwatch&store=ajy%2Fbuh&srno=s_1_3&otracker=search&fm=organic&iid=006de262-7465-4edc-b4d0-0c765b418cc5.SMWHFJJRVP4HZWKS.SEARCH&ppt=None&ppn=None&ssid=18t745mda80000001779038300327&qH=adc5bc5b72db9fa3&ov_redirect=true,,flipkart
"GOBOULT Tuff Rivet 1.9'' HD Display, Working Crown , Qu...",watches,1499.0,5999.0,75.0,0.0,0,https://rukminim2.flixcart.com/image/612/612/xif0q/smartwatch/o/o/i/-original-imahgqzbjfwvyat3.jpeg?q=70,https://www.flipkart.com/goboult-tuff-rivet-1-9-hd-display-working-crown-quick-access-torch-smartwatch/p/itmd53fa38cb8bf1?pid=SMWHHRJTFUAK8HQK&lid=LSTSMWHHRJTFUAK8HQKL2YOTB&marketplace=FLIPKART&q=smartwatch&store=ajy%2Fbuh&srno=s_1_4&otracker=search&fm=organic&iid=006de262-7465-4edc-b4d0-0c765b418cc5.SMWHHRJTFUAK8HQK.SEARCH&ppt=None&ppn=None&ssid=18t745mda80000001779038300327&qH=adc5bc5b72db9fa3&ov_redirect=true,,flipkart
Fire-Boltt Rise Bluetooth Calling 47mm (1.85) & Rotatin...,watches,1399.0,11999.0,88.0,0.0,0,https://rukminim2.flixcart.com/image/612/612/xif0q/smartwatch/k/y/d/-original-imah6efgqcfgbzye.jpeg?q=70,https://www.flipkart.com/fire-boltt-rise-bluetooth-calling-47mm-1-85-rotating-crown-123-sports-smartwatch/p/itme16438ff2af16?pid=SMWGKVYJNGEXZEHJ&lid=LSTSMWGKVYJNGEXZEHJSVIZKS&marketplace=FLIPKART&q=smartwatch&store=ajy%2Fbuh&srno=s_1_5&otracker=search&fm=organic&iid=006de262-7465-4edc-b4d0-0c765b418cc5.SMWGKVYJNGEXZEHJ.SEARCH&ppt=None&ppn=None&ssid=18t745mda80000001779038300327&qH=adc5bc5b72db9fa3&ov_redirect=true,,flipkart
"GOBOULT Mustang Stallion 1.43"" AMOLED Display, Function...",watches,4999.0,14999.0,66.0,0.0,0,https://rukminim2.flixcart.com/image/612/612/xif0q/smartwatch/a/q/s/-original-imahm9wesgpdukwa.jpeg?q=70,https://www.flipkart.com/goboult-mustang-stallion-1-43-amoled-display-functional-bezel-700-nits-brightness-smartwatch/p/itm4420364a6d185?pid=SMWHJNH8FCYGPFDS&lid=LSTSMWHJNH8FCYGPFDSCGD5EF&marketplace=FLIPKART&q=smartwatch&store=ajy%2Fbuh&srno=s_1_6&otracker=search&fm=organic&iid=en_3LM2CwEVohUYRelyCnB7WsIrk0XbTbkvUIVZHBQJbEueWCHL8hS3Btf4vzQyDlwnggeN0xfW_ducXBuE679F_QDM2KWit8hFHxJOvPdMi04%3D&ppt=None&ppn=None&ssid=18t745mda80000001779038300327&qH=adc5bc5b72db9fa3&ov_redirect=true,,flipkart
"PunnkFunnk Edge-Lite | 1.99 "" Amoled Display | BT Calli...",watches,853.0,2999.0,71.0,0.0,0,https://rukminim2.flixcart.com/image/612/612/xif0q/smartwatch/4/v/x/49-edge-lite-silver-002-android-ios-punnkfunnk-yes-original-imahkn2fdzwaeeeh.jpeg?q=70,https://www.flipkart.com/punnkfunnk-edge-lite-1-99-amoled-display-bt-calling-ai-voice-music-fitness-smartwatch/p/itm91ba5bfab8846?pid=SMWHBZPYDZXNSHHB&lid=LSTSMWHBZPYDZXNSHHB4NFXCN&marketplace=FLIPKART&q=smartwatch&store=ajy%2Fbuh&srno=s_1_7&otracker=search&fm=organic&iid=006de262-7465-4edc-b4d0-0c765b418cc5.SMWHBZPYDZXNSHHB.SEARCH&ppt=None&ppn=None&ssid=18t745mda80000001779038300327&qH=adc5bc5b72db9fa3&ov_redirect=true,,flipkart
TECHIO H9 PRO MAX SMART WATCH. Smartwatch,watches,699.0,1999.0,65.0,0.0,0,https://rukminim2.flixcart.com/image/612/612/xif0q/shopsy-smartwatch/u/6/k/34-android-ios-h9-smart-watch-003-techio-yes-original-imahgtd9twmjxdtm.jpeg?q=70,https://www.flipkart.com/techio-h9-pro-max-smart-watch-smartwatch/p/itm6d465ef8be501?pid=SMWHGHYFXJTKXDFX&lid=LSTSMWHGHYFXJTKXDFXOGK5DR&marketplace=FLIPKART&q=smartwatch&store=ajy%2Fbuh&srno=s_1_8&otracker=search&fm=organic&iid=006de262-7465-4edc-b4d0-0c765b418cc5.SMWHGHYFXJTKXDFX.SEARCH&ppt=None&ppn=None&ssid=18t745mda80000001779038300327&qH=adc5bc5b72db9fa3&ov_redirect=true,,flipkart
Waunset H9 A1 Full Screen Touch Watch Specially Made fo...,watches,826.0,2499.0,66.0,0.0,0,https://rukminim2.flixcart.com/image/612/612/xif0q/smartwatch/3/s/m/45-21-h9-a1-full-screen-touch-watch-specially-made-for-girl-original-imahgysnzasgkgnu.jpeg?q=70,https://www.flipkart.com/waunset-h9-a1-full-screen-touch-watch-specially-made-girl-women-smartwatch/p/itm851f88fb19f1f?pid=SMWH4B9DJZGTXHVV&lid=LSTSMWH4B9DJZGTXHVVLIZTX8&marketplace=FLIPKART&q=smartwatch&store=ajy%2Fbuh&srno=s_1_9&otracker=search&fm=organic&iid=006de262-7465-4edc-b4d0-0c765b418cc5.SMWH4B9DJZGTXHVV.SEARCH&ppt=None&ppn=None&ssid=18t745mda80000001779038300327&qH=adc5bc5b72db9fa3&ov_redirect=true,,flipkart
"boAt Wave Fury with 1.83'' HD Display, Bluetooth Callin...",watches,1399.0,6999.0,80.0,0.0,0,https://rukminim2.flixcart.com/image/612/612/xif0q/smartwatch/v/8/r/-original-imagy97z4qgjheyn.jpeg?q=70,https://www.flipkart.com/boat-wave-fury-1-83-hd-display-bluetooth-calling-functional-crown-smartwatch/p/itm8a785ea5801dc?pid=SMWGQHN4MWU6ZJGN&lid=LSTSMWGQHN4MWU6ZJGNRJO52S&marketplace=FLIPKART&q=smartwatch&store=ajy%2Fbuh&spotlightTagId=default_BestsellerId_ajy%2Fbuh&srno=s_1_10&otracker=search&fm=organic&iid=006de262-7465-4edc-b4d0-0c765b418cc5.SMWGQHN4MWU6ZJGN.SEARCH&ppt=None&ppn=None&ssid=18t745mda80000001779038300327&qH=adc5bc5b72db9fa3&ov_redirect=true,,flipkart
"Samsung Galaxy Watch8 (44mm, LTE)",watches,26999.0,45999.0,41.0,0.0,0,https://rukminim2.flixcart.com/image/612/612/xif0q/smartwatch/c/t/j/-original-imahe8sqbvfgbkdp.jpeg?q=70,https://www.flipkart.com/samsung-galaxy-watch8-44mm-lte/p/itm6e3e399ce50ab?pid=SMWHDA8AWBDXHRXH&lid=LSTSMWHDA8AWBDXHRXHSQXBAF&marketplace=FLIPKART&q=smartwatch&store=ajy%2Fbuh&srno=s_1_11&otracker=search&fm=organic&iid=en_3LM2CwEVohUYRelyCnB7WsIrk0XbTbkvUIVZHBQJbEvhts9VzOg8Ok2girQvyTJwM7BydZtHtXvNc_p7ONC22FF91k_NKRtsN7mkYTl-6AQ%3D&ppt=None&ppn=None&ssid=18t745mda80000001779038300327&qH=adc5bc5b72db9fa3&ov_redirect=true,,flipkart
"Noise Twist Go 1.39'' Display, Bluetooth Calling, Metal...",watches,1599.0,4999.0,68.0,0.0,0,https://rukminim2.flixcart.com/image/612/612/xif0q/smartwatch/e/g/x/35-306-wrb-sw-twistgo-std-blk-blk-android-ios-noise-yes-original-imah889zcdzvzcuf.jpeg?q=70,https://www.flipkart.com/noise-twist-go-1-39-display-bluetooth-calling-metallic-finish-100-sports-modes-smartwatch/p/itmf9fa3027228f8?pid=SMWH889Z3HH5T2EH&lid=LSTSMWH889Z3HH5T2EHKUMZOJ&marketplace=FLIPKART&q=smartwatch&store=ajy%2Fbuh&srno=s_1_12&otracker=search&fm=organic&iid=en_3LM2CwEVohUYRelyCnB7WsIrk0XbTbkvUIVZHBQJbEt69G8J8XaRY0sTZpFsqapwFM4OiHkO7k5hwLPxTWCp4GaRs4JL222ZRV-dN99QnxU%3D&ppt=None&ppn=None&ssid=18t745mda80000001779038300327&qH=adc5bc5b72db9fa3&ov_redirect=true,,flipkart
"Noise Icon 3 Plus with 2"" HD Display, Metal Dial, Funct...",watches,1099.0,6999.0,84.0,0.0,0,https://rukminim2.flixcart.com/image/612/612/xif0q/smartwatch/k/b/u/-original-imagz38tc2phnzfj.jpeg?q=70,https://www.flipkart.com/noise-icon-3-plus-2-hd-display-metal-dial-functional-crown-smartwatch/p/itmf81a5e6bd8732?pid=SMWGUSWEDUJDMYJC&lid=LSTSMWGUSWEDUJDMYJCGRSSUI&marketplace=FLIPKART&q=smartwatch&store=ajy%2Fbuh&srno=s_1_13&otracker=search&fm=organic&iid=006de262-7465-4edc-b4d0-0c765b418cc5.SMWGUSWEDUJDMYJC.SEARCH&ppt=None&ppn=None&ssid=18t745mda80000001779038300327&qH=adc5bc5b72db9fa3&ov_redirect=true,,flipkart
Yash Enterprises T500 Smartwatch Smartwatch,watches,492.0,1499.0,67.0,0.0,0,https://rukminim2.flixcart.com/image/612/612/xif0q/smartwatch/a/t/b/40-011-android-ios-yash-enterprises-yes-original-imah6ztzjxrtcs8r.jpeg?q=70,https://www.flipkart.com/yash-enterprises-t500-smartwatch/p/itma941e612da1bd?pid=SMWH6ZTZARCSGKKS&lid=LSTSMWH6ZTZARCSGKKSZ4NDSW&marketplace=FLIPKART&q=smartwatch&store=ajy%2Fbuh&srno=s_1_14&otracker=search&fm=organic&iid=006de262-7465-4edc-b4d0-0c765b418cc5.SMWH6ZTZARCSGKKS.SEARCH&ppt=None&ppn=None&ssid=18t745mda80000001779038300327&qH=adc5bc5b72db9fa3&ov_redirect=true,,flipkart
"Cellecor STEW 1.83"" BT Calling, 500 NITS, AI Voice Assi...",watches,799.0,3999.0,80.0,0.0,0,https://rukminim2.flixcart.com/image/612/612/xif0q/smartwatch/y/x/v/46-482-m1-android-ios-cellecor-yes-original-imah99vhytdchfhm.jpeg?q=70,https://www.flipkart.com/cellecor-stew-1-83-bt-calling-500-nits-ai-voice-assistant-spo2-hr-split-screen-smartwatch/p/itmc30f68a6a2c52?pid=SMWH8883C8TGENDE&lid=LSTSMWH8883C8TGENDEKPEPLX&marketplace=FLIPKART&q=smartwatch&store=ajy%2Fbuh&srno=s_1_15&otracker=search&fm=organic&iid=006de262-7465-4edc-b4d0-0c765b418cc5.SMWH8883C8TGENDE.SEARCH&ppt=None&ppn=None&ssid=18t745mda80000001779038300327&qH=adc5bc5b72db9fa3&ov_redirect=true,,flipkart
"boAt Lunar Discovery Neo 1.39"" HD Display, Metallic Fin...",watches,1299.0,6999.0,81.0,0.0,0,https://rukminim2.flixcart.com/image/612/612/xif0q/smartwatch/z/z/t/-original-imahg6xxrbjhsapj.jpeg?q=70,https://www.flipkart.com/boat-lunar-discovery-neo-1-39-hd-display-metallic-finish-bt-calling-smart-watch-smartwatch/p/itm25b689a21473d?pid=SMWHHRBGJGUCMZYH&lid=LSTSMWHHRBGJGUCMZYHFJWYQ9&marketplace=FLIPKART&q=smartwatch&store=ajy%2Fbuh&spotlightTagId=default_BestsellerId_ajy%2Fbuh&srno=s_1_16&otracker=search&fm=organic&iid=006de262-7465-4edc-b4d0-0c765b418cc5.SMWHHRBGJGUCMZYH.SEARCH&ppt=None&ppn=None&ssid=18t745mda80000001779038300327&qH=adc5bc5b72db9fa3&ov_redirect=true,,flipkart
"GOBOULT Drift BT Calling HD Display, 140+ Watchface, BT...",watches,1199.0,7999.0,85.0,0.0,0,https://rukminim2.flixcart.com/image/612/612/xif0q/smartwatch/e/w/6/-original-imaheeb4qgjf4fpa.jpeg?q=70,https://www.flipkart.com/goboult-drift-bt-calling-hd-display-140-watchface-calling-ip68-smartwatch/p/itmb6a79d59b6040?pid=SMWGMHUGERGB5YXD&lid=LSTSMWGMHUGERGB5YXD5XBFU7&marketplace=FLIPKART&q=smartwatch&store=ajy%2Fbuh&srno=s_1_17&otracker=search&fm=organic&iid=en_3LM2CwEVohUYRelyCnB7WsIrk0XbTbkvUIVZHBQJbEsV3EK3SeXlV-4BTHa2fJVVNVwMYeZheEQIiB-6Url7Ta8iqbiwhGf4dwbXVx7ZSks%3D&ppt=None&ppn=None&ssid=18t745mda80000001779038300327&qH=adc5bc5b72db9fa3&ov_redirect=true,,flipkart
"Noise Icon 2 1.8'' Display with Bluetooth Calling, Wome...",watches,1499.0,5999.0,75.0,0.0,0,https://rukminim2.flixcart.com/image/612/612/xif0q/smartwatch/n/o/z/-original-imah76jstup5zdww.jpeg?q=70,https://www.flipkart.com/noise-icon-2-1-8-display-bluetooth-calling-women-s-edition-ai-voice-assistant-smartwatch/p/itm968c523d99eae?pid=SMWGEH7VNGPYN5NV&lid=LSTSMWGEH7VNGPYN5NVEORYD7&marketplace=FLIPKART&q=smartwatch&store=ajy%2Fbuh&srno=s_1_18&otracker=search&fm=organic&iid=en_3LM2CwEVohUYRelyCnB7WsIrk0XbTbkvUIVZHBQJbEubGVwAG58ZbB9hZEIqHNUf79Td0zzuHC3LHPflEVEugh7zrT4gkWAkPCdPBnPCejA%3D&ppt=None&ppn=None&ssid=18t745mda80000001779038300327&qH=adc5bc5b72db9fa3&ov_redirect=true,,flipkart
Fastrack Revoltt XR1-1.38|BT Calling|Fast Charge|100+ S...,watches,1499.0,3995.0,62.0,0.0,0,https://rukminim2.flixcart.com/image/612/612/xif0q/smartwatch/u/j/k/-original-imagx8ncm5ra8nmg.jpeg?q=70,https://www.flipkart.com/fastrack-revoltt-xr1-1-38-bt-calling-fast-charge-100-sports-mode-ip68-calculator-fashion-smartwatch/p/itm470880e507472?pid=SMWH3PYZTJQGMHFH&lid=LSTSMWH3PYZTJQGMHFHURNBSW&marketplace=FLIPKART&q=smartwatch&store=ajy%2Fbuh&srno=s_1_19&otracker=search&fm=organic&iid=006de262-7465-4edc-b4d0-0c765b418cc5.SMWH3PYZTJQGMHFH.SEARCH&ppt=None&ppn=None&ssid=18t745mda80000001779038300327&qH=adc5bc5b72db9fa3&ov_redirect=true,,flipkart
"Cellecor STEW 1.83"" BT Calling, 500 NITS, AI Voice Assi...",watches,799.0,3999.0,80.0,0.0,0,https://rukminim2.flixcart.com/image/612/612/xif0q/smartwatch/9/q/i/46-482-m1-android-ios-cellecor-yes-original-imah8fuzvehvvhdq.jpeg?q=70,https://www.flipkart.com/cellecor-stew-1-83-bt-calling-500-nits-ai-voice-assistant-spo2-hr-split-screen-smartwatch/p/itmd3cba5b776f15?pid=SMWGVWS5ZYSBFHQC&lid=LSTSMWGVWS5ZYSBFHQCICL72M&marketplace=FLIPKART&q=smartwatch&store=ajy%2Fbuh&srno=s_1_20&otracker=search&fm=organic&iid=006de262-7465-4edc-b4d0-0c765b418cc5.SMWGVWS5ZYSBFHQC.SEARCH&ppt=None&ppn=None&ssid=18t745mda80000001779038300327&qH=adc5bc5b72db9fa3&ov_redirect=true,,flipkart
"GameSir H9 Grey Smartwatch with Bluetooth, Fitness & He...",watches,882.0,2999.0,70.0,0.0,0,https://rukminim2.flixcart.com/image/612/612/xif0q/smartwatch/8/0/g/49-h9-grey-79-android-ios-gamesir-yes-original-imahmzgtwfgmpuyf.jpeg?q=70,https://www.flipkart.com/gamesir-h9-grey-smartwatch-bluetooth-fitness-heart-rate-tracking/p/itm4b3efd5b22e6a?pid=SMWH7E7ZTZXK6THW&lid=LSTSMWH7E7ZTZXK6THWLJST1J&marketplace=FLIPKART&q=smartwatch&store=ajy%2Fbuh&srno=s_1_21&otracker=search&fm=organic&iid=en_3LM2CwEVohUYRelyCnB7WsIrk0XbTbkvUIVZHBQJbEtHlMR9cK2jm-GPQd1TDNy45jnVsjW42c3anPcSfKJ9JPUFjCTyOHoHZs-Z5_PS_w0%3D&ppt=None&ppn=None&ssid=18t745mda80000001779038300327&qH=adc5bc5b72db9fa3&ov_redirect=true,,flipkart
"GOBOULT Drift BT Calling HD Display, 140+ Watchface, BT...",watches,1199.0,7999.0,85.0,0.0,0,https://rukminim2.flixcart.com/image/612/612/xif0q/smartwatch/r/v/m/-original-imaheeb4prbjrj4r.jpeg?q=70,https://www.flipkart.com/goboult-drift-bt-calling-hd-display-140-watchface-calling-ip68-smartwatch/p/itm589ef3cfd9499?pid=SMWGZSX5XGH2WYMA&lid=LSTSMWGZSX5XGH2WYMAYCSPMX&marketplace=FLIPKART&q=smartwatch&store=ajy%2Fbuh&srno=s_1_22&otracker=search&fm=organic&iid=en_3LM2CwEVohUYRelyCnB7WsIrk0XbTbkvUIVZHBQJbEtjhxSL4MTr0NSkIptnZthVK3nM7wHDv7clav7YbkEzRsDbPjpExlWhmpgUQnOg2ao%3D&ppt=None&ppn=None&ssid=18t745mda80000001779038300327&qH=adc5bc5b72db9fa3&ov_redirect=true,,flipkart
Fire-Boltt Hunter Nyluxe 51.1mm (2.01) HD Display Bueto...,watches,1099.0,14999.0,92.0,0.0,0,https://rukminim2.flixcart.com/image/612/612/xif0q/smartwatch/s/h/l/-original-imahauh2hfh7wxtt.jpeg?q=70,https://www.flipkart.com/fire-boltt-hunter-nyluxe-51-1mm-2-01-hd-display-buetooth-calling-single-chipset-smartwatch/p/itm5c72f5d787a57?pid=SMWH9RP7QEXGZUDJ&lid=LSTSMWH9RP7QEXGZUDJF4WLY8&marketplace=FLIPKART&q=smartwatch&store=ajy%2Fbuh&srno=s_1_23&otracker=search&fm=organic&iid=006de262-7465-4edc-b4d0-0c765b418cc5.SMWH9RP7QEXGZUDJ.SEARCH&ppt=None&ppn=None&ssid=18t745mda80000001779038300327&qH=adc5bc5b72db9fa3&ov_redirect=true,,flipkart
Fire-Boltt Rise Bluetooth Calling 47mm (1.85) & Rotatin...,watches,1199.0,11999.0,90.0,0.0,0,https://rukminim2.flixcart.com/image/612/612/xif0q/smartwatch/b/l/o/-original-imagkx4ejdnfjaxw.jpeg?q=70,https://www.flipkart.com/fire-boltt-rise-bluetooth-calling-47mm-1-85-rotating-crown-123-sports-smartwatch/p/itm0f1b26a44d4fa?pid=SMWGKVYJPAYYNNAH&lid=LSTSMWGKVYJPAYYNNAH0XUZNG&marketplace=FLIPKART&q=smartwatch&store=ajy%2Fbuh&spotlightTagId=default_BestsellerId_ajy%2Fbuh&srno=s_1_24&otracker=search&fm=organic&iid=006de262-7465-4edc-b4d0-0c765b418cc5.SMWGKVYJPAYYNNAH.SEARCH&ppt=None&ppn=None&ssid=18t745mda80000001779038300327&qH=adc5bc5b72db9fa3&ov_redirect=true,,flipkart
"GameSir H9 Grey Smartwatch with Bluetooth, Fitness & He...",watches,882.0,2999.0,70.0,0.0,0,https://rukminim2.flixcart.com/image/612/612/xif0q/smartwatch/8/0/g/49-h9-grey-79-android-ios-gamesir-yes-original-imahmzgtwfgmpuyf.jpeg?q=70,https://www.flipkart.com/gamesir-h9-grey-smartwatch-bluetooth-fitness-heart-rate-tracking/p/itm4b3efd5b22e6a?pid=SMWH7E7ZTZXK6THW&lid=LSTSMWH7E7ZTZXK6THWLJST1J&marketplace=FLIPKART&q=smartwatch&store=ajy%2Fbuh&srno=s_1_25&otracker=search&fm=organic&iid=006de262-7465-4edc-b4d0-0c765b418cc5.SMWH7E7ZTZXK6THW.SEARCH&ppt=None&ppn=None&ssid=18t745mda80000001779038300327&qH=adc5bc5b72db9fa3&ov_redirect=true,,flipkart
"Cellecor Flex 1.83"" BT Calling, 500 NITS, AI Voice Assi...",watches,799.0,3999.0,80.0,0.0,0,https://rukminim2.flixcart.com/image/612/612/xif0q/smartwatch/r/x/w/46-482-e1-android-ios-cellecor-yes-original-imahbfnqvjgs49nn.jpeg?q=70,https://www.flipkart.com/cellecor-flex-1-83-bt-calling-500-nits-ai-voice-assistant-spo2-hr-split-screen-smartwatch/p/itm733d37fea9cb7?pid=SMWH4EKY5WDQBQ7M&lid=LSTSMWH4EKY5WDQBQ7MXYSHI8&marketplace=FLIPKART&q=smartwatch&store=ajy%2Fbuh&srno=s_1_26&otracker=search&fm=organic&iid=006de262-7465-4edc-b4d0-0c765b418cc5.SMWH4EKY5WDQBQ7M.SEARCH&ppt=None&ppn=None&ssid=18t745mda80000001779038300327&qH=adc5bc5b72db9fa3&ov_redirect=true,,flipkart
"Melbon H9 BT Calling, Fitness tracking Multiple Watch ,...",watches,873.0,4999.0,82.0,0.0,0,https://rukminim2.flixcart.com/image/612/612/xif0q/smartwatch/5/a/t/49-grey-h9-1-android-ios-techio-yes-original-imahagb3ys4zgzcy.jpeg?q=70,https://www.flipkart.com/melbon-h9-bt-calling-fitness-tracking-multiple-watch-sleep-monitor-heart-spo2-smartwatch/p/itm56b219c7a7c4d?pid=SMWH28HEMS47RU4Z&lid=LSTSMWH28HEMS47RU4ZUEYTHA&marketplace=FLIPKART&q=smartwatch&store=ajy%2Fbuh&srno=s_1_27&otracker=search&fm=organic&iid=en_3LM2CwEVohUYRelyCnB7WsIrk0XbTbkvUIVZHBQJbEvOCpEek4lqbpSs-9ssaURHgTpHASCLJunpk8iXbVb-w_UFjCTyOHoHZs-Z5_PS_w0%3D&ppt=None&ppn=None&ssid=18t745mda80000001779038300327&qH=adc5bc5b72db9fa3&ov_redirect=true,,flipkart
Fire-Boltt Rise Phantom 1.85 Display Transparent Clear ...,watches,1499.0,19999.0,92.0,0.0,0,https://rukminim2.flixcart.com/image/612/612/xif0q/smartwatch/k/b/t/-original-imahh6z3tkgp2trf.jpeg?q=70,https://www.flipkart.com/fire-boltt-rise-phantom-1-85-display-transparent-clear-body-design-rotating-button-bt-call-smartwatch/p/itm4896abe46872c?pid=SMWHJZU7CQGZGWSW&lid=LSTSMWHJZU7CQGZGWSWOBUMPD&marketplace=FLIPKART&q=smartwatch&store=ajy%2Fbuh&srno=s_1_28&otracker=search&fm=organic&iid=en_3LM2CwEVohUYRelyCnB7WsIrk0XbTbkvUIVZHBQJbEsboopx1IjvffSxwYRhgP5c1HPAyHy-ICmzapxJMElYtSqhaHrzSI4OjvZa1DRoeKc%3D&ppt=None&ppn=None&ssid=18t745mda80000001779038300327&qH=adc5bc5b72db9fa3&ov_redirect=true,,flipkart
Fire-Boltt Talk 35.3mm (1.39) Bluetooth Calling with Sp...,watches,1399.0,9999.0,86.0,0.0,0,https://rukminim2.flixcart.com/image/612/612/xif0q/smartwatch/h/c/0/-original-imahcf2uyr59xxff.jpeg?q=70,https://www.flipkart.com/fire-boltt-talk-35-3mm-1-39-bluetooth-calling-spo2-metal-body-luxury-design-smartwatch/p/itm22fd002b4a424?pid=SMWGRNNGJNBTMEF3&lid=LSTSMWGRNNGJNBTMEF3KAAEVA&marketplace=FLIPKART&q=smartwatch&store=ajy%2Fbuh&srno=s_1_29&otracker=search&fm=organic&iid=006de262-7465-4edc-b4d0-0c765b418cc5.SMWGRNNGJNBTMEF3.SEARCH&ppt=None&ppn=None&ssid=18t745mda80000001779038300327&qH=adc5bc5b72db9fa3&ov_redirect=true,,flipkart
"Melbon H9 Maroon | 1.99 "" Amoled Display | BT Calling |...",watches,867.0,4999.0,82.0,0.0,0,https://rukminim2.flixcart.com/image/612/612/xif0q/smartwatch/7/i/y/49-h9-lumina-maroon-strap-watch-android-ios-qamanta-yes-original-imahgx3yjczryhfu.jpeg?q=70,https://www.flipkart.com/melbon-h9-maroon-1-99-amoled-display-bt-calling-ai-voice-music-fitness-smartwatch/p/itm5d70c169b290d?pid=SMWHBQRTC6ZNTCYC&lid=LSTSMWHBQRTC6ZNTCYCGCUF96&marketplace=FLIPKART&q=smartwatch&store=ajy%2Fbuh&srno=s_1_30&otracker=search&fm=organic&iid=006de262-7465-4edc-b4d0-0c765b418cc5.SMWHBQRTC6ZNTCYC.SEARCH&ppt=None&ppn=None&ssid=18t745mda80000001779038300327&qH=adc5bc5b72db9fa3&ov_redirect=true,,flipkart
"GOBOULT Dire 1.38'' 2.5D HD Display, 500Nits Brightness...",watches,1299.0,4999.0,74.0,0.0,0,https://rukminim2.flixcart.com/image/612/612/xif0q/smartwatch/y/r/e/-original-imahejynxzgasxgv.jpeg?q=70,https://www.flipkart.com/goboult-dire-1-38-2-5d-hd-display-500nits-brightness-250-watch-faces-smartwatch/p/itm66cbd4fdd0f8d?pid=SMWH7CSKABEAWAVU&lid=LSTSMWH7CSKABEAWAVU1CBR0X&marketplace=FLIPKART&q=smartwatch&store=ajy%2Fbuh&srno=s_1_31&otracker=search&fm=organic&iid=en_3LM2CwEVohUYRelyCnB7WsIrk0XbTbkvUIVZHBQJbEtSWHtWEUesYobqKc571YfVV8aaQWVvdUuQEqYucqw0RdmEaX_1OVaDgohoY5ZV-y8%3D&ppt=None&ppn=None&ssid=18t745mda80000001779038300327&qH=adc5bc5b72db9fa3&ov_redirect=true,,flipkart
"Noise Icon 2 Gen 2 - 1.81 Display, BT Calling, 500 NITS...",watches,1399.0,5999.0,76.0,0.0,0,https://rukminim2.flixcart.com/image/612/612/xif0q/smartwatch/n/o/2/-original-imahchsy4hwjnbsq.jpeg?q=70,https://www.flipkart.com/noise-icon-2-gen-1-81-display-bt-calling-500-nits-brightness-smartwatch/p/itm7585bf48c1558?pid=SMWH7NZFASTYXGHV&lid=LSTSMWH7NZFASTYXGHVTKLBAS&marketplace=FLIPKART&q=smartwatch&store=ajy%2Fbuh&srno=s_1_32&otracker=search&fm=organic&iid=en_3LM2CwEVohUYRelyCnB7WsIrk0XbTbkvUIVZHBQJbEuoeer93S_XW_vdQ9RH5AAUdMIxfU9rZ7Mt63k4IvLyfHxHajYNyuWOMhuZi0IpbY0%3D&ppt=None&ppn=None&ssid=18t745mda80000001779038300327&qH=adc5bc5b72db9fa3&ov_redirect=true,,flipkart
Fire-Boltt Ninja Calling Pro 42.9mm (1.69) Bluetooth Ca...,watches,1299.0,7999.0,83.0,0.0,0,https://rukminim2.flixcart.com/image/612/612/xif0q/smartwatch/6/d/d/-original-imahgnsvr8uqbahf.jpeg?q=70,https://www.flipkart.com/fire-boltt-ninja-calling-pro-42-9mm-1-69-bluetooth-smartwatch-ai-voice-assistant/p/itmf636862a4dfad?pid=SMWHGCDYNU9HV86E&lid=LSTSMWHGCDYNU9HV86EQPVIHP&marketplace=FLIPKART&q=smartwatch&store=ajy%2Fbuh&srno=s_1_33&otracker=search&fm=organic&iid=006de262-7465-4edc-b4d0-0c765b418cc5.SMWHGCDYNU9HV86E.SEARCH&ppt=None&ppn=None&ssid=18t745mda80000001779038300327&qH=adc5bc5b72db9fa3&ov_redirect=true,,flipkart
Fastrack Revoltt X-1.83'|Blazing Fast UI|Single Sync BT...,watches,1499.0,2799.0,46.0,0.0,0,https://rukminim2.flixcart.com/image/612/612/xif0q/smartwatch/f/y/g/-original-imahkewqrcmr7azn.jpeg?q=70,https://www.flipkart.com/fastrack-revoltt-x-1-83-blazing-fast-ui-single-sync-bt-calling-calculator-in-built-games-smartwatch/p/itm94d55d2118343?pid=SMWH3PYKY7UFNZCW&lid=LSTSMWH3PYKY7UFNZCWCDY9ZW&marketplace=FLIPKART&q=smartwatch&store=ajy%2Fbuh&srno=s_1_34&otracker=search&fm=organic&iid=006de262-7465-4edc-b4d0-0c765b418cc5.SMWH3PYKY7UFNZCW.SEARCH&ppt=None&ppn=None&ssid=18t745mda80000001779038300327&qH=adc5bc5b72db9fa3&ov_redirect=true,,flipkart
Fire-Boltt Ninja Calling Pro Plus 46.5mm (1.83) Display...,watches,1399.0,9999.0,86.0,0.0,0,https://rukminim2.flixcart.com/image/612/612/xif0q/smartwatch/k/v/t/-original-imaha8kajdv9tf7n.jpeg?q=70,https://www.flipkart.com/fire-boltt-ninja-calling-pro-plus-46-5mm-1-83-display-bluetooth-ai-voice-smartwatch/p/itm8ffe27f33df4a?pid=SMWH8VHAHU8QJZ2A&lid=LSTSMWH8VHAHU8QJZ2AITG944&marketplace=FLIPKART&q=smartwatch&store=ajy%2Fbuh&srno=s_1_35&otracker=search&fm=organic&iid=006de262-7465-4edc-b4d0-0c765b418cc5.SMWH8VHAHU8QJZ2A.SEARCH&ppt=None&ppn=None&ssid=18t745mda80000001779038300327&qH=adc5bc5b72db9fa3&ov_redirect=true,,flipkart
"Cellecor STEW 1.83"" BT Calling, 500 NITS, AI Voice Assi...",watches,799.0,3999.0,80.0,0.0,0,https://rukminim2.flixcart.com/image/612/612/xif0q/smartwatch/s/r/f/46-482-m1-android-ios-cellecor-yes-original-imah8xzyght5fbbz.jpeg?q=70,https://www.flipkart.com/cellecor-stew-1-83-bt-calling-500-nits-ai-voice-assistant-spo2-hr-split-screen-smartwatch/p/itm0122916d81aca?pid=SMWGVVSEHKY9GQUQ&lid=LSTSMWGVVSEHKY9GQUQVWW9IU&marketplace=FLIPKART&q=smartwatch&store=ajy%2Fbuh&srno=s_1_36&otracker=search&fm=organic&iid=006de262-7465-4edc-b4d0-0c765b418cc5.SMWGVVSEHKY9GQUQ.SEARCH&ppt=None&ppn=None&ssid=18t745mda80000001779038300327&qH=adc5bc5b72db9fa3&ov_redirect=true,,flipkart
"Noise Crew Go with 1.39"" Display, BT Calling with Metal...",watches,1999.0,5999.0,66.0,0.0,0,https://rukminim2.flixcart.com/image/612/612/xif0q/smartwatch/e/e/j/-original-imah759hywsyd834.jpeg?q=70,https://www.flipkart.com/noise-crew-go-1-39-display-bt-calling-metal-strap-7-days-battery-life-smartwatch/p/itm975f32d9f747a?pid=SMWGZW3C8Q3VQCSY&lid=LSTSMWGZW3C8Q3VQCSYJB4ZC0&marketplace=FLIPKART&q=smartwatch&store=ajy%2Fbuh&srno=s_1_37&otracker=search&fm=organic&iid=en_3LM2CwEVohUYRelyCnB7WsIrk0XbTbkvUIVZHBQJbEuulNlvf4ZXsipD6Ri6boi1JzQ5oX59gRfCTE3nGbtBI52-SIbIDZ6lLvgRS75Tj4w%3D&ppt=None&ppn=None&ssid=18t745mda80000001779038300327&qH=adc5bc5b72db9fa3&ov_redirect=true,,flipkart
"GOBOULT Drift BT Calling HD Display, 140+ Watchface, BT...",watches,1199.0,7999.0,85.0,0.0,0,https://rukminim2.flixcart.com/image/612/612/xif0q/smartwatch/j/q/o/-original-imaheeb4ctrxfymf.jpeg?q=70,https://www.flipkart.com/goboult-drift-bt-calling-hd-display-140-watchface-calling-ip68-smartwatch/p/itm50c9247c6b13c?pid=SMWGF5GETH3AH6WG&lid=LSTSMWGF5GETH3AH6WGVIN7BI&marketplace=FLIPKART&q=smartwatch&store=ajy%2Fbuh&srno=s_1_38&otracker=search&fm=organic&iid=en_3LM2CwEVohUYRelyCnB7WsIrk0XbTbkvUIVZHBQJbEv7URKRnJtPkzyVWrS5sblX2hJ1_cddr3XLr5x1eWch6b3nN5BP0oUQf7sdSRT1im4%3D&ppt=None&ppn=None&ssid=18t745mda80000001779038300327&qH=adc5bc5b72db9fa3&ov_redirect=true,,flipkart
Fastrack Revoltt Pro-1.97'' Super AMOLED Display|AOD|Wo...,watches,2099.0,4999.0,58.0,0.0,0,https://rukminim2.flixcart.com/image/612/612/xif0q/smartwatch/m/t/s/-original-imahfmpuaj263bsd.jpeg?q=70,https://www.flipkart.com/fastrack-revoltt-pro-1-97-super-amoled-display-aod-working-crown-bt-calling-fast-charge-smartwatch/p/itma0f51c32fc429?pid=SMWH32R2KWKAG4SW&lid=LSTSMWH32R2KWKAG4SWAAC1EI&marketplace=FLIPKART&q=smartwatch&store=ajy%2Fbuh&srno=s_1_39&otracker=search&fm=organic&iid=006de262-7465-4edc-b4d0-0c765b418cc5.SMWH32R2KWKAG4SW.SEARCH&ppt=None&ppn=None&ssid=18t745mda80000001779038300327&qH=adc5bc5b72db9fa3&ov_redirect=true,,flipkart
Fire-Boltt Hurricane 33.02mm (1.3) Curved Glass Display...,watches,1399.0,8999.0,84.0,0.0,0,https://rukminim2.flixcart.com/image/612/612/xif0q/smartwatch/6/0/j/-original-imah4eddghpnzesy.jpeg?q=70,https://www.flipkart.com/fire-boltt-hurricane-33-02mm-1-3-curved-glass-display-bt-calling-100-sports-modes-smartwatch/p/itme9a67a7a3af18?pid=SMWGD53JYHARHHGH&lid=LSTSMWGD53JYHARHHGHFEHVHC&marketplace=FLIPKART&q=smartwatch&store=ajy%2Fbuh&srno=s_1_40&otracker=search&fm=organic&iid=006de262-7465-4edc-b4d0-0c765b418cc5.SMWGD53JYHARHHGH.SEARCH&ppt=None&ppn=None&ssid=18t745mda80000001779038300327&qH=adc5bc5b72db9fa3&ov_redirect=true,,flipkart
"GOBOULT Mustang Stallion 1.43"" AMOLED Display, Function...",watches,4999.0,14999.0,66.0,0.0,0,https://rukminim2.flixcart.com/image/612/612/xif0q/smartwatch/a/q/s/-original-imahm9wesgpdukwa.jpeg?q=70,https://www.flipkart.com/goboult-mustang-stallion-1-43-amoled-display-functional-bezel-700-nits-brightness-smartwatch/p/itm4420364a6d185?pid=SMWHJNH8FCYGPFDS&lid=LSTSMWHJNH8FCYGPFDSCGD5EF&marketplace=FLIPKART&q=smartwatch&store=ajy%2Fbuh&srno=s_2_41&otracker=search&fm=organic&iid=en_dxF-BozA2Dm6OqRQ1eqE39Vp5K38eHWU8eN5vdlyNGW0Y9JWVJyMBLTWIh0ZaxL-1BiuMO1xZ8ZzMVKrDf8oZ04IsYyWu-Pj9cxFjFAoaLk%3D&ppt=None&ppn=None&ssid=t2n4wxav4w0000001779038303609&qH=adc5bc5b72db9fa3&ov_redirect=true,,flipkart
Noise Colorfit Icon 2 1.8'' Display with Bluetooth Call...,watches,1499.0,5999.0,75.0,0.0,0,https://rukminim2.flixcart.com/image/612/612/xif0q/smartwatch/s/i/u/-original-imah76jt64ffmwg4.jpeg?q=70,https://www.flipkart.com/noise-colorfit-icon-2-1-8-display-bluetooth-calling-ai-voice-assistant-smartwatch/p/itmd4cd819eadb9f?pid=SMWGEH7VGYMGCP3V&lid=LSTSMWGEH7VGYMGCP3VXIJHDY&marketplace=FLIPKART&q=smartwatch&store=ajy%2Fbuh&srno=s_2_42&otracker=search&fm=organic&iid=en_dxF-BozA2Dm6OqRQ1eqE39Vp5K38eHWU8eN5vdlyNGW3LZOS3AIZ8WRGvcBpYcLbzJa4N2Mz2vYLtwTcJ8v4DIQEIsITtCzc4bHaOMTqL08%3D&ppt=None&ppn=None&ssid=t2n4wxav4w0000001779038303609&qH=adc5bc5b72db9fa3&ov_redirect=true,,flipkart
"REDMI Watch Move 1.85 Premium AmoLED,14 Day Battery,Bes...",watches,1999.0,3999.0,50.0,0.0,0,https://rukminim2.flixcart.com/image/612/612/xif0q/smartwatch/v/l/t/-original-imahgesvzew3eeen.jpeg?q=70,https://www.flipkart.com/redmi-watch-move-1-85-premium-amoled-14-day-battery-best-accuracy-dual-core-processor-smartwatch/p/itm8499989bfaa8b?pid=SMWHB4YTMWX3NR99&lid=LSTSMWHB4YTMWX3NR99R7L9Q1&marketplace=FLIPKART&q=smartwatch&store=ajy%2Fbuh&srno=s_2_43&otracker=search&fm=organic&iid=556419a6-e47b-4713-abb4-9c999c880d55.SMWHB4YTMWX3NR99.SEARCH&ppt=None&ppn=None&ssid=t2n4wxav4w0000001779038303609&qH=adc5bc5b72db9fa3&ov_redirect=true,,flipkart
"Noise Pulse Hyper, 21 Days Battery, 1.85 Display, AI Wa...",watches,1399.0,5999.0,76.0,0.0,0,https://rukminim2.flixcart.com/image/612/612/xif0q/smartwatch/d/k/d/46-99-wrb-sw-colorfitpulsehyper-std-slvr-blu-android-ios-noise-original-imahkz3zw9bdtyzj.jpeg?q=70,https://www.flipkart.com/noise-pulse-hyper-21-days-battery-1-85-display-ai-watch-faces-1-atm-water-resistant-smartwatch/p/itmd4242dda6cf50?pid=SMWHKZ3ZSRZFGFMH&lid=LSTSMWHKZ3ZSRZFGFMHO7MTMQ&marketplace=FLIPKART&q=smartwatch&store=ajy%2Fbuh&srno=s_2_44&otracker=search&fm=organic&iid=556419a6-e47b-4713-abb4-9c999c880d55.SMWHKZ3ZSRZFGFMH.SEARCH&ppt=None&ppn=None&ssid=t2n4wxav4w0000001779038303609&qH=adc5bc5b72db9fa3&ov_redirect=true,,flipkart
"Cellecor RISE 2.01"" Curved HD Display | 800 NITS| AOD| ...",watches,999.0,4499.0,77.0,0.0,0,https://rukminim2.flixcart.com/image/612/612/xif0q/smartwatch/y/z/m/51-054-e3-rise-android-ios-cellecor-yes-original-imahbfzcquvgfyb9.jpeg?q=70,https://www.flipkart.com/cellecor-rise-2-01-curved-hd-display-800-nits-aod-bt-calling-ai-voice-assistance-smartwatch/p/itm408623fb20fea?pid=SMWH44G9YM3VW2H9&lid=LSTSMWH44G9YM3VW2H9LSGBJ9&marketplace=FLIPKART&q=smartwatch&store=ajy%2Fbuh&srno=s_2_45&otracker=search&fm=organic&iid=556419a6-e47b-4713-abb4-9c999c880d55.SMWH44G9YM3VW2H9.SEARCH&ppt=None&ppn=None&ssid=t2n4wxav4w0000001779038303609&qH=adc5bc5b72db9fa3&ov_redirect=true,,flipkart
"boAt Lunar Discovery w/ Turn by Turn Navigation, 3.53 c...",watches,1499.0,8499.0,82.0,0.0,0,https://rukminim2.flixcart.com/image/612/612/xif0q/smartwatch/p/j/a/-original-imah5upykzphmxkv.jpeg?q=70,https://www.flipkart.com/boat-lunar-discovery-w-turn-navigation-3-53-cm-hd-display-bt-calling-smartwatch/p/itm49ddaa9294db0?pid=SMWH44GEEK2WDVHU&lid=LSTSMWH44GEEK2WDVHUYEJ6CE&marketplace=FLIPKART&q=smartwatch&store=ajy%2Fbuh&srno=s_2_46&otracker=search&fm=organic&iid=556419a6-e47b-4713-abb4-9c999c880d55.SMWH44GEEK2WDVHU.SEARCH&ppt=None&ppn=None&ssid=t2n4wxav4w0000001779038303609&qH=adc5bc5b72db9fa3&ov_redirect=true,,flipkart
"Samsung Galaxy Watch8 (40mm, LTE)",watches,37999.0,42999.0,11.0,0.0,0,https://rukminim2.flixcart.com/image/612/612/xif0q/smartwatch/l/l/f/-original-imahe8sqxggtvkhy.jpeg?q=70,https://www.flipkart.com/samsung-galaxy-watch8-40mm-lte/p/itm9c75e1ed10471?pid=SMWHDA8A9S5PPG6H&lid=LSTSMWHDA8A9S5PPG6HBXKNBT&marketplace=FLIPKART&q=smartwatch&store=ajy%2Fbuh&srno=s_2_47&otracker=search&fm=organic&iid=en_dxF-BozA2Dm6OqRQ1eqE39Vp5K38eHWU8eN5vdlyNGU4y-ScdpdmZKvyeF2sjPqeBo_LQlfL4HvvLUXcFTqlhEKsf8s6I2Oz2HOgbXTo_9U%3D&ppt=None&ppn=None&ssid=t2n4wxav4w0000001779038303609&qH=adc5bc5b72db9fa3&ov_redirect=true,,flipkart
"Noise Twist Go 1.39'' Display, Bluetooth Calling, Metal...",watches,1599.0,4999.0,68.0,0.0,0,https://rukminim2.flixcart.com/image/612/612/xif0q/smartwatch/e/g/x/35-306-wrb-sw-twistgo-std-blk-blk-android-ios-noise-yes-original-imah889zcdzvzcuf.jpeg?q=70,https://www.flipkart.com/noise-twist-go-1-39-display-bluetooth-calling-metallic-finish-100-sports-modes-smartwatch/p/itmf9fa3027228f8?pid=SMWH889Z3HH5T2EH&lid=LSTSMWH889Z3HH5T2EHKUMZOJ&marketplace=FLIPKART&q=smartwatch&store=ajy%2Fbuh&srno=s_2_48&otracker=search&fm=organic&iid=en_dxF-BozA2Dm6OqRQ1eqE39Vp5K38eHWU8eN5vdlyNGU2ph7u_K_UbM69kzAoYL4CQP52DivQOC1H31O0W0RcgPUFjCTyOHoHZs-Z5_PS_w0%3D&ppt=None&ppn=None&ssid=t2n4wxav4w0000001779038303609&qH=adc5bc5b72db9fa3&ov_redirect=true,,flipkart
Fastrack Revoltt FS1-1.83''|BT Calling|Fast Charge|110+...,watches,1499.0,3995.0,62.0,0.0,0,https://rukminim2.flixcart.com/image/612/612/xif0q/smartwatch/y/a/o/-original-imagvpakxrhuxywz.jpeg?q=70,https://www.flipkart.com/fastrack-revoltt-fs1-1-83-bt-calling-fast-charge-110-sports-mode-200-watchfaces-ip68-smartwatch/p/itm9731ac3f3c67f?pid=SMWH5G8HEZTDYD7C&lid=LSTSMWH5G8HEZTDYD7CUMUURT&marketplace=FLIPKART&q=smartwatch&store=ajy%2Fbuh&srno=s_2_49&otracker=search&fm=organic&iid=556419a6-e47b-4713-abb4-9c999c880d55.SMWH5G8HEZTDYD7C.SEARCH&ppt=None&ppn=None&ssid=t2n4wxav4w0000001779038303609&qH=adc5bc5b72db9fa3&ov_redirect=true,,flipkart
Fire-Boltt Ninja Talk 35.3mm (1.39) Round Bluetooth Cal...,watches,1399.0,11999.0,88.0,0.0,0,https://rukminim2.flixcart.com/image/612/612/xif0q/smartwatch/2/e/d/-original-imahaus3cthfggqe.jpeg?q=70,https://www.flipkart.com/fire-boltt-ninja-talk-35-3mm-1-39-round-bluetooth-calling-metal-body-120-sports-modes-smartwatch/p/itmbc0efca6ca518?pid=SMWH8U9YVEFKSFNX&lid=LSTSMWH8U9YVEFKSFNXDWJY3Y&marketplace=FLIPKART&q=smartwatch&store=ajy%2Fbuh&srno=s_2_50&otracker=search&fm=organic&iid=556419a6-e47b-4713-abb4-9c999c880d55.SMWH8U9YVEFKSFNX.SEARCH&ppt=None&ppn=None&ssid=t2n4wxav4w0000001779038303609&qH=adc5bc5b72db9fa3&ov_redirect=true,,flipkart
"Samsung Galaxy Watch8 (44mm, LTE)",watches,26999.0,45999.0,41.0,0.0,0,https://rukminim2.flixcart.com/image/612/612/xif0q/smartwatch/c/t/j/-original-imahe8sqbvfgbkdp.jpeg?q=70,https://www.flipkart.com/samsung-galaxy-watch8-44mm-lte/p/itm6e3e399ce50ab?pid=SMWHDA8AWBDXHRXH&lid=LSTSMWHDA8AWBDXHRXHSQXBAF&marketplace=FLIPKART&q=smartwatch&store=ajy%2Fbuh&srno=s_2_51&otracker=search&fm=organic&iid=en_dxF-BozA2Dm6OqRQ1eqE39Vp5K38eHWU8eN5vdlyNGVEw0jDFlhOBkx1eq0aiVgo_r1IB6s0scHmusKfaabFQUhz9c-MSIoFe8xMxkfU6dM%3D&ppt=None&ppn=None&ssid=t2n4wxav4w0000001779038303609&qH=adc5bc5b72db9fa3&ov_redirect=true,,flipkart
"GOBOULT Drift BT Calling HD Display, 140+ Watchface, BT...",watches,1199.0,7999.0,85.0,0.0,0,https://rukminim2.flixcart.com/image/612/612/xif0q/smartwatch/e/w/6/-original-imaheeb4qgjf4fpa.jpeg?q=70,https://www.flipkart.com/goboult-drift-bt-calling-hd-display-140-watchface-calling-ip68-smartwatch/p/itmb6a79d59b6040?pid=SMWGMHUGERGB5YXD&lid=LSTSMWGMHUGERGB5YXD5XBFU7&marketplace=FLIPKART&q=smartwatch&store=ajy%2Fbuh&srno=s_2_52&otracker=search&fm=organic&iid=en_dxF-BozA2Dm6OqRQ1eqE39Vp5K38eHWU8eN5vdlyNGWbq_TRm1KPlxn9qWJsGpOccfRcNs0DIKzpjnsl7p7XJ_UFjCTyOHoHZs-Z5_PS_w0%3D&ppt=None&ppn=None&ssid=t2n4wxav4w0000001779038303609&qH=adc5bc5b72db9fa3&ov_redirect=true,,flipkart
"Melbon H9 BT Calling, Fitness tracking Multiple Watch ,...",watches,873.0,4999.0,82.0,0.0,0,https://rukminim2.flixcart.com/image/612/612/xif0q/smartwatch/5/a/t/49-grey-h9-1-android-ios-techio-yes-original-imahagb3ys4zgzcy.jpeg?q=70,https://www.flipkart.com/melbon-h9-bt-calling-fitness-tracking-multiple-watch-sleep-monitor-heart-spo2-smartwatch/p/itm56b219c7a7c4d?pid=SMWH28HEMS47RU4Z&lid=LSTSMWH28HEMS47RU4ZUEYTHA&marketplace=FLIPKART&q=smartwatch&store=ajy%2Fbuh&srno=s_2_53&otracker=search&fm=organic&iid=556419a6-e47b-4713-abb4-9c999c880d55.SMWH28HEMS47RU4Z.SEARCH&ppt=None&ppn=None&ssid=t2n4wxav4w0000001779038303609&qH=adc5bc5b72db9fa3&ov_redirect=true,,flipkart
Fire-Boltt Hurricane 33.02mm (1.3) Curved Glass Display...,watches,1399.0,8999.0,84.0,0.0,0,https://rukminim2.flixcart.com/image/612/612/xif0q/smartwatch/8/1/l/-original-imah4edd7hhah6eu.jpeg?q=70,https://www.flipkart.com/fire-boltt-hurricane-33-02mm-1-3-curved-glass-display-bt-calling-100-sports-modes-smartwatch/p/itm64b4fe6864a92?pid=SMWGD53JGHQMYZFF&lid=LSTSMWGD53JGHQMYZFFAT40XM&marketplace=FLIPKART&q=smartwatch&store=ajy%2Fbuh&srno=s_2_54&otracker=search&fm=organic&iid=556419a6-e47b-4713-abb4-9c999c880d55.SMWGD53JGHQMYZFF.SEARCH&ppt=None&ppn=None&ssid=t2n4wxav4w0000001779038303609&qH=adc5bc5b72db9fa3&ov_redirect=true,,flipkart
"GameSir Edge-Lite | 1.99 "" Amoled Display | BT Calling ...",watches,828.0,4999.0,83.0,0.0,0,https://rukminim2.flixcart.com/image/612/612/xif0q/smartwatch/9/x/c/44-edge-light-silicon-grey-android-ios-gamesir-yes-original-imahhb5hdgztgjxz.jpeg?q=70,https://www.flipkart.com/gamesir-edge-lite-1-99-amoled-display-bt-calling-ai-voice-music-fitness-smartwatch/p/itm82a0aff4638c8?pid=SMWHBG4N3SZFFTTP&lid=LSTSMWHBG4N3SZFFTTP1DWBMC&marketplace=FLIPKART&q=smartwatch&store=ajy%2Fbuh&srno=s_2_55&otracker=search&fm=organic&iid=556419a6-e47b-4713-abb4-9c999c880d55.SMWHBG4N3SZFFTTP.SEARCH&ppt=None&ppn=None&ssid=t2n4wxav4w0000001779038303609&qH=adc5bc5b72db9fa3&ov_redirect=true,,flipkart
Fire-Boltt Rise Bluetooth Calling 47mm (1.85) & Rotatin...,watches,1099.0,11999.0,90.0,0.0,0,https://rukminim2.flixcart.com/image/612/612/xif0q/smartwatch/w/p/r/-original-imahjpzqhzavjfra.jpeg?q=70,https://www.flipkart.com/fire-boltt-rise-bluetooth-calling-47mm-1-85-rotating-crown-123-sports-smartwatch/p/itme29aa8077bcd5?pid=SMWH9TRZCJDRXE68&lid=LSTSMWH9TRZCJDRXE68CQWWFZ&marketplace=FLIPKART&q=smartwatch&store=ajy%2Fbuh&srno=s_2_56&otracker=search&fm=organic&iid=556419a6-e47b-4713-abb4-9c999c880d55.SMWH9TRZCJDRXE68.SEARCH&ppt=None&ppn=None&ssid=t2n4wxav4w0000001779038303609&qH=adc5bc5b72db9fa3&ov_redirect=true,,flipkart
"Noise Icon 2 1.8'' Display with Bluetooth Calling, Wome...",watches,1499.0,5999.0,75.0,0.0,0,https://rukminim2.flixcart.com/image/612/612/xif0q/smartwatch/n/o/z/-original-imah76jstup5zdww.jpeg?q=70,https://www.flipkart.com/noise-icon-2-1-8-display-bluetooth-calling-women-s-edition-ai-voice-assistant-smartwatch/p/itm968c523d99eae?pid=SMWGEH7VNGPYN5NV&lid=LSTSMWGEH7VNGPYN5NVEORYD7&marketplace=FLIPKART&q=smartwatch&store=ajy%2Fbuh&srno=s_2_57&otracker=search&fm=organic&iid=en_dxF-BozA2Dm6OqRQ1eqE39Vp5K38eHWU8eN5vdlyNGXGtyjiyXwguhtGe9wMZEvT2I35I4llWnAjkn30Q3-PPGVkv0XZFiOX7bbXdlao_f8%3D&ppt=None&ppn=None&ssid=t2n4wxav4w0000001779038303609&qH=adc5bc5b72db9fa3&ov_redirect=true,,flipkart
"GameSir H9 Grey Smartwatch with Bluetooth, Fitness & He...",watches,882.0,2999.0,70.0,0.0,0,https://rukminim2.flixcart.com/image/612/612/xif0q/smartwatch/8/0/g/49-h9-grey-79-android-ios-gamesir-yes-original-imahmzgtwfgmpuyf.jpeg?q=70,https://www.flipkart.com/gamesir-h9-grey-smartwatch-bluetooth-fitness-heart-rate-tracking/p/itm4b3efd5b22e6a?pid=SMWH7E7ZTZXK6THW&lid=LSTSMWH7E7ZTZXK6THWLJST1J&marketplace=FLIPKART&q=smartwatch&store=ajy%2Fbuh&srno=s_2_58&otracker=search&fm=organic&iid=en_dxF-BozA2Dm6OqRQ1eqE39Vp5K38eHWU8eN5vdlyNGV3YxYeLXeAi-3Su0oiuQIQzNfcuFK3Mts6T4is7jlBug%3D%3D&ppt=None&ppn=None&ssid=t2n4wxav4w0000001779038303609&qH=adc5bc5b72db9fa3&ov_redirect=true,,flipkart
Noise Colorfit Icon 2 1.8'' Display with Bluetooth Call...,watches,1499.0,5999.0,75.0,0.0,0,https://rukminim2.flixcart.com/image/612/612/xif0q/smartwatch/g/s/y/-original-imah76jfhkg3epzj.jpeg?q=70,https://www.flipkart.com/noise-colorfit-icon-2-1-8-display-bluetooth-calling-ai-voice-assistant-smartwatch/p/itm9d8957f65c72e?pid=SMWGEH7WC8F4VKKZ&lid=LSTSMWGEH7WC8F4VKKZXFMRNR&marketplace=FLIPKART&q=smartwatch&store=ajy%2Fbuh&srno=s_2_59&otracker=search&fm=organic&iid=556419a6-e47b-4713-abb4-9c999c880d55.SMWGEH7WC8F4VKKZ.SEARCH&ppt=None&ppn=None&ssid=t2n4wxav4w0000001779038303609&qH=adc5bc5b72db9fa3&ov_redirect=true,,flipkart
Noise Colorfit Icon 2 1.8'' Display with Bluetooth Call...,watches,1499.0,5999.0,75.0,0.0,0,https://rukminim2.flixcart.com/image/612/612/xif0q/smartwatch/y/v/7/-original-imah76jhgpcaktrv.jpeg?q=70,https://www.flipkart.com/noise-colorfit-icon-2-1-8-display-bluetooth-calling-ai-voice-assistant-smartwatch/p/itm951e094061071?pid=SMWGEH7WGUSZCT4W&lid=LSTSMWGEH7WGUSZCT4WWYQA41&marketplace=FLIPKART&q=smartwatch&store=ajy%2Fbuh&srno=s_2_60&otracker=search&fm=organic&iid=556419a6-e47b-4713-abb4-9c999c880d55.SMWGEH7WGUSZCT4W.SEARCH&ppt=None&ppn=None&ssid=t2n4wxav4w0000001779038303609&qH=adc5bc5b72db9fa3&ov_redirect=true,,flipkart
"Melbon H9 BT Calling, Fitness tracking Multiple Watch ,...",watches,873.0,4999.0,82.0,0.0,0,https://rukminim2.flixcart.com/image/612/612/xif0q/smartwatch/5/a/t/49-grey-h9-1-android-ios-techio-yes-original-imahagb3ys4zgzcy.jpeg?q=70,https://www.flipkart.com/melbon-h9-bt-calling-fitness-tracking-multiple-watch-sleep-monitor-heart-spo2-smartwatch/p/itm56b219c7a7c4d?pid=SMWH28HEMS47RU4Z&lid=LSTSMWH28HEMS47RU4ZUEYTHA&marketplace=FLIPKART&q=smartwatch&store=ajy%2Fbuh&srno=s_2_61&otracker=search&fm=organic&iid=en_dxF-BozA2Dm6OqRQ1eqE39Vp5K38eHWU8eN5vdlyNGUF__YBoeYNnB2Pv05zrbkJp5VjJlvyshCV6CmiuOkQqg%3D%3D&ppt=None&ppn=None&ssid=t2n4wxav4w0000001779038303609&qH=adc5bc5b72db9fa3&ov_redirect=true,,flipkart
"GOBOULT Drift BT Calling HD Display, 140+ Watchface, BT...",watches,1199.0,7999.0,85.0,0.0,0,https://rukminim2.flixcart.com/image/612/612/xif0q/smartwatch/r/v/m/-original-imaheeb4prbjrj4r.jpeg?q=70,https://www.flipkart.com/goboult-drift-bt-calling-hd-display-140-watchface-calling-ip68-smartwatch/p/itm589ef3cfd9499?pid=SMWGZSX5XGH2WYMA&lid=LSTSMWGZSX5XGH2WYMAYCSPMX&marketplace=FLIPKART&q=smartwatch&store=ajy%2Fbuh&srno=s_2_62&otracker=search&fm=organic&iid=en_dxF-BozA2Dm6OqRQ1eqE39Vp5K38eHWU8eN5vdlyNGVEXSfc0k_ivqO6Xk2k7nVZSgDGfMvwiy4iCdS2eUPvPqV8WX5krIChubBlraAu4CQ%3D&ppt=None&ppn=None&ssid=t2n4wxav4w0000001779038303609&qH=adc5bc5b72db9fa3&ov_redirect=true,,flipkart
"Noise Vortex Plus, 1.46'' AMOLED Display, BT Calling, S...",watches,2199.0,6999.0,68.0,0.0,0,https://rukminim2.flixcart.com/image/612/612/xif0q/smartwatch/d/d/6/38-5-noise-23-android-ios-bmjncj-enterprise-yes-original-imah2fkhfe4jgcvr.jpeg?q=70,https://www.flipkart.com/noise-vortex-plus-1-46-amoled-display-bt-calling-sleek-metal-finish-smartwatch/p/itmcd99ecd6c3260?pid=SMWH889N6PDHQGDF&lid=LSTSMWH889N6PDHQGDFRO6R2T&marketplace=FLIPKART&q=smartwatch&store=ajy%2Fbuh&srno=s_2_63&otracker=search&fm=organic&iid=556419a6-e47b-4713-abb4-9c999c880d55.SMWH889N6PDHQGDF.SEARCH&ppt=None&ppn=None&ssid=t2n4wxav4w0000001779038303609&qH=adc5bc5b72db9fa3&ov_redirect=true,,flipkart
"PunnkFunnk Edge-Lite | 1.99 "" Amoled Display | BT Calli...",watches,845.0,2999.0,71.0,0.0,0,https://rukminim2.flixcart.com/image/612/612/xif0q/smartwatch/4/4/f/49-edge-lite-black-001-android-ios-punnkfunnk-yes-original-imahkz2fpexfvsbf.jpeg?q=70,https://www.flipkart.com/punnkfunnk-edge-lite-1-99-amoled-display-bt-calling-ai-voice-music-fitness-smartwatch/p/itm23718bbce0fb0?pid=SMWHBZPYBGSGZJYH&lid=LSTSMWHBZPYBGSGZJYHXZBCGR&marketplace=FLIPKART&q=smartwatch&store=ajy%2Fbuh&srno=s_2_64&otracker=search&fm=organic&iid=556419a6-e47b-4713-abb4-9c999c880d55.SMWHBZPYBGSGZJYH.SEARCH&ppt=None&ppn=None&ssid=t2n4wxav4w0000001779038303609&qH=adc5bc5b72db9fa3&ov_redirect=true,,flipkart
"boAt Lunar Discovery Neo 1.39"" HD Display, Metallic Fin...",watches,1299.0,6999.0,81.0,0.0,0,https://rukminim2.flixcart.com/image/612/612/xif0q/smartwatch/y/g/i/-original-imahg6xxs79prmzf.jpeg?q=70,https://www.flipkart.com/boat-lunar-discovery-neo-1-39-hd-display-metallic-finish-bt-calling-smart-watch-smartwatch/p/itm59cb4b3883840?pid=SMWHHR9PS2UCTGHH&lid=LSTSMWHHR9PS2UCTGHHOBWXRS&marketplace=FLIPKART&q=smartwatch&store=ajy%2Fbuh&srno=s_2_65&otracker=search&fm=organic&iid=556419a6-e47b-4713-abb4-9c999c880d55.SMWHHR9PS2UCTGHH.SEARCH&ppt=None&ppn=None&ssid=t2n4wxav4w0000001779038303609&qH=adc5bc5b72db9fa3&ov_redirect=true,,flipkart
GameSir I8 Pink-A1 Full Screen Touch Watch Specially Ma...,watches,689.0,2999.0,77.0,0.0,0,https://rukminim2.flixcart.com/image/612/612/xif0q/smartwatch/i/u/z/39-i8-pink-a1-69-android-ios-gamesir-yes-original-imahktgyfpz5mphn.jpeg?q=70,https://www.flipkart.com/gamesir-i8-pink-a1-full-screen-touch-watch-specially-made-girl-women-smartwatch/p/itm8f65df6ab93be?pid=SMWH4A3F2HSFYYY4&lid=LSTSMWH4A3F2HSFYYY4MGC3OP&marketplace=FLIPKART&q=smartwatch&store=ajy%2Fbuh&srno=s_2_66&otracker=search&fm=organic&iid=556419a6-e47b-4713-abb4-9c999c880d55.SMWH4A3F2HSFYYY4.SEARCH&ppt=None&ppn=None&ssid=t2n4wxav4w0000001779038303609&qH=adc5bc5b72db9fa3&ov_redirect=true,,flipkart
Fire-Boltt Rise Phantom 1.85 Display Transparent Clear ...,watches,1499.0,19999.0,92.0,0.0,0,https://rukminim2.flixcart.com/image/612/612/xif0q/smartwatch/k/b/t/-original-imahh6z3tkgp2trf.jpeg?q=70,https://www.flipkart.com/fire-boltt-rise-phantom-1-85-display-transparent-clear-body-design-rotating-button-bt-call-smartwatch/p/itm4896abe46872c?pid=SMWHJZU7CQGZGWSW&lid=LSTSMWHJZU7CQGZGWSWOBUMPD&marketplace=FLIPKART&q=smartwatch&store=ajy%2Fbuh&srno=s_2_67&otracker=search&fm=organic&iid=en_dxF-BozA2Dm6OqRQ1eqE39Vp5K38eHWU8eN5vdlyNGXR1gZNoBvLinx_VYmyMLsR1HPAyHy-ICmzapxJMElYtQ891ypMzu4_aryI8_sihJ8%3D&ppt=None&ppn=None&ssid=t2n4wxav4w0000001779038303609&qH=adc5bc5b72db9fa3&ov_redirect=true,,flipkart
"GOBOULT Dire 1.38'' 2.5D HD Display, 500Nits Brightness...",watches,1299.0,4999.0,74.0,0.0,0,https://rukminim2.flixcart.com/image/612/612/xif0q/smartwatch/y/r/e/-original-imahejynxzgasxgv.jpeg?q=70,https://www.flipkart.com/goboult-dire-1-38-2-5d-hd-display-500nits-brightness-250-watch-faces-smartwatch/p/itm66cbd4fdd0f8d?pid=SMWH7CSKABEAWAVU&lid=LSTSMWH7CSKABEAWAVU1CBR0X&marketplace=FLIPKART&q=smartwatch&store=ajy%2Fbuh&srno=s_2_68&otracker=search&fm=organic&iid=en_dxF-BozA2Dm6OqRQ1eqE39Vp5K38eHWU8eN5vdlyNGXB-5L1Hy-Y9xgDkpIXbwdpquJbG_jCFxiqX67SlUM2_xhTy0lUJ14SzoMSv_CzLF0%3D&ppt=None&ppn=None&ssid=t2n4wxav4w0000001779038303609&qH=adc5bc5b72db9fa3&ov_redirect=true,,flipkart
Fire-Boltt Ninja Calling Pro Plus 46.5mm (1.83) Display...,watches,1399.0,9999.0,86.0,0.0,0,https://rukminim2.flixcart.com/image/612/612/xif0q/smartwatch/d/a/8/-original-imahh3p85u7yfjxd.jpeg?q=70,https://www.flipkart.com/fire-boltt-ninja-calling-pro-plus-46-5mm-1-83-display-bluetooth-calling-ai-voice-smartwatch/p/itm4ec818938bd85?pid=SMWGGZ74QGNVKG3Y&lid=LSTSMWGGZ74QGNVKG3Y6X7FL6&marketplace=FLIPKART&q=smartwatch&store=ajy%2Fbuh&srno=s_2_69&otracker=search&fm=organic&iid=556419a6-e47b-4713-abb4-9c999c880d55.SMWGGZ74QGNVKG3Y.SEARCH&ppt=None&ppn=None&ssid=t2n4wxav4w0000001779038303609&qH=adc5bc5b72db9fa3&ov_redirect=true,,flipkart
Fastrack Revoltt XR1-1.38|BT Calling|Fast Charge|100+ S...,watches,1499.0,3995.0,62.0,0.0,0,https://rukminim2.flixcart.com/image/612/612/xif0q/smartwatch/u/q/h/-original-imagx8nhjwxfayhj.jpeg?q=70,https://www.flipkart.com/fastrack-revoltt-xr1-1-38-bt-calling-fast-charge-100-sports-mode-ip68-calculator-fashion-smartwatch/p/itm8dc626b84baf7?pid=SMWH3PYZRHTT5H7P&lid=LSTSMWH3PYZRHTT5H7PYFSRXK&marketplace=FLIPKART&q=smartwatch&store=ajy%2Fbuh&srno=s_2_70&otracker=search&fm=organic&iid=556419a6-e47b-4713-abb4-9c999c880d55.SMWH3PYZRHTT5H7P.SEARCH&ppt=None&ppn=None&ssid=t2n4wxav4w0000001779038303609&qH=adc5bc5b72db9fa3&ov_redirect=true,,flipkart
"Noise Icon 2 Gen 2 - 1.81 Display, BT Calling, 500 NITS...",watches,1399.0,5999.0,76.0,0.0,0,https://rukminim2.flixcart.com/image/612/612/xif0q/smartwatch/n/o/2/-original-imahchsy4hwjnbsq.jpeg?q=70,https://www.flipkart.com/noise-icon-2-gen-1-81-display-bt-calling-500-nits-brightness-smartwatch/p/itm7585bf48c1558?pid=SMWH7NZFASTYXGHV&lid=LSTSMWH7NZFASTYXGHVTKLBAS&marketplace=FLIPKART&q=smartwatch&store=ajy%2Fbuh&srno=s_2_71&otracker=search&fm=organic&iid=en_dxF-BozA2Dm6OqRQ1eqE39Vp5K38eHWU8eN5vdlyNGVP3IRRO90DP-wZsXDlRC33dMIxfU9rZ7Mt63k4IvLyfDRKtQQVWB8eNWYNLe7VuyQ%3D&ppt=None&ppn=None&ssid=t2n4wxav4w0000001779038303609&qH=adc5bc5b72db9fa3&ov_redirect=true,,flipkart
"Noise Crew Go with 1.39"" Display, BT Calling with Metal...",watches,1999.0,5999.0,66.0,0.0,0,https://rukminim2.flixcart.com/image/612/612/xif0q/smartwatch/e/e/j/-original-imah759hywsyd834.jpeg?q=70,https://www.flipkart.com/noise-crew-go-1-39-display-bt-calling-metal-strap-7-days-battery-life-smartwatch/p/itm975f32d9f747a?pid=SMWGZW3C8Q3VQCSY&lid=LSTSMWGZW3C8Q3VQCSYJB4ZC0&marketplace=FLIPKART&q=smartwatch&store=ajy%2Fbuh&srno=s_2_72&otracker=search&fm=organic&iid=en_dxF-BozA2Dm6OqRQ1eqE39Vp5K38eHWU8eN5vdlyNGVLY_ghP9pXKr5gk3wuwxLeJzQ5oX59gRfCTE3nGbtBI-vN4Mn-dv-pi277bRzMbnY%3D&ppt=None&ppn=None&ssid=t2n4wxav4w0000001779038303609&qH=adc5bc5b72db9fa3&ov_redirect=true,,flipkart
"Noise Icon Buzz 1.69"" Display with Bluetooth Calling, W...",watches,1299.0,4999.0,74.0,0.0,0,https://rukminim2.flixcart.com/image/612/612/xif0q/smartwatch/9/i/w/1-69-wrb-sw-colorfiticonbuzz-std-gld-pnk-android-ios-noise-yes-original-imahe6dt89tvy5hh.jpeg?q=70,https://www.flipkart.com/noise-icon-buzz-1-69-display-bluetooth-calling-women-s-edition-voice-assistant-smartwatch/p/itm8a9989397e4ec?pid=SMWGGKSZAPFFJDHK&lid=LSTSMWGGKSZAPFFJDHKPLDQYO&marketplace=FLIPKART&q=smartwatch&store=ajy%2Fbuh&srno=s_2_73&otracker=search&fm=organic&iid=556419a6-e47b-4713-abb4-9c999c880d55.SMWGGKSZAPFFJDHK.SEARCH&ppt=None&ppn=None&ssid=t2n4wxav4w0000001779038303609&qH=adc5bc5b72db9fa3&ov_redirect=true,,flipkart
"GameSir H9 Silver Full Screen Touch Watch, Bluetooth ca...",watches,978.0,2999.0,67.0,0.0,0,https://rukminim2.flixcart.com/image/612/612/xif0q/smartwatch/g/s/a/39-h9-silver-metal-69-a-android-ios-gamesir-yes-original-imahkyyaz8pfkwts.jpeg?q=70,https://www.flipkart.com/gamesir-h9-silver-full-screen-touch-watch-bluetooth-calling-health-fitness-fashion-smartwatch/p/itm6ee8bdbb4815b?pid=SMWH7Z49BUF6XKAQ&lid=LSTSMWH7Z49BUF6XKAQN2VNIL&marketplace=FLIPKART&q=smartwatch&store=ajy%2Fbuh&srno=s_2_74&otracker=search&fm=organic&iid=556419a6-e47b-4713-abb4-9c999c880d55.SMWH7Z49BUF6XKAQ.SEARCH&ppt=None&ppn=None&ssid=t2n4wxav4w0000001779038303609&qH=adc5bc5b72db9fa3&ov_redirect=true,,flipkart
"GOBOULT Thrux 1.39''HD Screen, GPS Tracker, Working Cro...",watches,1999.0,7999.0,75.0,0.0,0,https://rukminim2.flixcart.com/image/612/612/xif0q/smartwatch/h/k/v/-original-imahejynazdkhf6u.jpeg?q=70,https://www.flipkart.com/goboult-thrux-1-39-hd-screen-gps-tracker-working-crown-smartwatch/p/itm96183629a95a9?pid=SMWH8WKXKXXQ8UB9&lid=LSTSMWH8WKXKXXQ8UB9UF0TLH&marketplace=FLIPKART&q=smartwatch&store=ajy%2Fbuh&srno=s_2_75&otracker=search&fm=organic&iid=556419a6-e47b-4713-abb4-9c999c880d55.SMWH8WKXKXXQ8UB9.SEARCH&ppt=None&ppn=None&ssid=t2n4wxav4w0000001779038303609&qH=adc5bc5b72db9fa3&ov_redirect=true,,flipkart
GameSir Gen 9 Model : The Next Generation of women Fitn...,watches,1457.0,4999.0,70.0,0.0,0,https://rukminim2.flixcart.com/image/612/612/xif0q/smartwatch/n/a/v/35-gen-9-f-android-ios-gamesir-yes-original-imaha36a3hhz6sxy.jpeg?q=70,https://www.flipkart.com/gamesir-gen-9-model-next-generation-women-fitness-yoga-music-weather-smartwatch/p/itm51d9fc4477522?pid=SMWGVDAHGVQZBE6V&lid=LSTSMWGVDAHGVQZBE6VENDEQX&marketplace=FLIPKART&q=smartwatch&store=ajy%2Fbuh&srno=s_2_76&otracker=search&fm=organic&iid=556419a6-e47b-4713-abb4-9c999c880d55.SMWGVDAHGVQZBE6V.SEARCH&ppt=None&ppn=None&ssid=t2n4wxav4w0000001779038303609&qH=adc5bc5b72db9fa3&ov_redirect=true,,flipkart
"GOBOULT Drift BT Calling HD Display, 140+ Watchface, BT...",watches,1199.0,7999.0,85.0,0.0,0,https://rukminim2.flixcart.com/image/612/612/xif0q/smartwatch/j/q/o/-original-imaheeb4ctrxfymf.jpeg?q=70,https://www.flipkart.com/goboult-drift-bt-calling-hd-display-140-watchface-calling-ip68-smartwatch/p/itm50c9247c6b13c?pid=SMWGF5GETH3AH6WG&lid=LSTSMWGF5GETH3AH6WGVIN7BI&marketplace=FLIPKART&q=smartwatch&store=ajy%2Fbuh&srno=s_2_77&otracker=search&fm=organic&iid=en_dxF-BozA2Dm6OqRQ1eqE39Vp5K38eHWU8eN5vdlyNGVaBXCFvAXsF3RsA2onWSHVO98O_NsLw8jiYcifqVn-C2aRs4JL222ZRV-dN99QnxU%3D&ppt=None&ppn=None&ssid=t2n4wxav4w0000001779038303609&qH=adc5bc5b72db9fa3&ov_redirect=true,,flipkart
"GOBOULT Tuff Rivet 1.9'' HD Display, Working Crown , Qu...",watches,1499.0,5999.0,75.0,0.0,0,https://rukminim2.flixcart.com/image/612/612/xif0q/smartwatch/6/a/d/-original-imahgqzbwkhmxwyd.jpeg?q=70,https://www.flipkart.com/goboult-tuff-rivet-1-9-hd-display-working-crown-quick-access-torch-smartwatch/p/itm6a595aa82c2ae?pid=SMWHHRJTVJSZZAAH&lid=LSTSMWHHRJTVJSZZAAHHJY3GK&marketplace=FLIPKART&q=smartwatch&store=ajy%2Fbuh&srno=s_2_78&otracker=search&fm=organic&iid=en_dxF-BozA2Dm6OqRQ1eqE39Vp5K38eHWU8eN5vdlyNGUA9pjewEJJW8Pw_5dAOPUdLSqUj4GVNlI6XC5qRV5_fK8iqbiwhGf4dwbXVx7ZSks%3D&ppt=None&ppn=None&ssid=t2n4wxav4w0000001779038303609&qH=adc5bc5b72db9fa3&ov_redirect=true,,flipkart
"PunnkFunnk Edge-Lite | 1.99 "" Amoled Display | BT Calli...",watches,845.0,2999.0,71.0,0.0,0,https://rukminim2.flixcart.com/image/612/612/xif0q/smartwatch/y/0/q/49-edge-lite-black-007-android-ios-qamanta-yes-original-imahgx3yd5b4njpx.jpeg?q=70,https://www.flipkart.com/punnkfunnk-edge-lite-1-99-amoled-display-bt-calling-ai-voice-music-fitness-smartwatch/p/itmf197e19ddd08f?pid=SMWHBZPYNGMY9AZY&lid=LSTSMWHBZPYNGMY9AZYLEUT5M&marketplace=FLIPKART&q=smartwatch&store=ajy%2Fbuh&srno=s_2_79&otracker=search&fm=organic&iid=556419a6-e47b-4713-abb4-9c999c880d55.SMWHBZPYNGMY9AZY.SEARCH&ppt=None&ppn=None&ssid=t2n4wxav4w0000001779038303609&qH=adc5bc5b72db9fa3&ov_redirect=true,,flipkart
Fastrack Revoltt X-1.83'|Blazing Fast UI|Single Sync BT...,watches,1299.0,2799.0,53.0,0.0,0,https://rukminim2.flixcart.com/image/612/612/xif0q/smartwatch/a/q/c/-original-imahkewqerhgwpph.jpeg?q=70,https://www.flipkart.com/fastrack-revoltt-x-1-83-blazing-fast-ui-single-sync-bt-calling-calculator-in-built-games-smartwatch/p/itm71262b1d20193?pid=SMWH3PYKQRHB4HBM&lid=LSTSMWH3PYKQRHB4HBMGKYWWZ&marketplace=FLIPKART&q=smartwatch&store=ajy%2Fbuh&srno=s_2_80&otracker=search&fm=organic&iid=556419a6-e47b-4713-abb4-9c999c880d55.SMWH3PYKQRHB4HBM.SEARCH&ppt=None&ppn=None&ssid=t2n4wxav4w0000001779038303609&qH=adc5bc5b72db9fa3&ov_redirect=true,,flipkart
"GOBOULT Mustang Stallion 1.43"" AMOLED Display, Function...",watches,4999.0,14999.0,66.0,0.0,0,https://rukminim2.flixcart.com/image/612/612/xif0q/smartwatch/a/q/s/-original-imahm9wesgpdukwa.jpeg?q=70,https://www.flipkart.com/goboult-mustang-stallion-1-43-amoled-display-functional-bezel-700-nits-brightness-smartwatch/p/itm4420364a6d185?pid=SMWHJNH8FCYGPFDS&lid=LSTSMWHJNH8FCYGPFDSCGD5EF&marketplace=FLIPKART&q=smartwatch&store=ajy%2Fbuh&srno=s_3_81&otracker=search&fm=organic&iid=en_Bd7uupHPjdGWiZ_NMVi652OSGuUA43H7d0NuKTMSKmxEblPejiXV0A3pZdKK_e9g1BiuMO1xZ8ZzMVKrDf8oZ04IsYyWu-Pj9cxFjFAoaLk%3D&ppt=None&ppn=None&ssid=pc0bwe8ju80000001779038306830&qH=adc5bc5b72db9fa3&ov_redirect=true,,flipkart
Noise Colorfit Icon 2 1.8'' Display with Bluetooth Call...,watches,1499.0,5999.0,75.0,0.0,0,https://rukminim2.flixcart.com/image/612/612/xif0q/smartwatch/s/i/u/-original-imah76jt64ffmwg4.jpeg?q=70,https://www.flipkart.com/noise-colorfit-icon-2-1-8-display-bluetooth-calling-ai-voice-assistant-smartwatch/p/itmd4cd819eadb9f?pid=SMWGEH7VGYMGCP3V&lid=LSTSMWGEH7VGYMGCP3VXIJHDY&marketplace=FLIPKART&q=smartwatch&store=ajy%2Fbuh&srno=s_3_82&otracker=search&fm=organic&iid=en_Bd7uupHPjdGWiZ_NMVi652OSGuUA43H7d0NuKTMSKmyI82RLRCH8srr6I8qvE7jazJa4N2Mz2vYLtwTcJ8v4DIQEIsITtCzc4bHaOMTqL08%3D&ppt=None&ppn=None&ssid=pc0bwe8ju80000001779038306830&qH=adc5bc5b72db9fa3&ov_redirect=true,,flipkart
Fastrack Optimus2 Pro-1.43'' AMOLED|Advanced Blazing Fa...,watches,2599.0,3999.0,35.0,0.0,0,https://rukminim2.flixcart.com/image/612/612/xif0q/smartwatch/w/m/q/-original-imah5hztgfqkfwb9.jpeg?q=70,https://www.flipkart.com/fastrack-optimus2-pro-1-43-amoled-advanced-blazing-fast-ui-aod-metal-case-working-crown-smartwatch/p/itm7aa50ddb7212a?pid=SMWH3S4JYFPATZCV&lid=LSTSMWH3S4JYFPATZCVBHOFPK&marketplace=FLIPKART&q=smartwatch&store=ajy%2Fbuh&srno=s_3_83&otracker=search&fm=organic&iid=7e34084e-80d0-4189-8136-b565a0096750.SMWH3S4JYFPATZCV.SEARCH&ppt=None&ppn=None&ssid=pc0bwe8ju80000001779038306830&qH=adc5bc5b72db9fa3&ov_redirect=true,,flipkart
"Cellecor HYPE 1.50"" HD IPS Display with 500 NITS | BT-C...",watches,899.0,3999.0,77.0,0.0,0,https://rukminim2.flixcart.com/image/612/612/xif0q/smartwatch/2/e/z/43-8-e2-hype-android-ios-cellecor-yes-original-imahgv9qv3bvgftc.jpeg?q=70,https://www.flipkart.com/cellecor-hype-1-50-hd-ips-display-500-nits-bt-calling-voiceassistant-smartwatch/p/itmce631687fd83f?pid=SMWH45NYXZCMCCTS&lid=LSTSMWH45NYXZCMCCTSAGUCM0&marketplace=FLIPKART&q=smartwatch&store=ajy%2Fbuh&srno=s_3_84&otracker=search&fm=organic&iid=7e34084e-80d0-4189-8136-b565a0096750.SMWH45NYXZCMCCTS.SEARCH&ppt=None&ppn=None&ssid=pc0bwe8ju80000001779038306830&qH=adc5bc5b72db9fa3&ov_redirect=true,,flipkart
"GOBOULT Tuff Hawk 1.39"" HD Display, Working Crown , Qui...",watches,1499.0,6999.0,78.0,0.0,0,https://rukminim2.flixcart.com/image/612/612/xif0q/smartwatch/m/c/p/-original-imahgsafrnwh2vap.jpeg?q=70,https://www.flipkart.com/goboult-tuff-hawk-1-39-hd-display-working-crown-quick-access-torch-smartwatch/p/itm532fa07821b7e?pid=SMWHHRMXXAFARYRK&lid=LSTSMWHHRMXXAFARYRKHJPQPS&marketplace=FLIPKART&q=smartwatch&store=ajy%2Fbuh&srno=s_3_85&otracker=search&fm=organic&iid=7e34084e-80d0-4189-8136-b565a0096750.SMWHHRMXXAFARYRK.SEARCH&ppt=None&ppn=None&ssid=pc0bwe8ju80000001779038306830&qH=adc5bc5b72db9fa3&ov_redirect=true,,flipkart
"boAt Lunar Discovery Neo 1.39"" HD Display, Metallic Fin...",watches,1299.0,6999.0,81.0,0.0,0,https://rukminim2.flixcart.com/image/612/612/xif0q/smartwatch/x/v/l/-original-imahg6xx2msdshcg.jpeg?q=70,https://www.flipkart.com/boat-lunar-discovery-neo-1-39-hd-display-metallic-finish-bt-calling-smart-watch-smartwatch/p/itmcc26e4aea7fac?pid=SMWHHR9PRM9SZQUW&lid=LSTSMWHHR9PRM9SZQUWBPQTDD&marketplace=FLIPKART&q=smartwatch&store=ajy%2Fbuh&srno=s_3_86&otracker=search&fm=organic&iid=7e34084e-80d0-4189-8136-b565a0096750.SMWHHR9PRM9SZQUW.SEARCH&ppt=None&ppn=None&ssid=pc0bwe8ju80000001779038306830&qH=adc5bc5b72db9fa3&ov_redirect=true,,flipkart
"Samsung Galaxy Watch8 (40mm, LTE)",watches,37999.0,42999.0,11.0,0.0,0,https://rukminim2.flixcart.com/image/612/612/xif0q/smartwatch/l/l/f/-original-imahe8sqxggtvkhy.jpeg?q=70,https://www.flipkart.com/samsung-galaxy-watch8-40mm-lte/p/itm9c75e1ed10471?pid=SMWHDA8A9S5PPG6H&lid=LSTSMWHDA8A9S5PPG6HBXKNBT&marketplace=FLIPKART&q=smartwatch&store=ajy%2Fbuh&srno=s_3_87&otracker=search&fm=organic&iid=en_Bd7uupHPjdGWiZ_NMVi652OSGuUA43H7d0NuKTMSKmzrtrz8fFYsU1kdgO-c_7giBo_LQlfL4HvvLUXcFTqlhEKsf8s6I2Oz2HOgbXTo_9U%3D&ppt=None&ppn=None&ssid=pc0bwe8ju80000001779038306830&qH=adc5bc5b72db9fa3&ov_redirect=true,,flipkart
"Noise Twist Go 1.39'' Display, Bluetooth Calling, Metal...",watches,1599.0,4999.0,68.0,0.0,0,https://rukminim2.flixcart.com/image/612/612/xif0q/smartwatch/e/g/x/35-306-wrb-sw-twistgo-std-blk-blk-android-ios-noise-yes-original-imah889zcdzvzcuf.jpeg?q=70,https://www.flipkart.com/noise-twist-go-1-39-display-bluetooth-calling-metallic-finish-100-sports-modes-smartwatch/p/itmf9fa3027228f8?pid=SMWH889Z3HH5T2EH&lid=LSTSMWH889Z3HH5T2EHKUMZOJ&marketplace=FLIPKART&q=smartwatch&store=ajy%2Fbuh&srno=s_3_88&otracker=search&fm=organic&iid=en_Bd7uupHPjdGWiZ_NMVi652OSGuUA43H7d0NuKTMSKmzBp7TzvWtPzRZ4PVNJfuaOQP52DivQOC1H31O0W0RcgPUFjCTyOHoHZs-Z5_PS_w0%3D&ppt=None&ppn=None&ssid=pc0bwe8ju80000001779038306830&qH=adc5bc5b72db9fa3&ov_redirect=true,,flipkart
"GameSir 2.01 AMOLED Display, Smart Health Monitoring, F...",watches,878.0,2999.0,70.0,0.0,0,https://rukminim2.flixcart.com/image/612/612/xif0q/smartwatch/8/k/d/44-h9-grey-a1-69-android-ios-gamesir-yes-original-imahmaqwnvffbbb6.jpeg?q=70,https://www.flipkart.com/gamesir-2-01-amoled-display-smart-health-monitoring-fitness-100-sports-mode-smartwatch/p/itme65a00edf0eba?pid=SMWH3YZCZUJFGGKR&lid=LSTSMWH3YZCZUJFGGKR41VOUW&marketplace=FLIPKART&q=smartwatch&store=ajy%2Fbuh&srno=s_3_89&otracker=search&fm=organic&iid=7e34084e-80d0-4189-8136-b565a0096750.SMWH3YZCZUJFGGKR.SEARCH&ppt=None&ppn=None&ssid=pc0bwe8ju80000001779038306830&qH=adc5bc5b72db9fa3&ov_redirect=true,,flipkart
"GameSir H9 Black Smartwatch with Bluetooth, Fitness & H...",watches,876.0,3999.0,78.0,0.0,0,https://rukminim2.flixcart.com/image/612/612/xif0q/smartwatch/a/a/n/49-h9-black-79-android-ios-gamesir-yes-original-imahm5hxcg5ewrwd.jpeg?q=70,https://www.flipkart.com/gamesir-h9-black-smartwatch-bluetooth-fitness-heart-rate-tracking/p/itme2d86ce06e682?pid=SMWH7E886UN7BB6Z&lid=LSTSMWH7E886UN7BB6Z43HZKQ&marketplace=FLIPKART&q=smartwatch&store=ajy%2Fbuh&srno=s_3_90&otracker=search&fm=organic&iid=7e34084e-80d0-4189-8136-b565a0096750.SMWH7E886UN7BB6Z.SEARCH&ppt=None&ppn=None&ssid=pc0bwe8ju80000001779038306830&qH=adc5bc5b72db9fa3&ov_redirect=true,,flipkart
"Samsung Galaxy Watch8 (44mm, LTE)",watches,26999.0,45999.0,41.0,0.0,0,https://rukminim2.flixcart.com/image/612/612/xif0q/smartwatch/c/t/j/-original-imahe8sqbvfgbkdp.jpeg?q=70,https://www.flipkart.com/samsung-galaxy-watch8-44mm-lte/p/itm6e3e399ce50ab?pid=SMWHDA8AWBDXHRXH&lid=LSTSMWHDA8AWBDXHRXHSQXBAF&marketplace=FLIPKART&q=smartwatch&store=ajy%2Fbuh&srno=s_3_91&otracker=search&fm=organic&iid=en_Bd7uupHPjdGWiZ_NMVi652OSGuUA43H7d0NuKTMSKmxB8p35bISEYBbpr3lCzNcm_r1IB6s0scHmusKfaabFQUhz9c-MSIoFe8xMxkfU6dM%3D&ppt=None&ppn=None&ssid=pc0bwe8ju80000001779038306830&qH=adc5bc5b72db9fa3&ov_redirect=true,,flipkart
"GOBOULT Drift BT Calling HD Display, 140+ Watchface, BT...",watches,1199.0,7999.0,85.0,0.0,0,https://rukminim2.flixcart.com/image/612/612/xif0q/smartwatch/e/w/6/-original-imaheeb4qgjf4fpa.jpeg?q=70,https://www.flipkart.com/goboult-drift-bt-calling-hd-display-140-watchface-calling-ip68-smartwatch/p/itmb6a79d59b6040?pid=SMWGMHUGERGB5YXD&lid=LSTSMWGMHUGERGB5YXD5XBFU7&marketplace=FLIPKART&q=smartwatch&store=ajy%2Fbuh&srno=s_3_92&otracker=search&fm=organic&iid=en_Bd7uupHPjdGWiZ_NMVi652OSGuUA43H7d0NuKTMSKmxJUfIcbCiBH5-F79FObFATcfRcNs0DIKzpjnsl7p7XJ_UFjCTyOHoHZs-Z5_PS_w0%3D&ppt=None&ppn=None&ssid=pc0bwe8ju80000001779038306830&qH=adc5bc5b72db9fa3&ov_redirect=true,,flipkart
"GOBOULT Crown 1.95'' HD Display, BT Calling, Working Cr...",watches,1299.0,4499.0,71.0,0.0,0,https://rukminim2.flixcart.com/image/612/612/xif0q/smartwatch/j/r/v/1-95-crown-android-ios-goboult-yes-original-imahh5gft2gf9ct6.jpeg?q=70,https://www.flipkart.com/goboult-crown-1-95-hd-display-bt-calling-working-crown-900-nits-spo2-smartwatch/p/itm5c1ec2137ebcb?pid=SMWGPHT4WMGGHGGC&lid=LSTSMWGPHT4WMGGHGGC7NH1PB&marketplace=FLIPKART&q=smartwatch&store=ajy%2Fbuh&srno=s_3_93&otracker=search&fm=organic&iid=7e34084e-80d0-4189-8136-b565a0096750.SMWGPHT4WMGGHGGC.SEARCH&ppt=None&ppn=None&ssid=pc0bwe8ju80000001779038306830&qH=adc5bc5b72db9fa3&ov_redirect=true,,flipkart
Fire-Boltt Ninja Talk 35.3mm (1.39) Round Bluetooth Cal...,watches,1399.0,11999.0,88.0,0.0,0,https://rukminim2.flixcart.com/image/612/612/xif0q/smartwatch/l/v/6/-original-imahjkzub3ffhhrt.jpeg?q=70,https://www.flipkart.com/fire-boltt-ninja-talk-35-3mm-1-39-round-bluetooth-calling-metal-body-120-sports-modes-smartwatch/p/itm68c26854c1448?pid=SMWGNYZK2EYJHRCG&lid=LSTSMWGNYZK2EYJHRCGFHC24E&marketplace=FLIPKART&q=smartwatch&store=ajy%2Fbuh&srno=s_3_94&otracker=search&fm=organic&iid=7e34084e-80d0-4189-8136-b565a0096750.SMWGNYZK2EYJHRCG.SEARCH&ppt=None&ppn=None&ssid=pc0bwe8ju80000001779038306830&qH=adc5bc5b72db9fa3&ov_redirect=true,,flipkart
"boAt Wave Fury with 1.83'' HD Display, Bluetooth Callin...",watches,1399.0,6999.0,80.0,0.0,0,https://rukminim2.flixcart.com/image/612/612/xif0q/smartwatch/k/6/b/-original-imagyxxffxps4khy.jpeg?q=70,https://www.flipkart.com/boat-wave-fury-1-83-hd-display-bluetooth-calling-functional-crown-smartwatch/p/itm7795a986a347e?pid=SMWGQHN4GNAVXD8H&lid=LSTSMWGQHN4GNAVXD8H81TCSM&marketplace=FLIPKART&q=smartwatch&store=ajy%2Fbuh&srno=s_3_95&otracker=search&fm=organic&iid=7e34084e-80d0-4189-8136-b565a0096750.SMWGQHN4GNAVXD8H.SEARCH&ppt=None&ppn=None&ssid=pc0bwe8ju80000001779038306830&qH=adc5bc5b72db9fa3&ov_redirect=true,,flipkart
"Fire-Boltt Legacy 36.3mm (1.43"") AMOLED Display, Blueto...",watches,2199.0,21000.0,89.0,0.0,0,https://rukminim2.flixcart.com/image/612/612/xif0q/smartwatch/i/8/l/-original-imagnrekzkcbjjey.jpeg?q=70,https://www.flipkart.com/fire-boltt-legacy-36-3mm-1-43-amoled-display-bluetooth-calling-wireless-charging-smartwatch/p/itm34378ceefb340?pid=SMWGHSJ2UYF8MKFX&lid=LSTSMWGHSJ2UYF8MKFXSYF9VE&marketplace=FLIPKART&q=smartwatch&store=ajy%2Fbuh&srno=s_3_96&otracker=search&fm=organic&iid=7e34084e-80d0-4189-8136-b565a0096750.SMWGHSJ2UYF8MKFX.SEARCH&ppt=None&ppn=None&ssid=pc0bwe8ju80000001779038306830&qH=adc5bc5b72db9fa3&ov_redirect=true,,flipkart
"Noise Icon 2 1.8'' Display with Bluetooth Calling, Wome...",watches,1499.0,5999.0,75.0,0.0,0,https://rukminim2.flixcart.com/image/612/612/xif0q/smartwatch/n/o/z/-original-imah76jstup5zdww.jpeg?q=70,https://www.flipkart.com/noise-icon-2-1-8-display-bluetooth-calling-women-s-edition-ai-voice-assistant-smartwatch/p/itm968c523d99eae?pid=SMWGEH7VNGPYN5NV&lid=LSTSMWGEH7VNGPYN5NVEORYD7&marketplace=FLIPKART&q=smartwatch&store=ajy%2Fbuh&srno=s_3_97&otracker=search&fm=organic&iid=en_Bd7uupHPjdGWiZ_NMVi652OSGuUA43H7d0NuKTMSKmyNZtRcubaqdzPzCv9D3dNP2I35I4llWnAjkn30Q3-PPGVkv0XZFiOX7bbXdlao_f8%3D&ppt=None&ppn=None&ssid=pc0bwe8ju80000001779038306830&qH=adc5bc5b72db9fa3&ov_redirect=true,,flipkart
"Noise Icon 2 Gen 2 - 1.81 Display, BT Calling, 500 NITS...",watches,1399.0,5999.0,76.0,0.0,0,https://rukminim2.flixcart.com/image/612/612/xif0q/smartwatch/n/o/2/-original-imahchsy4hwjnbsq.jpeg?q=70,https://www.flipkart.com/noise-icon-2-gen-1-81-display-bt-calling-500-nits-brightness-smartwatch/p/itm7585bf48c1558?pid=SMWH7NZFASTYXGHV&lid=LSTSMWH7NZFASTYXGHVTKLBAS&marketplace=FLIPKART&q=smartwatch&store=ajy%2Fbuh&srno=s_3_98&otracker=search&fm=organic&iid=en_Bd7uupHPjdGWiZ_NMVi652OSGuUA43H7d0NuKTMSKmzapD8xCtILHt0GK-boyDNVWaFwOHb-ErV7IQfjlN2lPvcUmN_6PwCReg_VTM4VLxo%3D&ppt=None&ppn=None&ssid=pc0bwe8ju80000001779038306830&qH=adc5bc5b72db9fa3&ov_redirect=true,,flipkart
"Noise Crew Go with 1.39"" Display, BT Calling with Metal...",watches,1999.0,5999.0,66.0,0.0,0,https://rukminim2.flixcart.com/image/612/612/xif0q/smartwatch/k/f/m/-original-imah76caugyhgvuz.jpeg?q=70,https://www.flipkart.com/noise-crew-go-1-39-display-bt-calling-metal-strap-7-days-battery-life-smartwatch/p/itm5a76ff47aeebc?pid=SMWGZW3CAJKVMJPD&lid=LSTSMWGZW3CAJKVMJPDJKBD7H&marketplace=FLIPKART&q=smartwatch&store=ajy%2Fbuh&srno=s_3_99&otracker=search&fm=organic&iid=7e34084e-80d0-4189-8136-b565a0096750.SMWGZW3CAJKVMJPD.SEARCH&ppt=None&ppn=None&ssid=pc0bwe8ju80000001779038306830&qH=adc5bc5b72db9fa3&ov_redirect=true,,flipkart
Fire-Boltt Ninja Talk 35.3mm (1.39) Round Bluetooth Cal...,watches,1399.0,11999.0,88.0,0.0,0,https://rukminim2.flixcart.com/image/612/612/xif0q/smartwatch/c/b/6/-original-imahjkzuwggdxwvm.jpeg?q=70,https://www.flipkart.com/fire-boltt-ninja-talk-35-3mm-1-39-round-bluetooth-calling-metal-body-120-sports-modes-smartwatch/p/itm7eedef2f3e96f?pid=SMWGNYZKTDZZZGWS&lid=LSTSMWGNYZKTDZZZGWSFWF7AJ&marketplace=FLIPKART&q=smartwatch&store=ajy%2Fbuh&srno=s_3_100&otracker=search&fm=organic&iid=7e34084e-80d0-4189-8136-b565a0096750.SMWGNYZKTDZZZGWS.SEARCH&ppt=None&ppn=None&ssid=pc0bwe8ju80000001779038306830&qH=adc5bc5b72db9fa3&ov_redirect=true,,flipkart
"GameSir H9 Grey Smartwatch with Bluetooth, Fitness & He...",watches,882.0,2999.0,70.0,0.0,0,https://rukminim2.flixcart.com/image/612/612/xif0q/smartwatch/8/0/g/49-h9-grey-79-android-ios-gamesir-yes-original-imahmzgtwfgmpuyf.jpeg?q=70,https://www.flipkart.com/gamesir-h9-grey-smartwatch-bluetooth-fitness-heart-rate-tracking/p/itm4b3efd5b22e6a?pid=SMWH7E7ZTZXK6THW&lid=LSTSMWH7E7ZTZXK6THWLJST1J&marketplace=FLIPKART&q=smartwatch&store=ajy%2Fbuh&srno=s_3_101&otracker=search&fm=organic&iid=en_Bd7uupHPjdGWiZ_NMVi652OSGuUA43H7d0NuKTMSKmy8ZcmWn2ytcvU2YDpGclvOeZ-XkTcPGujxFU9jrtS_YA%3D%3D&ppt=None&ppn=None&ssid=pc0bwe8ju80000001779038306830&qH=adc5bc5b72db9fa3&ov_redirect=true,,flipkart
"Melbon H9 BT Calling, Fitness tracking Multiple Watch ,...",watches,873.0,4999.0,82.0,0.0,0,https://rukminim2.flixcart.com/image/612/612/xif0q/smartwatch/5/a/t/49-grey-h9-1-android-ios-techio-yes-original-imahagb3ys4zgzcy.jpeg?q=70,https://www.flipkart.com/melbon-h9-bt-calling-fitness-tracking-multiple-watch-sleep-monitor-heart-spo2-smartwatch/p/itm56b219c7a7c4d?pid=SMWH28HEMS47RU4Z&lid=LSTSMWH28HEMS47RU4ZUEYTHA&marketplace=FLIPKART&q=smartwatch&store=ajy%2Fbuh&srno=s_3_102&otracker=search&fm=organic&iid=en_Bd7uupHPjdGWiZ_NMVi652OSGuUA43H7d0NuKTMSKmxxbO2xmd45-cPsWsvCnAH-FPIMhEKefkWqQqkYlnFuuvUFjCTyOHoHZs-Z5_PS_w0%3D&ppt=None&ppn=None&ssid=pc0bwe8ju80000001779038306830&qH=adc5bc5b72db9fa3&ov_redirect=true,,flipkart
Cellecor HD Display | 600 NITS | BT-Calling | AI Voice ...,watches,799.0,3999.0,80.0,0.0,0,https://rukminim2.flixcart.com/image/612/612/xif0q/smartwatch/o/2/c/48-514-m4-android-ios-cellecor-yes-original-imah5wrhsgyygrdh.jpeg?q=70,https://www.flipkart.com/cellecor-hd-display-600-nits-bt-calling-ai-voice-ip67-waterresistant-smartwatch/p/itm4a4827c2abbdb?pid=SMWHYBUNHY7CUGZT&lid=LSTSMWHYBUNHY7CUGZTZ9BAUO&marketplace=FLIPKART&q=smartwatch&store=ajy%2Fbuh&srno=s_3_103&otracker=search&fm=organic&iid=7e34084e-80d0-4189-8136-b565a0096750.SMWHYBUNHY7CUGZT.SEARCH&ppt=None&ppn=None&ssid=pc0bwe8ju80000001779038306830&qH=adc5bc5b72db9fa3&ov_redirect=true,,flipkart
"RISHI ENTERPRISES Trendy latest Gen9 smartwatch, Golden...",watches,914.0,2999.0,69.0,0.0,0,https://rukminim2.flixcart.com/image/612/612/xif0q/smartwatch/j/n/8/49-trendy-latest-gen9-smartwatch-golden-pink-strap-hd-display-original-imahyjttag2jyyvz.jpeg?q=70,https://www.flipkart.com/rishi-enterprises-trendy-latest-gen9-smartwatch-golden-pink-strap-hd-display-9-smartwatch/p/itm973b1fba0dc0c?pid=SMWH2Y6QGNGFURYZ&lid=LSTSMWH2Y6QGNGFURYZ3B3V9Y&marketplace=FLIPKART&q=smartwatch&store=ajy%2Fbuh&srno=s_3_104&otracker=search&fm=organic&iid=7e34084e-80d0-4189-8136-b565a0096750.SMWH2Y6QGNGFURYZ.SEARCH&ppt=None&ppn=None&ssid=pc0bwe8ju80000001779038306830&qH=adc5bc5b72db9fa3&ov_redirect=true,,flipkart
"Fire-Boltt Legacy 36.3mm (1.43"") AMOLED Display, Blueto...",watches,1999.0,21000.0,90.0,0.0,0,https://rukminim2.flixcart.com/image/612/612/xif0q/smartwatch/d/d/r/-original-imahbx8xwyqvmkzz.jpeg?q=70,https://www.flipkart.com/fire-boltt-legacy-36-3mm-1-43-amoled-display-bluetooth-calling-wireless-charging-smartwatch/p/itm07d322b43d98f?pid=SMWHATEYXYZ8MUY6&lid=LSTSMWHATEYXYZ8MUY63LYPBH&marketplace=FLIPKART&q=smartwatch&store=ajy%2Fbuh&srno=s_3_105&otracker=search&fm=organic&iid=7e34084e-80d0-4189-8136-b565a0096750.SMWHATEYXYZ8MUY6.SEARCH&ppt=None&ppn=None&ssid=pc0bwe8ju80000001779038306830&qH=adc5bc5b72db9fa3&ov_redirect=true,,flipkart
Fire-Boltt Ninja Calling Pro Plus 46.5mm (1.83) Display...,watches,1199.0,9999.0,88.0,0.0,0,https://rukminim2.flixcart.com/image/612/612/xif0q/smartwatch/l/o/v/-original-imahh3p8avdzeyea.jpeg?q=70,https://www.flipkart.com/fire-boltt-ninja-calling-pro-plus-46-5mm-1-83-display-bluetooth-calling-ai-voice-smartwatch/p/itm867974696b635?pid=SMWGGZ74PKPHE8WZ&lid=LSTSMWGGZ74PKPHE8WZISP9RR&marketplace=FLIPKART&q=smartwatch&store=ajy%2Fbuh&srno=s_3_106&otracker=search&fm=organic&iid=7e34084e-80d0-4189-8136-b565a0096750.SMWGGZ74PKPHE8WZ.SEARCH&ppt=None&ppn=None&ssid=pc0bwe8ju80000001779038306830&qH=adc5bc5b72db9fa3&ov_redirect=true,,flipkart
"GOBOULT Drift BT Calling HD Display, 140+ Watchface, BT...",watches,1199.0,7999.0,85.0,0.0,0,https://rukminim2.flixcart.com/image/612/612/xif0q/smartwatch/r/v/m/-original-imaheeb4prbjrj4r.jpeg?q=70,https://www.flipkart.com/goboult-drift-bt-calling-hd-display-140-watchface-calling-ip68-smartwatch/p/itm589ef3cfd9499?pid=SMWGZSX5XGH2WYMA&lid=LSTSMWGZSX5XGH2WYMAYCSPMX&marketplace=FLIPKART&q=smartwatch&store=ajy%2Fbuh&srno=s_3_107&otracker=search&fm=organic&iid=en_Bd7uupHPjdGWiZ_NMVi652OSGuUA43H7d0NuKTMSKmyegae6XUgcD3FkITvyqHHzSgDGfMvwiy4iCdS2eUPvPg891ypMzu4_aryI8_sihJ8%3D&ppt=None&ppn=None&ssid=pc0bwe8ju80000001779038306830&qH=adc5bc5b72db9fa3&ov_redirect=true,,flipkart
Fire-Boltt Rise Phantom 1.85 Display Transparent Clear ...,watches,1499.0,19999.0,92.0,0.0,0,https://rukminim2.flixcart.com/image/612/612/xif0q/smartwatch/k/b/t/-original-imahh6z3tkgp2trf.jpeg?q=70,https://www.flipkart.com/fire-boltt-rise-phantom-1-85-display-transparent-clear-body-design-rotating-button-bt-call-smartwatch/p/itm4896abe46872c?pid=SMWHJZU7CQGZGWSW&lid=LSTSMWHJZU7CQGZGWSWOBUMPD&marketplace=FLIPKART&q=smartwatch&store=ajy%2Fbuh&srno=s_3_108&otracker=search&fm=organic&iid=en_Bd7uupHPjdGWiZ_NMVi652OSGuUA43H7d0NuKTMSKmwA63He1RBQFZ0Tor5BQ7dY1HPAyHy-ICmzapxJMElYtRhTy0lUJ14SzoMSv_CzLF0%3D&ppt=None&ppn=None&ssid=pc0bwe8ju80000001779038306830&qH=adc5bc5b72db9fa3&ov_redirect=true,,flipkart
"boAt Lunar Discovery w/ Turn by Turn Navigation, 3.53 c...",watches,1499.0,8499.0,82.0,0.0,0,https://rukminim2.flixcart.com/image/612/612/xif0q/smartwatch/e/f/m/-original-imah5upfaspvy9dy.jpeg?q=70,https://www.flipkart.com/boat-lunar-discovery-w-turn-navigation-3-53-cm-hd-display-bt-calling-smartwatch/p/itmb423141513057?pid=SMWH44GEVPHZG6PW&lid=LSTSMWH44GEVPHZG6PWIIMRVB&marketplace=FLIPKART&q=smartwatch&store=ajy%2Fbuh&srno=s_3_109&otracker=search&fm=organic&iid=7e34084e-80d0-4189-8136-b565a0096750.SMWH44GEVPHZG6PW.SEARCH&ppt=None&ppn=None&ssid=pc0bwe8ju80000001779038306830&qH=adc5bc5b72db9fa3&ov_redirect=true,,flipkart
Fire-Boltt Ninja Calling Pro Plus 46.5mm (1.83) Display...,watches,1099.0,9999.0,89.0,0.0,0,https://rukminim2.flixcart.com/image/612/612/xif0q/smartwatch/l/2/f/-original-imaha8kabchjfqhe.jpeg?q=70,https://www.flipkart.com/fire-boltt-ninja-calling-pro-plus-46-5mm-1-83-display-bluetooth-ai-voice-smartwatch/p/itmdae622722ef85?pid=SMWH9QPGPP27WEYK&lid=LSTSMWH9QPGPP27WEYK5PQSRB&marketplace=FLIPKART&q=smartwatch&store=ajy%2Fbuh&srno=s_3_110&otracker=search&fm=organic&iid=7e34084e-80d0-4189-8136-b565a0096750.SMWH9QPGPP27WEYK.SEARCH&ppt=None&ppn=None&ssid=pc0bwe8ju80000001779038306830&qH=adc5bc5b72db9fa3&ov_redirect=true,,flipkart
"GOBOULT Dire 1.38'' 2.5D HD Display, 500Nits Brightness...",watches,1299.0,4999.0,74.0,0.0,0,https://rukminim2.flixcart.com/image/612/612/xif0q/smartwatch/y/r/e/-original-imahejynxzgasxgv.jpeg?q=70,https://www.flipkart.com/goboult-dire-1-38-2-5d-hd-display-500nits-brightness-250-watch-faces-smartwatch/p/itm66cbd4fdd0f8d?pid=SMWH7CSKABEAWAVU&lid=LSTSMWH7CSKABEAWAVU1CBR0X&marketplace=FLIPKART&q=smartwatch&store=ajy%2Fbuh&srno=s_3_111&otracker=search&fm=organic&iid=en_Bd7uupHPjdGWiZ_NMVi652OSGuUA43H7d0NuKTMSKmykzxCD62VMPEoyhkSAIF40V8aaQWVvdUuQEqYucqw0RX3Gaq_wzx4HJysDmGalzMk%3D&ppt=None&ppn=None&ssid=pc0bwe8ju80000001779038306830&qH=adc5bc5b72db9fa3&ov_redirect=true,,flipkart
"Noise Crew Go with 1.39"" Display, BT Calling with Metal...",watches,1999.0,5999.0,66.0,0.0,0,https://rukminim2.flixcart.com/image/612/612/xif0q/smartwatch/e/e/j/-original-imah759hywsyd834.jpeg?q=70,https://www.flipkart.com/noise-crew-go-1-39-display-bt-calling-metal-strap-7-days-battery-life-smartwatch/p/itm975f32d9f747a?pid=SMWGZW3C8Q3VQCSY&lid=LSTSMWGZW3C8Q3VQCSYJB4ZC0&marketplace=FLIPKART&q=smartwatch&store=ajy%2Fbuh&srno=s_3_112&otracker=search&fm=organic&iid=en_Bd7uupHPjdGWiZ_NMVi652OSGuUA43H7d0NuKTMSKmzVYW5eMqPz0HdRu-AvsjXrJzQ5oX59gRfCTE3nGbtBI-vN4Mn-dv-pi277bRzMbnY%3D&ppt=None&ppn=None&ssid=pc0bwe8ju80000001779038306830&qH=adc5bc5b72db9fa3&ov_redirect=true,,flipkart
"GOBOULT Drift+ 1.85'' HD Display ,BT Calling, 500 Nits ...",watches,1199.0,8499.0,85.0,0.0,0,https://rukminim2.flixcart.com/image/612/612/xif0q/smartwatch/h/p/l/-original-imahejynhaygvyzz.jpeg?q=70,https://www.flipkart.com/goboult-drift-1-85-hd-display-bt-calling-500-nits-brightness-ip67-smartwatch/p/itm3c9ed736ffd84?pid=SMWGMH4J3DZDDYSU&lid=LSTSMWGMH4J3DZDDYSUN8XFCV&marketplace=FLIPKART&q=smartwatch&store=ajy%2Fbuh&srno=s_3_113&otracker=search&fm=organic&iid=7e34084e-80d0-4189-8136-b565a0096750.SMWGMH4J3DZDDYSU.SEARCH&ppt=None&ppn=None&ssid=pc0bwe8ju80000001779038306830&qH=adc5bc5b72db9fa3&ov_redirect=true,,flipkart
Fire-Boltt Rise Phantom 1.85 Display Transparent Clear ...,watches,1499.0,19999.0,92.0,0.0,0,https://rukminim2.flixcart.com/image/612/612/xif0q/smartwatch/p/1/s/-original-imahh6z2apwbmuqn.jpeg?q=70,https://www.flipkart.com/fire-boltt-rise-phantom-1-85-display-transparent-clear-body-design-rotating-button-bt-call-smartwatch/p/itmcc23bb689e760?pid=SMWHJZU7DJKCBKR3&lid=LSTSMWHJZU7DJKCBKR3C1P3OX&marketplace=FLIPKART&q=smartwatch&store=ajy%2Fbuh&srno=s_3_114&otracker=search&fm=organic&iid=7e34084e-80d0-4189-8136-b565a0096750.SMWHJZU7DJKCBKR3.SEARCH&ppt=None&ppn=None&ssid=pc0bwe8ju80000001779038306830&qH=adc5bc5b72db9fa3&ov_redirect=true,,flipkart
"boAt Lunar Discovery Neo 1.39"" HD Display, Metallic Fin...",watches,1399.0,7499.0,81.0,0.0,0,https://rukminim2.flixcart.com/image/612/612/xif0q/smartwatch/c/b/y/-original-imahg6xxrpyqw4ez.jpeg?q=70,https://www.flipkart.com/boat-lunar-discovery-neo-1-39-hd-display-metallic-finish-bt-calling-smart-watch-smartwatch/p/itmc316f1ff9c384?pid=SMWHHRBGWZXSZBKF&lid=LSTSMWHHRBGWZXSZBKF258OFV&marketplace=FLIPKART&q=smartwatch&store=ajy%2Fbuh&srno=s_3_115&otracker=search&fm=organic&iid=7e34084e-80d0-4189-8136-b565a0096750.SMWHHRBGWZXSZBKF.SEARCH&ppt=None&ppn=None&ssid=pc0bwe8ju80000001779038306830&qH=adc5bc5b72db9fa3&ov_redirect=true,,flipkart
"Melbon 2 Bluetooth calling, Sporty Heart Rate Monitorin...",watches,1334.0,6999.0,80.0,0.0,0,https://rukminim2.flixcart.com/image/612/612/xif0q/smartwatch/w/u/j/40-active-2-round-dial-gray-android-ios-melbon-yes-original-imah9ynetzpr8yeh.jpeg?q=70,https://www.flipkart.com/melbon-2-bluetooth-calling-sporty-heart-rate-monitoring-sleep-tracking-round-smartwatch/p/itm377c6697690ca?pid=SMWGZ7TJAKZ7NGHR&lid=LSTSMWGZ7TJAKZ7NGHRLVPAG6&marketplace=FLIPKART&q=smartwatch&store=ajy%2Fbuh&srno=s_3_116&otracker=search&fm=organic&iid=7e34084e-80d0-4189-8136-b565a0096750.SMWGZ7TJAKZ7NGHR.SEARCH&ppt=None&ppn=None&ssid=pc0bwe8ju80000001779038306830&qH=adc5bc5b72db9fa3&ov_redirect=true,,flipkart
"GOBOULT Drift BT Calling HD Display, 140+ Watchface, BT...",watches,1199.0,7999.0,85.0,0.0,0,https://rukminim2.flixcart.com/image/612/612/xif0q/smartwatch/j/q/o/-original-imaheeb4ctrxfymf.jpeg?q=70,https://www.flipkart.com/goboult-drift-bt-calling-hd-display-140-watchface-calling-ip68-smartwatch/p/itm50c9247c6b13c?pid=SMWGF5GETH3AH6WG&lid=LSTSMWGF5GETH3AH6WGVIN7BI&marketplace=FLIPKART&q=smartwatch&store=ajy%2Fbuh&srno=s_3_117&otracker=search&fm=organic&iid=en_Bd7uupHPjdGWiZ_NMVi652OSGuUA43H7d0NuKTMSKmxjBRJZlclNVuwf9viSyEO2Bag3JuGkWBZZBhR2F_LblmaRs4JL222ZRV-dN99QnxU%3D&ppt=None&ppn=None&ssid=pc0bwe8ju80000001779038306830&qH=adc5bc5b72db9fa3&ov_redirect=true,,flipkart
"GOBOULT Tuff Rivet 1.9'' HD Display, Working Crown , Qu...",watches,1499.0,5999.0,75.0,0.0,0,https://rukminim2.flixcart.com/image/612/612/xif0q/smartwatch/6/a/d/-original-imahgqzbwkhmxwyd.jpeg?q=70,https://www.flipkart.com/goboult-tuff-rivet-1-9-hd-display-working-crown-quick-access-torch-smartwatch/p/itm6a595aa82c2ae?pid=SMWHHRJTVJSZZAAH&lid=LSTSMWHHRJTVJSZZAAHHJY3GK&marketplace=FLIPKART&q=smartwatch&store=ajy%2Fbuh&srno=s_3_118&otracker=search&fm=organic&iid=en_Bd7uupHPjdGWiZ_NMVi652OSGuUA43H7d0NuKTMSKmzYT-Q5E6T2stYeXCTpCt4LLSqUj4GVNlI6XC5qRV5_fK8iqbiwhGf4dwbXVx7ZSks%3D&ppt=None&ppn=None&ssid=pc0bwe8ju80000001779038306830&qH=adc5bc5b72db9fa3&ov_redirect=true,,flipkart
"Cellecor RAY 1.43"" AMOLED Display | 700 NITS | AOD | BT...",watches,999.0,8999.0,88.0,0.0,0,https://rukminim2.flixcart.com/image/612/612/xif0q/smartwatch/v/z/j/-original-imahbx9ngxyzxmcf.jpeg?q=70,https://www.flipkart.com/cellecor-ray-1-43-amoled-display-700-nits-aod-bt-calling-ai-voice-split-screen-smartwatch/p/itm3a6f596a9d043?pid=SMWGWCCY3TAD9F8F&lid=LSTSMWGWCCY3TAD9F8FOB4A6P&marketplace=FLIPKART&q=smartwatch&store=ajy%2Fbuh&srno=s_3_119&otracker=search&fm=organic&iid=7e34084e-80d0-4189-8136-b565a0096750.SMWGWCCY3TAD9F8F.SEARCH&ppt=None&ppn=None&ssid=pc0bwe8ju80000001779038306830&qH=adc5bc5b72db9fa3&ov_redirect=true,,flipkart
"GOBOULT Drift Max 2.01''HD Screen, BT Calling, Working ...",watches,1499.0,7999.0,81.0,0.0,0,https://rukminim2.flixcart.com/image/612/612/xif0q/smartwatch/0/7/h/-original-imahejynxprzybuc.jpeg?q=70,https://www.flipkart.com/goboult-drift-max-2-01-hd-screen-bt-calling-working-crown-ip67-smartwatch/p/itme6bd91210f5c2?pid=SMWH6PTYR4HNHCF9&lid=LSTSMWH6PTYR4HNHCF9SX7ZYX&marketplace=FLIPKART&q=smartwatch&store=ajy%2Fbuh&srno=s_3_120&otracker=search&fm=organic&iid=7e34084e-80d0-4189-8136-b565a0096750.SMWH6PTYR4HNHCF9.SEARCH&ppt=None&ppn=None&ssid=pc0bwe8ju80000001779038306830&qH=adc5bc5b72db9fa3&ov_redirect=true,,flipkart
PHILIPS 126 cm (50 inch) QLED Ultra HD (4K) Smart Google TV 2025 Edition with Dolby Vision 30W Dolby A...,televisions,29999.0,32999.0,9.0,4.1,3645,https://rukminim2.flixcart.com/image/400/400/xif0q/television/p/v/7/-original-imahhercasfqfrgq.jpeg?q=70,https://www.flipkart.com/philips-126-cm-50-inch-qled-ultra-hd-4k-smart-google-tv-2025-dolby-vision-30w-atmos-120hz-refresh-rate-hdr-10-wider-colour-gamut-narrow-bezel-32-gb-storage/p/itme59b806d7f95a?pid=TVSHGGYHGHPNNYTT&lid=LSTTVSHGGYHGHPNNYTT4CQB5G&marketplace=FLIPKART&q=4k+television&store=ckf%2Fczl&srno=s_1_1&otracker=search&fm=organic&iid=en_oXO_eFfyyv8fTvug9ONGUqiMD1OtHPDLrAs69j9PCPVt4yO7scW_Ed3MMrEt9MSK0rBwP2iKVLCK3nDGv_us304IsYyWu-Pj9cxFjFAoaLk%3D&ppt=None&ppn=None&ssid=5gf095nj1c0000001779038310463&qH=8ddd666a78307b6f&ov_redirect=true,Ultra HD (4K) | QLED | Model ID: 50PQT8100/94 | Launch Year: 2025 | Total Sound Output: 30 W,flipkart
KODAK Matrix 126 cm (50 inch) QLED Ultra HD (4K) Smart Google TV with | 50W Sound Output | 2 Speaker |...,televisions,25999.0,40999.0,36.0,4.3,6983,https://rukminim2.flixcart.com/image/400/400/xif0q/television/a/i/r/-original-imahgxz4qss968vn.jpeg?q=70,https://www.flipkart.com/kodak-matrix-126-cm-50-inch-qled-ultra-hd-4k-smart-google-tv-50w-sound-output-2-speaker-550-nits-brightness-hdr-10-wcg-dolby-atmos-digital-plus-ai-pq-chipset-smooth-motion-assistant-bezel-less-design/p/itmcb900a7d9d50e?pid=TVSHE8ZFHYQ8RHHH&lid=LSTTVSHE8ZFHYQ8RHHHE0EQHD&marketplace=FLIPKART&q=4k+television&store=ckf%2Fczl&srno=s_1_2&otracker=search&fm=organic&iid=en_oXO_eFfyyv8fTvug9ONGUqiMD1OtHPDLrAs69j9PCPUxsaw-LHTiG5KKmqLQuuTmXtCnezVn2XVCKfNE-crjI3bokvd1CzEZnIJbyf1TmFY%3D&ppt=None&ppn=None&ssid=5gf095nj1c0000001779038310463&qH=8ddd666a78307b6f&ov_redirect=true,Ultra HD (4K) | QLED | Model ID: 50ST5015 | Launch Year: 2025 | Total Sound Output: 50 W,flipkart
realme TechLife 139 cm (55 inch) QLED Ultra HD (4K) Smart Google TV 2026 Edition,televisions,29499.0,66399.0,55.0,4.3,28617,https://rukminim2.flixcart.com/image/400/400/xif0q/television/n/x/l/-original-imahm8nzfdyhwajx.jpeg?q=70,https://www.flipkart.com/realme-techlife-139-cm-55-inch-qled-ultra-hd-4k-smart-google-tv-2026/p/itmdad8ce5e35c42?pid=TVSHKSD6WHHHZCGP&lid=LSTTVSHKSD6WHHHZCGPDNWTMS&marketplace=FLIPKART&q=4k+television&store=ckf%2Fczl&srno=s_1_3&otracker=search&fm=organic&iid=fb75cf7e-4ed2-4fb9-9d97-dcf20e4b0156.TVSHKSD6WHHHZCGP.SEARCH&ppt=None&ppn=None&ssid=5gf095nj1c0000001779038310463&qH=8ddd666a78307b6f&ov_redirect=true,Ultra HD (4K) | QLED | Model ID: 55UHDGQRASDQ | Launch Year: 2026 | Total Sound Output: 40 W,flipkart
acerpure Nitro Z 108 cm (43 inch) QLED Ultra HD (4K) Smart Google TV with 120 Hz HSR |Android 14 | GTV...,televisions,21999.0,49990.0,55.0,4.0,66,https://rukminim2.flixcart.com/image/400/400/xif0q/television/x/x/x/-original-imahkjjhqv5zgys3.jpeg?q=70,https://www.flipkart.com/acerpure-nitro-z-108-cm-43-inch-qled-ultra-hd-4k-smart-google-tv-120-hz-hsr-android-14-gtv-5-0-ref-design-dolby-vision-atmos-40w-sound-hdr10-350-nits-dual-wi-fi-bluetooth-built-in-satellite-tuner-allm-vrr-memc-cec-2-0-aipq-chipset-ai-content-generator-2gb-32gb-gaming-mode-wall-mount-included/p/itmd98c550916f13?pid=TVSHJYEACBGNWFUU&lid=LSTTVSHJYEACBGNWFUU23JJ8F&marketplace=FLIPKART&q=4k+television&store=ckf%2Fczl&srno=s_1_4&otracker=search&fm=organic&iid=fb75cf7e-4ed2-4fb9-9d97-dcf20e4b0156.TVSHJYEACBGNWFUU.SEARCH&ppt=None&ppn=None&ssid=5gf095nj1c0000001779038310463&qH=8ddd666a78307b6f&ov_redirect=true,Ultra HD (4K) | QLED | Model ID: AP43UGMT96ELNZ5 | Launch Year: 2025 | Total Sound Output: 40 W,flipkart
PHILIPS 138 cm (55 inch) Ultra HD (4K) Mini LED Smart Google TV 2025 Edition with Local Dimming Dolby ...,televisions,39999.0,84999.0,52.0,4.3,218,https://rukminim2.flixcart.com/image/400/400/xif0q/television/f/u/1/-original-imahher7nehzajyf.jpeg?q=70,https://www.flipkart.com/philips-138-cm-55-inch-ultra-hd-4k-mini-led-smart-google-tv-2025-local-dimming-dolby-vision-hdr10-36w-atmos-120hz-game-accelerator-filmmaker-mode-wider-colour-gamut-narrow-bezel-2gb-ram-32-gb-storage/p/itm2b602f8a21ef1?pid=TVSHGWQZZGQGRJ3H&lid=LSTTVSHGWQZZGQGRJ3HXCOP1N&marketplace=FLIPKART&q=4k+television&store=ckf%2Fczl&srno=s_1_5&otracker=search&fm=organic&iid=en_oXO_eFfyyv8fTvug9ONGUqiMD1OtHPDLrAs69j9PCPUzJHCW9BFNt0oods-k-GEpZNOfn-IWo4E0WeUHQ5d3jVF91k_NKRtsN7mkYTl-6AQ%3D&ppt=None&ppn=None&ssid=5gf095nj1c0000001779038310463&qH=8ddd666a78307b6f&ov_redirect=true,Ultra HD (4K) | Mini LED | Model ID: 55MLED610/94 | Launch Year: 2025 | Total Sound Output: 36 W,flipkart
acerpure Nitro 139 cm (55 inch) QLED Ultra HD (4K) Smart Google TV with 120 Hz GTV 5.0 |Android 14 |Do...,televisions,28999.0,80990.0,64.0,3.9,1936,https://rukminim2.flixcart.com/image/400/400/xif0q/television/i/g/p/-original-imahfhnwxdff5hdy.jpeg?q=70,https://www.flipkart.com/acerpure-nitro-139-cm-55-inch-qled-ultra-hd-4k-smart-google-tv-120-hz-gtv-5-0-android-14-dolby-vision-dolby-atmos-50w-sound-tuner-wi-fi-direct-allm-vrr-memc-karaoke-ai-gaming-wall-mount/p/itma2546b6494183?pid=TVSHEQG2DYAVGDYW&lid=LSTTVSHEQG2DYAVGDYWLJDDRZ&marketplace=FLIPKART&q=4k+television&store=ckf%2Fczl&srno=s_1_6&otracker=search&fm=organic&iid=en_oXO_eFfyyv8fTvug9ONGUqiMD1OtHPDLrAs69j9PCPW7hjMgfmXFsjgwtbCaaaOskS-AKQEhUzWf-5_S6YdnFw1kFuKnWaINrJqv3pKVKuU%3D&ppt=None&ppn=None&ssid=5gf095nj1c0000001779038310463&qH=8ddd666a78307b6f&ov_redirect=true,Ultra HD (4K) | QLED | Model ID: AP55UG75PNTO5 | Launch Year: 2025 | Total Sound Output: 50 W,flipkart
"realme TechLife 109 cm (43 inch) QLED Ultra HD (4K) Smart Google TV with 5.0 with Dolby Atmos, and 40 ...",televisions,21498.0,48799.0,55.0,4.3,28617,https://rukminim2.flixcart.com/image/400/400/xif0q/television/g/t/r/-original-imahg4z3tgnhfmgb.jpeg?q=70,https://www.flipkart.com/realme-techlife-109-cm-43-inch-qled-ultra-hd-4k-smart-google-tv-5-0-dolby-atmos-40-w-downfiring-speaker/p/itm7b1d163bd089b?pid=TVSHAEW6F2BC3R4S&lid=LSTTVSHAEW6F2BC3R4SNMECXC&marketplace=FLIPKART&q=4k+television&store=ckf%2Fczl&srno=s_1_7&otracker=search&fm=organic&iid=fb75cf7e-4ed2-4fb9-9d97-dcf20e4b0156.TVSHAEW6F2BC3R4S.SEARCH&ppt=None&ppn=None&ssid=5gf095nj1c0000001779038310463&qH=8ddd666a78307b6f&ov_redirect=true,Ultra HD (4K) | QLED | Model ID: 43UHDGQRVSAQ | Launch Year: 2025 | Total Sound Output: 40 W,flipkart
XIAOMI FX Pro 108 cm (43 inch) QLED Ultra HD (4K) Smart Fire TV with Alexa built-in | HDR 10+ | 32 GB ...,televisions,24999.0,44999.0,44.0,4.0,18588,https://rukminim2.flixcart.com/image/400/400/xif0q/television/b/t/y/-original-imahjph4xqhgvzv7.jpeg?q=70,https://www.flipkart.com/xiaomi-fx-pro-108-cm-43-inch-qled-ultra-hd-4k-smart-fire-tv-alexa-built-in-hdr-10-32-gb-storage-30w-dolby-audio-premium-metal-bezel-less-design-film-maker-mode-mi/p/itmcb56fdf94c19a?pid=TVSHBPGHRNAPJKTD&lid=LSTTVSHBPGHRNAPJKTD0NKGRJ&marketplace=FLIPKART&q=4k+television&store=ckf%2Fczl&srno=s_1_8&otracker=search&fm=organic&iid=fb75cf7e-4ed2-4fb9-9d97-dcf20e4b0156.TVSHBPGHRNAPJKTD.SEARCH&ppt=None&ppn=None&ssid=5gf095nj1c0000001779038310463&qH=8ddd666a78307b6f&ov_redirect=true,Ultra HD (4K) | QLED | Model ID: L43MB-FPIN | Launch Year: 2025 | Total Sound Output: 30 W,flipkart
PHILIPS 108 cm (43 inch) QLED Ultra HD (4K) Smart Google TV with Dolby Vision |30W Dolby Atmos | 120Hz...,televisions,25999.0,26999.0,3.0,4.1,3645,https://rukminim2.flixcart.com/image/400/400/xif0q/television/0/x/c/-original-imahhercsmnffdht.jpeg?q=70,https://www.flipkart.com/philips-108-cm-43-inch-qled-ultra-hd-4k-smart-google-tv-dolby-vision-30w-atmos-120hz-refresh-rate-hdr-10-wider-colour-gamut-narrow-bezel-32-gb-storage/p/itm59ca3adca93c0?pid=TVSHEBY6HXP2SPHY&lid=LSTTVSHEBY6HXP2SPHYSRO30B&marketplace=FLIPKART&q=4k+television&store=ckf%2Fczl&srno=s_1_9&otracker=search&fm=organic&iid=fb75cf7e-4ed2-4fb9-9d97-dcf20e4b0156.TVSHEBY6HXP2SPHY.SEARCH&ppt=None&ppn=None&ssid=5gf095nj1c0000001779038310463&qH=8ddd666a78307b6f&ov_redirect=true,Ultra HD (4K) | QLED | Model ID: 43PQT8100/94 | Launch Year: 2025 | Total Sound Output: 30 W,flipkart
XIAOMI 125 cm (50 inch) Ultra HD (4K) LED Smart Google TV with Dolby Vision | HDR 10 | 30W Dolby Audio...,televisions,27999.0,44999.0,37.0,4.3,87056,https://rukminim2.flixcart.com/image/400/400/xif0q/television/l/c/c/-original-imahju6jzbzfaxfn.jpeg?q=70,https://www.flipkart.com/xiaomi-125-cm-50-inch-ultra-hd-4k-led-smart-google-tv-dolby-vision-hdr-10-30w-audio-sound-film-maker-mode-120-hz-game-booster-mi/p/itmce8245110d0cf?pid=TVSHBPGHMGSJXVZP&lid=LSTTVSHBPGHMGSJXVZP9FVRZL&marketplace=FLIPKART&q=4k+television&store=ckf%2Fczl&srno=s_1_10&otracker=search&fm=organic&iid=fb75cf7e-4ed2-4fb9-9d97-dcf20e4b0156.TVSHBPGHMGSJXVZP.SEARCH&ppt=None&ppn=None&ssid=5gf095nj1c0000001779038310463&qH=8ddd666a78307b6f&ov_redirect=true,Ultra HD (4K) | LED | Model ID: L50MB-AIN | Launch Year: 2025 | Total Sound Output: 30 W,flipkart
Coocaa 138 cm (55 inch) Ultra HD (4K) Mini LED Smart Google TV 2025 Edition with Local Dimming - 2025 ...,televisions,30999.0,64999.0,52.0,4.3,131,https://rukminim2.flixcart.com/image/400/400/xif0q/television/e/d/b/-original-imahhwczzrekphrh.jpeg?q=70,https://www.flipkart.com/coocaa-138-cm-55-inch-ultra-hd-4k-mini-led-smart-google-tv-2025-local-dimming-dolby-vision-atmos-hdr-10-filmmaker-mode-120hz-game-accelerator-allm-memc-wide-colour-gamut-36w-sound-32-gb-storage/p/itmd864d11b11b60?pid=TVSHHJN37ZTZFGX2&lid=LSTTVSHHJN37ZTZFGX2GQCYKZ&marketplace=FLIPKART&q=4k+television&store=ckf%2Fczl&srno=s_1_11&otracker=search&fm=organic&iid=en_oXO_eFfyyv8fTvug9ONGUqiMD1OtHPDLrAs69j9PCPV_kpuoQyEybduRJXaZ6efk1P1jGIW5IJ65smlxAYTp_waKg8hQxVtMHqLTdaqeDbc%3D&ppt=None&ppn=None&ssid=5gf095nj1c0000001779038310463&qH=8ddd666a78307b6f&ov_redirect=true,Ultra HD (4K) | Mini LED | Model ID: 55MINI75Q | Launch Year: 2025 | Total Sound Output: 36 W,flipkart
PHILIPS 164 cm (65 inch) Ultra HD (4K) Mini LED Smart Google TV 2025 Edition with Local Dimming Dolby ...,televisions,53999.0,99999.0,46.0,4.3,218,https://rukminim2.flixcart.com/image/400/400/xif0q/television/v/x/n/-original-imahher7vxaushtk.jpeg?q=70,https://www.flipkart.com/philips-164-cm-65-inch-ultra-hd-4k-mini-led-smart-google-tv-2025-local-dimming-dolby-vision-hdr10-36w-atmos-120hz-game-accelerator-filmmaker-mode-wider-colour-gamut-narrow-bezel-2gb-ram-32-gb-storage/p/itm948284982797a?pid=TVSHGWQZKXZKMKKG&lid=LSTTVSHGWQZKXZKMKKGUN0MS9&marketplace=FLIPKART&q=4k+television&store=ckf%2Fczl&srno=s_1_12&otracker=search&fm=organic&iid=en_oXO_eFfyyv8fTvug9ONGUqiMD1OtHPDLrAs69j9PCPXfIPtSRzacpRyQzbQ9CvhnpxQ5rdBzd5IqDch2Up8HLh7zrT4gkWAkPCdPBnPCejA%3D&ppt=None&ppn=None&ssid=5gf095nj1c0000001779038310463&qH=8ddd666a78307b6f&ov_redirect=true,Ultra HD (4K) | Mini LED | Model ID: 65MLED610/94 | Launch Year: 2025 | Total Sound Output: 36 W,flipkart
realme TechLife 109 cm (43 inch) QLED Ultra HD (4K) Smart Google TV 2026 Edition,televisions,20499.0,49799.0,58.0,4.3,28617,https://rukminim2.flixcart.com/image/400/400/xif0q/television/e/v/w/-original-imahm8nzznhrgght.jpeg?q=70,https://www.flipkart.com/realme-techlife-109-cm-43-inch-qled-ultra-hd-4k-smart-google-tv-2026/p/itm789f13a1cfd7e?pid=TVSHKSD6R6QABGQN&lid=LSTTVSHKSD6R6QABGQNWDJMNC&marketplace=FLIPKART&q=4k+television&store=ckf%2Fczl&srno=s_1_13&otracker=search&fm=organic&iid=fb75cf7e-4ed2-4fb9-9d97-dcf20e4b0156.TVSHKSD6R6QABGQN.SEARCH&ppt=None&ppn=None&ssid=5gf095nj1c0000001779038310463&qH=8ddd666a78307b6f&ov_redirect=true,Ultra HD (4K) | QLED | Model ID: 43UHDGQRASDQ | Launch Year: 2026 | Total Sound Output: 40 W,flipkart
iFFALCON U65 108 cm (43 inch) Ultra HD (4K) LED Smart Google TV with MEMC | Dolby Vision-Atmos | HVA P...,televisions,18999.0,45899.0,58.0,4.2,17840,https://rukminim2.flixcart.com/image/400/400/xif0q/television/b/e/g/-original-imahbqqnm5cfnwzh.jpeg?q=70,https://www.flipkart.com/iffalcon-u65-108-cm-43-inch-ultra-hd-4k-led-smart-google-tv-memc-dolby-vision-atmos-hva-panel-metallic-bezel-less/p/itm84b02de97242d?pid=TVSHAVHG4F98JA2Y&lid=LSTTVSHAVHG4F98JA2YL4IBEX&marketplace=FLIPKART&q=4k+television&store=ckf%2Fczl&srno=s_1_14&otracker=search&fm=organic&iid=fb75cf7e-4ed2-4fb9-9d97-dcf20e4b0156.TVSHAVHG4F98JA2Y.SEARCH&ppt=None&ppn=None&ssid=5gf095nj1c0000001779038310463&qH=8ddd666a78307b6f&ov_redirect=true,Ultra HD (4K) | LED | Model ID: 43U65 | Launch Year: 2025 | Total Sound Output: 24 W,flipkart
XIAOMI X Series 108 cm (43 inch) Ultra HD (4K) LED Smart Google TV with Dolby Vision | HDR 10 | 30W Do...,televisions,25999.0,37999.0,31.0,4.3,87056,https://rukminim2.flixcart.com/image/400/400/xif0q/television/y/r/4/-original-imahju6juwxrg7mx.jpeg?q=70,https://www.flipkart.com/xiaomi-x-series-108-cm-43-inch-ultra-hd-4k-led-smart-google-tv-dolby-vision-hdr-10-30w-audio-sound-film-maker-mode-mi/p/itmd84a8d90cae9f?pid=TVSHBPGH65KFAQYQ&lid=LSTTVSHBPGH65KFAQYQJS1XLH&marketplace=FLIPKART&q=4k+television&store=ckf%2Fczl&srno=s_1_15&otracker=search&fm=organic&iid=fb75cf7e-4ed2-4fb9-9d97-dcf20e4b0156.TVSHBPGH65KFAQYQ.SEARCH&ppt=None&ppn=None&ssid=5gf095nj1c0000001779038310463&qH=8ddd666a78307b6f&ov_redirect=true,Ultra HD (4K) | LED | Model ID: L43MB-AIN | Launch Year: 2025 | Total Sound Output: 30 W,flipkart
"realme TechLife 109 cm (43 inch) Ultra HD (4K) LED Smart Google TV with 5.0 with Dolby Audio, and 40 W...",televisions,19299.0,40499.0,52.0,4.3,5461,https://rukminim2.flixcart.com/image/400/400/xif0q/television/w/q/s/-original-imahg4z3babggatg.jpeg?q=70,https://www.flipkart.com/realme-techlife-109-cm-43-inch-ultra-hd-4k-led-smart-google-tv-5-0-dolby-audio-40-w-downfiring-speaker/p/itma004a808effd9?pid=TVSHAEW6FGZKQ2AP&lid=LSTTVSHAEW6FGZKQ2APLSV0NR&marketplace=FLIPKART&q=4k+television&store=ckf%2Fczl&srno=s_1_16&otracker=search&fm=organic&iid=fb75cf7e-4ed2-4fb9-9d97-dcf20e4b0156.TVSHAEW6FGZKQ2AP.SEARCH&ppt=None&ppn=None&ssid=5gf095nj1c0000001779038310463&qH=8ddd666a78307b6f&ov_redirect=true,Ultra HD (4K) | LED | Model ID: 43UHDGDRVSAB | Launch Year: 2025 | Total Sound Output: 40 W,flipkart
KODAK Matrix 139 cm (55 inch) QLED Ultra HD (4K) Smart Google TV with 60W Sound Output | 4 Speaker | 5...,televisions,29999.0,45999.0,34.0,4.3,6983,https://rukminim2.flixcart.com/image/400/400/xif0q/television/n/w/y/-original-imahgxz4fxz94cec.jpeg?q=70,https://www.flipkart.com/kodak-matrix-139-cm-55-inch-qled-ultra-hd-4k-smart-google-tv-60w-sound-output-4-speaker-550-nits-brightness-hdr-10-wcg-dolby-atmos-digital-plus-ai-pq-chipset-smooth-motion-assistant-bezel-less-design/p/itm9d450382a51b1?pid=TVSHE8ZFZRZM3TAN&lid=LSTTVSHE8ZFZRZM3TANTARWT8&marketplace=FLIPKART&q=4k+television&store=ckf%2Fczl&srno=s_1_17&otracker=search&fm=organic&iid=en_oXO_eFfyyv8fTvug9ONGUqiMD1OtHPDLrAs69j9PCPXF_do1RZ8sU5kErWgIMqV1BZFgM9dejCwqAyQ8rDzQ1DaXAI15xQIPam6Hsx54Dy4%3D&ppt=None&ppn=None&ssid=5gf095nj1c0000001779038310463&qH=8ddd666a78307b6f&ov_redirect=true,Ultra HD (4K) | QLED | Model ID: 55ST5025 | Launch Year: 2025 | Total Sound Output: 60 W,flipkart
PHILIPS 189 cm (75 inch) Ultra HD (4K) Mini LED Smart Google TV 2026 Edition with Local Dimming Dolby ...,televisions,79999.0,189999.0,57.0,4.3,218,https://rukminim2.flixcart.com/image/400/400/xif0q/television/s/7/a/-original-imahher74gbguq7e.jpeg?q=70,https://www.flipkart.com/philips-189-cm-75-inch-ultra-hd-4k-mini-led-smart-google-tv-2026-local-dimming-dolby-vision-hdr10-36w-atmos-120hz-game-accelerator-filmmaker-mode-wider-colour-gamut-narrow-bezel-2gb-ram-32-gb-storage/p/itm7e01d1ba03363?pid=TVSHKCSKAHGYVATH&lid=LSTTVSHKCSKAHGYVATH2E5RXL&marketplace=FLIPKART&q=4k+television&store=ckf%2Fczl&srno=s_1_18&otracker=search&fm=organic&iid=en_oXO_eFfyyv8fTvug9ONGUqiMD1OtHPDLrAs69j9PCPVpskTCur29-VROlsm3Ce7x7Mh1WmpeIX9VzBKSX87FNysp2Pb6ljaD52iOeV1GD4o%3D&ppt=None&ppn=None&ssid=5gf095nj1c0000001779038310463&qH=8ddd666a78307b6f&ov_redirect=true,Ultra HD (4K) | Mini LED | Model ID: 75MLED610/94 | Launch Year: 2026 | Total Sound Output: 36 W,flipkart
XIAOMI F Series 108 cm (43 inch) Ultra HD (4K) LED Smart Fire TV with Dolby Audio | Box Speakers | Ale...,televisions,23499.0,37999.0,38.0,4.3,87056,https://rukminim2.flixcart.com/image/400/400/xif0q/television/p/n/p/-original-imahjph4qhhmxh2t.jpeg?q=70,https://www.flipkart.com/xiaomi-f-series-108-cm-43-inch-ultra-hd-4k-led-smart-fire-tv-dolby-audio-box-speakers-alexa-32gb-storage-filmmaker-mode-mi/p/itm9b2211eefe03b?pid=TVSHAVSFGEUJAK9U&lid=LSTTVSHAVSFGEUJAK9UWFABQR&marketplace=FLIPKART&q=4k+television&store=ckf%2Fczl&srno=s_1_19&otracker=search&fm=organic&iid=fb75cf7e-4ed2-4fb9-9d97-dcf20e4b0156.TVSHAVSFGEUJAK9U.SEARCH&ppt=None&ppn=None&ssid=5gf095nj1c0000001779038310463&qH=8ddd666a78307b6f&ov_redirect=true,Ultra HD (4K) | LED | Model ID: L43MB-FIN | Launch Year: 2025 | Total Sound Output: 24 W,flipkart
XIAOMI F Pro 138 cm (55 inch) QLED Ultra HD (4K) Smart Fire TV with 34W Box Speakers | Dolby Surround ...,televisions,35999.0,62999.0,42.0,4.0,18588,https://rukminim2.flixcart.com/image/400/400/xif0q/television/k/c/l/-original-imahjph4jjbrbksp.jpeg?q=70,https://www.flipkart.com/xiaomi-f-pro-138-cm-55-inch-qled-ultra-hd-4k-smart-fire-tv-34w-box-speakers-dolby-surround-sound-32gb-storage-filmmaker-mode-alexa-mi/p/itm75a67e5a59554?pid=TVSHCZC46UZJB8RZ&lid=LSTTVSHCZC46UZJB8RZXV8KG8&marketplace=FLIPKART&q=4k+television&store=ckf%2Fczl&srno=s_1_20&otracker=search&fm=organic&iid=fb75cf7e-4ed2-4fb9-9d97-dcf20e4b0156.TVSHCZC46UZJB8RZ.SEARCH&ppt=None&ppn=None&ssid=5gf095nj1c0000001779038310463&qH=8ddd666a78307b6f&ov_redirect=true,Ultra HD (4K) | QLED | Model ID: L55MB-FPIN | Launch Year: 2025 | Total Sound Output: 34 W,flipkart
Samsung Crystal 4K Infinity Vision 138 cm (55 inch) Ultra HD (4K) LED Smart Tizen TV with 4K Upscaling...,televisions,39999.0,57000.0,29.0,4.3,76790,https://rukminim2.flixcart.com/image/400/400/xif0q/television/t/b/u/-original-imahj83mqasj2vzn.jpeg?q=70,https://www.flipkart.com/samsung-crystal-4k-infinity-vision-138-cm-55-inch-ultra-hd-4k-led-smart-tizen-tv-upscaling-hdr-10-voice-assistance-remote-control-purcolor-slim-look-knox-security-100-free-channels-universal-gestures/p/itm901a5da81674b?pid=TVSHBCDQY5VWNVGH&lid=LSTTVSHBCDQY5VWNVGHERRVNC&marketplace=FLIPKART&q=4k+television&store=ckf%2Fczl&spotlightTagId=default_FkPickId_ckf%2Fczl&srno=s_1_21&otracker=search&fm=organic&iid=fb75cf7e-4ed2-4fb9-9d97-dcf20e4b0156.TVSHBCDQY5VWNVGH.SEARCH&ppt=None&ppn=None&ssid=5gf095nj1c0000001779038310463&qH=8ddd666a78307b6f&ov_redirect=true,Ultra HD (4K) | LED | Model ID: UA55UE84AFULXL | Launch Year: 2025 | Total Sound Output: 20 W,flipkart
Samsung Crystal 4K Infinity Vision 108 cm (43 inch) Ultra HD (4K) LED Smart Tizen TV with 4K Upscaling...,televisions,27740.0,41300.0,32.0,4.3,76790,https://rukminim2.flixcart.com/image/400/400/xif0q/television/b/n/a/-original-imahj83qyjgtseys.jpeg?q=70,https://www.flipkart.com/samsung-crystal-4k-infinity-vision-108-cm-43-inch-ultra-hd-4k-led-smart-tizen-tv-upscaling-hdr-10-voice-assistance-remote-control-purcolor-slim-look-knox-security-100-free-channels-universal-gestures/p/itm4c86e964ab2f9?pid=TVSHBCDQJGP8WKYT&lid=LSTTVSHBCDQJGP8WKYTLVBDFA&marketplace=FLIPKART&q=4k+television&store=ckf%2Fczl&spotlightTagId=default_BestsellerId_ckf%2Fczl&srno=s_1_22&otracker=search&fm=organic&iid=fb75cf7e-4ed2-4fb9-9d97-dcf20e4b0156.TVSHBCDQJGP8WKYT.SEARCH&ppt=None&ppn=None&ssid=5gf095nj1c0000001779038310463&qH=8ddd666a78307b6f&ov_redirect=true,Ultra HD (4K) | LED | Model ID: UA43UE84AFULXL | Launch Year: 2025 | Total Sound Output: 20 W,flipkart
XIAOMI X Series 138 cm (55 inch) Ultra HD (4K) LED Smart Google TV with Dolby Vision | HDR 10 | 34W Do...,televisions,35999.0,48999.0,26.0,4.3,87056,https://rukminim2.flixcart.com/image/400/400/xif0q/television/u/9/o/-original-imahju6jkgnyygmv.jpeg?q=70,https://www.flipkart.com/xiaomi-x-series-138-cm-55-inch-ultra-hd-4k-led-smart-google-tv-dolby-vision-hdr-10-34w-audio-sound-film-maker-mode-120-hz-game-booster-mi/p/itm1a76e08a5f312?pid=TVSHBPGHSBTTRE7R&lid=LSTTVSHBPGHSBTTRE7RMR87CD&marketplace=FLIPKART&q=4k+television&store=ckf%2Fczl&srno=s_1_23&otracker=search&fm=organic&iid=fb75cf7e-4ed2-4fb9-9d97-dcf20e4b0156.TVSHBPGHSBTTRE7R.SEARCH&ppt=None&ppn=None&ssid=5gf095nj1c0000001779038310463&qH=8ddd666a78307b6f&ov_redirect=true,Ultra HD (4K) | LED | Model ID: L55MB-AIN | Launch Year: 2025 | Total Sound Output: 34 W,flipkart
realme TechLife 108 cm (43 inch) Ultra HD (4K) LED Smart Google TV 2026 Edition,televisions,19299.0,40499.0,52.0,4.3,5461,https://rukminim2.flixcart.com/image/400/400/xif0q/television/k/r/5/-original-imahhvfg8ecpsuqe.jpeg?q=70,https://www.flipkart.com/realme-techlife-108-cm-43-inch-ultra-hd-4k-led-smart-google-tv-2026/p/itma99ebe24e38c9?pid=TVSHJHHEMAKHNWGF&lid=LSTTVSHJHHEMAKHNWGFFYSBL4&marketplace=FLIPKART&q=4k+television&store=ckf%2Fczl&srno=s_1_24&otracker=search&fm=organic&iid=fb75cf7e-4ed2-4fb9-9d97-dcf20e4b0156.TVSHJHHEMAKHNWGF.SEARCH&ppt=None&ppn=None&ssid=5gf095nj1c0000001779038310463&qH=8ddd666a78307b6f&ov_redirect=true,Ultra HD (4K) | LED | Model ID: 43UHDGDRWSDB | Launch Year: 2026 | Total Sound Output: 30 W,flipkart
"MOTOROLA 108 cm (43 inch) QLED Ultra HD (4K) Smart Google TV 2025 Edition with 5.0 OS, 30 W speaker, 1...",televisions,20999.0,49699.0,57.0,4.3,19690,https://rukminim2.flixcart.com/image/400/400/xif0q/television/m/t/b/-original-imahjqn9b9matrez.jpeg?q=70,https://www.flipkart.com/motorola-108-cm-43-inch-qled-ultra-hd-4k-smart-google-tv-2025-5-0-os-30-w-speaker-120hz-game-accelerator-dolby-audio/p/itm10eedba69f743?pid=TVSHJHHEU7ABFFN7&lid=LSTTVSHJHHEU7ABFFN7BVHCDK&marketplace=FLIPKART&q=4k+television&store=ckf%2Fczl&srno=s_2_25&otracker=search&fm=organic&iid=78dee154-fd37-4071-882b-d1188e7738ab.TVSHJHHEU7ABFFN7.SEARCH&ppt=None&ppn=None&ssid=x14iscjhww0000001779038313775&qH=8ddd666a78307b6f&ov_redirect=true,Ultra HD (4K) | QLED | Model ID: 43UHDGQMWSDQ | Launch Year: 2025 | Total Sound Output: 30 W,flipkart
PHILIPS 126 cm (50 inch) QLED Ultra HD (4K) Smart Google TV 2025 Edition with Dolby Vision 30W Dolby A...,televisions,29999.0,32999.0,9.0,4.1,3645,https://rukminim2.flixcart.com/image/400/400/xif0q/television/p/v/7/-original-imahhercasfqfrgq.jpeg?q=70,https://www.flipkart.com/philips-126-cm-50-inch-qled-ultra-hd-4k-smart-google-tv-2025-dolby-vision-30w-atmos-120hz-refresh-rate-hdr-10-wider-colour-gamut-narrow-bezel-32-gb-storage/p/itme59b806d7f95a?pid=TVSHGGYHGHPNNYTT&lid=LSTTVSHGGYHGHPNNYTT4CQB5G&marketplace=FLIPKART&q=4k+television&store=ckf%2Fczl&srno=s_2_26&otracker=search&fm=organic&iid=78dee154-fd37-4071-882b-d1188e7738ab.TVSHGGYHGHPNNYTT.SEARCH&ppt=None&ppn=None&ssid=x14iscjhww0000001779038313775&qH=8ddd666a78307b6f&ov_redirect=true,Ultra HD (4K) | QLED | Model ID: 50PQT8100/94 | Launch Year: 2025 | Total Sound Output: 30 W,flipkart
PHILIPS 126 cm (50 inch) QLED Ultra HD (4K) Smart Google TV 2025 Edition with Dolby Vision 30W Dolby A...,televisions,29999.0,32999.0,9.0,4.1,3645,https://rukminim2.flixcart.com/image/400/400/xif0q/television/p/v/7/-original-imahhercasfqfrgq.jpeg?q=70,https://www.flipkart.com/philips-126-cm-50-inch-qled-ultra-hd-4k-smart-google-tv-2025-dolby-vision-30w-atmos-120hz-refresh-rate-hdr-10-wider-colour-gamut-narrow-bezel-32-gb-storage/p/itme59b806d7f95a?pid=TVSHGGYHGHPNNYTT&lid=LSTTVSHGGYHGHPNNYTT4CQB5G&marketplace=FLIPKART&q=4k+television&store=ckf%2Fczl&srno=s_2_27&otracker=search&fm=organic&iid=en_fPyNqabz1ire0zfsywFlp-u1YMpwUngV8eEbIdFroSdlCWNerrsy9gD6-pbPrbZU0rBwP2iKVLCK3nDGv_us304IsYyWu-Pj9cxFjFAoaLk%3D&ppt=None&ppn=None&ssid=x14iscjhww0000001779038313775&qH=8ddd666a78307b6f&ov_redirect=true,Ultra HD (4K) | QLED | Model ID: 50PQT8100/94 | Launch Year: 2025 | Total Sound Output: 30 W,flipkart
PHILIPS 138 cm (55 inch) Ultra HD (4K) Mini LED Smart Google TV 2025 Edition with Local Dimming Dolby ...,televisions,39999.0,84999.0,52.0,4.3,218,https://rukminim2.flixcart.com/image/400/400/xif0q/television/f/u/1/-original-imahher7nehzajyf.jpeg?q=70,https://www.flipkart.com/philips-138-cm-55-inch-ultra-hd-4k-mini-led-smart-google-tv-2025-local-dimming-dolby-vision-hdr10-36w-atmos-120hz-game-accelerator-filmmaker-mode-wider-colour-gamut-narrow-bezel-2gb-ram-32-gb-storage/p/itm2b602f8a21ef1?pid=TVSHGWQZZGQGRJ3H&lid=LSTTVSHGWQZZGQGRJ3HXCOP1N&marketplace=FLIPKART&q=4k+television&store=ckf%2Fczl&srno=s_2_28&otracker=search&fm=organic&iid=en_fPyNqabz1ire0zfsywFlp-u1YMpwUngV8eEbIdFroScbZBpjMGnTtajiuRcjugvuZwso34SuCdWzXqsJPIlSWuo15S0a61Wzzbg3qNOknKY%3D&ppt=None&ppn=None&ssid=x14iscjhww0000001779038313775&qH=8ddd666a78307b6f&ov_redirect=true,Ultra HD (4K) | Mini LED | Model ID: 55MLED610/94 | Launch Year: 2025 | Total Sound Output: 36 W,flipkart
PHILIPS 138 cm (55 inch) QLED Ultra HD (4K) Smart Google TV with Dolby Vision |30W Dolby Atmos | 120Hz...,televisions,33499.0,44999.0,25.0,4.1,3645,https://rukminim2.flixcart.com/image/400/400/xif0q/television/c/j/d/-original-imahherczgaddtpy.jpeg?q=70,https://www.flipkart.com/philips-138-cm-55-inch-qled-ultra-hd-4k-smart-google-tv-dolby-vision-30w-atmos-120hz-refresh-rate-hdr-10-wider-colour-gamut-narrow-bezel-32-gb-storage/p/itm31e529b02ead2?pid=TVSHEBY6WXENSJME&lid=LSTTVSHEBY6WXENSJMEEPWNKG&marketplace=FLIPKART&q=4k+television&store=ckf%2Fczl&srno=s_2_29&otracker=search&fm=organic&iid=78dee154-fd37-4071-882b-d1188e7738ab.TVSHEBY6WXENSJME.SEARCH&ppt=None&ppn=None&ssid=x14iscjhww0000001779038313775&qH=8ddd666a78307b6f&ov_redirect=true,Ultra HD (4K) | QLED | Model ID: 55PQT8100/94 | Launch Year: 2025 | Total Sound Output: 30 W,flipkart
realme TechLife 139 cm (55 inch) QLED Ultra HD (4K) Smart WebOS TV,televisions,27999.0,64999.0,56.0,4.4,280,https://rukminim2.flixcart.com/image/400/400/xif0q/television/n/w/h/-original-imahgf8zdexcpy57.jpeg?q=70,https://www.flipkart.com/realme-techlife-139-cm-55-inch-qled-ultra-hd-4k-smart-webos-tv/p/itm6185e32b0e4ea?pid=TVSHGDD4XYMWXUKB&lid=LSTTVSHGDD4XYMWXUKBFGVLEN&marketplace=FLIPKART&q=4k+television&store=ckf%2Fczl&srno=s_2_30&otracker=search&fm=organic&iid=78dee154-fd37-4071-882b-d1188e7738ab.TVSHGDD4XYMWXUKB.SEARCH&ppt=None&ppn=None&ssid=x14iscjhww0000001779038313775&qH=8ddd666a78307b6f&ov_redirect=true,Ultra HD (4K) | QLED | Model ID: 55UHDWQRALLQ | Launch Year: 2025 | Total Sound Output: 30 W,flipkart
acerpure Nitro 139 cm (55 inch) QLED Ultra HD (4K) Smart Google TV with 120 Hz GTV 5.0 |Android 14 |Do...,televisions,28999.0,80990.0,64.0,3.9,1936,https://rukminim2.flixcart.com/image/400/400/xif0q/television/i/g/p/-original-imahfhnwxdff5hdy.jpeg?q=70,https://www.flipkart.com/acerpure-nitro-139-cm-55-inch-qled-ultra-hd-4k-smart-google-tv-120-hz-gtv-5-0-android-14-dolby-vision-dolby-atmos-50w-sound-tuner-wi-fi-direct-allm-vrr-memc-karaoke-ai-gaming-wall-mount/p/itma2546b6494183?pid=TVSHEQG2DYAVGDYW&lid=LSTTVSHEQG2DYAVGDYWLJDDRZ&marketplace=FLIPKART&q=4k+television&store=ckf%2Fczl&srno=s_2_31&otracker=search&fm=organic&iid=en_fPyNqabz1ire0zfsywFlp-u1YMpwUngV8eEbIdFroSdaAVGtGUqDrSn7wAA5Bie1E0e-MWHUFhxpugetTBKjmEhz9c-MSIoFe8xMxkfU6dM%3D&ppt=None&ppn=None&ssid=x14iscjhww0000001779038313775&qH=8ddd666a78307b6f&ov_redirect=true,Ultra HD (4K) | QLED | Model ID: AP55UG75PNTO5 | Launch Year: 2025 | Total Sound Output: 50 W,flipkart
Coocaa 138 cm (55 inch) Ultra HD (4K) Mini LED Smart Google TV 2025 Edition with Local Dimming - 2025 ...,televisions,30999.0,64999.0,52.0,4.3,131,https://rukminim2.flixcart.com/image/400/400/xif0q/television/e/d/b/-original-imahhwczzrekphrh.jpeg?q=70,https://www.flipkart.com/coocaa-138-cm-55-inch-ultra-hd-4k-mini-led-smart-google-tv-2025-local-dimming-dolby-vision-atmos-hdr-10-filmmaker-mode-120hz-game-accelerator-allm-memc-wide-colour-gamut-36w-sound-32-gb-storage/p/itmd864d11b11b60?pid=TVSHHJN37ZTZFGX2&lid=LSTTVSHHJN37ZTZFGX2GQCYKZ&marketplace=FLIPKART&q=4k+television&store=ckf%2Fczl&srno=s_2_32&otracker=search&fm=organic&iid=en_fPyNqabz1ire0zfsywFlp-u1YMpwUngV8eEbIdFroSdxCL6xAf6wHqlsi8pDPf4yGNNPCbmKJtS296mAdR617InfEY2D5bWfIUmTlXs_oiU%3D&ppt=None&ppn=None&ssid=x14iscjhww0000001779038313775&qH=8ddd666a78307b6f&ov_redirect=true,Ultra HD (4K) | Mini LED | Model ID: 55MINI75Q | Launch Year: 2025 | Total Sound Output: 36 W,flipkart
realme TechLife 126 cm (50 inch) QLED Ultra HD (4K) Smart Google TV,televisions,27499.0,58899.0,53.0,4.3,421,https://rukminim2.flixcart.com/image/400/400/xif0q/television/a/b/a/-original-imahg4z3bchhepfd.jpeg?q=70,https://www.flipkart.com/realme-techlife-126-cm-50-inch-qled-ultra-hd-4k-smart-google-tv/p/itma19d1ac8ed939?pid=TVSHD842YXTXNUH3&lid=LSTTVSHD842YXTXNUH3ESXPBC&marketplace=FLIPKART&q=4k+television&store=ckf%2Fczl&srno=s_2_33&otracker=search&fm=organic&iid=78dee154-fd37-4071-882b-d1188e7738ab.TVSHD842YXTXNUH3.SEARCH&ppt=None&ppn=None&ssid=x14iscjhww0000001779038313775&qH=8ddd666a78307b6f&ov_redirect=true,Ultra HD (4K) | QLED | Model ID: 50UHDGQRDDVQ | Launch Year: 2025 | Total Sound Output: 40 W,flipkart
TOSHIBA C350NP 139 cm (55 inch) Ultra HD (4K) LED Smart Google TV with Dolby Vision Atmos and REGZA En...,televisions,28999.0,53999.0,46.0,4.2,2540,https://rukminim2.flixcart.com/image/400/400/xif0q/television/p/a/9/-original-imahjf6yegzhq7qm.jpeg?q=70,https://www.flipkart.com/toshiba-c350np-139-cm-55-inch-ultra-hd-4k-led-smart-google-tv-dolby-vision-atmos-regza-engine-zr/p/itm2791f17a0e1f1?pid=TVSHF4RGTWWHQ8DY&lid=LSTTVSHF4RGTWWHQ8DYGKNGTT&marketplace=FLIPKART&q=4k+television&store=ckf%2Fczl&srno=s_2_34&otracker=search&fm=organic&iid=78dee154-fd37-4071-882b-d1188e7738ab.TVSHF4RGTWWHQ8DY.SEARCH&ppt=None&ppn=None&ssid=x14iscjhww0000001779038313775&qH=8ddd666a78307b6f&ov_redirect=true,Ultra HD (4K) | LED | Model ID: 55C350NP | Launch Year: 2024 | Total Sound Output: 24 W,flipkart
Haier 140 cm (55 inch) Ultra HD (4K) LED Smart Google TV with Voice Assistance Remote Control |HDR10 |...,televisions,41490.0,60990.0,31.0,4.4,578,https://rukminim2.flixcart.com/image/400/400/xif0q/television/7/p/9/-original-imahgx9zhwcvykgg.jpeg?q=70,https://www.flipkart.com/haier-140-cm-55-inch-ultra-hd-4k-led-smart-google-tv-voice-assistance-remote-control-hdr10-memc-dolby-audio-total-sonic-chromecast-built-in-dual-band-wi-fi-2gb-ram-32gb-rom/p/itm1c4397d3811e0?pid=TVSHFVPZHHX4PXE9&lid=LSTTVSHFVPZHHX4PXE9SR2VJI&marketplace=FLIPKART&q=4k+television&store=ckf%2Fczl&srno=s_2_35&otracker=search&fm=organic&iid=78dee154-fd37-4071-882b-d1188e7738ab.TVSHFVPZHHX4PXE9.SEARCH&ppt=None&ppn=None&ssid=x14iscjhww0000001779038313775&qH=8ddd666a78307b6f&ov_redirect=true,Ultra HD (4K) | LED | Model ID: 55H5E | Launch Year: 2025 | Total Sound Output: 20 W,flipkart
TCL 138 cm (55 inch) Ultra HD (4K) LED Smart Google TV with MEMC | Dolby Vision-Atmos | HVA Panel & Me...,televisions,32999.0,70190.0,52.0,4.1,6232,https://rukminim2.flixcart.com/image/400/400/xif0q/television/e/g/k/-original-imahexsnaahx3rfr.jpeg?q=70,https://www.flipkart.com/tcl-138-cm-55-inch-ultra-hd-4k-led-smart-google-tv-memc-dolby-vision-atmos-hva-panel-metallic-bezel-less/p/itm2637cadc573cd?pid=TVSHAHCUJNAY8B8G&lid=LSTTVSHAHCUJNAY8B8GZMJPYM&marketplace=FLIPKART&q=4k+television&store=ckf%2Fczl&srno=s_2_36&otracker=search&fm=organic&iid=78dee154-fd37-4071-882b-d1188e7738ab.TVSHAHCUJNAY8B8G.SEARCH&ppt=None&ppn=None&ssid=x14iscjhww0000001779038313775&qH=8ddd666a78307b6f&ov_redirect=true,Ultra HD (4K) | LED | Model ID: 55V6C | Launch Year: 2025 | Total Sound Output: 24 W,flipkart
PHILIPS 164 cm (65 inch) Ultra HD (4K) Mini LED Smart Google TV 2025 Edition with Local Dimming Dolby ...,televisions,53999.0,99999.0,46.0,4.3,218,https://rukminim2.flixcart.com/image/400/400/xif0q/television/v/x/n/-original-imahher7vxaushtk.jpeg?q=70,https://www.flipkart.com/philips-164-cm-65-inch-ultra-hd-4k-mini-led-smart-google-tv-2025-local-dimming-dolby-vision-hdr10-36w-atmos-120hz-game-accelerator-filmmaker-mode-wider-colour-gamut-narrow-bezel-2gb-ram-32-gb-storage/p/itm948284982797a?pid=TVSHGWQZKXZKMKKG&lid=LSTTVSHGWQZKXZKMKKGUN0MS9&marketplace=FLIPKART&q=4k+television&store=ckf%2Fczl&srno=s_2_37&otracker=search&fm=organic&iid=en_fPyNqabz1ire0zfsywFlp-u1YMpwUngV8eEbIdFroSdzVxSwErxGv_YSpeZKttsWrsCESyAMGTWjTMKPmGOfsWVkv0XZFiOX7bbXdlao_f8%3D&ppt=None&ppn=None&ssid=x14iscjhww0000001779038313775&qH=8ddd666a78307b6f&ov_redirect=true,Ultra HD (4K) | Mini LED | Model ID: 65MLED610/94 | Launch Year: 2025 | Total Sound Output: 36 W,flipkart
KODAK Matrix 139 cm (55 inch) QLED Ultra HD (4K) Smart Google TV with 60W Sound Output | 4 Speaker | 5...,televisions,29999.0,45999.0,34.0,4.3,6983,https://rukminim2.flixcart.com/image/400/400/xif0q/television/n/w/y/-original-imahgxz4fxz94cec.jpeg?q=70,https://www.flipkart.com/kodak-matrix-139-cm-55-inch-qled-ultra-hd-4k-smart-google-tv-60w-sound-output-4-speaker-550-nits-brightness-hdr-10-wcg-dolby-atmos-digital-plus-ai-pq-chipset-smooth-motion-assistant-bezel-less-design/p/itm9d450382a51b1?pid=TVSHE8ZFZRZM3TAN&lid=LSTTVSHE8ZFZRZM3TANTARWT8&marketplace=FLIPKART&q=4k+television&store=ckf%2Fczl&srno=s_2_38&otracker=search&fm=organic&iid=en_fPyNqabz1ire0zfsywFlp-u1YMpwUngV8eEbIdFroScebhInixVH1NaevA6oXsl2puMEC29-Md1SADss16iWDvcUmN_6PwCReg_VTM4VLxo%3D&ppt=None&ppn=None&ssid=x14iscjhww0000001779038313775&qH=8ddd666a78307b6f&ov_redirect=true,Ultra HD (4K) | QLED | Model ID: 55ST5025 | Launch Year: 2025 | Total Sound Output: 60 W,flipkart
TCL 108 cm (43 inch) Ultra HD (4K) LED Smart Google TV with MEMC | Dolby Vision-Atmos | HVA Panel & Me...,televisions,24990.0,47690.0,47.0,4.1,6232,https://rukminim2.flixcart.com/image/400/400/xif0q/television/c/n/r/-original-imahbqqmsqj4wxhm.jpeg?q=70,https://www.flipkart.com/tcl-108-cm-43-inch-ultra-hd-4k-led-smart-google-tv-memc-dolby-vision-atmos-hva-panel-metallic-bezel-less/p/itm5d378f9c2e8a7?pid=TVSHAHCUAXE3V9HD&lid=LSTTVSHAHCUAXE3V9HDJ7FFVY&marketplace=FLIPKART&q=4k+television&store=ckf%2Fczl&srno=s_2_39&otracker=search&fm=organic&iid=78dee154-fd37-4071-882b-d1188e7738ab.TVSHAHCUAXE3V9HD.SEARCH&ppt=None&ppn=None&ssid=x14iscjhww0000001779038313775&qH=8ddd666a78307b6f&ov_redirect=true,Ultra HD (4K) | LED | Model ID: 43V6C | Launch Year: 2025 | Total Sound Output: 24 W,flipkart
Haier 108 cm (43 inch) Ultra HD (4K) LED Smart Google TV with Voice Assistance Remote Control |HDR10 |...,televisions,27999.0,38990.0,28.0,4.4,578,https://rukminim2.flixcart.com/image/400/400/xif0q/television/t/v/1/-original-imahgzqdskfpwsea.jpeg?q=70,https://www.flipkart.com/haier-108-cm-43-inch-ultra-hd-4k-led-smart-google-tv-voice-assistance-remote-control-hdr10-memc-dolby-audio-total-sonic-chromecast-built-in-dual-band-wi-fi-2gb-ram-32gb-rom/p/itmb2548240bc5ff?pid=TVSHFVPZ8AESFWCX&lid=LSTTVSHFVPZ8AESFWCXV6RVSU&marketplace=FLIPKART&q=4k+television&store=ckf%2Fczl&srno=s_2_40&otracker=search&fm=organic&iid=78dee154-fd37-4071-882b-d1188e7738ab.TVSHFVPZ8AESFWCX.SEARCH&ppt=None&ppn=None&ssid=x14iscjhww0000001779038313775&qH=8ddd666a78307b6f&ov_redirect=true,Ultra HD (4K) | LED | Model ID: 43H5E | Launch Year: 2025 | Total Sound Output: 20 W,flipkart
acerpure Nitro 164 cm (65 inch) QLED Ultra HD (4K) Smart Google TV with 120 Hz GTV 5.0 |Android 14 |Do...,televisions,37999.0,110990.0,65.0,3.9,1936,https://rukminim2.flixcart.com/image/400/400/xif0q/television/z/q/g/-original-imahfhnwctefdcq9.jpeg?q=70,https://www.flipkart.com/acerpure-nitro-164-cm-65-inch-qled-ultra-hd-4k-smart-google-tv-120-hz-gtv-5-0-android-14-dolby-vision-dolby-atmos-50w-sound-tuner-wi-fi-direct-allm-vrr-memc-karaoke-ai-gaming-wall-mount/p/itm9c9372bae0ed3?pid=TVSHEQG27E6KGZFQ&lid=LSTTVSHEQG27E6KGZFQ4JKPXX&marketplace=FLIPKART&q=4k+television&store=ckf%2Fczl&srno=s_2_41&otracker=search&fm=organic&iid=en_fPyNqabz1ire0zfsywFlp-u1YMpwUngV8eEbIdFroSfWze4sCJkBKmcNUQAPDE5spZCmoJDDj9Qk4RTZGfBnFeI7uWi7bi3WLqk6JF-UYDE%3D&ppt=None&ppn=None&ssid=x14iscjhww0000001779038313775&qH=8ddd666a78307b6f&ov_redirect=true,Ultra HD (4K) | QLED | Model ID: AP65UG75PNTO5 | Launch Year: 2025 | Total Sound Output: 50 W,flipkart
PHILIPS 189 cm (75 inch) Ultra HD (4K) Mini LED Smart Google TV 2026 Edition with Local Dimming Dolby ...,televisions,79999.0,189999.0,57.0,4.3,218,https://rukminim2.flixcart.com/image/400/400/xif0q/television/s/7/a/-original-imahher74gbguq7e.jpeg?q=70,https://www.flipkart.com/philips-189-cm-75-inch-ultra-hd-4k-mini-led-smart-google-tv-2026-local-dimming-dolby-vision-hdr10-36w-atmos-120hz-game-accelerator-filmmaker-mode-wider-colour-gamut-narrow-bezel-2gb-ram-32-gb-storage/p/itm7e01d1ba03363?pid=TVSHKCSKAHGYVATH&lid=LSTTVSHKCSKAHGYVATH2E5RXL&marketplace=FLIPKART&q=4k+television&store=ckf%2Fczl&srno=s_2_42&otracker=search&fm=organic&iid=en_fPyNqabz1ire0zfsywFlp-u1YMpwUngV8eEbIdFroSeGSeMFQ4TxmI39-MfhUhZj7Mh1WmpeIX9VzBKSX87FN32jGuDLx_cmoBdxLHagfOw%3D&ppt=None&ppn=None&ssid=x14iscjhww0000001779038313775&qH=8ddd666a78307b6f&ov_redirect=true,Ultra HD (4K) | Mini LED | Model ID: 75MLED610/94 | Launch Year: 2026 | Total Sound Output: 36 W,flipkart
MOTOROLA 127 cm (50 inch) Ultra HD (4K) Mini LED Smart Google TV with Edition with Dolby Vision & Dolb...,televisions,28499.0,69099.0,58.0,4.4,1158,https://rukminim2.flixcart.com/image/400/400/xif0q/television/f/h/a/-original-imahh27yymz6gn3g.jpeg?q=70,https://www.flipkart.com/motorola-127-cm-50-inch-ultra-hd-4k-mini-led-smart-google-tv-dolby-vision-atmos/p/itm51a92cc9eb7c3?pid=TVSGYDXTHEKD9FJR&lid=LSTTVSGYDXTHEKD9FJRKGKBDD&marketplace=FLIPKART&q=4k+television&store=ckf%2Fczl&srno=s_2_43&otracker=search&fm=organic&iid=78dee154-fd37-4071-882b-d1188e7738ab.TVSGYDXTHEKD9FJR.SEARCH&ppt=None&ppn=None&ssid=x14iscjhww0000001779038313775&qH=8ddd666a78307b6f&ov_redirect=true,Ultra HD (4K) | Mini LED | Model ID: 50UHDGMMWKRQ | Launch Year: 2024 | Total Sound Output: 20 W,flipkart
Foxsky 127 cm (50 inch) Ultra HD (4K) Mini LED Smart WebOS TV 2026 Edition with 2.1CH Audio System Tun...,televisions,24999.0,59999.0,58.0,4.4,118,https://rukminim2.flixcart.com/image/400/400/xif0q/television/d/u/a/-original-imahk4fz5g3uxzmr.jpeg?q=70,https://www.flipkart.com/foxsky-127-cm-50-inch-ultra-hd-4k-mini-led-smart-webos-tv-2026-2-1ch-audio-system-tuned-40w-native-144-refresh-rate-dolby-vision-atmos/p/itm37fa28a524bd9?pid=TVSHJF6YUMDFFPHR&lid=LSTTVSHJF6YUMDFFPHR5DLWJT&marketplace=FLIPKART&q=4k+television&store=ckf%2Fczl&srno=s_2_44&otracker=search&fm=organic&iid=78dee154-fd37-4071-882b-d1188e7738ab.TVSHJF6YUMDFFPHR.SEARCH&ppt=None&ppn=None&ssid=x14iscjhww0000001779038313775&qH=8ddd666a78307b6f&ov_redirect=true,Ultra HD (4K) | Mini LED | Model ID: FS50MINILED | Launch Year: 2026 | Total Sound Output: 40 W,flipkart
"MOTOROLA 139.7 cm (55 inch) QLED Ultra HD (4K) Smart Google TV 2025 Edition with 5.0 OS, 50 W speaker,...",televisions,30999.0,66999.0,53.0,4.3,19690,https://rukminim2.flixcart.com/image/400/400/xif0q/television/c/x/9/-original-imahjw53gbuhvzcf.jpeg?q=70,https://www.flipkart.com/motorola-139-7-cm-55-inch-qled-ultra-hd-4k-smart-google-tv-2025-5-0-os-50-w-speaker-120hz-game-accelerator-dolby-atmos/p/itm30bc4889e0a58?pid=TVSHGNZ5UFUSPGEH&lid=LSTTVSHGNZ5UFUSPGEHIWQM1O&marketplace=FLIPKART&q=4k+television&store=ckf%2Fczl&srno=s_2_45&otracker=search&fm=organic&iid=78dee154-fd37-4071-882b-d1188e7738ab.TVSHGNZ5UFUSPGEH.SEARCH&ppt=None&ppn=None&ssid=x14iscjhww0000001779038313775&qH=8ddd666a78307b6f&ov_redirect=true,Ultra HD (4K) | QLED | Model ID: 55UHDGQMWSDQ | Launch Year: 2025 | Total Sound Output: 50 W,flipkart
Samsung 108 cm (43 inch) QLED Ultra HD (4K) Smart Tizen TV with Vision AI |100% Color Volume with Quan...,televisions,32999.0,50600.0,34.0,4.2,4260,https://rukminim2.flixcart.com/image/400/400/xif0q/television/v/a/r/-original-imahj83pcyndh9et.jpeg?q=70,https://www.flipkart.com/samsung-108-cm-43-inch-qled-ultra-hd-4k-smart-tizen-tv-vision-ai-100-color-volume-quantum-dot-real-sheet-hdr-pantone-validated-4k-upscaling-knox-security-100-free-channels/p/itm2a1a13358a704?pid=TVSHECAJXJZDH33Z&lid=LSTTVSHECAJXJZDH33ZODL5MD&marketplace=FLIPKART&q=4k+television&store=ckf%2Fczl&srno=s_2_46&otracker=search&fm=organic&iid=78dee154-fd37-4071-882b-d1188e7738ab.TVSHECAJXJZDH33Z.SEARCH&ppt=None&ppn=None&ssid=x14iscjhww0000001779038313775&qH=8ddd666a78307b6f&ov_redirect=true,Ultra HD (4K) | QLED | Model ID: QA43QEF6AULXL | Launch Year: 2025 | Total Sound Output: 20 W,flipkart
Foxsky 165 cm (65 inch) Ultra HD (4K) LED Smart Android TV,televisions,34499.0,129990.0,73.0,4.1,18545,https://rukminim2.flixcart.com/image/400/400/xif0q/television/t/k/9/-original-imahhxgg4qyjb4gm.jpeg?q=70,https://www.flipkart.com/foxsky-165-cm-65-inch-ultra-hd-4k-led-smart-android-tv/p/itm36ed9f24694df?pid=TVSGEMUBMYSZCJRN&lid=LSTTVSGEMUBMYSZCJRNSJELXO&marketplace=FLIPKART&q=4k+television&store=ckf%2Fczl&srno=s_2_47&otracker=search&fm=organic&iid=en_fPyNqabz1ire0zfsywFlp-u1YMpwUngV8eEbIdFroSfrsW4CCCSxhuGyMPETBtrCqeceiWa0RzdMbiaitwGlNADM2KWit8hFHxJOvPdMi04%3D&ppt=None&ppn=None&ssid=x14iscjhww0000001779038313775&qH=8ddd666a78307b6f&ov_redirect=true,Ultra HD (4K) | LED | Model ID: 65FS-VS | Launch Year: 2023 | Total Sound Output: 30 W,flipkart
acerpure NITRO 189.2 cm (75 inch) QLED Ultra HD (4K) Smart Google TV with 120 Hz GTV 5.0 |Android 14 |...,televisions,53499.0,125290.0,57.0,3.9,1936,https://rukminim2.flixcart.com/image/400/400/xif0q/television/u/t/2/-original-imahfvzgghqymrgp.jpeg?q=70,https://www.flipkart.com/acerpure-nitro-189-2-cm-75-inch-qled-ultra-hd-4k-smart-google-tv-120-hz-gtv-5-0-android-14-dolby-vision-dolby-atmos-50w-sound-tuner-wi-fi-direct-allm-vrr-memc-karaoke-ai-gaming-wall-mount/p/itm9e0db86628a22?pid=TVSHFNYYVUTK5UA5&lid=LSTTVSHFNYYVUTK5UA5J4SSZY&marketplace=FLIPKART&q=4k+television&store=ckf%2Fczl&srno=s_2_48&otracker=search&fm=organic&iid=en_fPyNqabz1ire0zfsywFlp-u1YMpwUngV8eEbIdFroScJZiphx2ysUHUmcsfZUdGbrq7E9BppjFiXXsVS95of_406z3QAm4-AoFL_C4Jep-g%3D&ppt=None&ppn=None&ssid=x14iscjhww0000001779038313775&qH=8ddd666a78307b6f&ov_redirect=true,Ultra HD (4K) | QLED | Model ID: AP75UG75PNTO5 | Launch Year: 2025 | Total Sound Output: 50 W,flipkart
MOTOROLA 140 cm (55 inch) Ultra HD (4K) Mini LED Smart Google TV with Edition with Dolby Vision & Dolb...,televisions,33998.0,69999.0,51.0,4.4,1158,https://rukminim2.flixcart.com/image/400/400/xif0q/television/q/b/a/-original-imahh27yg5a5penb.jpeg?q=70,https://www.flipkart.com/motorola-140-cm-55-inch-ultra-hd-4k-mini-led-smart-google-tv-dolby-vision-atmos/p/itm5f5962c05c65e?pid=TVSGYDXTMHNQFEFS&lid=LSTTVSGYDXTMHNQFEFSFV1IGU&marketplace=FLIPKART&q=4k+television&store=ckf%2Fczl&srno=s_3_49&otracker=search&fm=organic&iid=9a9de0fb-06c9-4211-861a-c221d04cbf1d.TVSGYDXTMHNQFEFS.SEARCH&ppt=None&ppn=None&ssid=aao1jy6m680000001779038316760&qH=8ddd666a78307b6f&ov_redirect=true,Ultra HD (4K) | Mini LED | Model ID: 55UHDGMMWKRQ | Launch Year: 2024 | Total Sound Output: 20 W,flipkart
"Foxsky 127 cm (50 inch) QLED Ultra HD (4K) Smart Google TV with Dolby Audio, HDR10 ( 2024)",televisions,22499.0,85990.0,73.0,4.1,9310,https://rukminim2.flixcart.com/image/400/400/xif0q/television/c/d/z/-original-imahhxggcy8r7b4p.jpeg?q=70,https://www.flipkart.com/foxsky-127-cm-50-inch-qled-ultra-hd-4k-smart-google-tv-dolby-audio-hdr10-2024/p/itm1cdd59602db85?pid=TVSH2Z3CKHYJ3SWZ&lid=LSTTVSH2Z3CKHYJ3SWZ4KOCZI&marketplace=FLIPKART&q=4k+television&store=ckf%2Fczl&srno=s_3_50&otracker=search&fm=organic&iid=9a9de0fb-06c9-4211-861a-c221d04cbf1d.TVSH2Z3CKHYJ3SWZ.SEARCH&ppt=None&ppn=None&ssid=aao1jy6m680000001779038316760&qH=8ddd666a78307b6f&ov_redirect=true,Ultra HD (4K) | QLED | Model ID: 50FS-LED TV | Launch Year: 2024 | Total Sound Output: 30 W,flipkart
PHILIPS 126 cm (50 inch) QLED Ultra HD (4K) Smart Google TV 2025 Edition with Dolby Vision 30W Dolby A...,televisions,29999.0,32999.0,9.0,4.1,3645,https://rukminim2.flixcart.com/image/400/400/xif0q/television/p/v/7/-original-imahhercasfqfrgq.jpeg?q=70,https://www.flipkart.com/philips-126-cm-50-inch-qled-ultra-hd-4k-smart-google-tv-2025-dolby-vision-30w-atmos-120hz-refresh-rate-hdr-10-wider-colour-gamut-narrow-bezel-32-gb-storage/p/itme59b806d7f95a?pid=TVSHGGYHGHPNNYTT&lid=LSTTVSHGGYHGHPNNYTT4CQB5G&marketplace=FLIPKART&q=4k+television&store=ckf%2Fczl&srno=s_3_51&otracker=search&fm=organic&iid=en_Wy__URe3rdNM26z9tNnX4SXETVL5dcqOOv8lPYKasFVbgGTC72Rr5AFaNhfUgj6V0rBwP2iKVLCK3nDGv_us304IsYyWu-Pj9cxFjFAoaLk%3D&ppt=None&ppn=None&ssid=aao1jy6m680000001779038316760&qH=8ddd666a78307b6f&ov_redirect=true,Ultra HD (4K) | QLED | Model ID: 50PQT8100/94 | Launch Year: 2025 | Total Sound Output: 30 W,flipkart
PHILIPS 138 cm (55 inch) Ultra HD (4K) Mini LED Smart Google TV 2025 Edition with Local Dimming Dolby ...,televisions,39999.0,84999.0,52.0,4.3,218,https://rukminim2.flixcart.com/image/400/400/xif0q/television/f/u/1/-original-imahher7nehzajyf.jpeg?q=70,https://www.flipkart.com/philips-138-cm-55-inch-ultra-hd-4k-mini-led-smart-google-tv-2025-local-dimming-dolby-vision-hdr10-36w-atmos-120hz-game-accelerator-filmmaker-mode-wider-colour-gamut-narrow-bezel-2gb-ram-32-gb-storage/p/itm2b602f8a21ef1?pid=TVSHGWQZZGQGRJ3H&lid=LSTTVSHGWQZZGQGRJ3HXCOP1N&marketplace=FLIPKART&q=4k+television&store=ckf%2Fczl&srno=s_3_52&otracker=search&fm=organic&iid=en_Wy__URe3rdNM26z9tNnX4SXETVL5dcqOOv8lPYKasFV9sYZ52x6Kzk5kCirewOkrZwso34SuCdWzXqsJPIlSWuo15S0a61Wzzbg3qNOknKY%3D&ppt=None&ppn=None&ssid=aao1jy6m680000001779038316760&qH=8ddd666a78307b6f&ov_redirect=true,Ultra HD (4K) | Mini LED | Model ID: 55MLED610/94 | Launch Year: 2025 | Total Sound Output: 36 W,flipkart
"realme TechLife 127 cm (50 inch) Ultra HD (4K) LED Smart Google TV 2025 Edition with 5.0 OS, Dolby Aud...",televisions,26599.0,56199.0,52.0,4.3,5461,https://rukminim2.flixcart.com/image/400/400/xif0q/television/s/b/g/-original-imahjrtagpzwnjw2.jpeg?q=70,https://www.flipkart.com/realme-techlife-127-cm-50-inch-ultra-hd-4k-led-smart-google-tv-2025-5-0-os-dolby-audio-30-w-downfiring-speaker/p/itm53a45172576fc?pid=TVSHGNZ9W3VRYHCR&lid=LSTTVSHGNZ9W3VRYHCRVNZGZM&marketplace=FLIPKART&q=4k+television&store=ckf%2Fczl&srno=s_3_53&otracker=search&fm=organic&iid=9a9de0fb-06c9-4211-861a-c221d04cbf1d.TVSHGNZ9W3VRYHCR.SEARCH&ppt=None&ppn=None&ssid=aao1jy6m680000001779038316760&qH=8ddd666a78307b6f&ov_redirect=true,Ultra HD (4K) | LED | Model ID: 50UHDGDRWSDB | Launch Year: 2025 | Total Sound Output: 30 W,flipkart
Thomson Phoenix 108 cm (43 inch) QLED Ultra HD (4K) Smart Google TV,televisions,18399.0,31999.0,42.0,4.3,38360,https://rukminim2.flixcart.com/image/400/400/xif0q/television/u/x/d/-original-imahbzscyfrpvqwe.jpeg?q=70,https://www.flipkart.com/thomson-phoenix-108-cm-43-inch-qled-ultra-hd-4k-smart-google-tv/p/itm4130d35a190b0?pid=TVSGSHZRWZPTZ47Z&lid=LSTTVSGSHZRWZPTZ47Z37M5HK&marketplace=FLIPKART&q=4k+television&store=ckf%2Fczl&srno=s_3_54&otracker=search&fm=organic&iid=9a9de0fb-06c9-4211-861a-c221d04cbf1d.TVSGSHZRWZPTZ47Z.SEARCH&ppt=None&ppn=None&ssid=aao1jy6m680000001779038316760&qH=8ddd666a78307b6f&ov_redirect=true,Ultra HD (4K) | QLED | Model ID: Q43H1110 | Launch Year: 2024 | Total Sound Output: 40 W,flipkart
"MOTOROLA 127 cm (50 inch) QLED Ultra HD (4K) Smart Google TV 2025 Edition with 5.0 OS, 50 W speaker, 1...",televisions,27499.0,58999.0,53.0,0.0,0,https://rukminim2.flixcart.com/image/400/400/xif0q/television/m/9/r/-original-imahjw53gg35vh7r.jpeg?q=70,https://www.flipkart.com/motorola-127-cm-50-inch-qled-ultra-hd-4k-smart-google-tv-2025-5-0-os-50-w-speaker-120hz-game-accelerator-dolby-atmos/p/itma3b60b7a36d75?pid=TVSHGNZ5CQHK5BUC&lid=LSTTVSHGNZ5CQHK5BUCNU2FFA&marketplace=FLIPKART&q=4k+television&store=ckf%2Fczl&srno=s_3_55&otracker=search&fm=organic&iid=9a9de0fb-06c9-4211-861a-c221d04cbf1d.TVSHGNZ5CQHK5BUC.SEARCH&ppt=None&ppn=None&ssid=aao1jy6m680000001779038316760&qH=8ddd666a78307b6f&ov_redirect=true,Ultra HD (4K) | QLED | Model ID: 50UHDGQMWSDQ | Launch Year: 2025 | Total Sound Output: 50 W,flipkart
Samsung Crystal 4K Vision Pro 108 cm (43 inch) Ultra HD (4K) LED Smart Tizen TV with Bright Vision | 4...,televisions,19999.0,43200.0,53.0,4.3,76790,https://rukminim2.flixcart.com/image/400/400/xif0q/television/u/v/o/-original-imah2v2gamua43wz.jpeg?q=70,https://www.flipkart.com/samsung-crystal-4k-vision-pro-108-cm-43-inch-ultra-hd-4k-led-smart-tizen-tv-bright-upscaling-multiple-voice-assistance-remote-purcolor-hdr-10-auto-game-mode-q-symphony-knox-security/p/itme92fd82fd18b8?pid=TVSGYWKBKGZZ7FKY&lid=LSTTVSGYWKBKGZZ7FKYGN28O7&marketplace=FLIPKART&q=4k+television&store=ckf%2Fczl&srno=s_3_56&otracker=search&fm=organic&iid=9a9de0fb-06c9-4211-861a-c221d04cbf1d.TVSGYWKBKGZZ7FKY.SEARCH&ppt=None&ppn=None&ssid=aao1jy6m680000001779038316760&qH=8ddd666a78307b6f&ov_redirect=true,Ultra HD (4K) | LED | Model ID: UA43DUE76AKLXL | Launch Year: 2024 | Total Sound Output: 20 W,flipkart
acerpure Nitro 139 cm (55 inch) QLED Ultra HD (4K) Smart Google TV with 120 Hz GTV 5.0 |Android 14 |Do...,televisions,28999.0,80990.0,64.0,3.9,1936,https://rukminim2.flixcart.com/image/400/400/xif0q/television/i/g/p/-original-imahfhnwxdff5hdy.jpeg?q=70,https://www.flipkart.com/acerpure-nitro-139-cm-55-inch-qled-ultra-hd-4k-smart-google-tv-120-hz-gtv-5-0-android-14-dolby-vision-dolby-atmos-50w-sound-tuner-wi-fi-direct-allm-vrr-memc-karaoke-ai-gaming-wall-mount/p/itma2546b6494183?pid=TVSHEQG2DYAVGDYW&lid=LSTTVSHEQG2DYAVGDYWLJDDRZ&marketplace=FLIPKART&q=4k+television&store=ckf%2Fczl&srno=s_3_57&otracker=search&fm=organic&iid=en_Wy__URe3rdNM26z9tNnX4SXETVL5dcqOOv8lPYKasFWiDYb3TCadRn80MuwBNvEdE0e-MWHUFhxpugetTBKjmEhz9c-MSIoFe8xMxkfU6dM%3D&ppt=None&ppn=None&ssid=aao1jy6m680000001779038316760&qH=8ddd666a78307b6f&ov_redirect=true,Ultra HD (4K) | QLED | Model ID: AP55UG75PNTO5 | Launch Year: 2025 | Total Sound Output: 50 W,flipkart
Coocaa 138 cm (55 inch) Ultra HD (4K) Mini LED Smart Google TV 2025 Edition with Local Dimming - 2025 ...,televisions,30999.0,64999.0,52.0,4.3,131,https://rukminim2.flixcart.com/image/400/400/xif0q/television/e/d/b/-original-imahhwczzrekphrh.jpeg?q=70,https://www.flipkart.com/coocaa-138-cm-55-inch-ultra-hd-4k-mini-led-smart-google-tv-2025-local-dimming-dolby-vision-atmos-hdr-10-filmmaker-mode-120hz-game-accelerator-allm-memc-wide-colour-gamut-36w-sound-32-gb-storage/p/itmd864d11b11b60?pid=TVSHHJN37ZTZFGX2&lid=LSTTVSHHJN37ZTZFGX2GQCYKZ&marketplace=FLIPKART&q=4k+television&store=ckf%2Fczl&srno=s_3_58&otracker=search&fm=organic&iid=en_Wy__URe3rdNM26z9tNnX4SXETVL5dcqOOv8lPYKasFXEWZNe_8eSpL-4uIQQbDCxGNNPCbmKJtS296mAdR617InfEY2D5bWfIUmTlXs_oiU%3D&ppt=None&ppn=None&ssid=aao1jy6m680000001779038316760&qH=8ddd666a78307b6f&ov_redirect=true,Ultra HD (4K) | Mini LED | Model ID: 55MINI75Q | Launch Year: 2025 | Total Sound Output: 36 W,flipkart
realme TechLife 139 cm (55 inch) Ultra HD (4K) LED Smart Google TV,televisions,27999.0,63599.0,55.0,4.3,5461,https://rukminim2.flixcart.com/image/400/400/xif0q/television/o/u/0/-original-imahg4z3et6f9dzz.jpeg?q=70,https://www.flipkart.com/realme-techlife-139-cm-55-inch-ultra-hd-4k-led-smart-google-tv/p/itm5e6333ceda8d3?pid=TVSHD842GJHM2C2Z&lid=LSTTVSHD842GJHM2C2ZPY4XLC&marketplace=FLIPKART&q=4k+television&store=ckf%2Fczl&srno=s_3_59&otracker=search&fm=organic&iid=9a9de0fb-06c9-4211-861a-c221d04cbf1d.TVSHD842GJHM2C2Z.SEARCH&ppt=None&ppn=None&ssid=aao1jy6m680000001779038316760&qH=8ddd666a78307b6f&ov_redirect=true,Ultra HD (4K) | LED | Model ID: 55UHDGDRDDVB | Launch Year: 2025 | Total Sound Output: 30 W,flipkart
Blaupunkt 108 cm (43 inch) QLED Ultra HD (4K) Smart JioTele OS TV with 40W Sound Output | 2 Speaker | ...,televisions,18499.0,29999.0,38.0,3.9,788,https://rukminim2.flixcart.com/image/400/400/xif0q/television/y/h/b/-original-imahfuzdwhybe3qs.jpeg?q=70,https://www.flipkart.com/blaupunkt-108-cm-43-inch-qled-ultra-hd-4k-smart-jiotele-os-tv-40w-sound-output-2-speaker-450-nits-brightness-dolby-audio-multilingual-voice-assistant-300-free-live-channels-jiogames-web-browser-sports-mode-bezel-less-design/p/itmd45c82cefdafd?pid=TVSHEQK8DHDZ6KH2&lid=LSTTVSHEQK8DHDZ6KH2KF7BIS&marketplace=FLIPKART&q=4k+television&store=ckf%2Fczl&srno=s_3_60&otracker=search&fm=organic&iid=9a9de0fb-06c9-4211-861a-c221d04cbf1d.TVSHEQK8DHDZ6KH2.SEARCH&ppt=None&ppn=None&ssid=aao1jy6m680000001779038316760&qH=8ddd666a78307b6f&ov_redirect=true,Ultra HD (4K) | QLED | Model ID: BP43JQD0016 | Launch Year: 2025 | Total Sound Output: 40 W,flipkart
PHILIPS 164 cm (65 inch) Ultra HD (4K) Mini LED Smart Google TV 2025 Edition with Local Dimming Dolby ...,televisions,53999.0,99999.0,46.0,4.3,218,https://rukminim2.flixcart.com/image/400/400/xif0q/television/v/x/n/-original-imahher7vxaushtk.jpeg?q=70,https://www.flipkart.com/philips-164-cm-65-inch-ultra-hd-4k-mini-led-smart-google-tv-2025-local-dimming-dolby-vision-hdr10-36w-atmos-120hz-game-accelerator-filmmaker-mode-wider-colour-gamut-narrow-bezel-2gb-ram-32-gb-storage/p/itm948284982797a?pid=TVSHGWQZKXZKMKKG&lid=LSTTVSHGWQZKXZKMKKGUN0MS9&marketplace=FLIPKART&q=4k+television&store=ckf%2Fczl&srno=s_3_61&otracker=search&fm=organic&iid=en_Wy__URe3rdNM26z9tNnX4SXETVL5dcqOOv8lPYKasFVnlX2CerwX19oN8-K0odTDrsCESyAMGTWjTMKPmGOfsWVkv0XZFiOX7bbXdlao_f8%3D&ppt=None&ppn=None&ssid=aao1jy6m680000001779038316760&qH=8ddd666a78307b6f&ov_redirect=true,Ultra HD (4K) | Mini LED | Model ID: 65MLED610/94 | Launch Year: 2025 | Total Sound Output: 36 W,flipkart
KODAK Matrix 139 cm (55 inch) QLED Ultra HD (4K) Smart Google TV with 60W Sound Output | 4 Speaker | 5...,televisions,29999.0,45999.0,34.0,4.3,6983,https://rukminim2.flixcart.com/image/400/400/xif0q/television/n/w/y/-original-imahgxz4fxz94cec.jpeg?q=70,https://www.flipkart.com/kodak-matrix-139-cm-55-inch-qled-ultra-hd-4k-smart-google-tv-60w-sound-output-4-speaker-550-nits-brightness-hdr-10-wcg-dolby-atmos-digital-plus-ai-pq-chipset-smooth-motion-assistant-bezel-less-design/p/itm9d450382a51b1?pid=TVSHE8ZFZRZM3TAN&lid=LSTTVSHE8ZFZRZM3TANTARWT8&marketplace=FLIPKART&q=4k+television&store=ckf%2Fczl&srno=s_3_62&otracker=search&fm=organic&iid=en_Wy__URe3rdNM26z9tNnX4SXETVL5dcqOOv8lPYKasFUDERBxJaSE8EEUUd5sgbp1puMEC29-Md1SADss16iWDvcUmN_6PwCReg_VTM4VLxo%3D&ppt=None&ppn=None&ssid=aao1jy6m680000001779038316760&qH=8ddd666a78307b6f&ov_redirect=true,Ultra HD (4K) | QLED | Model ID: 55ST5025 | Launch Year: 2025 | Total Sound Output: 60 W,flipkart
Thomson TV 108 cm (43 inch) QLED Ultra HD (4K) Smart JioTele OS TV 2025 Edition with 40W Sound Output ...,televisions,18499.0,29999.0,38.0,4.0,3644,https://rukminim2.flixcart.com/image/400/400/xif0q/television/l/f/j/-original-imahgxq3kb3hkahu.jpeg?q=70,https://www.flipkart.com/thomson-tv-108-cm-43-inch-qled-ultra-hd-4k-smart-jiotele-os-2025-40w-sound-output-digital-plus-hdr-multilingual-voice-assistant-400-free-live-channel-games-web-browser-sports-mode-bezel-less-screen/p/itm2fb2a170645d3?pid=TVSH7VY5ZVRBJGMD&lid=LSTTVSH7VY5ZVRBJGMDCFI3HW&marketplace=FLIPKART&q=4k+television&store=ckf%2Fczl&srno=s_3_63&otracker=search&fm=organic&iid=9a9de0fb-06c9-4211-861a-c221d04cbf1d.TVSH7VY5ZVRBJGMD.SEARCH&ppt=None&ppn=None&ssid=aao1jy6m680000001779038316760&qH=8ddd666a78307b6f&ov_redirect=true,Ultra HD (4K) | QLED | Model ID: 43TJQ0012 | Launch Year: 2025 | Total Sound Output: 40 W,flipkart
TCL T6C 108 cm (43 inch) QLED Ultra HD (4K) Smart Google TV with HDR10+ | Dolby Vision- Atmos| HVA Pan...,televisions,27990.0,53990.0,48.0,4.1,11433,https://rukminim2.flixcart.com/image/400/400/xif0q/television/o/z/o/-original-imahmpd8ghvywbdz.jpeg?q=70,https://www.flipkart.com/tcl-t6c-108-cm-43-inch-qled-ultra-hd-4k-smart-google-tv-hdr10-dolby-vision-atmos-hva-panel-slim-uni-body-design/p/itmf9960822a69a0?pid=TVSHAVHGHHAFRU8F&lid=LSTTVSHAVHGHHAFRU8FPBXVR7&marketplace=FLIPKART&q=4k+television&store=ckf%2Fczl&srno=s_3_64&otracker=search&fm=organic&iid=9a9de0fb-06c9-4211-861a-c221d04cbf1d.TVSHAVHGHHAFRU8F.SEARCH&ppt=None&ppn=None&ssid=aao1jy6m680000001779038316760&qH=8ddd666a78307b6f&ov_redirect=true,Ultra HD (4K) | QLED | Model ID: 43T6C | Launch Year: 2025 | Total Sound Output: 24 W,flipkart
ONIDA Nex G 108 cm (43 inch) Ultra HD (4K) LED Smart Google TV 2025 Edition with Dolby Digital & MEMC,televisions,20699.0,34990.0,40.0,4.1,1351,https://rukminim2.flixcart.com/image/400/400/xif0q/television/r/n/q/-original-imahkkv9ftu5bzkh.jpeg?q=70,https://www.flipkart.com/onida-nex-g-108-cm-43-inch-ultra-hd-4k-led-smart-google-tv-2025-dolby-digital-memc/p/itm5859e77cae780?pid=TVSHHX63NFVMDFVM&lid=LSTTVSHHX63NFVMDFVM8OYCTM&marketplace=FLIPKART&q=4k+television&store=ckf%2Fczl&srno=s_3_65&otracker=search&fm=organic&iid=9a9de0fb-06c9-4211-861a-c221d04cbf1d.TVSHHX63NFVMDFVM.SEARCH&ppt=None&ppn=None&ssid=aao1jy6m680000001779038316760&qH=8ddd666a78307b6f&ov_redirect=true,Ultra HD (4K) | LED | Model ID: 43UGI | Launch Year: 2025 | Total Sound Output: 20 W,flipkart
PHILIPS 138 cm (55 inch) Ultra HD (4K) Mini LED Smart Google TV 2025 Edition with Local Dimming Dolby ...,televisions,39999.0,84999.0,52.0,4.3,218,https://rukminim2.flixcart.com/image/400/400/xif0q/television/f/u/1/-original-imahher7nehzajyf.jpeg?q=70,https://www.flipkart.com/philips-138-cm-55-inch-ultra-hd-4k-mini-led-smart-google-tv-2025-local-dimming-dolby-vision-hdr10-36w-atmos-120hz-game-accelerator-filmmaker-mode-wider-colour-gamut-narrow-bezel-2gb-ram-32-gb-storage/p/itm2b602f8a21ef1?pid=TVSHGWQZZGQGRJ3H&lid=LSTTVSHGWQZZGQGRJ3HXCOP1N&marketplace=FLIPKART&q=4k+television&store=ckf%2Fczl&srno=s_3_66&otracker=search&fm=organic&iid=9a9de0fb-06c9-4211-861a-c221d04cbf1d.TVSHGWQZZGQGRJ3H.SEARCH&ppt=None&ppn=None&ssid=aao1jy6m680000001779038316760&qH=8ddd666a78307b6f&ov_redirect=true,Ultra HD (4K) | Mini LED | Model ID: 55MLED610/94 | Launch Year: 2025 | Total Sound Output: 36 W,flipkart
acerpure Nitro 164 cm (65 inch) QLED Ultra HD (4K) Smart Google TV with 120 Hz GTV 5.0 |Android 14 |Do...,televisions,37999.0,110990.0,65.0,3.9,1936,https://rukminim2.flixcart.com/image/400/400/xif0q/television/z/q/g/-original-imahfhnwctefdcq9.jpeg?q=70,https://www.flipkart.com/acerpure-nitro-164-cm-65-inch-qled-ultra-hd-4k-smart-google-tv-120-hz-gtv-5-0-android-14-dolby-vision-dolby-atmos-50w-sound-tuner-wi-fi-direct-allm-vrr-memc-karaoke-ai-gaming-wall-mount/p/itm9c9372bae0ed3?pid=TVSHEQG27E6KGZFQ&lid=LSTTVSHEQG27E6KGZFQ4JKPXX&marketplace=FLIPKART&q=4k+television&store=ckf%2Fczl&srno=s_3_67&otracker=search&fm=organic&iid=en_Wy__URe3rdNM26z9tNnX4SXETVL5dcqOOv8lPYKasFVeET5BeqEF2pKV_W6W4JkspZCmoJDDj9Qk4RTZGfBnFeI7uWi7bi3WLqk6JF-UYDE%3D&ppt=None&ppn=None&ssid=aao1jy6m680000001779038316760&qH=8ddd666a78307b6f&ov_redirect=true,Ultra HD (4K) | QLED | Model ID: AP65UG75PNTO5 | Launch Year: 2025 | Total Sound Output: 50 W,flipkart
PHILIPS 189 cm (75 inch) Ultra HD (4K) Mini LED Smart Google TV 2026 Edition with Local Dimming Dolby ...,televisions,79999.0,189999.0,57.0,4.3,218,https://rukminim2.flixcart.com/image/400/400/xif0q/television/s/7/a/-original-imahher74gbguq7e.jpeg?q=70,https://www.flipkart.com/philips-189-cm-75-inch-ultra-hd-4k-mini-led-smart-google-tv-2026-local-dimming-dolby-vision-hdr10-36w-atmos-120hz-game-accelerator-filmmaker-mode-wider-colour-gamut-narrow-bezel-2gb-ram-32-gb-storage/p/itm7e01d1ba03363?pid=TVSHKCSKAHGYVATH&lid=LSTTVSHKCSKAHGYVATH2E5RXL&marketplace=FLIPKART&q=4k+television&store=ckf%2Fczl&srno=s_3_68&otracker=search&fm=organic&iid=en_Wy__URe3rdNM26z9tNnX4SXETVL5dcqOOv8lPYKasFX0BgOrbkXcQzVmqGDbOZRN7Mh1WmpeIX9VzBKSX87FN32jGuDLx_cmoBdxLHagfOw%3D&ppt=None&ppn=None&ssid=aao1jy6m680000001779038316760&qH=8ddd666a78307b6f&ov_redirect=true,Ultra HD (4K) | Mini LED | Model ID: 75MLED610/94 | Launch Year: 2026 | Total Sound Output: 36 W,flipkart
Thomson NeoX 139 cm (55 inch) QLED Ultra HD (4K) Smart Google TV with 70W Sound Output powered by Blau...,televisions,31999.0,49999.0,36.0,4.0,275,https://rukminim2.flixcart.com/image/400/400/xif0q/television/n/8/j/-original-imahgvfzbnjckbxa.jpeg?q=70,https://www.flipkart.com/thomson-neox-139-cm-55-inch-qled-ultra-hd-4k-smart-google-tv-70w-sound-output-powered-blaupunkt-4-speaker-32-gb-storage-550-nits-brightness-precise-dimming-hdr10-dolby-atmos-vision-120-hz-refresh-rate-hlg-allm-vrr-eyecare-technology-assistant-bezel-less-design/p/itmeed5a2b3f841d?pid=TVSHGB2HHRKBAWN5&lid=LSTTVSHGB2HHRKBAWN5JEV5RA&marketplace=FLIPKART&q=4k+television&store=ckf%2Fczl&srno=s_3_69&otracker=search&fm=organic&iid=9a9de0fb-06c9-4211-861a-c221d04cbf1d.TVSHGB2HHRKBAWN5.SEARCH&ppt=None&ppn=None&ssid=aao1jy6m680000001779038316760&qH=8ddd666a78307b6f&ov_redirect=true,Ultra HD (4K) | QLED | Model ID: 55NEOX0011 | Launch Year: 2025 | Total Sound Output: 70 W,flipkart
Samsung Crystal 4K Vision Pro 125 cm (50 inch) Ultra HD (4K) LED Smart Tizen TV with Bright Vision | 4...,televisions,37990.0,58900.0,35.0,4.3,76790,https://rukminim2.flixcart.com/image/400/400/xif0q/television/u/v/o/-original-imah2v2gamua43wz.jpeg?q=70,https://www.flipkart.com/samsung-crystal-4k-vision-pro-125-cm-50-inch-ultra-hd-4k-led-smart-tizen-tv-bright-upscaling-multiple-voice-assistance-remote-purcolor-hdr-10-auto-game-mode-q-symphony-knox-security/p/itme92fd82fd18b8?pid=TVSGYWKBERHVSKKB&lid=LSTTVSGYWKBERHVSKKBO0HVNH&marketplace=FLIPKART&q=4k+television&store=ckf%2Fczl&srno=s_3_70&otracker=search&fm=organic&iid=9a9de0fb-06c9-4211-861a-c221d04cbf1d.TVSGYWKBERHVSKKB.SEARCH&ppt=None&ppn=None&ssid=aao1jy6m680000001779038316760&qH=8ddd666a78307b6f&ov_redirect=true,Ultra HD (4K) | LED | Model ID: UA50DUE76AKLXL | Launch Year: 2024 | Total Sound Output: 20 W,flipkart
Foxsky 165 cm (65 inch) Ultra HD (4K) LED Smart Android TV,televisions,34499.0,129990.0,73.0,4.1,18545,https://rukminim2.flixcart.com/image/400/400/xif0q/television/t/k/9/-original-imahhxgg4qyjb4gm.jpeg?q=70,https://www.flipkart.com/foxsky-165-cm-65-inch-ultra-hd-4k-led-smart-android-tv/p/itm36ed9f24694df?pid=TVSGEMUBMYSZCJRN&lid=LSTTVSGEMUBMYSZCJRNSJELXO&marketplace=FLIPKART&q=4k+television&store=ckf%2Fczl&srno=s_3_71&otracker=search&fm=organic&iid=en_Wy__URe3rdNM26z9tNnX4SXETVL5dcqOOv8lPYKasFVaIdER9fhauR4PtvfC8awgqeceiWa0RzdMbiaitwGlNADM2KWit8hFHxJOvPdMi04%3D&ppt=None&ppn=None&ssid=aao1jy6m680000001779038316760&qH=8ddd666a78307b6f&ov_redirect=true,Ultra HD (4K) | LED | Model ID: 65FS-VS | Launch Year: 2023 | Total Sound Output: 30 W,flipkart
acerpure NITRO 189.2 cm (75 inch) QLED Ultra HD (4K) Smart Google TV with 120 Hz GTV 5.0 |Android 14 |...,televisions,53499.0,125290.0,57.0,3.9,1936,https://rukminim2.flixcart.com/image/400/400/xif0q/television/u/t/2/-original-imahfvzgghqymrgp.jpeg?q=70,https://www.flipkart.com/acerpure-nitro-189-2-cm-75-inch-qled-ultra-hd-4k-smart-google-tv-120-hz-gtv-5-0-android-14-dolby-vision-dolby-atmos-50w-sound-tuner-wi-fi-direct-allm-vrr-memc-karaoke-ai-gaming-wall-mount/p/itm9e0db86628a22?pid=TVSHFNYYVUTK5UA5&lid=LSTTVSHFNYYVUTK5UA5J4SSZY&marketplace=FLIPKART&q=4k+television&store=ckf%2Fczl&srno=s_3_72&otracker=search&fm=organic&iid=en_Wy__URe3rdNM26z9tNnX4SXETVL5dcqOOv8lPYKasFUkhI6Z2uO3MmfBXkmK5ZzPrq7E9BppjFiXXsVS95of_406z3QAm4-AoFL_C4Jep-g%3D&ppt=None&ppn=None&ssid=aao1jy6m680000001779038316760&qH=8ddd666a78307b6f&ov_redirect=true,Ultra HD (4K) | QLED | Model ID: AP75UG75PNTO5 | Launch Year: 2025 | Total Sound Output: 50 W,flipkart
DEEMOON Men Regular Fit Solid Button Down Collar Formal Shirt,clothing,367.0,1499.0,75.0,0.0,0,https://rukminim2.flixcart.com/image/612/612/xif0q/shirt/i/2/r/s-satin14-deemoon-original-imahckprq6td5kgm.jpeg?q=70,https://www.flipkart.com/deemoon-men-solid-formal-light-green-shirt/p/itm05fca07e09988?pid=SHTH7ECYPKPXZP5J&lid=LSTSHTH7ECYPKPXZP5JYPFEOF&marketplace=FLIPKART&q=men+formal+shirt&store=clo%2Fash%2Faxc%2Fmmk%2Fbk1&srno=s_1_1&otracker=search&fm=organic&iid=en_-YYm6RnM0ZuYmCfFAQz5W__nRMPkmdkZji1jnvIUO7VtbHnANxXMvEFB7rE0I_kdeV-1xnRutYxQTYq1Wx4DuQ%3D%3D&ppt=None&ppn=None&ssid=awruh7f02o0000001779038320093&qH=ee1697b1cab4c91d&ov_redirect=true,,flipkart
youth first Men Slim Fit Solid Spread Collar Formal Shirt,clothing,583.0,1499.0,61.0,0.0,0,https://rukminim2.flixcart.com/image/612/612/xif0q/shirt/c/z/l/xl-ae10-black-grey-green-m-youth-first-original-imahjrz7xhes4uzz.jpeg?q=70,https://www.flipkart.com/youth-first-men-solid-formal-grey-black-light-blue-shirt/p/itm11c42a920c6bb?pid=SHTHJRZ7MFC9BZBY&lid=LSTSHTHJRZ7MFC9BZBYNZOMM3&marketplace=FLIPKART&q=men+formal+shirt&store=clo%2Fash%2Faxc%2Fmmk%2Fbk1&srno=s_1_2&otracker=search&fm=organic&iid=en_-YYm6RnM0ZuYmCfFAQz5W__nRMPkmdkZji1jnvIUO7WS5gL3pNrFS270DmJ13hrEpyO4JG7WoYJSlnAJfiRuxw%3D%3D&ppt=None&ppn=None&ssid=awruh7f02o0000001779038320093&qH=ee1697b1cab4c91d&ov_redirect=true,,flipkart
VTEXX Men Regular Fit Solid Spread Collar Formal Shirt,clothing,313.0,1999.0,84.0,0.0,0,https://rukminim2.flixcart.com/image/612/612/xif0q/shirt/3/2/7/3xl-16lst-mstrd-vtexx-original-imah8sgztpp232gj.jpeg?q=70,https://www.flipkart.com/vtexx-men-solid-formal-yellow-shirt/p/itm2ba5e61da5b69?pid=SHTH8YFUY3DP6DWD&lid=LSTSHTH8YFUY3DP6DWDJG3PZZ&marketplace=FLIPKART&q=men+formal+shirt&store=clo%2Fash%2Faxc%2Fmmk%2Fbk1&srno=s_1_3&otracker=search&fm=organic&iid=bef212af-9e09-4e2d-ba34-c082b674f52d.SHTH8YFUY3DP6DWD.SEARCH&ppt=None&ppn=None&ssid=awruh7f02o0000001779038320093&qH=ee1697b1cab4c91d&ov_redirect=true,,flipkart
YOUTH FIRST INDIAN BRAND Men Slim Fit Solid Spread Collar Formal Shirt,clothing,258.0,699.0,63.0,0.0,0,https://rukminim2.flixcart.com/image/612/612/xif0q/shirt/v/k/h/m-cream-formal-m-youth-first-indian-brand-original-imahnyj6acuekwzu.jpeg?q=70,https://www.flipkart.com/youth-first-indian-brand-men-solid-formal-cream-shirt/p/itmc514f8def8871?pid=SHTHNYJ9DHMHGTYE&lid=LSTSHTHNYJ9DHMHGTYEK4YEPK&marketplace=FLIPKART&q=men+formal+shirt&store=clo%2Fash%2Faxc%2Fmmk%2Fbk1&srno=s_1_4&otracker=search&fm=organic&iid=bef212af-9e09-4e2d-ba34-c082b674f52d.SHTHNYJ9DHMHGTYE.SEARCH&ppt=None&ppn=None&ssid=awruh7f02o0000001779038320093&qH=ee1697b1cab4c91d&ov_redirect=true,,flipkart
Harfun Men Regular Fit Solid Spread Collar Formal Shirt,clothing,1396.0,1874.0,25.0,0.0,0,https://rukminim2.flixcart.com/image/612/612/xif0q/shirt/2/a/5/xxl-msmswo907chr0123-harfun-original-imahhjmgprhy6qmg.jpeg?q=70,https://www.flipkart.com/harfun-men-solid-formal-grey-shirt/p/itm0096d5fa3208e?pid=SHTHHJMGPUZPE6AK&lid=LSTSHTHHJMGPUZPE6AKZCGSZV&marketplace=FLIPKART&q=men+formal+shirt&store=clo%2Fash%2Faxc%2Fmmk%2Fbk1&srno=s_1_5&otracker=search&fm=organic&iid=en_-YYm6RnM0ZuYmCfFAQz5W__nRMPkmdkZji1jnvIUO7UdyWMt9xY1pZcS2uwRzXE5fy1lr_s_fTnq-ZBsRF4UG_UFjCTyOHoHZs-Z5_PS_w0%3D&ppt=None&ppn=None&ssid=awruh7f02o0000001779038320093&qH=ee1697b1cab4c91d&ov_redirect=true,,flipkart
DEEMOON Men Regular Fit Solid Button Down Collar Formal Shirt,clothing,367.0,1499.0,75.0,0.0,0,https://rukminim2.flixcart.com/image/612/612/xif0q/shirt/d/0/k/xxl-ssario02-dimmy-original-imaharf7zqn7echq.jpeg?q=70,https://www.flipkart.com/deemoon-men-solid-formal-grey-shirt/p/itma8066987c5bc3?pid=SHTH7ECYZ7HGM2EG&lid=LSTSHTH7ECYZ7HGM2EGZHNLOA&marketplace=FLIPKART&q=men+formal+shirt&store=clo%2Fash%2Faxc%2Fmmk%2Fbk1&srno=s_1_6&otracker=search&fm=organic&iid=en_-YYm6RnM0ZuYmCfFAQz5W__nRMPkmdkZji1jnvIUO7UPcxa2cotn8MoZVaarz0us9BQnEU_yyD54587C4JPNAPUFjCTyOHoHZs-Z5_PS_w0%3D&ppt=None&ppn=None&ssid=awruh7f02o0000001779038320093&qH=ee1697b1cab4c91d&ov_redirect=true,,flipkart
YOUTH FIRST INDIAN BRAND Men Slim Fit Solid Spread Collar Formal Shirt,clothing,258.0,699.0,63.0,0.0,0,https://rukminim2.flixcart.com/image/612/612/xif0q/shirt/i/m/h/l-cream-formal-m-youth-first-indian-brand-original-imahnyj6wg4khhyp.jpeg?q=70,https://www.flipkart.com/youth-first-indian-brand-men-solid-formal-white-shirt/p/itm43440713e710d?pid=SHTHNYJBDXPDTWPE&lid=LSTSHTHNYJBDXPDTWPEJQHHOE&marketplace=FLIPKART&q=men+formal+shirt&store=clo%2Fash%2Faxc%2Fmmk%2Fbk1&srno=s_1_7&otracker=search&fm=organic&iid=bef212af-9e09-4e2d-ba34-c082b674f52d.SHTHNYJBDXPDTWPE.SEARCH&ppt=None&ppn=None&ssid=awruh7f02o0000001779038320093&qH=ee1697b1cab4c91d&ov_redirect=true,,flipkart
GLOREN Men Regular Fit Solid Button Down Collar Formal Shirt,clothing,281.0,999.0,71.0,0.0,0,https://rukminim2.flixcart.com/image/612/612/xif0q/shirt/l/5/d/m-formal-v-gloren-original-imahnaggmkmzgnn7.jpeg?q=70,https://www.flipkart.com/gloren-men-solid-formal-white-shirt/p/itm97702b2cdeebf?pid=SHTHNAJEMXHNUEBS&lid=LSTSHTHNAJEMXHNUEBSBEAGMD&marketplace=FLIPKART&q=men+formal+shirt&store=clo%2Fash%2Faxc%2Fmmk%2Fbk1&srno=s_1_8&otracker=search&fm=organic&iid=bef212af-9e09-4e2d-ba34-c082b674f52d.SHTHNAJEMXHNUEBS.SEARCH&ppt=None&ppn=None&ssid=awruh7f02o0000001779038320093&qH=ee1697b1cab4c91d&ov_redirect=true,,flipkart
Craft World Men Regular Fit Solid Spread Collar Formal Shirt,clothing,325.0,999.0,67.0,0.0,0,https://rukminim2.flixcart.com/image/612/612/xif0q/shirt/r/5/m/l-mskus-el019-zanfab-original-imahhxzjnghbaam2.jpeg?q=70,https://www.flipkart.com/craft-world-men-solid-formal-silver-shirt/p/itm54472e00b0e73?pid=SHTHHYZSGUHSHNJD&lid=LSTSHTHHYZSGUHSHNJDJUU5PS&marketplace=FLIPKART&q=men+formal+shirt&store=clo%2Fash%2Faxc%2Fmmk%2Fbk1&srno=s_1_9&otracker=search&fm=organic&iid=bef212af-9e09-4e2d-ba34-c082b674f52d.SHTHHYZSGUHSHNJD.SEARCH&ppt=None&ppn=None&ssid=awruh7f02o0000001779038320093&qH=ee1697b1cab4c91d&ov_redirect=true,,flipkart
STONEBERG Men Slim Fit Solid Spread Collar Formal Shirt,clothing,370.0,1599.0,76.0,0.0,0,https://rukminim2.flixcart.com/image/612/612/xif0q/shirt/u/q/k/m-r-stbrg-r-stbrg-coffee-stoneberg-original-imahhv5fgkrhutsg.jpeg?q=70,https://www.flipkart.com/stoneberg-men-solid-formal-brown-shirt/p/itmca1983447d4df?pid=SHTGKDH7ZRQYFPYJ&lid=LSTSHTGKDH7ZRQYFPYJ0RQMOI&marketplace=FLIPKART&q=men+formal+shirt&store=clo%2Fash%2Faxc%2Fmmk%2Fbk1&srno=s_1_10&otracker=search&fm=organic&iid=bef212af-9e09-4e2d-ba34-c082b674f52d.SHTGKDH7ZRQYFPYJ.SEARCH&ppt=None&ppn=None&ssid=awruh7f02o0000001779038320093&qH=ee1697b1cab4c91d&ov_redirect=true,,flipkart
MUFTI Men Slim Fit Striped Spread Collar Formal Shirt,clothing,1813.0,3299.0,45.0,0.0,0,https://rukminim2.flixcart.com/image/612/612/xif0q/shirt/t/u/k/6xl-mfs-16303-v-26-lilac-mufti-original-imahk39jxadfkfgy.jpeg?q=70,https://www.flipkart.com/mufti-men-striped-formal-purple-shirt/p/itm95a776a73e8c4?pid=SHTHK39KWWGTR6GS&lid=LSTSHTHK39KWWGTR6GSIKPAFM&marketplace=FLIPKART&q=men+formal+shirt&store=clo%2Fash%2Faxc%2Fmmk%2Fbk1&srno=s_1_11&otracker=search&fm=organic&iid=en_-YYm6RnM0ZuYmCfFAQz5W__nRMPkmdkZji1jnvIUO7Wpew_IADffF0UEzdjYOogFKAmSHPnbZxofyoKId09IpA1kFuKnWaINrJqv3pKVKuU%3D&ppt=None&ppn=None&ssid=awruh7f02o0000001779038320093&qH=ee1697b1cab4c91d&ov_redirect=true,,flipkart
LOUIS PHILIPPE Slim Fit Full Sleeve Men Slim Fit Solid Spread Collar F...,clothing,1724.0,2499.0,31.0,0.0,0,https://rukminim2.flixcart.com/image/612/612/xif0q/shirt/h/x/k/-original-imahmvzghrbwnpgf.jpeg?q=70,https://www.flipkart.com/louis-philippe-men-solid-formal-white-shirt/p/itm03e6073ad5ec2?pid=SHTH5EF79XWKE25D&lid=LSTSHTH5EF79XWKE25DLRMQWG&marketplace=FLIPKART&q=men+formal+shirt&store=clo%2Fash%2Faxc%2Fmmk%2Fbk1&srno=s_1_12&otracker=search&fm=organic&iid=en_-YYm6RnM0ZuYmCfFAQz5W__nRMPkmdkZji1jnvIUO7V9URAfNLCw7qgTSZdXLst50Xlw7Pzw3CIBRiqm38SP2waKg8hQxVtMHqLTdaqeDbc%3D&ppt=None&ppn=None&ssid=awruh7f02o0000001779038320093&qH=ee1697b1cab4c91d&ov_redirect=true,,flipkart
VTEXX Men Regular Fit Solid Spread Collar Formal Shirt,clothing,314.0,1999.0,84.0,0.0,0,https://rukminim2.flixcart.com/image/612/612/xif0q/shirt/p/l/o/l-aut-formal-orcus-original-imah4h4xhbzuha7q.jpeg?q=70,https://www.flipkart.com/vtexx-men-solid-formal-light-green-shirt/p/itm9d3488c6c6b0d?pid=SHTGMNGQRVED3XYZ&lid=LSTSHTGMNGQRVED3XYZR1FT4Y&marketplace=FLIPKART&q=men+formal+shirt&store=clo%2Fash%2Faxc%2Fmmk%2Fbk1&srno=s_1_13&otracker=search&fm=organic&iid=bef212af-9e09-4e2d-ba34-c082b674f52d.SHTGMNGQRVED3XYZ.SEARCH&ppt=None&ppn=None&ssid=awruh7f02o0000001779038320093&qH=ee1697b1cab4c91d&ov_redirect=true,,flipkart
VTEXX Men Regular Fit Solid Spread Collar Formal Shirt,clothing,333.0,1999.0,83.0,0.0,0,https://rukminim2.flixcart.com/image/612/612/xif0q/shirt/3/6/0/3xl-16lst-acqua-vtexx-original-imah8sgzapwfhfjy.jpeg?q=70,https://www.flipkart.com/vtexx-men-solid-formal-light-green-shirt/p/itmfa884a5e54710?pid=SHTH8YFUZR8HREFX&lid=LSTSHTH8YFUZR8HREFXGKXOCQ&marketplace=FLIPKART&q=men+formal+shirt&store=clo%2Fash%2Faxc%2Fmmk%2Fbk1&srno=s_1_14&otracker=search&fm=organic&iid=bef212af-9e09-4e2d-ba34-c082b674f52d.SHTH8YFUZR8HREFX.SEARCH&ppt=None&ppn=None&ssid=awruh7f02o0000001779038320093&qH=ee1697b1cab4c91d&ov_redirect=true,,flipkart
GLOREN Men Regular Fit Solid Button Down Collar Formal Shirt,clothing,281.0,999.0,71.0,0.0,0,https://rukminim2.flixcart.com/image/612/612/xif0q/shirt/z/c/z/xl-formal-v-gloren-original-imahnagkftpy2gpu.jpeg?q=70,https://www.flipkart.com/gloren-men-solid-formal-light-blue-shirt/p/itm70af14de6e527?pid=SHTHNAJBTZD6JFAY&lid=LSTSHTHNAJBTZD6JFAY7WJEHU&marketplace=FLIPKART&q=men+formal+shirt&store=clo%2Fash%2Faxc%2Fmmk%2Fbk1&srno=s_1_15&otracker=search&fm=organic&iid=bef212af-9e09-4e2d-ba34-c082b674f52d.SHTHNAJBTZD6JFAY.SEARCH&ppt=None&ppn=None&ssid=awruh7f02o0000001779038320093&qH=ee1697b1cab4c91d&ov_redirect=true,,flipkart
jagrutifashion Men Regular Fit Solid Spread Collar Formal Shirt,clothing,335.0,1599.0,79.0,0.0,0,https://rukminim2.flixcart.com/image/612/612/xif0q/shirt/y/b/l/xs-brn-formal-shrt-white-rafson-original-imahmfhxp4cqgrfg.jpeg?q=70,https://www.flipkart.com/jagrutifashion-men-solid-formal-white-shirt/p/itm5a7c55de0079a?pid=SHTHMFMBFM4FQMAQ&lid=LSTSHTHMFMBFM4FQMAQCRBIXZ&marketplace=FLIPKART&q=men+formal+shirt&store=clo%2Fash%2Faxc%2Fmmk%2Fbk1&srno=s_1_16&otracker=search&fm=organic&iid=bef212af-9e09-4e2d-ba34-c082b674f52d.SHTHMFMBFM4FQMAQ.SEARCH&ppt=None&ppn=None&ssid=awruh7f02o0000001779038320093&qH=ee1697b1cab4c91d&ov_redirect=true,,flipkart
PROVOGUE Men Regular Fit Solid Spread Collar Formal Shirt,clothing,405.0,1399.0,71.0,0.0,0,https://rukminim2.flixcart.com/image/612/612/xif0q/shirt/7/1/z/xl-pb-shirt2004-provogue-original-imahj84jykxhps7c.jpeg?q=70,https://www.flipkart.com/provogue-men-solid-formal-green-shirt/p/itm77a59f93ddbe6?pid=SHTHJ4A7GYY6U3V5&lid=LSTSHTHJ4A7GYY6U3V52XICJZ&marketplace=FLIPKART&q=men+formal+shirt&store=clo%2Fash%2Faxc%2Fmmk%2Fbk1&srno=s_1_17&otracker=search&fm=organic&iid=en_-YYm6RnM0ZuYmCfFAQz5W__nRMPkmdkZji1jnvIUO7UDWS5F9WZMi_ro77GRtCG_itQ3rlZ6Dx4MSyoTNaVM5x7zrT4gkWAkPCdPBnPCejA%3D&ppt=None&ppn=None&ssid=awruh7f02o0000001779038320093&qH=ee1697b1cab4c91d&ov_redirect=true,,flipkart
AVOLT Men Regular Fit Solid Spread Collar Formal Shirt,clothing,330.0,999.0,66.0,0.0,0,https://rukminim2.flixcart.com/image/612/612/xif0q/shirt/e/o/f/xl-avsh001-avolt-original-imahgnh6bvqxzah2.jpeg?q=70,https://www.flipkart.com/avolt-men-solid-formal-red-shirt/p/itmc8b61d881e216?pid=SHTHYXUNDFTZQKNA&lid=LSTSHTHYXUNDFTZQKNAY4SVXD&marketplace=FLIPKART&q=men+formal+shirt&store=clo%2Fash%2Faxc%2Fmmk%2Fbk1&srno=s_1_18&otracker=search&fm=organic&iid=en_-YYm6RnM0ZuYmCfFAQz5W__nRMPkmdkZji1jnvIUO7WW5QCLjzUpUsAfafMOhQe4R1pL4EtZe1hYM-PPYTi87_UFjCTyOHoHZs-Z5_PS_w0%3D&ppt=None&ppn=None&ssid=awruh7f02o0000001779038320093&qH=ee1697b1cab4c91d&ov_redirect=true,,flipkart
RODEIZ Men Slim Fit Solid Spread Collar Formal Shirt,clothing,263.0,1499.0,82.0,0.0,0,https://rukminim2.flixcart.com/image/612/612/xif0q/shirt/c/l/z/4xl-ra-plain-pistachio-rodeiz-original-imah8dtgpe28tvyh.jpeg?q=70,https://www.flipkart.com/rodeiz-men-solid-formal-light-green-shirt/p/itmbb3cacf0af09d?pid=SHTH8DTHVQZDHS8G&lid=LSTSHTH8DTHVQZDHS8GWBJ5AY&marketplace=FLIPKART&q=men+formal+shirt&store=clo%2Fash%2Faxc%2Fmmk%2Fbk1&srno=s_1_19&otracker=search&fm=organic&iid=bef212af-9e09-4e2d-ba34-c082b674f52d.SHTH8DTHVQZDHS8G.SEARCH&ppt=None&ppn=None&ssid=awruh7f02o0000001779038320093&qH=ee1697b1cab4c91d&ov_redirect=true,,flipkart
VIRELX10 Men Regular Fit Solid Spread Collar Formal Shirt,clothing,342.0,999.0,65.0,0.0,0,https://rukminim2.flixcart.com/image/612/612/xif0q/shirt/q/7/y/xl-k-flip-fromal-gry-shirt-virelx10-original-imahmyraw393hnh6.jpeg?q=70,https://www.flipkart.com/virelx10-men-solid-formal-grey-shirt/p/itma1a790d0e9cd8?pid=SHTHMYRACJKUV2TS&lid=LSTSHTHMYRACJKUV2TSRWY4U9&marketplace=FLIPKART&q=men+formal+shirt&store=clo%2Fash%2Faxc%2Fmmk%2Fbk1&srno=s_1_20&otracker=search&fm=organic&iid=bef212af-9e09-4e2d-ba34-c082b674f52d.SHTHMYRACJKUV2TS.SEARCH&ppt=None&ppn=None&ssid=awruh7f02o0000001779038320093&qH=ee1697b1cab4c91d&ov_redirect=true,,flipkart
Raymond Men Slim Fit Printed Formal Shirt,clothing,1099.0,2199.0,50.0,0.0,0,https://rukminim2.flixcart.com/image/612/612/xif0q/shirt/k/n/3/40-rmsx11688-b6-raymond-original-imagh3nyrynzpffk.jpeg?q=70,https://www.flipkart.com/raymond-men-printed-formal-blue-shirt/p/itm3a068448ca14d?pid=SHTGF5ZWVCWGZZTS&lid=LSTSHTGF5ZWVCWGZZTS8JZWEF&marketplace=FLIPKART&q=men+formal+shirt&store=clo%2Fash%2Faxc%2Fmmk%2Fbk1&srno=s_1_21&otracker=search&fm=organic&iid=en_-YYm6RnM0ZuYmCfFAQz5W__nRMPkmdkZji1jnvIUO7WmxJ4UnEpNc3DFiTeWI85eY0rMV3EFhjFTwOMn09qMn1mOBtEFy0FmBP0CX6jfuRQ%3D&ppt=None&ppn=None&ssid=awruh7f02o0000001779038320093&qH=ee1697b1cab4c91d&ov_redirect=true,,flipkart
PROVOGUE Men Regular Fit Solid Spread Collar Formal Shirt,clothing,410.0,1399.0,70.0,0.0,0,https://rukminim2.flixcart.com/image/612/612/xif0q/shirt/a/l/h/2xl-pb-shirt2003-provogue-original-imahj7tcucdaysz3.jpeg?q=70,https://www.flipkart.com/provogue-men-solid-formal-cream-shirt/p/itm523be5276bed4?pid=SHTHJ4ABEQK7HUJY&lid=LSTSHTHJ4ABEQK7HUJYOO8TEN&marketplace=FLIPKART&q=men+formal+shirt&store=clo%2Fash%2Faxc%2Fmmk%2Fbk1&srno=s_1_22&otracker=search&fm=organic&iid=en_-YYm6RnM0ZuYmCfFAQz5W__nRMPkmdkZji1jnvIUO7XLZkc8RuJ9wwJCLVBG9WRW-Gtgo0lEyceUwyaAqVafSSsp2Pb6ljaD52iOeV1GD4o%3D&ppt=None&ppn=None&ssid=awruh7f02o0000001779038320093&qH=ee1697b1cab4c91d&ov_redirect=true,,flipkart
VeBNoR Men Regular Fit Solid Button Down Collar Formal Shirt,clothing,313.0,999.0,68.0,0.0,0,https://rukminim2.flixcart.com/image/612/612/xif0q/shirt/p/1/p/s-frml-st2-vebnor-original-imahmy6rrugwg9q2.jpeg?q=70,https://www.flipkart.com/vebnor-men-solid-formal-light-green-shirt/p/itm6056c7239f75a?pid=SHTG6Q9TPGCYAQGE&lid=LSTSHTG6Q9TPGCYAQGEBGL4AI&marketplace=FLIPKART&q=men+formal+shirt&store=clo%2Fash%2Faxc%2Fmmk%2Fbk1&srno=s_1_23&otracker=search&fm=organic&iid=bef212af-9e09-4e2d-ba34-c082b674f52d.SHTG6Q9TPGCYAQGE.SEARCH&ppt=None&ppn=None&ssid=awruh7f02o0000001779038320093&qH=ee1697b1cab4c91d&ov_redirect=true,,flipkart
FUBAR Men Slim Fit Solid Spread Collar Formal Shirt,clothing,274.0,1648.0,83.0,0.0,0,https://rukminim2.flixcart.com/image/612/612/xif0q/shirt/t/v/c/xl-kcsh-fo-1647-wh-fubar-original-imah4zensmpmzgbn.jpeg?q=70,https://www.flipkart.com/fubar-men-solid-formal-white-shirt/p/itm47632e76e5546?pid=SHTGB79TT4BTTGKR&lid=LSTSHTGB79TT4BTTGKRNE2KZQ&marketplace=FLIPKART&q=men+formal+shirt&store=clo%2Fash%2Faxc%2Fmmk%2Fbk1&spotlightTagId=default_TrendingId_clo%2Fash%2Faxc%2Fmmk%2Fbk1&srno=s_1_24&otracker=search&fm=organic&iid=bef212af-9e09-4e2d-ba34-c082b674f52d.SHTGB79TT4BTTGKR.SEARCH&ppt=None&ppn=None&ssid=awruh7f02o0000001779038320093&qH=ee1697b1cab4c91d&ov_redirect=true,,flipkart
STONEBERG Men Slim Fit Solid Spread Collar Formal Shirt,clothing,368.0,1599.0,76.0,0.0,0,https://rukminim2.flixcart.com/image/612/612/xif0q/shirt/d/g/n/m-r-stbrg-cream-stoneberg-original-imahmkpddheehayv.jpeg?q=70,https://www.flipkart.com/stoneberg-men-solid-formal-cream-shirt/p/itm16b3d7623298e?pid=SHTGKDH7PHJG64BH&lid=LSTSHTGKDH7PHJG64BHQNWWGD&marketplace=FLIPKART&q=men+formal+shirt&store=clo%2Fash%2Faxc%2Fmmk%2Fbk1&srno=s_1_25&otracker=search&fm=organic&iid=bef212af-9e09-4e2d-ba34-c082b674f52d.SHTGKDH7PHJG64BH.SEARCH&ppt=None&ppn=None&ssid=awruh7f02o0000001779038320093&qH=ee1697b1cab4c91d&ov_redirect=true,,flipkart
VTEXX Men Regular Fit Solid Spread Collar Formal Shirt,clothing,313.0,1999.0,84.0,0.0,0,https://rukminim2.flixcart.com/image/612/612/xif0q/shirt/w/r/t/3xl-16lst-grey-vtexx-original-imah8sgzmhzhb2da.jpeg?q=70,https://www.flipkart.com/vtexx-men-solid-formal-grey-shirt/p/itm2296b48a7c771?pid=SHTH8YFU7BJXSHYH&lid=LSTSHTH8YFU7BJXSHYHFXXOOF&marketplace=FLIPKART&q=men+formal+shirt&store=clo%2Fash%2Faxc%2Fmmk%2Fbk1&srno=s_1_26&otracker=search&fm=organic&iid=bef212af-9e09-4e2d-ba34-c082b674f52d.SHTH8YFU7BJXSHYH.SEARCH&ppt=None&ppn=None&ssid=awruh7f02o0000001779038320093&qH=ee1697b1cab4c91d&ov_redirect=true,,flipkart
METRONAUT Men Regular Fit Solid Spread Collar Formal Shirt,clothing,297.0,1199.0,75.0,0.0,0,https://rukminim2.flixcart.com/image/612/612/xif0q/shirt/z/u/b/l-101-whpmsh-46-metronaut-original-imahkwz9puypsj2a.jpeg?q=70,https://www.flipkart.com/metronaut-men-solid-formal-white-shirt/p/itm67dbe711a5ecc?pid=SHTHKWZEZGQM78NM&lid=LSTSHTHKWZEZGQM78NMQFKAJX&marketplace=FLIPKART&q=men+formal+shirt&store=clo%2Fash%2Faxc%2Fmmk%2Fbk1&srno=s_1_27&otracker=search&fm=organic&iid=en_-YYm6RnM0ZuYmCfFAQz5W__nRMPkmdkZji1jnvIUO7XDCrw-58bcKq8QUxY-rOj7lkjFvjaCxZ_mIyzx0-oPpfUFjCTyOHoHZs-Z5_PS_w0%3D&ppt=None&ppn=None&ssid=awruh7f02o0000001779038320093&qH=ee1697b1cab4c91d&ov_redirect=true,,flipkart
BEEDARK Men Regular Fit Checkered Spread Collar Formal Shirt,clothing,715.0,1899.0,62.0,0.0,0,https://rukminim2.flixcart.com/image/612/612/xif0q/shirt/c/h/l/m-bd02-beedark-original-imahhh5hamjqzemp.jpeg?q=70,https://www.flipkart.com/beedark-men-checkered-formal-multicolor-shirt/p/itm5da275e97e773?pid=SHTHJT6F4EHBFUMF&lid=LSTSHTHJT6F4EHBFUMFOP59WE&marketplace=FLIPKART&q=men+formal+shirt&store=clo%2Fash%2Faxc%2Fmmk%2Fbk1&srno=s_1_28&otracker=search&fm=organic&iid=en_-YYm6RnM0ZuYmCfFAQz5W__nRMPkmdkZji1jnvIUO7Xwlw9XUsjo4y5VdWorU9kvQcK7GJifN-NwCAyNEWwgOvUFjCTyOHoHZs-Z5_PS_w0%3D&ppt=None&ppn=None&ssid=awruh7f02o0000001779038320093&qH=ee1697b1cab4c91d&ov_redirect=true,,flipkart
VTEXX Men Regular Fit Solid Spread Collar Formal Shirt,clothing,299.0,1999.0,85.0,0.0,0,https://rukminim2.flixcart.com/image/612/612/xif0q/shirt/y/a/4/3xl-13-lstr-green-vtexx-original-imah8bpewckkjfdg.jpeg?q=70,https://www.flipkart.com/vtexx-men-solid-formal-dark-green-shirt/p/itm42f62771c0d17?pid=SHTGMPQ5G4FYX2ZS&lid=LSTSHTGMPQ5G4FYX2ZSRTGM9N&marketplace=FLIPKART&q=men+formal+shirt&store=clo%2Fash%2Faxc%2Fmmk%2Fbk1&srno=s_1_29&otracker=search&fm=organic&iid=bef212af-9e09-4e2d-ba34-c082b674f52d.SHTGMPQ5G4FYX2ZS.SEARCH&ppt=None&ppn=None&ssid=awruh7f02o0000001779038320093&qH=ee1697b1cab4c91d&ov_redirect=true,,flipkart
VIRELX10 Men Regular Fit Solid Spread Collar Formal Shirt,clothing,342.0,999.0,65.0,0.0,0,https://rukminim2.flixcart.com/image/612/612/xif0q/shirt/u/v/u/l-k-flip-fromal-brn-shirt-virelx10-original-imahmyrabdphgkac.jpeg?q=70,https://www.flipkart.com/virelx10-men-solid-formal-brown-shirt/p/itm22c15cf347b83?pid=SHTHMYRAYZ6RVZPZ&lid=LSTSHTHMYRAYZ6RVZPZD8G3QV&marketplace=FLIPKART&q=men+formal+shirt&store=clo%2Fash%2Faxc%2Fmmk%2Fbk1&srno=s_1_30&otracker=search&fm=organic&iid=bef212af-9e09-4e2d-ba34-c082b674f52d.SHTHMYRAYZ6RVZPZ.SEARCH&ppt=None&ppn=None&ssid=awruh7f02o0000001779038320093&qH=ee1697b1cab4c91d&ov_redirect=true,,flipkart
NIVICK Men Regular Fit Solid Spread Collar Formal Shirt,clothing,368.0,1499.0,75.0,0.0,0,https://rukminim2.flixcart.com/image/612/612/xif0q/shirt/m/7/1/xxl-a1-1111-nivick-original-imahk7c7hap4rrpw.jpeg?q=70,https://www.flipkart.com/nivick-men-solid-formal-purple-shirt/p/itm96e61a6f67222?pid=SHTHK3Y5YWHBHAFC&lid=LSTSHTHK3Y5YWHBHAFCJEYIGU&marketplace=FLIPKART&q=men+formal+shirt&store=clo%2Fash%2Faxc%2Fmmk%2Fbk1&srno=s_1_31&otracker=search&fm=organic&iid=en_-YYm6RnM0ZuYmCfFAQz5W__nRMPkmdkZji1jnvIUO7WNW795sZT4t5DGwjdR1iXzuUhXHWRtb-SGsSd8lr6HZPUFjCTyOHoHZs-Z5_PS_w0%3D&ppt=None&ppn=None&ssid=awruh7f02o0000001779038320093&qH=ee1697b1cab4c91d&ov_redirect=true,,flipkart
LIONER ENTERPRISE Men Regular Fit Solid Cut Away Collar Formal Shirt,clothing,333.0,799.0,58.0,0.0,0,https://rukminim2.flixcart.com/image/612/612/l1mh7rk0/shirt/t/o/c/xl-plane-expofiled-trends-original-imagd58d8hhds7pq.jpeg?q=70,https://www.flipkart.com/lioner-enterprise-men-solid-formal-pink-shirt/p/itm32d9aa82bd53b?pid=SHTGDD6F5QUSH7NG&lid=LSTSHTGDD6F5QUSH7NGQJGYWU&marketplace=FLIPKART&q=men+formal+shirt&store=clo%2Fash%2Faxc%2Fmmk%2Fbk1&srno=s_1_32&otracker=search&fm=organic&iid=en_-YYm6RnM0ZuYmCfFAQz5W__nRMPkmdkZji1jnvIUO7XSWOm_t4hZ7ciyUz3uSR9f33-Ypa3ZmdVPNdkjkQ6RJQ%3D%3D&ppt=None&ppn=None&ssid=awruh7f02o0000001779038320093&qH=ee1697b1cab4c91d&ov_redirect=true,,flipkart
VTEXX Men Regular Fit Solid Spread Collar Formal Shirt,clothing,339.0,1299.0,73.0,0.0,0,https://rukminim2.flixcart.com/image/612/612/xif0q/shirt/f/r/u/xl-mens-shirts-jagrutifashion-original-imah5rt2g59cgrga.jpeg?q=70,https://www.flipkart.com/vtexx-men-solid-formal-maroon-shirt/p/itmd1e2b3ebb2f1c?pid=SHTGMG75D4ZTYMHR&lid=LSTSHTGMG75D4ZTYMHRNFIXEC&marketplace=FLIPKART&q=men+formal+shirt&store=clo%2Fash%2Faxc%2Fmmk%2Fbk1&srno=s_1_33&otracker=search&fm=organic&iid=bef212af-9e09-4e2d-ba34-c082b674f52d.SHTGMG75D4ZTYMHR.SEARCH&ppt=None&ppn=None&ssid=awruh7f02o0000001779038320093&qH=ee1697b1cab4c91d&ov_redirect=true,,flipkart
VTEXX Men Regular Fit Solid Spread Collar Formal Shirt,clothing,310.0,1999.0,84.0,0.0,0,https://rukminim2.flixcart.com/image/612/612/xif0q/shirt/p/l/o/l-aut-formal-orcus-original-imah4h4xhbzuha7q.jpeg?q=70,https://www.flipkart.com/vtexx-men-solid-formal-light-green-shirt/p/itm9d3488c6c6b0d?pid=SHTGMNGQFMU25UEV&lid=LSTSHTGMNGQFMU25UEVO9RLQY&marketplace=FLIPKART&q=men+formal+shirt&store=clo%2Fash%2Faxc%2Fmmk%2Fbk1&srno=s_1_34&otracker=search&fm=organic&iid=bef212af-9e09-4e2d-ba34-c082b674f52d.SHTGMNGQFMU25UEV.SEARCH&ppt=None&ppn=None&ssid=awruh7f02o0000001779038320093&qH=ee1697b1cab4c91d&ov_redirect=true,,flipkart
MILDIN Men Regular Fit Striped Spread Collar Formal Shirt,clothing,456.0,1999.0,77.0,0.0,0,https://rukminim2.flixcart.com/image/612/612/xif0q/shirt/f/8/e/m-oxflining13062024-mildin-original-imahcyfnzfhtzumy.jpeg?q=70,https://www.flipkart.com/mildin-men-striped-formal-brown-shirt/p/itm2fdec9fc31c6d?pid=SHTH9XDWEEHGGZWS&lid=LSTSHTH9XDWEEHGGZWSVASQTD&marketplace=FLIPKART&q=men+formal+shirt&store=clo%2Fash%2Faxc%2Fmmk%2Fbk1&srno=s_1_35&otracker=search&fm=organic&iid=bef212af-9e09-4e2d-ba34-c082b674f52d.SHTH9XDWEEHGGZWS.SEARCH&ppt=None&ppn=None&ssid=awruh7f02o0000001779038320093&qH=ee1697b1cab4c91d&ov_redirect=true,,flipkart
RUDIO CULTURE Men Regular Fit Solid Spread Collar Formal Shirt,clothing,389.0,1599.0,75.0,0.0,0,https://rukminim2.flixcart.com/image/612/612/xif0q/shirt/x/l/5/xl-r-plain-100-teal-blue-rudio-culture-original-imahnyr4sfbvrrwd.jpeg?q=70,https://www.flipkart.com/rudio-culture-men-solid-formal-blue-shirt/p/itm04931cbaf2659?pid=SHTHNYR8SFGWZRJV&lid=LSTSHTHNYR8SFGWZRJVR3QSDH&marketplace=FLIPKART&q=men+formal+shirt&store=clo%2Fash%2Faxc%2Fmmk%2Fbk1&srno=s_1_36&otracker=search&fm=organic&iid=bef212af-9e09-4e2d-ba34-c082b674f52d.SHTHNYR8SFGWZRJV.SEARCH&ppt=None&ppn=None&ssid=awruh7f02o0000001779038320093&qH=ee1697b1cab4c91d&ov_redirect=true,,flipkart
DEEMOON Men Regular Fit Solid Button Down Collar Formal Shirt,clothing,367.0,1499.0,75.0,0.0,0,https://rukminim2.flixcart.com/image/612/612/xif0q/shirt/d/o/v/m-ssario01-dimmy-original-imahcfcxpnvqftnh.jpeg?q=70,https://www.flipkart.com/deemoon-men-solid-formal-black-shirt/p/itm8c7fff411b720?pid=SHTH7ECYNZHYGWXQ&lid=LSTSHTH7ECYNZHYGWXQM4MURH&marketplace=FLIPKART&q=men+formal+shirt&store=clo%2Fash%2Faxc%2Fmmk%2Fbk1&srno=s_1_37&otracker=search&fm=organic&iid=en_-YYm6RnM0ZuYmCfFAQz5W__nRMPkmdkZji1jnvIUO7XOKKZuV5k5l1tMJjltVK6ha0LN-lKRZKQuxOjy8z2IBfUFjCTyOHoHZs-Z5_PS_w0%3D&ppt=None&ppn=None&ssid=awruh7f02o0000001779038320093&qH=ee1697b1cab4c91d&ov_redirect=true,,flipkart
METRONAUT Men Regular Fit Solid Spread Collar Formal Shirt,clothing,300.0,1399.0,78.0,0.0,0,https://rukminim2.flixcart.com/image/612/612/xif0q/shirt/k/d/w/m-101-whpmsh-38-metronaut-original-imahkvjzhhhjmfqk.jpeg?q=70,https://www.flipkart.com/metronaut-men-solid-formal-white-shirt/p/itme51d2af5f29d4?pid=SHTHKVKFMYHZQPFU&lid=LSTSHTHKVKFMYHZQPFUBOZRK4&marketplace=FLIPKART&q=men+formal+shirt&store=clo%2Fash%2Faxc%2Fmmk%2Fbk1&srno=s_1_38&otracker=search&fm=organic&iid=en_-YYm6RnM0ZuYmCfFAQz5W__nRMPkmdkZji1jnvIUO7Xcoc3fJETcLNFy5xjPpAwgPmqANkA9DkZgRpH9D2ytKPUFjCTyOHoHZs-Z5_PS_w0%3D&ppt=None&ppn=None&ssid=awruh7f02o0000001779038320093&qH=ee1697b1cab4c91d&ov_redirect=true,,flipkart
Livitro Men Slim Fit Graphic Print Slim Collar Formal Shirt,clothing,278.0,1499.0,81.0,0.0,0,https://rukminim2.flixcart.com/image/612/612/xif0q/shirt/0/0/z/s-light-blue-livitro-original-imahjv2gtaymzqsj.jpeg?q=70,https://www.flipkart.com/livitro-men-graphic-print-formal-blue-shirt/p/itm051c96d162958?pid=SHTHJ26DPDYB3GHQ&lid=LSTSHTHJ26DPDYB3GHQW2RSL7&marketplace=FLIPKART&q=men+formal+shirt&store=clo%2Fash%2Faxc%2Fmmk%2Fbk1&srno=s_1_39&otracker=search&fm=organic&iid=bef212af-9e09-4e2d-ba34-c082b674f52d.SHTHJ26DPDYB3GHQ.SEARCH&ppt=None&ppn=None&ssid=awruh7f02o0000001779038320093&qH=ee1697b1cab4c91d&ov_redirect=true,,flipkart
VTEXX Men Regular Fit Solid Spread Collar Formal Shirt,clothing,341.0,1999.0,82.0,0.0,0,https://rukminim2.flixcart.com/image/612/612/xif0q/shirt/y/a/4/3xl-13-lstr-green-vtexx-original-imah8bpewckkjfdg.jpeg?q=70,https://www.flipkart.com/vtexx-men-solid-formal-dark-green-shirt/p/itm42f62771c0d17?pid=SHTGNHMUJ8EXQCVY&lid=LSTSHTGNHMUJ8EXQCVYJNYGFD&marketplace=FLIPKART&q=men+formal+shirt&store=clo%2Fash%2Faxc%2Fmmk%2Fbk1&srno=s_1_40&otracker=search&fm=organic&iid=bef212af-9e09-4e2d-ba34-c082b674f52d.SHTGNHMUJ8EXQCVY.SEARCH&ppt=None&ppn=None&ssid=awruh7f02o0000001779038320093&qH=ee1697b1cab4c91d&ov_redirect=true,,flipkart
DEEMOON Men Regular Fit Solid Button Down Collar Formal Shirt,clothing,367.0,1499.0,75.0,0.0,0,https://rukminim2.flixcart.com/image/612/612/xif0q/shirt/i/2/r/s-satin14-deemoon-original-imahckprq6td5kgm.jpeg?q=70,https://www.flipkart.com/deemoon-men-solid-formal-light-green-shirt/p/itm05fca07e09988?pid=SHTH7ECYPKPXZP5J&lid=LSTSHTH7ECYPKPXZP5JYPFEOF&marketplace=FLIPKART&q=men+formal+shirt&store=clo%2Fash%2Faxc%2Fmmk%2Fbk1&srno=s_2_41&otracker=search&fm=organic&iid=en_FAsqvZ6pACdjZY13mMOmLc6kjphVXyZ3PaUIx0PI1N1pltVjfktiFDPod88RcHnSJwkjvCAW2IZBxHxGyb21nA%3D%3D&ppt=None&ppn=None&ssid=7h81pdlk6o0000001779038324158&qH=ee1697b1cab4c91d&ov_redirect=true,,flipkart
youth first Men Slim Fit Solid Spread Collar Formal Shirt,clothing,583.0,1499.0,61.0,0.0,0,https://rukminim2.flixcart.com/image/612/612/xif0q/shirt/c/z/l/xl-ae10-black-grey-green-m-youth-first-original-imahjrz7xhes4uzz.jpeg?q=70,https://www.flipkart.com/youth-first-men-solid-formal-grey-black-light-blue-shirt/p/itm11c42a920c6bb?pid=SHTHJRZ7MFC9BZBY&lid=LSTSHTHJRZ7MFC9BZBYNZOMM3&marketplace=FLIPKART&q=men+formal+shirt&store=clo%2Fash%2Faxc%2Fmmk%2Fbk1&srno=s_2_42&otracker=search&fm=organic&iid=en_FAsqvZ6pACdjZY13mMOmLc6kjphVXyZ3PaUIx0PI1N01ChoOEOUFNE6iv3jIsRn_pyO4JG7WoYJSlnAJfiRuxw%3D%3D&ppt=None&ppn=None&ssid=7h81pdlk6o0000001779038324158&qH=ee1697b1cab4c91d&ov_redirect=true,,flipkart
YOUTH FIRST INDIAN BRAND Men Slim Fit Solid Spread Collar Formal Shirt,clothing,258.0,699.0,63.0,0.0,0,https://rukminim2.flixcart.com/image/612/612/xif0q/shirt/v/4/j/m-cream-formal-m-youth-first-indian-brand-original-imahnyj6n9wegngj.jpeg?q=70,https://www.flipkart.com/youth-first-indian-brand-men-solid-formal-yellow-shirt/p/itmd441133f240e7?pid=SHTHNYJGCHSGKKEF&lid=LSTSHTHNYJGCHSGKKEFPSZONZ&marketplace=FLIPKART&q=men+formal+shirt&store=clo%2Fash%2Faxc%2Fmmk%2Fbk1&srno=s_2_43&otracker=search&fm=organic&iid=ccd3d101-bae1-4cdb-9c99-c4cc9ebae52b.SHTHNYJGCHSGKKEF.SEARCH&ppt=None&ppn=None&ssid=7h81pdlk6o0000001779038324158&qH=ee1697b1cab4c91d&ov_redirect=true,,flipkart
VTEXX Men Regular Fit Solid Spread Collar Formal Shirt,clothing,344.0,1599.0,78.0,0.0,0,https://rukminim2.flixcart.com/image/612/612/xif0q/shirt/j/n/c/l-lst16-cnz-sea-green-vtexx-original-imahg73wabehvrn9.jpeg?q=70,https://www.flipkart.com/vtexx-men-solid-formal-multicolor-shirt/p/itm487bc961782f3?pid=SHTH4J2ZWVHJQ6HP&lid=LSTSHTH4J2ZWVHJQ6HPP8JM2K&marketplace=FLIPKART&q=men+formal+shirt&store=clo%2Fash%2Faxc%2Fmmk%2Fbk1&srno=s_2_44&otracker=search&fm=organic&iid=ccd3d101-bae1-4cdb-9c99-c4cc9ebae52b.SHTH4J2ZWVHJQ6HP.SEARCH&ppt=None&ppn=None&ssid=7h81pdlk6o0000001779038324158&qH=ee1697b1cab4c91d&ov_redirect=true,,flipkart
METRONAUT PLUS Men Regular Fit Solid Slim Collar Formal Shirt,clothing,480.0,1499.0,67.0,0.0,0,https://rukminim2.flixcart.com/image/612/612/xif0q/shirt/f/f/p/3xl-mt1-ps-navy-blue-metronaut-plus-original-imah94pc4my8wzqm.jpeg?q=70,https://www.flipkart.com/metronaut-plus-men-solid-formal-dark-blue-shirt/p/itm850f2916947f8?pid=SHTH2HMFH4MYQTQH&lid=LSTSHTH2HMFH4MYQTQHUOX4AD&marketplace=FLIPKART&q=men+formal+shirt&store=clo%2Fash%2Faxc%2Fmmk%2Fbk1&srno=s_2_45&otracker=search&fm=organic&iid=ccd3d101-bae1-4cdb-9c99-c4cc9ebae52b.SHTH2HMFH4MYQTQH.SEARCH&ppt=None&ppn=None&ssid=7h81pdlk6o0000001779038324158&qH=ee1697b1cab4c91d&ov_redirect=true,,flipkart
VTEXX Men Regular Fit Solid Spread Collar Formal Shirt,clothing,313.0,1599.0,80.0,0.0,0,https://rukminim2.flixcart.com/image/612/612/xif0q/shirt/q/b/7/xl-lst16-cnz-peacock-vtexx-original-imah5ugzfgtwjn8r.jpeg?q=70,https://www.flipkart.com/vtexx-men-solid-formal-multicolor-shirt/p/itme382171abd07d?pid=SHTH4J2ZVFMF4EYH&lid=LSTSHTH4J2ZVFMF4EYHIWKZLQ&marketplace=FLIPKART&q=men+formal+shirt&store=clo%2Fash%2Faxc%2Fmmk%2Fbk1&srno=s_2_46&otracker=search&fm=organic&iid=ccd3d101-bae1-4cdb-9c99-c4cc9ebae52b.SHTH4J2ZVFMF4EYH.SEARCH&ppt=None&ppn=None&ssid=7h81pdlk6o0000001779038324158&qH=ee1697b1cab4c91d&ov_redirect=true,,flipkart
Harfun Men Regular Fit Solid Spread Collar Formal Shirt,clothing,1396.0,1874.0,25.0,0.0,0,https://rukminim2.flixcart.com/image/612/612/xif0q/shirt/2/a/5/xxl-msmswo907chr0123-harfun-original-imahhjmgprhy6qmg.jpeg?q=70,https://www.flipkart.com/harfun-men-solid-formal-grey-shirt/p/itm0096d5fa3208e?pid=SHTHHJMGPUZPE6AK&lid=LSTSHTHHJMGPUZPE6AKZCGSZV&marketplace=FLIPKART&q=men+formal+shirt&store=clo%2Fash%2Faxc%2Fmmk%2Fbk1&srno=s_2_47&otracker=search&fm=organic&iid=en_FAsqvZ6pACdjZY13mMOmLc6kjphVXyZ3PaUIx0PI1N0o6oJFUqgitLD4xPVdfIRI-qjzjoi9SKdxFcFAsGbnDQ%3D%3D&ppt=None&ppn=None&ssid=7h81pdlk6o0000001779038324158&qH=ee1697b1cab4c91d&ov_redirect=true,,flipkart
MUFTI Men Slim Fit Striped Spread Collar Formal Shirt,clothing,1813.0,3299.0,45.0,0.0,0,https://rukminim2.flixcart.com/image/612/612/xif0q/shirt/t/u/k/6xl-mfs-16303-v-26-lilac-mufti-original-imahk39jxadfkfgy.jpeg?q=70,https://www.flipkart.com/mufti-men-striped-formal-purple-shirt/p/itm95a776a73e8c4?pid=SHTHK39KWWGTR6GS&lid=LSTSHTHK39KWWGTR6GSIKPAFM&marketplace=FLIPKART&q=men+formal+shirt&store=clo%2Fash%2Faxc%2Fmmk%2Fbk1&srno=s_2_48&otracker=search&fm=organic&iid=en_FAsqvZ6pACdjZY13mMOmLc6kjphVXyZ3PaUIx0PI1N08gFvSWS120gSBeH4leOcVCSGBufS6dHFnzjLgcBYUM-o15S0a61Wzzbg3qNOknKY%3D&ppt=None&ppn=None&ssid=7h81pdlk6o0000001779038324158&qH=ee1697b1cab4c91d&ov_redirect=true,,flipkart
VIRELX10 Men Regular Fit Solid Spread Collar Formal Shirt,clothing,351.0,999.0,64.0,0.0,0,https://rukminim2.flixcart.com/image/612/612/xif0q/shirt/6/0/2/xl-k-flip-fromal-mrn-shirt-virelx10-original-imahmyranh56vcqh.jpeg?q=70,https://www.flipkart.com/virelx10-men-solid-formal-maroon-shirt/p/itmecbea02053ada?pid=SHTHMYRACWWYS3XU&lid=LSTSHTHMYRACWWYS3XUH9OTAE&marketplace=FLIPKART&q=men+formal+shirt&store=clo%2Fash%2Faxc%2Fmmk%2Fbk1&srno=s_2_49&otracker=search&fm=organic&iid=ccd3d101-bae1-4cdb-9c99-c4cc9ebae52b.SHTHMYRACWWYS3XU.SEARCH&ppt=None&ppn=None&ssid=7h81pdlk6o0000001779038324158&qH=ee1697b1cab4c91d&ov_redirect=true,,flipkart
VTEXX Men Regular Fit Solid Spread Collar Formal Shirt,clothing,313.0,1599.0,80.0,0.0,0,https://rukminim2.flixcart.com/image/612/612/xif0q/shirt/j/s/q/4xl-lst16-cnz-green-vtexx-original-imahg73q2mturd37.jpeg?q=70,https://www.flipkart.com/vtexx-men-solid-formal-multicolor-shirt/p/itmbc2bc51db68ff?pid=SHTH4J2ZVNRBBHUH&lid=LSTSHTH4J2ZVNRBBHUHBUMLR7&marketplace=FLIPKART&q=men+formal+shirt&store=clo%2Fash%2Faxc%2Fmmk%2Fbk1&srno=s_2_50&otracker=search&fm=organic&iid=ccd3d101-bae1-4cdb-9c99-c4cc9ebae52b.SHTH4J2ZVNRBBHUH.SEARCH&ppt=None&ppn=None&ssid=7h81pdlk6o0000001779038324158&qH=ee1697b1cab4c91d&ov_redirect=true,,flipkart
DEEMOON Men Regular Fit Solid Button Down Collar Formal Shirt,clothing,367.0,1499.0,75.0,0.0,0,https://rukminim2.flixcart.com/image/612/612/xif0q/shirt/d/0/k/xxl-ssario02-dimmy-original-imaharf7zqn7echq.jpeg?q=70,https://www.flipkart.com/deemoon-men-solid-formal-grey-shirt/p/itma8066987c5bc3?pid=SHTH7ECYZ7HGM2EG&lid=LSTSHTH7ECYZ7HGM2EGZHNLOA&marketplace=FLIPKART&q=men+formal+shirt&store=clo%2Fash%2Faxc%2Fmmk%2Fbk1&srno=s_2_51&otracker=search&fm=organic&iid=en_FAsqvZ6pACdjZY13mMOmLc6kjphVXyZ3PaUIx0PI1N1uZHvPau-YjnOU1uPys28f22ZSukE5fMSxfxjixwOSnA%3D%3D&ppt=None&ppn=None&ssid=7h81pdlk6o0000001779038324158&qH=ee1697b1cab4c91d&ov_redirect=true,,flipkart
LOUIS PHILIPPE Slim Fit Full Sleeve Men Slim Fit Solid Spread Collar F...,clothing,1724.0,2499.0,31.0,0.0,0,https://rukminim2.flixcart.com/image/612/612/xif0q/shirt/h/x/k/-original-imahmvzghrbwnpgf.jpeg?q=70,https://www.flipkart.com/louis-philippe-men-solid-formal-white-shirt/p/itm03e6073ad5ec2?pid=SHTH5EF79XWKE25D&lid=LSTSHTH5EF79XWKE25DLRMQWG&marketplace=FLIPKART&q=men+formal+shirt&store=clo%2Fash%2Faxc%2Fmmk%2Fbk1&srno=s_2_52&otracker=search&fm=organic&iid=en_FAsqvZ6pACdjZY13mMOmLc6kjphVXyZ3PaUIx0PI1N1AIlDhCxpNn9nVui8xhZKt3C4sZ12nhxFwfyMi_pZmnInfEY2D5bWfIUmTlXs_oiU%3D&ppt=None&ppn=None&ssid=7h81pdlk6o0000001779038324158&qH=ee1697b1cab4c91d&ov_redirect=true,,flipkart
VTEXX Men Regular Fit Solid Spread Collar Formal Shirt,clothing,315.0,1999.0,84.0,0.0,0,https://rukminim2.flixcart.com/image/612/612/xif0q/shirt/v/z/m/3xl-16lst-seagreen-vtexx-original-imah8sgzvpunxsbf.jpeg?q=70,https://www.flipkart.com/vtexx-men-solid-formal-light-green-shirt/p/itma80aab658c91a?pid=SHTH8YFUHDTCR4TX&lid=LSTSHTH8YFUHDTCR4TXZXVYID&marketplace=FLIPKART&q=men+formal+shirt&store=clo%2Fash%2Faxc%2Fmmk%2Fbk1&srno=s_2_53&otracker=search&fm=organic&iid=ccd3d101-bae1-4cdb-9c99-c4cc9ebae52b.SHTH8YFUHDTCR4TX.SEARCH&ppt=None&ppn=None&ssid=7h81pdlk6o0000001779038324158&qH=ee1697b1cab4c91d&ov_redirect=true,,flipkart
VTEXX Men Regular Fit Solid Spread Collar Formal Shirt,clothing,331.0,1299.0,74.0,0.0,0,https://rukminim2.flixcart.com/image/612/612/xif0q/shirt/v/o/d/m-mens-solid-shirt-734-mayan-original-imah3whhcsysqarr.jpeg?q=70,https://www.flipkart.com/vtexx-men-solid-formal-grey-shirt/p/itmc34659b21c380?pid=SHTGMK2YTJTK9JZG&lid=LSTSHTGMK2YTJTK9JZGMRI1DH&marketplace=FLIPKART&q=men+formal+shirt&store=clo%2Fash%2Faxc%2Fmmk%2Fbk1&srno=s_2_54&otracker=search&fm=organic&iid=ccd3d101-bae1-4cdb-9c99-c4cc9ebae52b.SHTGMK2YTJTK9JZG.SEARCH&ppt=None&ppn=None&ssid=7h81pdlk6o0000001779038324158&qH=ee1697b1cab4c91d&ov_redirect=true,,flipkart
JexPuti Men Slim Fit Solid Spread Collar Formal Shirt,clothing,360.0,1999.0,81.0,0.0,0,https://rukminim2.flixcart.com/image/612/612/xif0q/shirt/k/a/p/s-sh-16-jexputi-original-imahn837xqp6ghz9.jpeg?q=70,https://www.flipkart.com/jexputi-men-solid-formal-white-shirt/p/itm0508ce8057471?pid=SHTHN84FHD6UVQDG&lid=LSTSHTHN84FHD6UVQDGWOIAKZ&marketplace=FLIPKART&q=men+formal+shirt&store=clo%2Fash%2Faxc%2Fmmk%2Fbk1&srno=s_2_55&otracker=search&fm=organic&iid=ccd3d101-bae1-4cdb-9c99-c4cc9ebae52b.SHTHN84FHD6UVQDG.SEARCH&ppt=None&ppn=None&ssid=7h81pdlk6o0000001779038324158&qH=ee1697b1cab4c91d&ov_redirect=true,,flipkart
METRONAUT Men Regular Fit Solid Formal Shirt,clothing,276.0,1899.0,85.0,0.0,0,https://rukminim2.flixcart.com/image/612/612/xif0q/shirt/u/w/b/m-mt-formal-shirt-metronaut-original-imahjx5j4fz8mucy.jpeg?q=70,https://www.flipkart.com/metronaut-men-solid-formal-grey-shirt/p/itm367c1bc306b35?pid=SHTGWK7YWQGH9JZZ&lid=LSTSHTGWK7YWQGH9JZZ1O1TJH&marketplace=FLIPKART&q=men+formal+shirt&store=clo%2Fash%2Faxc%2Fmmk%2Fbk1&srno=s_2_56&otracker=search&fm=organic&iid=ccd3d101-bae1-4cdb-9c99-c4cc9ebae52b.SHTGWK7YWQGH9JZZ.SEARCH&ppt=None&ppn=None&ssid=7h81pdlk6o0000001779038324158&qH=ee1697b1cab4c91d&ov_redirect=true,,flipkart
PROVOGUE Men Regular Fit Solid Spread Collar Formal Shirt,clothing,405.0,1399.0,71.0,0.0,0,https://rukminim2.flixcart.com/image/612/612/xif0q/shirt/7/1/z/xl-pb-shirt2004-provogue-original-imahj84jykxhps7c.jpeg?q=70,https://www.flipkart.com/provogue-men-solid-formal-green-shirt/p/itm77a59f93ddbe6?pid=SHTHJ4A7GYY6U3V5&lid=LSTSHTHJ4A7GYY6U3V52XICJZ&marketplace=FLIPKART&q=men+formal+shirt&store=clo%2Fash%2Faxc%2Fmmk%2Fbk1&srno=s_2_57&otracker=search&fm=organic&iid=en_FAsqvZ6pACdjZY13mMOmLc6kjphVXyZ3PaUIx0PI1N1pINQ2D8E6mPw9nXqhUtV7-XyzpXcZu5JxJ8QZzMjnJGVkv0XZFiOX7bbXdlao_f8%3D&ppt=None&ppn=None&ssid=7h81pdlk6o0000001779038324158&qH=ee1697b1cab4c91d&ov_redirect=true,,flipkart
Raymond Men Slim Fit Printed Formal Shirt,clothing,1099.0,2199.0,50.0,0.0,0,https://rukminim2.flixcart.com/image/612/612/xif0q/shirt/k/n/3/40-rmsx11688-b6-raymond-original-imagh3nyrynzpffk.jpeg?q=70,https://www.flipkart.com/raymond-men-printed-formal-blue-shirt/p/itm3a068448ca14d?pid=SHTGF5ZWVCWGZZTS&lid=LSTSHTGF5ZWVCWGZZTS8JZWEF&marketplace=FLIPKART&q=men+formal+shirt&store=clo%2Fash%2Faxc%2Fmmk%2Fbk1&srno=s_2_58&otracker=search&fm=organic&iid=en_FAsqvZ6pACdjZY13mMOmLc6kjphVXyZ3PaUIx0PI1N1xPIQ4fXfwYIvja3-new1_ZXerbEE3ANLk-l73jjnbsfcUmN_6PwCReg_VTM4VLxo%3D&ppt=None&ppn=None&ssid=7h81pdlk6o0000001779038324158&qH=ee1697b1cab4c91d&ov_redirect=true,,flipkart
STONEBERG Men Slim Fit Solid Spread Collar Formal Shirt,clothing,371.0,1599.0,76.0,0.0,0,https://rukminim2.flixcart.com/image/612/612/xif0q/shirt/z/6/1/m-r-pista-green-stoneberg-original-imahhzqjy5maxfxb.jpeg?q=70,https://www.flipkart.com/stoneberg-men-solid-formal-light-green-shirt/p/itmb7388ec04943d?pid=SHTGEUM8TVQFZXUG&lid=LSTSHTGEUM8TVQFZXUGI6OAWH&marketplace=FLIPKART&q=men+formal+shirt&store=clo%2Fash%2Faxc%2Fmmk%2Fbk1&srno=s_2_59&otracker=search&fm=organic&iid=ccd3d101-bae1-4cdb-9c99-c4cc9ebae52b.SHTGEUM8TVQFZXUG.SEARCH&ppt=None&ppn=None&ssid=7h81pdlk6o0000001779038324158&qH=ee1697b1cab4c91d&ov_redirect=true,,flipkart
KMC Luxe Essentials Men Slim Fit Solid Spread Collar Formal Shirt,clothing,318.0,499.0,36.0,0.0,0,https://rukminim2.flixcart.com/image/612/612/xif0q/shirt/1/b/p/m-kmc-prmum-whte-kmc-luxe-essentials-original-imahhjauwdzmnfqz.jpeg?q=70,https://www.flipkart.com/kmc-luxe-essentials-men-solid-formal-white-shirt/p/itm59372b73679ae?pid=SHTHHJAV2DUJGUAH&lid=LSTSHTHHJAV2DUJGUAHHHX818&marketplace=FLIPKART&q=men+formal+shirt&store=clo%2Fash%2Faxc%2Fmmk%2Fbk1&srno=s_2_60&otracker=search&fm=organic&iid=ccd3d101-bae1-4cdb-9c99-c4cc9ebae52b.SHTHHJAV2DUJGUAH.SEARCH&ppt=None&ppn=None&ssid=7h81pdlk6o0000001779038324158&qH=ee1697b1cab4c91d&ov_redirect=true,,flipkart
PROVOGUE Men Regular Fit Solid Spread Collar Formal Shirt,clothing,410.0,1399.0,70.0,0.0,0,https://rukminim2.flixcart.com/image/612/612/xif0q/shirt/a/l/h/2xl-pb-shirt2003-provogue-original-imahj7tcucdaysz3.jpeg?q=70,https://www.flipkart.com/provogue-men-solid-formal-cream-shirt/p/itm523be5276bed4?pid=SHTHJ4ABEQK7HUJY&lid=LSTSHTHJ4ABEQK7HUJYOO8TEN&marketplace=FLIPKART&q=men+formal+shirt&store=clo%2Fash%2Faxc%2Fmmk%2Fbk1&srno=s_2_61&otracker=search&fm=organic&iid=en_FAsqvZ6pACdjZY13mMOmLc6kjphVXyZ3PaUIx0PI1N31bhdB9GubCDQ4CbjvHa6vUjEQZxoyLRr1myFGxfrpCOI7uWi7bi3WLqk6JF-UYDE%3D&ppt=None&ppn=None&ssid=7h81pdlk6o0000001779038324158&qH=ee1697b1cab4c91d&ov_redirect=true,,flipkart
METRONAUT Men Regular Fit Solid Spread Collar Formal Shirt,clothing,297.0,1199.0,75.0,0.0,0,https://rukminim2.flixcart.com/image/612/612/xif0q/shirt/z/u/b/l-101-whpmsh-46-metronaut-original-imahkwz9puypsj2a.jpeg?q=70,https://www.flipkart.com/metronaut-men-solid-formal-white-shirt/p/itm67dbe711a5ecc?pid=SHTHKWZEZGQM78NM&lid=LSTSHTHKWZEZGQM78NMQFKAJX&marketplace=FLIPKART&q=men+formal+shirt&store=clo%2Fash%2Faxc%2Fmmk%2Fbk1&srno=s_2_62&otracker=search&fm=organic&iid=en_FAsqvZ6pACdjZY13mMOmLc6kjphVXyZ3PaUIx0PI1N1zPPKCjqbrKgMQGpaMobBnaTJsNtVqC_WF8qX_sjbJWfUFjCTyOHoHZs-Z5_PS_w0%3D&ppt=None&ppn=None&ssid=7h81pdlk6o0000001779038324158&qH=ee1697b1cab4c91d&ov_redirect=true,,flipkart
VTEXX Men Regular Fit Solid Slim Collar Formal Shirt,clothing,317.0,1999.0,84.0,0.0,0,https://rukminim2.flixcart.com/image/612/612/xif0q/shirt/n/r/x/m-13-lstr-olv-green-vtexx-original-imahdbepuhacvcvt.jpeg?q=70,https://www.flipkart.com/vtexx-men-solid-formal-light-green-shirt/p/itm2a5f665cee1c4?pid=SHTGMNGQAPRCHADS&lid=LSTSHTGMNGQAPRCHADSCSDLDG&marketplace=FLIPKART&q=men+formal+shirt&store=clo%2Fash%2Faxc%2Fmmk%2Fbk1&srno=s_2_63&otracker=search&fm=organic&iid=ccd3d101-bae1-4cdb-9c99-c4cc9ebae52b.SHTGMNGQAPRCHADS.SEARCH&ppt=None&ppn=None&ssid=7h81pdlk6o0000001779038324158&qH=ee1697b1cab4c91d&ov_redirect=true,,flipkart
PARK AVENUE Men Slim Fit Checkered Formal Shirt,clothing,747.0,1699.0,56.0,0.0,0,https://rukminim2.flixcart.com/image/612/612/xif0q/shirt/g/s/4/-original-imagznh8fvxqyhjc.jpeg?q=70,https://www.flipkart.com/park-avenue-men-checkered-formal-blue-shirt/p/itm4e54023a9618f?pid=SHTGZ3P5HY5KDT39&lid=LSTSHTGZ3P5HY5KDT39E6MCPA&marketplace=FLIPKART&q=men+formal+shirt&store=clo%2Fash%2Faxc%2Fmmk%2Fbk1&srno=s_2_64&otracker=search&fm=organic&iid=ccd3d101-bae1-4cdb-9c99-c4cc9ebae52b.SHTGZ3P5HY5KDT39.SEARCH&ppt=None&ppn=None&ssid=7h81pdlk6o0000001779038324158&qH=ee1697b1cab4c91d&ov_redirect=true,,flipkart
MILDIN Men Slim Fit Solid Spread Collar Formal Shirt,clothing,367.0,1999.0,81.0,0.0,0,https://rukminim2.flixcart.com/image/612/612/xif0q/shirt/u/o/i/m-men-regular-slim-fit-solid-button-down-collar-formal-shirt-original-imahczegfxhhtpgh.jpeg?q=70,https://www.flipkart.com/mildin-men-solid-formal-light-blue-shirt/p/itme604df1ddfb17?pid=SHTG3RVFQRA3HTSC&lid=LSTSHTG3RVFQRA3HTSCVSGAYC&marketplace=FLIPKART&q=men+formal+shirt&store=clo%2Fash%2Faxc%2Fmmk%2Fbk1&srno=s_2_65&otracker=search&fm=organic&iid=ccd3d101-bae1-4cdb-9c99-c4cc9ebae52b.SHTG3RVFQRA3HTSC.SEARCH&ppt=None&ppn=None&ssid=7h81pdlk6o0000001779038324158&qH=ee1697b1cab4c91d&ov_redirect=true,,flipkart
YOUTH FIRST INDIAN BRAND Men Slim Fit Solid Spread Collar Formal Shirt,clothing,258.0,699.0,63.0,0.0,0,https://rukminim2.flixcart.com/image/612/612/xif0q/shirt/x/x/y/xl-cream-formal-m-youth-first-indian-brand-original-imahnyj6asundyzz.jpeg?q=70,https://www.flipkart.com/youth-first-indian-brand-men-solid-formal-pink-shirt/p/itme6f8723027677?pid=SHTHNYJ7VMA4MFFY&lid=LSTSHTHNYJ7VMA4MFFYEPBS9G&marketplace=FLIPKART&q=men+formal+shirt&store=clo%2Fash%2Faxc%2Fmmk%2Fbk1&srno=s_2_66&otracker=search&fm=organic&iid=ccd3d101-bae1-4cdb-9c99-c4cc9ebae52b.SHTHNYJ7VMA4MFFY.SEARCH&ppt=None&ppn=None&ssid=7h81pdlk6o0000001779038324158&qH=ee1697b1cab4c91d&ov_redirect=true,,flipkart
AVOLT Men Regular Fit Solid Spread Collar Formal Shirt,clothing,330.0,999.0,66.0,0.0,0,https://rukminim2.flixcart.com/image/612/612/xif0q/shirt/e/o/f/xl-avsh001-avolt-original-imahgnh6bvqxzah2.jpeg?q=70,https://www.flipkart.com/avolt-men-solid-formal-red-shirt/p/itmc8b61d881e216?pid=SHTHYXUNDFTZQKNA&lid=LSTSHTHYXUNDFTZQKNAY4SVXD&marketplace=FLIPKART&q=men+formal+shirt&store=clo%2Fash%2Faxc%2Fmmk%2Fbk1&srno=s_2_67&otracker=search&fm=organic&iid=en_FAsqvZ6pACdjZY13mMOmLc6kjphVXyZ3PaUIx0PI1N3T-Op2kpL0ubHH71L7s31LQ-9t1NGYjzHCFSjEnZeVGvUFjCTyOHoHZs-Z5_PS_w0%3D&ppt=None&ppn=None&ssid=7h81pdlk6o0000001779038324158&qH=ee1697b1cab4c91d&ov_redirect=true,,flipkart
BEEDARK Men Regular Fit Checkered Spread Collar Formal Shirt,clothing,715.0,1899.0,62.0,0.0,0,https://rukminim2.flixcart.com/image/612/612/xif0q/shirt/c/h/l/m-bd02-beedark-original-imahhh5hamjqzemp.jpeg?q=70,https://www.flipkart.com/beedark-men-checkered-formal-multicolor-shirt/p/itm5da275e97e773?pid=SHTHJT6F4EHBFUMF&lid=LSTSHTHJT6F4EHBFUMFOP59WE&marketplace=FLIPKART&q=men+formal+shirt&store=clo%2Fash%2Faxc%2Fmmk%2Fbk1&srno=s_2_68&otracker=search&fm=organic&iid=en_FAsqvZ6pACdjZY13mMOmLc6kjphVXyZ3PaUIx0PI1N0_K9RrZqmcrVycVs0IYCOuL-a95lxhd7mMg8nKZ4qAlPUFjCTyOHoHZs-Z5_PS_w0%3D&ppt=None&ppn=None&ssid=7h81pdlk6o0000001779038324158&qH=ee1697b1cab4c91d&ov_redirect=true,,flipkart
VeBNoR Men Regular Fit Solid Button Down Collar Formal Shirt,clothing,317.0,999.0,68.0,0.0,0,https://rukminim2.flixcart.com/image/612/612/xif0q/shirt/f/q/i/s-frml-st2-vebnor-original-imahmy82ppzjgzdu.jpeg?q=70,https://www.flipkart.com/vebnor-men-solid-formal-white-shirt/p/itmc3ea175b4b94a?pid=SHTG6BK3BTGU3GY3&lid=LSTSHTG6BK3BTGU3GY3DNXWBS&marketplace=FLIPKART&q=men+formal+shirt&store=clo%2Fash%2Faxc%2Fmmk%2Fbk1&srno=s_2_69&otracker=search&fm=organic&iid=ccd3d101-bae1-4cdb-9c99-c4cc9ebae52b.SHTG6BK3BTGU3GY3.SEARCH&ppt=None&ppn=None&ssid=7h81pdlk6o0000001779038324158&qH=ee1697b1cab4c91d&ov_redirect=true,,flipkart
VTEXX Men Regular Fit Solid Spread Collar Formal Shirt,clothing,347.0,1999.0,82.0,0.0,0,https://rukminim2.flixcart.com/image/612/612/xif0q/shirt/k/f/f/xxl-mens-solid-shirt-711-mayan-original-imah3whhz5dgeqxe.jpeg?q=70,https://www.flipkart.com/vtexx-men-solid-formal-light-blue-shirt/p/itm22fd1fee3f5eb?pid=SHTGNHMTKDEKGBN8&lid=LSTSHTGNHMTKDEKGBN8FUMAJ7&marketplace=FLIPKART&q=men+formal+shirt&store=clo%2Fash%2Faxc%2Fmmk%2Fbk1&srno=s_2_70&otracker=search&fm=organic&iid=ccd3d101-bae1-4cdb-9c99-c4cc9ebae52b.SHTGNHMTKDEKGBN8.SEARCH&ppt=None&ppn=None&ssid=7h81pdlk6o0000001779038324158&qH=ee1697b1cab4c91d&ov_redirect=true,,flipkart
LIONER ENTERPRISE Men Regular Fit Solid Cut Away Collar Formal Shirt,clothing,333.0,799.0,58.0,0.0,0,https://rukminim2.flixcart.com/image/612/612/l1mh7rk0/shirt/t/o/c/xl-plane-expofiled-trends-original-imagd58d8hhds7pq.jpeg?q=70,https://www.flipkart.com/lioner-enterprise-men-solid-formal-pink-shirt/p/itm32d9aa82bd53b?pid=SHTGDD6F5QUSH7NG&lid=LSTSHTGDD6F5QUSH7NGQJGYWU&marketplace=FLIPKART&q=men+formal+shirt&store=clo%2Fash%2Faxc%2Fmmk%2Fbk1&srno=s_2_71&otracker=search&fm=organic&iid=en_FAsqvZ6pACdjZY13mMOmLc6kjphVXyZ3PaUIx0PI1N0nKExnFr_LVRWEVVGNvC8Nz1TxSE7gVPuVRiYPs4YueQ%3D%3D&ppt=None&ppn=None&ssid=7h81pdlk6o0000001779038324158&qH=ee1697b1cab4c91d&ov_redirect=true,,flipkart
NIVICK Men Regular Fit Solid Spread Collar Formal Shirt,clothing,368.0,1499.0,75.0,0.0,0,https://rukminim2.flixcart.com/image/612/612/xif0q/shirt/m/7/1/xxl-a1-1111-nivick-original-imahk7c7hap4rrpw.jpeg?q=70,https://www.flipkart.com/nivick-men-solid-formal-purple-shirt/p/itm96e61a6f67222?pid=SHTHK3Y5YWHBHAFC&lid=LSTSHTHK3Y5YWHBHAFCJEYIGU&marketplace=FLIPKART&q=men+formal+shirt&store=clo%2Fash%2Faxc%2Fmmk%2Fbk1&srno=s_2_72&otracker=search&fm=organic&iid=en_FAsqvZ6pACdjZY13mMOmLc6kjphVXyZ3PaUIx0PI1N1ZenOzwtxSU1dU9E-vGklrG7saOHqLORpFdRwuHooljPUFjCTyOHoHZs-Z5_PS_w0%3D&ppt=None&ppn=None&ssid=7h81pdlk6o0000001779038324158&qH=ee1697b1cab4c91d&ov_redirect=true,,flipkart
MILDIN Men Regular Fit Striped Spread Collar Formal Shirt,clothing,456.0,1999.0,77.0,0.0,0,https://rukminim2.flixcart.com/image/612/612/xif0q/shirt/7/t/u/s-oxflining13062024-mildin-original-imahahxjmzaddyrx.jpeg?q=70,https://www.flipkart.com/mildin-men-striped-formal-light-blue-shirt/p/itm4aac251023d7e?pid=SHTH9XDWCAGSB7GQ&lid=LSTSHTH9XDWCAGSB7GQI58IIT&marketplace=FLIPKART&q=men+formal+shirt&store=clo%2Fash%2Faxc%2Fmmk%2Fbk1&srno=s_2_73&otracker=search&fm=organic&iid=ccd3d101-bae1-4cdb-9c99-c4cc9ebae52b.SHTH9XDWCAGSB7GQ.SEARCH&ppt=None&ppn=None&ssid=7h81pdlk6o0000001779038324158&qH=ee1697b1cab4c91d&ov_redirect=true,,flipkart
YOUTH FIRST INDIAN BRAND Men Slim Fit Solid Spread Collar Formal Shirt,clothing,258.0,699.0,63.0,0.0,0,https://rukminim2.flixcart.com/image/612/612/xif0q/shirt/c/m/9/xxl-cream-formal-m-youth-first-indian-brand-original-imahnyj6jxphzrq2.jpeg?q=70,https://www.flipkart.com/youth-first-indian-brand-men-solid-formal-pink-shirt/p/itm3906b93c91a73?pid=SHTHNYJ8DFETMYRK&lid=LSTSHTHNYJ8DFETMYRKJBV9L1&marketplace=FLIPKART&q=men+formal+shirt&store=clo%2Fash%2Faxc%2Fmmk%2Fbk1&srno=s_2_74&otracker=search&fm=organic&iid=ccd3d101-bae1-4cdb-9c99-c4cc9ebae52b.SHTHNYJ8DFETMYRK.SEARCH&ppt=None&ppn=None&ssid=7h81pdlk6o0000001779038324158&qH=ee1697b1cab4c91d&ov_redirect=true,,flipkart
CANTABIL Men Regular Fit Solid Spread Collar Formal Shirt,clothing,810.0,2699.0,69.0,0.0,0,https://rukminim2.flixcart.com/image/612/612/xif0q/shirt/w/o/t/40-mshf00286-cantabil-original-imagmzg72hns3hd5.jpeg?q=70,https://www.flipkart.com/cantabil-men-solid-formal-grey-shirt/p/itmbbb6bc5ef8faa?pid=SHTGMZG88CVM6YA2&lid=LSTSHTGMZG88CVM6YA2OUH5AC&marketplace=FLIPKART&q=men+formal+shirt&store=clo%2Fash%2Faxc%2Fmmk%2Fbk1&srno=s_2_75&otracker=search&fm=organic&iid=ccd3d101-bae1-4cdb-9c99-c4cc9ebae52b.SHTGMZG88CVM6YA2.SEARCH&ppt=None&ppn=None&ssid=7h81pdlk6o0000001779038324158&qH=ee1697b1cab4c91d&ov_redirect=true,,flipkart
Solbiza Men Slim Fit Solid Formal Shirt,clothing,294.0,1499.0,80.0,0.0,0,https://rukminim2.flixcart.com/image/612/612/xif0q/shopsy-shirt/n/l/o/s-psset-094-rudraasavari-creation-original-imah8r9g73ynzegf.jpeg?q=70,https://www.flipkart.com/solbiza-men-solid-formal-multicolor-shirt/p/itmec13b07d7a6b6?pid=SHTHBA9FZRAYMDSD&lid=LSTSHTHBA9FZRAYMDSDKIR3RH&marketplace=FLIPKART&q=men+formal+shirt&store=clo%2Fash%2Faxc%2Fmmk%2Fbk1&srno=s_2_76&otracker=search&fm=organic&iid=ccd3d101-bae1-4cdb-9c99-c4cc9ebae52b.SHTHBA9FZRAYMDSD.SEARCH&ppt=None&ppn=None&ssid=7h81pdlk6o0000001779038324158&qH=ee1697b1cab4c91d&ov_redirect=true,,flipkart
METRONAUT Men Regular Fit Solid Spread Collar Formal Shirt,clothing,300.0,1399.0,78.0,0.0,0,https://rukminim2.flixcart.com/image/612/612/xif0q/shirt/k/d/w/m-101-whpmsh-38-metronaut-original-imahkvjzhhhjmfqk.jpeg?q=70,https://www.flipkart.com/metronaut-men-solid-formal-white-shirt/p/itme51d2af5f29d4?pid=SHTHKVKFMYHZQPFU&lid=LSTSHTHKVKFMYHZQPFUBOZRK4&marketplace=FLIPKART&q=men+formal+shirt&store=clo%2Fash%2Faxc%2Fmmk%2Fbk1&srno=s_2_77&otracker=search&fm=organic&iid=en_FAsqvZ6pACdjZY13mMOmLc6kjphVXyZ3PaUIx0PI1N3sOPwgP6kgBHKFqeL8NsFE4t9p8-ryn7DdGhpwPG8Bn_UFjCTyOHoHZs-Z5_PS_w0%3D&ppt=None&ppn=None&ssid=7h81pdlk6o0000001779038324158&qH=ee1697b1cab4c91d&ov_redirect=true,,flipkart
DEEMOON Men Regular Fit Solid Button Down Collar Formal Shirt,clothing,367.0,1499.0,75.0,0.0,0,https://rukminim2.flixcart.com/image/612/612/xif0q/shirt/d/o/v/m-ssario01-dimmy-original-imahcfcxpnvqftnh.jpeg?q=70,https://www.flipkart.com/deemoon-men-solid-formal-black-shirt/p/itm8c7fff411b720?pid=SHTH7ECYNZHYGWXQ&lid=LSTSHTH7ECYNZHYGWXQM4MURH&marketplace=FLIPKART&q=men+formal+shirt&store=clo%2Fash%2Faxc%2Fmmk%2Fbk1&srno=s_2_78&otracker=search&fm=organic&iid=en_FAsqvZ6pACdjZY13mMOmLc6kjphVXyZ3PaUIx0PI1N2pyZeSdAUORxvQx9f6JybVrzcXcmsim3lhOEUXbOgCG_UFjCTyOHoHZs-Z5_PS_w0%3D&ppt=None&ppn=None&ssid=7h81pdlk6o0000001779038324158&qH=ee1697b1cab4c91d&ov_redirect=true,,flipkart
FIBERMILL Men Slim Fit Solid Spread Collar Formal Shirt,clothing,360.0,1599.0,77.0,0.0,0,https://rukminim2.flixcart.com/image/612/612/xif0q/shirt/8/c/1/m-fbrml-r1-fibermill-original-imahhyaartjg2zqf.jpeg?q=70,https://www.flipkart.com/fibermill-men-solid-formal-grey-shirt/p/itm919c0f36bb89a?pid=SHTGHQ6HYGGMHZWT&lid=LSTSHTGHQ6HYGGMHZWTHMEOSF&marketplace=FLIPKART&q=men+formal+shirt&store=clo%2Fash%2Faxc%2Fmmk%2Fbk1&srno=s_2_79&otracker=search&fm=organic&iid=ccd3d101-bae1-4cdb-9c99-c4cc9ebae52b.SHTGHQ6HYGGMHZWT.SEARCH&ppt=None&ppn=None&ssid=7h81pdlk6o0000001779038324158&qH=ee1697b1cab4c91d&ov_redirect=true,,flipkart
METRONAUT Men Regular Fit Solid Formal Shirt,clothing,276.0,1899.0,85.0,0.0,0,https://rukminim2.flixcart.com/image/612/612/xif0q/shirt/d/f/i/l-mt-formal-shirt-metronaut-original-imahjx5jv9zpknwe.jpeg?q=70,https://www.flipkart.com/metronaut-men-solid-formal-purple-shirt/p/itm2a6c145c4617d?pid=SHTH3NVHAYAHF3YK&lid=LSTSHTH3NVHAYAHF3YKR3DOKJ&marketplace=FLIPKART&q=men+formal+shirt&store=clo%2Fash%2Faxc%2Fmmk%2Fbk1&srno=s_2_80&otracker=search&fm=organic&iid=ccd3d101-bae1-4cdb-9c99-c4cc9ebae52b.SHTH3NVHAYAHF3YK.SEARCH&ppt=None&ppn=None&ssid=7h81pdlk6o0000001779038324158&qH=ee1697b1cab4c91d&ov_redirect=true,,flipkart
DEEMOON Men Regular Fit Solid Button Down Collar Formal Shirt,clothing,367.0,1499.0,75.0,0.0,0,https://rukminim2.flixcart.com/image/612/612/xif0q/shirt/i/2/r/s-satin14-deemoon-original-imahckprq6td5kgm.jpeg?q=70,https://www.flipkart.com/deemoon-men-solid-formal-light-green-shirt/p/itm05fca07e09988?pid=SHTH7ECYPKPXZP5J&lid=LSTSHTH7ECYPKPXZP5JYPFEOF&marketplace=FLIPKART&q=men+formal+shirt&store=clo%2Fash%2Faxc%2Fmmk%2Fbk1&srno=s_3_81&otracker=search&fm=organic&iid=en_pDvrv0naVrHJR4sNb0BpLAb3fG69OBHLuQ_pWCKU0SETdL6XVI-cR_Tdgnq2f6IcJ_FcA2GADg95XRBtfJWxnw%3D%3D&ppt=None&ppn=None&ssid=2oak1w79v40000001779038327465&qH=ee1697b1cab4c91d&ov_redirect=true,,flipkart
youth first Men Slim Fit Solid Spread Collar Formal Shirt,clothing,583.0,1499.0,61.0,0.0,0,https://rukminim2.flixcart.com/image/612/612/xif0q/shirt/c/z/l/xl-ae10-black-grey-green-m-youth-first-original-imahjrz7xhes4uzz.jpeg?q=70,https://www.flipkart.com/youth-first-men-solid-formal-grey-black-light-blue-shirt/p/itm11c42a920c6bb?pid=SHTHJRZ7MFC9BZBY&lid=LSTSHTHJRZ7MFC9BZBYNZOMM3&marketplace=FLIPKART&q=men+formal+shirt&store=clo%2Fash%2Faxc%2Fmmk%2Fbk1&srno=s_3_82&otracker=search&fm=organic&iid=en_pDvrv0naVrHJR4sNb0BpLAb3fG69OBHLuQ_pWCKU0SHU74bCSMvv2-JC2aBD9QOWpyO4JG7WoYJSlnAJfiRuxw%3D%3D&ppt=None&ppn=None&ssid=2oak1w79v40000001779038327465&qH=ee1697b1cab4c91d&ov_redirect=true,,flipkart
METRONAUT PLUS Men Regular Fit Solid Spread Collar Formal Shirt,clothing,466.0,1999.0,76.0,0.0,0,https://rukminim2.flixcart.com/image/612/612/xif0q/shirt/l/t/b/4xl-m-plussolid-50-metronaut-plus-original-imahbvbfk67qkzgz.jpeg?q=70,https://www.flipkart.com/metronaut-plus-men-solid-formal-blue-shirt/p/itmcdac2f30c3c2f?pid=SHTH8U6CSFZCZY4S&lid=LSTSHTH8U6CSFZCZY4SSDCU1W&marketplace=FLIPKART&q=men+formal+shirt&store=clo%2Fash%2Faxc%2Fmmk%2Fbk1&srno=s_3_83&otracker=search&fm=organic&iid=6ebb5874-9e0c-42d3-bc3d-b7c1458b0395.SHTH8U6CSFZCZY4S.SEARCH&ppt=None&ppn=None&ssid=2oak1w79v40000001779038327465&qH=ee1697b1cab4c91d&ov_redirect=true,,flipkart
FUBAR Men Slim Fit Solid Spread Collar Formal Shirt,clothing,274.0,1648.0,83.0,0.0,0,https://rukminim2.flixcart.com/image/612/612/xif0q/shopsy-shirt/0/p/l/l-kcsh-fo-1647-dusty-pk-fubar-original-imahjf46exhx7hrp.jpeg?q=70,https://www.flipkart.com/fubar-men-solid-formal-pink-shirt/p/itm26b571339fb9d?pid=SHTGB79TTKKQVRG8&lid=LSTSHTGB79TTKKQVRG89JMSCQ&marketplace=FLIPKART&q=men+formal+shirt&store=clo%2Fash%2Faxc%2Fmmk%2Fbk1&srno=s_3_84&otracker=search&fm=organic&iid=6ebb5874-9e0c-42d3-bc3d-b7c1458b0395.SHTGB79TTKKQVRG8.SEARCH&ppt=None&ppn=None&ssid=2oak1w79v40000001779038327465&qH=ee1697b1cab4c91d&ov_redirect=true,,flipkart
VeBNoR Men Regular Fit Solid Button Down Collar Formal Shirt,clothing,333.0,999.0,66.0,0.0,0,https://rukminim2.flixcart.com/image/612/612/xif0q/shirt/h/j/q/s-frml-st2-vebnor-original-imahmy7qsud84wzq.jpeg?q=70,https://www.flipkart.com/vebnor-men-solid-formal-dark-blue-shirt/p/itmafb8a1fa61df0?pid=SHTG7BEEGNUJH7BY&lid=LSTSHTG7BEEGNUJH7BYKH5D3L&marketplace=FLIPKART&q=men+formal+shirt&store=clo%2Fash%2Faxc%2Fmmk%2Fbk1&srno=s_3_85&otracker=search&fm=organic&iid=6ebb5874-9e0c-42d3-bc3d-b7c1458b0395.SHTG7BEEGNUJH7BY.SEARCH&ppt=None&ppn=None&ssid=2oak1w79v40000001779038327465&qH=ee1697b1cab4c91d&ov_redirect=true,,flipkart
VTEXX Men Regular Fit Solid Spread Collar Formal Shirt,clothing,331.0,1599.0,79.0,0.0,0,https://rukminim2.flixcart.com/image/612/612/xif0q/shirt/x/h/m/s-lst16-cnz-skyblue-vtexx-original-imah5ugzawyzsbyp.jpeg?q=70,https://www.flipkart.com/vtexx-men-solid-formal-multicolor-shirt/p/itmab047518266bd?pid=SHTH4J2ZTNBFRQWH&lid=LSTSHTH4J2ZTNBFRQWHV6FD2Z&marketplace=FLIPKART&q=men+formal+shirt&store=clo%2Fash%2Faxc%2Fmmk%2Fbk1&srno=s_3_86&otracker=search&fm=organic&iid=6ebb5874-9e0c-42d3-bc3d-b7c1458b0395.SHTH4J2ZTNBFRQWH.SEARCH&ppt=None&ppn=None&ssid=2oak1w79v40000001779038327465&qH=ee1697b1cab4c91d&ov_redirect=true,,flipkart
Harfun Men Regular Fit Solid Spread Collar Formal Shirt,clothing,1396.0,1874.0,25.0,0.0,0,https://rukminim2.flixcart.com/image/612/612/xif0q/shirt/2/a/5/xxl-msmswo907chr0123-harfun-original-imahhjmgprhy6qmg.jpeg?q=70,https://www.flipkart.com/harfun-men-solid-formal-grey-shirt/p/itm0096d5fa3208e?pid=SHTHHJMGPUZPE6AK&lid=LSTSHTHHJMGPUZPE6AKZCGSZV&marketplace=FLIPKART&q=men+formal+shirt&store=clo%2Fash%2Faxc%2Fmmk%2Fbk1&srno=s_3_87&otracker=search&fm=organic&iid=en_pDvrv0naVrHJR4sNb0BpLAb3fG69OBHLuQ_pWCKU0SFsVQM9gmSKE02Gl90Fy89t-qjzjoi9SKdxFcFAsGbnDQ%3D%3D&ppt=None&ppn=None&ssid=2oak1w79v40000001779038327465&qH=ee1697b1cab4c91d&ov_redirect=true,,flipkart
MUFTI Men Slim Fit Striped Spread Collar Formal Shirt,clothing,1813.0,3299.0,45.0,0.0,0,https://rukminim2.flixcart.com/image/612/612/xif0q/shirt/t/u/k/6xl-mfs-16303-v-26-lilac-mufti-original-imahk39jxadfkfgy.jpeg?q=70,https://www.flipkart.com/mufti-men-striped-formal-purple-shirt/p/itm95a776a73e8c4?pid=SHTHK39KWWGTR6GS&lid=LSTSHTHK39KWWGTR6GSIKPAFM&marketplace=FLIPKART&q=men+formal+shirt&store=clo%2Fash%2Faxc%2Fmmk%2Fbk1&srno=s_3_88&otracker=search&fm=organic&iid=en_pDvrv0naVrHJR4sNb0BpLAb3fG69OBHLuQ_pWCKU0SEN6L8CmHfhbn-DhL7W3SQoCSGBufS6dHFnzjLgcBYUM-o15S0a61Wzzbg3qNOknKY%3D&ppt=None&ppn=None&ssid=2oak1w79v40000001779038327465&qH=ee1697b1cab4c91d&ov_redirect=true,,flipkart
STONEBERG Men Slim Fit Solid Spread Collar Formal Shirt,clothing,376.0,1999.0,81.0,0.0,0,https://rukminim2.flixcart.com/image/612/612/xif0q/shirt/1/b/s/m-r-stbrg-dark-grey-stoneberg-original-imahhzqfakpsnj9q.jpeg?q=70,https://www.flipkart.com/stoneberg-men-solid-formal-grey-shirt/p/itm496fa730234ff?pid=SHTGHGHQAUUHNYA4&lid=LSTSHTGHGHQAUUHNYA4GGY9ZM&marketplace=FLIPKART&q=men+formal+shirt&store=clo%2Fash%2Faxc%2Fmmk%2Fbk1&srno=s_3_89&otracker=search&fm=organic&iid=6ebb5874-9e0c-42d3-bc3d-b7c1458b0395.SHTGHGHQAUUHNYA4.SEARCH&ppt=None&ppn=None&ssid=2oak1w79v40000001779038327465&qH=ee1697b1cab4c91d&ov_redirect=true,,flipkart
STONEBERG Men Slim Fit Solid Spread Collar Formal Shirt,clothing,374.0,1999.0,81.0,0.0,0,https://rukminim2.flixcart.com/image/612/612/xif0q/shirt/f/d/u/m-r-stbrg-raspberry-stoneberg-original-imahfdfdwhghahns.jpeg?q=70,https://www.flipkart.com/stoneberg-men-solid-formal-purple-shirt/p/itme27c0a953644e?pid=SHTGVZFJGRG2ZMH5&lid=LSTSHTGVZFJGRG2ZMH5WKOBMS&marketplace=FLIPKART&q=men+formal+shirt&store=clo%2Fash%2Faxc%2Fmmk%2Fbk1&srno=s_3_90&otracker=search&fm=organic&iid=6ebb5874-9e0c-42d3-bc3d-b7c1458b0395.SHTGVZFJGRG2ZMH5.SEARCH&ppt=None&ppn=None&ssid=2oak1w79v40000001779038327465&qH=ee1697b1cab4c91d&ov_redirect=true,,flipkart
LOUIS PHILIPPE Slim Fit Full Sleeve Men Slim Fit Solid Spread Collar F...,clothing,1724.0,2499.0,31.0,0.0,0,https://rukminim2.flixcart.com/image/612/612/xif0q/shirt/h/x/k/-original-imahmvzghrbwnpgf.jpeg?q=70,https://www.flipkart.com/louis-philippe-men-solid-formal-white-shirt/p/itm03e6073ad5ec2?pid=SHTH5EF79XWKE25D&lid=LSTSHTH5EF79XWKE25DLRMQWG&marketplace=FLIPKART&q=men+formal+shirt&store=clo%2Fash%2Faxc%2Fmmk%2Fbk1&srno=s_3_91&otracker=search&fm=organic&iid=en_pDvrv0naVrHJR4sNb0BpLAb3fG69OBHLuQ_pWCKU0SErLyjEpXG8s1GVOTdlElYN3C4sZ12nhxFwfyMi_pZmnEhz9c-MSIoFe8xMxkfU6dM%3D&ppt=None&ppn=None&ssid=2oak1w79v40000001779038327465&qH=ee1697b1cab4c91d&ov_redirect=true,,flipkart
PROVOGUE Men Regular Fit Solid Spread Collar Formal Shirt,clothing,405.0,1399.0,71.0,0.0,0,https://rukminim2.flixcart.com/image/612/612/xif0q/shirt/7/1/z/xl-pb-shirt2004-provogue-original-imahj84jykxhps7c.jpeg?q=70,https://www.flipkart.com/provogue-men-solid-formal-green-shirt/p/itm77a59f93ddbe6?pid=SHTHJ4A7GYY6U3V5&lid=LSTSHTHJ4A7GYY6U3V52XICJZ&marketplace=FLIPKART&q=men+formal+shirt&store=clo%2Fash%2Faxc%2Fmmk%2Fbk1&srno=s_3_92&otracker=search&fm=organic&iid=en_pDvrv0naVrHJR4sNb0BpLAb3fG69OBHLuQ_pWCKU0SFOX0i1xLCVCm7kt8iMIvAT-XyzpXcZu5JxJ8QZzMjnJInfEY2D5bWfIUmTlXs_oiU%3D&ppt=None&ppn=None&ssid=2oak1w79v40000001779038327465&qH=ee1697b1cab4c91d&ov_redirect=true,,flipkart
TIGERSNAKE Men Regular Fit Solid Spread Collar Formal Shirt,clothing,241.0,1299.0,81.0,0.0,0,https://rukminim2.flixcart.com/image/612/612/xif0q/shirt/x/q/q/xl-blk111-tigersnake-original-imaheceyayeystzh.jpeg?q=70,https://www.flipkart.com/tigersnake-men-solid-formal-black-shirt/p/itmebe422566e8a9?pid=SHTGN7HRUFHNJEJY&lid=LSTSHTGN7HRUFHNJEJY5UBZUV&marketplace=FLIPKART&q=men+formal+shirt&store=clo%2Fash%2Faxc%2Fmmk%2Fbk1&srno=s_3_93&otracker=search&fm=organic&iid=6ebb5874-9e0c-42d3-bc3d-b7c1458b0395.SHTGN7HRUFHNJEJY.SEARCH&ppt=None&ppn=None&ssid=2oak1w79v40000001779038327465&qH=ee1697b1cab4c91d&ov_redirect=true,,flipkart
VeBNoR Men Regular Fit Solid Button Down Collar Formal Shirt,clothing,313.0,999.0,68.0,0.0,0,https://rukminim2.flixcart.com/image/612/612/xif0q/shirt/x/p/6/s-frml-st2-vebnor-original-imahmy84ygreenr3.jpeg?q=70,https://www.flipkart.com/vebnor-men-solid-formal-maroon-shirt/p/itm33fe017fa55a6?pid=SHTG6BKFGZG6TPRU&lid=LSTSHTG6BKFGZG6TPRUVVZ1AR&marketplace=FLIPKART&q=men+formal+shirt&store=clo%2Fash%2Faxc%2Fmmk%2Fbk1&srno=s_3_94&otracker=search&fm=organic&iid=6ebb5874-9e0c-42d3-bc3d-b7c1458b0395.SHTG6BKFGZG6TPRU.SEARCH&ppt=None&ppn=None&ssid=2oak1w79v40000001779038327465&qH=ee1697b1cab4c91d&ov_redirect=true,,flipkart
VeBNoR Men Regular Fit Solid Button Down Collar Formal Shirt,clothing,313.0,999.0,68.0,0.0,0,https://rukminim2.flixcart.com/image/612/612/xif0q/shirt/x/p/6/s-frml-st2-vebnor-original-imahmy84ygreenr3.jpeg?q=70,https://www.flipkart.com/vebnor-men-solid-formal-maroon-shirt/p/itm33fe017fa55a6?pid=SHTG6BKFUYFPCCP6&lid=LSTSHTG6BKFUYFPCCP6OD2RSR&marketplace=FLIPKART&q=men+formal+shirt&store=clo%2Fash%2Faxc%2Fmmk%2Fbk1&srno=s_3_95&otracker=search&fm=organic&iid=6ebb5874-9e0c-42d3-bc3d-b7c1458b0395.SHTG6BKFUYFPCCP6.SEARCH&ppt=None&ppn=None&ssid=2oak1w79v40000001779038327465&qH=ee1697b1cab4c91d&ov_redirect=true,,flipkart
Voroxy Men Regular Fit Solid Spread Collar Formal Shirt,clothing,308.0,2199.0,85.0,0.0,0,https://rukminim2.flixcart.com/image/612/612/xif0q/shirt/i/j/c/2xl-csrmnkt-white-voroxy-original-imahfmcgg7vggdwm.jpeg?q=70,https://www.flipkart.com/voroxy-men-solid-formal-white-shirt/p/itm136e60f198bc1?pid=SHTGSREHK5HAKYE8&lid=LSTSHTGSREHK5HAKYE8RFJUIU&marketplace=FLIPKART&q=men+formal+shirt&store=clo%2Fash%2Faxc%2Fmmk%2Fbk1&spotlightTagId=default_BestsellerId_clo%2Fash%2Faxc%2Fmmk%2Fbk1&srno=s_3_96&otracker=search&fm=organic&iid=6ebb5874-9e0c-42d3-bc3d-b7c1458b0395.SHTGSREHK5HAKYE8.SEARCH&ppt=None&ppn=None&ssid=2oak1w79v40000001779038327465&qH=ee1697b1cab4c91d&ov_redirect=true,,flipkart
kia international Men Regular Fit Solid Curved Collar Formal Shirt,clothing,328.0,1599.0,79.0,0.0,0,https://rukminim2.flixcart.com/image/612/612/xif0q/shirt/r/2/0/m-trendy-fancy-shirt-kia-international-original-imahmqj7sh5mnh68.jpeg?q=70,https://www.flipkart.com/kia-international-men-solid-formal-dark-blue-shirt/p/itma224fc634c21f?pid=SHTH96XXMYDHEU3D&lid=LSTSHTH96XXMYDHEU3DBPGHBD&marketplace=FLIPKART&q=men+formal+shirt&store=clo%2Fash%2Faxc%2Fmmk%2Fbk1&srno=s_3_97&otracker=search&fm=organic&iid=en_pDvrv0naVrHJR4sNb0BpLAb3fG69OBHLuQ_pWCKU0SHI611Z74k4LOf42xGxaCmENB9lg28K7cz4_IgQqFMMww%3D%3D&ppt=None&ppn=None&ssid=2oak1w79v40000001779038327465&qH=ee1697b1cab4c91d&ov_redirect=true,,flipkart
Raymond Men Slim Fit Printed Formal Shirt,clothing,1099.0,2199.0,50.0,0.0,0,https://rukminim2.flixcart.com/image/612/612/xif0q/shirt/k/n/3/40-rmsx11688-b6-raymond-original-imagh3nyrynzpffk.jpeg?q=70,https://www.flipkart.com/raymond-men-printed-formal-blue-shirt/p/itm3a068448ca14d?pid=SHTGF5ZWVCWGZZTS&lid=LSTSHTGF5ZWVCWGZZTS8JZWEF&marketplace=FLIPKART&q=men+formal+shirt&store=clo%2Fash%2Faxc%2Fmmk%2Fbk1&srno=s_3_98&otracker=search&fm=organic&iid=en_pDvrv0naVrHJR4sNb0BpLAb3fG69OBHLuQ_pWCKU0SEEZrG4XpJXtfeRn22ss3BNZXerbEE3ANLk-l73jjnbsfcUmN_6PwCReg_VTM4VLxo%3D&ppt=None&ppn=None&ssid=2oak1w79v40000001779038327465&qH=ee1697b1cab4c91d&ov_redirect=true,,flipkart
VeBNoR Men Regular Fit Solid Spread Collar Formal Shirt,clothing,358.0,999.0,64.0,0.0,0,https://rukminim2.flixcart.com/image/612/612/xif0q/shirt/x/b/t/s-fr-st2-vebnor-original-imahmtnrrcytajfk.jpeg?q=70,https://www.flipkart.com/vebnor-men-solid-formal-brown-shirt/p/itmdaf165264b1ee?pid=SHTHMH2PGE57BZSZ&lid=LSTSHTHMH2PGE57BZSZSCFKWR&marketplace=FLIPKART&q=men+formal+shirt&store=clo%2Fash%2Faxc%2Fmmk%2Fbk1&srno=s_3_99&otracker=search&fm=organic&iid=6ebb5874-9e0c-42d3-bc3d-b7c1458b0395.SHTHMH2PGE57BZSZ.SEARCH&ppt=None&ppn=None&ssid=2oak1w79v40000001779038327465&qH=ee1697b1cab4c91d&ov_redirect=true,,flipkart
VeBNoR Men Regular Fit Solid Button Down Collar Formal Shirt,clothing,333.0,999.0,66.0,0.0,0,https://rukminim2.flixcart.com/image/612/612/xif0q/shirt/b/o/p/s-frml-st2-vebnor-original-imahmy7bkapcmpsk.jpeg?q=70,https://www.flipkart.com/vebnor-men-solid-formal-grey-shirt/p/itm713b9a36b8568?pid=SHTG6QDUCERRY867&lid=LSTSHTG6QDUCERRY867IY14SU&marketplace=FLIPKART&q=men+formal+shirt&store=clo%2Fash%2Faxc%2Fmmk%2Fbk1&spotlightTagId=default_BestsellerId_clo%2Fash%2Faxc%2Fmmk%2Fbk1&srno=s_3_100&otracker=search&fm=organic&iid=6ebb5874-9e0c-42d3-bc3d-b7c1458b0395.SHTG6QDUCERRY867.SEARCH&ppt=None&ppn=None&ssid=2oak1w79v40000001779038327465&qH=ee1697b1cab4c91d&ov_redirect=true,,flipkart
PROVOGUE Men Regular Fit Solid Spread Collar Formal Shirt,clothing,410.0,1399.0,70.0,0.0,0,https://rukminim2.flixcart.com/image/612/612/xif0q/shirt/a/l/h/2xl-pb-shirt2003-provogue-original-imahj7tcucdaysz3.jpeg?q=70,https://www.flipkart.com/provogue-men-solid-formal-cream-shirt/p/itm523be5276bed4?pid=SHTHJ4ABEQK7HUJY&lid=LSTSHTHJ4ABEQK7HUJYOO8TEN&marketplace=FLIPKART&q=men+formal+shirt&store=clo%2Fash%2Faxc%2Fmmk%2Fbk1&srno=s_3_101&otracker=search&fm=organic&iid=en_pDvrv0naVrHJR4sNb0BpLAb3fG69OBHLuQ_pWCKU0SGUBycsAlP4ylT8VJbOzWd5UjEQZxoyLRr1myFGxfrpCOI7uWi7bi3WLqk6JF-UYDE%3D&ppt=None&ppn=None&ssid=2oak1w79v40000001779038327465&qH=ee1697b1cab4c91d&ov_redirect=true,,flipkart
METRONAUT Men Regular Fit Solid Spread Collar Formal Shirt,clothing,297.0,1199.0,75.0,0.0,0,https://rukminim2.flixcart.com/image/612/612/xif0q/shirt/z/u/b/l-101-whpmsh-46-metronaut-original-imahkwz9puypsj2a.jpeg?q=70,https://www.flipkart.com/metronaut-men-solid-formal-white-shirt/p/itm67dbe711a5ecc?pid=SHTHKWZEZGQM78NM&lid=LSTSHTHKWZEZGQM78NMQFKAJX&marketplace=FLIPKART&q=men+formal+shirt&store=clo%2Fash%2Faxc%2Fmmk%2Fbk1&srno=s_3_102&otracker=search&fm=organic&iid=en_pDvrv0naVrHJR4sNb0BpLAb3fG69OBHLuQ_pWCKU0SGdpN2F8MRKBQLDu1rWsFukaTJsNtVqC_WF8qX_sjbJWfUFjCTyOHoHZs-Z5_PS_w0%3D&ppt=None&ppn=None&ssid=2oak1w79v40000001779038327465&qH=ee1697b1cab4c91d&ov_redirect=true,,flipkart
VeBNoR Men Regular Fit Solid Button Down Collar Formal Shirt,clothing,329.0,999.0,67.0,0.0,0,https://rukminim2.flixcart.com/image/612/612/xif0q/shirt/b/o/p/s-frml-st2-vebnor-original-imahmy7bkapcmpsk.jpeg?q=70,https://www.flipkart.com/vebnor-men-solid-formal-grey-shirt/p/itm713b9a36b8568?pid=SHTG6QDUVBTYRQN5&lid=LSTSHTG6QDUVBTYRQN5I75Q2L&marketplace=FLIPKART&q=men+formal+shirt&store=clo%2Fash%2Faxc%2Fmmk%2Fbk1&spotlightTagId=default_BestsellerId_clo%2Fash%2Faxc%2Fmmk%2Fbk1&srno=s_3_103&otracker=search&fm=organic&iid=6ebb5874-9e0c-42d3-bc3d-b7c1458b0395.SHTG6QDUVBTYRQN5.SEARCH&ppt=None&ppn=None&ssid=2oak1w79v40000001779038327465&qH=ee1697b1cab4c91d&ov_redirect=true,,flipkart
VeBNoR Men Regular Fit Solid Button Down Collar Formal Shirt,clothing,327.0,999.0,67.0,0.0,0,https://rukminim2.flixcart.com/image/612/612/xif0q/shirt/d/r/o/s-frml-st2-vebnor-original-imahmy7hrgypmpkn.jpeg?q=70,https://www.flipkart.com/vebnor-men-solid-formal-yellow-shirt/p/itmb269da664f272?pid=SHTG7BEBMYUU6GR6&lid=LSTSHTG7BEBMYUU6GR65TNXCU&marketplace=FLIPKART&q=men+formal+shirt&store=clo%2Fash%2Faxc%2Fmmk%2Fbk1&srno=s_3_104&otracker=search&fm=organic&iid=6ebb5874-9e0c-42d3-bc3d-b7c1458b0395.SHTG7BEBMYUU6GR6.SEARCH&ppt=None&ppn=None&ssid=2oak1w79v40000001779038327465&qH=ee1697b1cab4c91d&ov_redirect=true,,flipkart
STONEBERG Men Slim Fit Solid Spread Collar Formal Shirt,clothing,368.0,1599.0,76.0,0.0,0,https://rukminim2.flixcart.com/image/612/612/xif0q/shirt/g/b/y/m-r-petal-pink-stoneberg-original-imahm8g7kk9xehkh.jpeg?q=70,https://www.flipkart.com/stoneberg-men-solid-formal-pink-shirt/p/itmf0bfcde65b7c1?pid=SHTGEUM9KAUGWKCC&lid=LSTSHTGEUM9KAUGWKCCGCKYME&marketplace=FLIPKART&q=men+formal+shirt&store=clo%2Fash%2Faxc%2Fmmk%2Fbk1&srno=s_3_105&otracker=search&fm=organic&iid=6ebb5874-9e0c-42d3-bc3d-b7c1458b0395.SHTGEUM9KAUGWKCC.SEARCH&ppt=None&ppn=None&ssid=2oak1w79v40000001779038327465&qH=ee1697b1cab4c91d&ov_redirect=true,,flipkart
METRONAUT Men Regular Fit Solid Formal Shirt,clothing,275.0,1899.0,85.0,0.0,0,https://rukminim2.flixcart.com/image/612/612/xif0q/shirt/d/f/i/l-mt-formal-shirt-metronaut-original-imahjx5jv9zpknwe.jpeg?q=70,https://www.flipkart.com/metronaut-men-solid-formal-purple-shirt/p/itm2a6c145c4617d?pid=SHTH3NVHZXHUSYHY&lid=LSTSHTH3NVHZXHUSYHYWUBWOX&marketplace=FLIPKART&q=men+formal+shirt&store=clo%2Fash%2Faxc%2Fmmk%2Fbk1&srno=s_3_106&otracker=search&fm=organic&iid=6ebb5874-9e0c-42d3-bc3d-b7c1458b0395.SHTH3NVHZXHUSYHY.SEARCH&ppt=None&ppn=None&ssid=2oak1w79v40000001779038327465&qH=ee1697b1cab4c91d&ov_redirect=true,,flipkart
AVOLT Men Regular Fit Solid Spread Collar Formal Shirt,clothing,330.0,999.0,66.0,0.0,0,https://rukminim2.flixcart.com/image/612/612/xif0q/shirt/e/o/f/xl-avsh001-avolt-original-imahgnh6bvqxzah2.jpeg?q=70,https://www.flipkart.com/avolt-men-solid-formal-red-shirt/p/itmc8b61d881e216?pid=SHTHYXUNDFTZQKNA&lid=LSTSHTHYXUNDFTZQKNAY4SVXD&marketplace=FLIPKART&q=men+formal+shirt&store=clo%2Fash%2Faxc%2Fmmk%2Fbk1&srno=s_3_107&otracker=search&fm=organic&iid=en_pDvrv0naVrHJR4sNb0BpLAb3fG69OBHLuQ_pWCKU0SEQPo_P0spwUj_pNnwwD1nlQ-9t1NGYjzHCFSjEnZeVGvUFjCTyOHoHZs-Z5_PS_w0%3D&ppt=None&ppn=None&ssid=2oak1w79v40000001779038327465&qH=ee1697b1cab4c91d&ov_redirect=true,,flipkart
BEEDARK Men Regular Fit Checkered Spread Collar Formal Shirt,clothing,715.0,1899.0,62.0,0.0,0,https://rukminim2.flixcart.com/image/612/612/xif0q/shirt/c/h/l/m-bd02-beedark-original-imahhh5hamjqzemp.jpeg?q=70,https://www.flipkart.com/beedark-men-checkered-formal-multicolor-shirt/p/itm5da275e97e773?pid=SHTHJT6F4EHBFUMF&lid=LSTSHTHJT6F4EHBFUMFOP59WE&marketplace=FLIPKART&q=men+formal+shirt&store=clo%2Fash%2Faxc%2Fmmk%2Fbk1&srno=s_3_108&otracker=search&fm=organic&iid=en_pDvrv0naVrHJR4sNb0BpLAb3fG69OBHLuQ_pWCKU0SGqjvKc3ehJSzPB5dMKOiGuL-a95lxhd7mMg8nKZ4qAlPUFjCTyOHoHZs-Z5_PS_w0%3D&ppt=None&ppn=None&ssid=2oak1w79v40000001779038327465&qH=ee1697b1cab4c91d&ov_redirect=true,,flipkart
FUBAR Men Slim Fit Solid Spread Collar Formal Shirt,clothing,274.0,1648.0,83.0,0.0,0,https://rukminim2.flixcart.com/image/612/612/xif0q/shirt/x/i/l/m-kcsh-fo-1647-nb-fubar-original-imah4zezgpypfgte.jpeg?q=70,https://www.flipkart.com/fubar-men-solid-formal-dark-blue-shirt/p/itma328a3a87d44c?pid=SHTGB79SPYVPGYFG&lid=LSTSHTGB79SPYVPGYFGJG60KH&marketplace=FLIPKART&q=men+formal+shirt&store=clo%2Fash%2Faxc%2Fmmk%2Fbk1&srno=s_3_109&otracker=search&fm=organic&iid=6ebb5874-9e0c-42d3-bc3d-b7c1458b0395.SHTGB79SPYVPGYFG.SEARCH&ppt=None&ppn=None&ssid=2oak1w79v40000001779038327465&qH=ee1697b1cab4c91d&ov_redirect=true,,flipkart
U TURN Men Regular Fit Solid Spread Collar Formal Shirt,clothing,392.0,1199.0,67.0,0.0,0,https://rukminim2.flixcart.com/image/612/612/xif0q/shirt/5/o/w/s-sh-line-lblue-u-turn-original-imagharfzyazgt3r.jpeg?q=70,https://www.flipkart.com/u-turn-men-solid-formal-light-green-shirt/p/itmadb051a5c2eb9?pid=SHTGMXNDQFHKACNY&lid=LSTSHTGMXNDQFHKACNYUQA9TH&marketplace=FLIPKART&q=men+formal+shirt&store=clo%2Fash%2Faxc%2Fmmk%2Fbk1&srno=s_3_110&otracker=search&fm=organic&iid=6ebb5874-9e0c-42d3-bc3d-b7c1458b0395.SHTGMXNDQFHKACNY.SEARCH&ppt=None&ppn=None&ssid=2oak1w79v40000001779038327465&qH=ee1697b1cab4c91d&ov_redirect=true,,flipkart
LIONER ENTERPRISE Men Regular Fit Solid Cut Away Collar Formal Shirt,clothing,333.0,799.0,58.0,0.0,0,https://rukminim2.flixcart.com/image/612/612/l1mh7rk0/shirt/t/o/c/xl-plane-expofiled-trends-original-imagd58d8hhds7pq.jpeg?q=70,https://www.flipkart.com/lioner-enterprise-men-solid-formal-pink-shirt/p/itm32d9aa82bd53b?pid=SHTGDD6F5QUSH7NG&lid=LSTSHTGDD6F5QUSH7NGQJGYWU&marketplace=FLIPKART&q=men+formal+shirt&store=clo%2Fash%2Faxc%2Fmmk%2Fbk1&srno=s_3_111&otracker=search&fm=organic&iid=en_pDvrv0naVrHJR4sNb0BpLAb3fG69OBHLuQ_pWCKU0SF8vYDUeyGiPem3mec6VUkpz1TxSE7gVPuVRiYPs4YueQ%3D%3D&ppt=None&ppn=None&ssid=2oak1w79v40000001779038327465&qH=ee1697b1cab4c91d&ov_redirect=true,,flipkart
DEEMOON Men Regular Fit Solid Button Down Collar Formal Shirt,clothing,367.0,1499.0,75.0,0.0,0,https://rukminim2.flixcart.com/image/612/612/xif0q/shirt/d/0/k/xxl-ssario02-dimmy-original-imaharf7zqn7echq.jpeg?q=70,https://www.flipkart.com/deemoon-men-solid-formal-grey-shirt/p/itma8066987c5bc3?pid=SHTH7ECYZ7HGM2EG&lid=LSTSHTH7ECYZ7HGM2EGZHNLOA&marketplace=FLIPKART&q=men+formal+shirt&store=clo%2Fash%2Faxc%2Fmmk%2Fbk1&srno=s_3_112&otracker=search&fm=organic&iid=en_pDvrv0naVrHJR4sNb0BpLAb3fG69OBHLuQ_pWCKU0SFOw0r0buhrSz50cSnSsDA--q0hCMtwuC4I1Sf8juJbzPUFjCTyOHoHZs-Z5_PS_w0%3D&ppt=None&ppn=None&ssid=2oak1w79v40000001779038327465&qH=ee1697b1cab4c91d&ov_redirect=true,,flipkart
STONEBERG Men Slim Fit Solid Spread Collar Formal Shirt,clothing,376.0,1599.0,76.0,0.0,0,https://rukminim2.flixcart.com/image/612/612/xif0q/shopsy-shirt/t/2/c/xl-r-dark-pink-stoneberg-original-imahjrnevzyzb45d.jpeg?q=70,https://www.flipkart.com/stoneberg-men-solid-formal-pink-shirt/p/itme86d56f4dfaaf?pid=SHTGEUM2W8GBGVFT&lid=LSTSHTGEUM2W8GBGVFTDLCRJN&marketplace=FLIPKART&q=men+formal+shirt&store=clo%2Fash%2Faxc%2Fmmk%2Fbk1&srno=s_3_113&otracker=search&fm=organic&iid=6ebb5874-9e0c-42d3-bc3d-b7c1458b0395.SHTGEUM2W8GBGVFT.SEARCH&ppt=None&ppn=None&ssid=2oak1w79v40000001779038327465&qH=ee1697b1cab4c91d&ov_redirect=true,,flipkart
VeBNoR Men Regular Fit Solid Button Down Collar Formal Shirt,clothing,313.0,999.0,68.0,0.0,0,https://rukminim2.flixcart.com/image/612/612/xif0q/shirt/4/s/9/s-frml-st2-vebnor-original-imahmy7jjsuuyntm.jpeg?q=70,https://www.flipkart.com/vebnor-men-solid-formal-grey-shirt/p/itmf524f08e7a1d8?pid=SHTG7BE85GGZXZYG&lid=LSTSHTG7BE85GGZXZYGXOA9BG&marketplace=FLIPKART&q=men+formal+shirt&store=clo%2Fash%2Faxc%2Fmmk%2Fbk1&srno=s_3_114&otracker=search&fm=organic&iid=6ebb5874-9e0c-42d3-bc3d-b7c1458b0395.SHTG7BE85GGZXZYG.SEARCH&ppt=None&ppn=None&ssid=2oak1w79v40000001779038327465&qH=ee1697b1cab4c91d&ov_redirect=true,,flipkart
jagrutifashion Men Regular Fit Solid Spread Collar Formal Shirt,clothing,339.0,1599.0,78.0,0.0,0,https://rukminim2.flixcart.com/image/612/612/xif0q/shirt/a/e/t/s-nw-bcrn-formal-shrt-sky-blue-rafson-original-imahmfhxxxxwx9zm.jpeg?q=70,https://www.flipkart.com/jagrutifashion-men-solid-formal-light-blue-shirt/p/itm2624ce5f193c6?pid=SHTHMFMCFQSGSGWH&lid=LSTSHTHMFMCFQSGSGWHZFZX5F&marketplace=FLIPKART&q=men+formal+shirt&store=clo%2Fash%2Faxc%2Fmmk%2Fbk1&srno=s_3_115&otracker=search&fm=organic&iid=6ebb5874-9e0c-42d3-bc3d-b7c1458b0395.SHTHMFMCFQSGSGWH.SEARCH&ppt=None&ppn=None&ssid=2oak1w79v40000001779038327465&qH=ee1697b1cab4c91d&ov_redirect=true,,flipkart
PARK AVENUE Men Slim Fit Checkered Formal Shirt,clothing,571.0,1217.0,53.0,0.0,0,https://rukminim2.flixcart.com/image/612/612/xif0q/shirt/7/o/j/-original-imahnchfthyazjej.jpeg?q=70,https://www.flipkart.com/park-avenue-men-checkered-formal-beige-shirt/p/itmc7d83969c831b?pid=SHTHKY3UZ9BCVVNK&lid=LSTSHTHKY3UZ9BCVVNKSAHRFI&marketplace=FLIPKART&q=men+formal+shirt&store=clo%2Fash%2Faxc%2Fmmk%2Fbk1&srno=s_3_116&otracker=search&fm=organic&iid=6ebb5874-9e0c-42d3-bc3d-b7c1458b0395.SHTHKY3UZ9BCVVNK.SEARCH&ppt=None&ppn=None&ssid=2oak1w79v40000001779038327465&qH=ee1697b1cab4c91d&ov_redirect=true,,flipkart
METRONAUT Men Regular Fit Solid Spread Collar Formal Shirt,clothing,300.0,1399.0,78.0,0.0,0,https://rukminim2.flixcart.com/image/612/612/xif0q/shirt/k/d/w/m-101-whpmsh-38-metronaut-original-imahkvjzhhhjmfqk.jpeg?q=70,https://www.flipkart.com/metronaut-men-solid-formal-white-shirt/p/itme51d2af5f29d4?pid=SHTHKVKFMYHZQPFU&lid=LSTSHTHKVKFMYHZQPFUBOZRK4&marketplace=FLIPKART&q=men+formal+shirt&store=clo%2Fash%2Faxc%2Fmmk%2Fbk1&srno=s_3_117&otracker=search&fm=organic&iid=en_pDvrv0naVrHJR4sNb0BpLAb3fG69OBHLuQ_pWCKU0SE5eOfjf1tCGIXoA4vHVv1u4t9p8-ryn7DdGhpwPG8Bn_UFjCTyOHoHZs-Z5_PS_w0%3D&ppt=None&ppn=None&ssid=2oak1w79v40000001779038327465&qH=ee1697b1cab4c91d&ov_redirect=true,,flipkart
NIVICK Men Regular Fit Solid Spread Collar Formal Shirt,clothing,368.0,1499.0,75.0,0.0,0,https://rukminim2.flixcart.com/image/612/612/xif0q/shirt/m/7/1/xxl-a1-1111-nivick-original-imahk7c7hap4rrpw.jpeg?q=70,https://www.flipkart.com/nivick-men-solid-formal-purple-shirt/p/itm96e61a6f67222?pid=SHTHK3Y5YWHBHAFC&lid=LSTSHTHK3Y5YWHBHAFCJEYIGU&marketplace=FLIPKART&q=men+formal+shirt&store=clo%2Fash%2Faxc%2Fmmk%2Fbk1&srno=s_3_118&otracker=search&fm=organic&iid=en_pDvrv0naVrHJR4sNb0BpLAb3fG69OBHLuQ_pWCKU0SEEDUO2Sla8AXjUzWljLM0ptt-dd2bpQEfJJXIpSVzWA_UFjCTyOHoHZs-Z5_PS_w0%3D&ppt=None&ppn=None&ssid=2oak1w79v40000001779038327465&qH=ee1697b1cab4c91d&ov_redirect=true,,flipkart
VTEXX Men Regular Fit Solid Cut Away Collar Formal Shirt,clothing,347.0,1999.0,82.0,0.0,0,https://rukminim2.flixcart.com/image/612/612/xif0q/shirt/3/g/a/xl-white-vtexx-original-imah8bperjbtn6ze.jpeg?q=70,https://www.flipkart.com/vtexx-men-solid-formal-white-shirt/p/itmc5dc05890b7d7?pid=SHTGNHMT7SXPG6D3&lid=LSTSHTGNHMT7SXPG6D3FR2XOF&marketplace=FLIPKART&q=men+formal+shirt&store=clo%2Fash%2Faxc%2Fmmk%2Fbk1&srno=s_3_119&otracker=search&fm=organic&iid=6ebb5874-9e0c-42d3-bc3d-b7c1458b0395.SHTGNHMT7SXPG6D3.SEARCH&ppt=None&ppn=None&ssid=2oak1w79v40000001779038327465&qH=ee1697b1cab4c91d&ov_redirect=true,,flipkart
METRONAUT Men Regular Fit Solid Spread Collar Formal Shirt,clothing,275.0,1899.0,85.0,0.0,0,https://rukminim2.flixcart.com/image/612/612/xif0q/shirt/h/q/p/xxl-mt-formal-shirt-metronaut-original-imagwkc7frmgcsnq.jpeg?q=70,https://www.flipkart.com/metronaut-men-solid-formal-white-shirt/p/itm14dee1d5225f5?pid=SHTGWKC8YUKHTXJG&lid=LSTSHTGWKC8YUKHTXJG35OP5P&marketplace=FLIPKART&q=men+formal+shirt&store=clo%2Fash%2Faxc%2Fmmk%2Fbk1&srno=s_3_120&otracker=search&fm=organic&iid=6ebb5874-9e0c-42d3-bc3d-b7c1458b0395.SHTGWKC8YUKHTXJG.SEARCH&ppt=None&ppn=None&ssid=2oak1w79v40000001779038327465&qH=ee1697b1cab4c91d&ov_redirect=true,,flipkart
MOTOROLA pad 60 neo 8 GB RAM 128 GB ROM 11 inch with Wi-Fi Only MediaTek Dimensity 6300 Tablet (Malibu...,tablets,18499.0,24000.0,22.0,4.5,15236,https://rukminim2.flixcart.com/image/400/400/xif0q/tablet/3/m/o/-original-imahgeusscuw8ezf.jpeg?q=70,https://www.flipkart.com/motorola-pad-60-neo-8-gb-ram-128-rom-11-inch-wi-fi-only-mediatek-dimensity-6300-tablet-malibu-blue/p/itm8c793bacc5c9d?pid=TABHHSJ76NK5GPNU&lid=LSTTABHHSJ76NK5GPNU3K0OTU&marketplace=FLIPKART&q=android+tablet&store=tyy%2Fhry&srno=s_1_1&otracker=search&fm=organic&iid=ab511e1e-fae0-43cc-a196-4dc4b0405e92.TABHHSJ76NK5GPNU.SEARCH&ppt=None&ppn=None&ssid=m604zbefb40000001779038330620&qH=e0fe01122194f342&ov_redirect=true,8 GB RAM | 128 GB ROM | Expandable Upto 2 TB | 27.94 cm (11 inch) Display | 8 MP MP Primary Camera | 5 MP Front | Android 15 | Battery: 7040 mAh,flipkart
"I Kall N12 - Tablet 7 inch Display, 3000mAh Battery 3 GB RAM 16 GB ROM 7 inch with Wi-Fi Only Tablet (...",tablets,4299.0,5999.0,28.0,3.5,4,https://rukminim2.flixcart.com/image/400/400/xif0q/tablet/5/x/2/n12-i-kall-original-imahkg9edjcfemr4.jpeg?q=70,https://www.flipkart.com/kall-n12-tablet-7-inch-display-3000mah-battery-3-gb-ram-16-rom-wi-fi-only-black/p/itm112e1900a18df?pid=TABHGWQYXGQKJWDA&lid=LSTTABHGWQYXGQKJWDALCX6JG&marketplace=FLIPKART&q=android+tablet&store=tyy%2Fhry&srno=s_1_2&otracker=search&fm=organic&iid=ab511e1e-fae0-43cc-a196-4dc4b0405e92.TABHGWQYXGQKJWDA.SEARCH&ppt=None&ppn=None&ssid=m604zbefb40000001779038330620&qH=e0fe01122194f342&ov_redirect=true,3 GB RAM | 16 GB ROM | Expandable Upto 32 GB | 17.78 cm (7 inch) Display | 2 MP Primary Camera | Android 10 | Battery: 3000 mAh Lithium - polymer,flipkart
Ai+ PulseTab 6 GB RAM 128 GB ROM 10.95 inch with Wi-Fi+4G Gaming MediaTek Helio G88 Octa Core Tablet (...,tablets,9999.0,19999.0,50.0,4.6,7,https://rukminim2.flixcart.com/image/400/400/xif0q/tablet/p/l/h/-original-imahnbfphyjztuf6.jpeg?q=70,https://www.flipkart.com/ai-pulsetab-6-gb-ram-128-rom-10-95-inch-wi-fi-4g-gaming-mediatek-helio-g88-octa-core-tablet-lightest-sky/p/itm78c5b904e0155?pid=TABHJFJY4WMYZCVF&lid=LSTTABHJFJY4WMYZCVFYMDSGN&marketplace=FLIPKART&q=android+tablet&store=tyy%2Fhry&srno=s_1_3&otracker=search&fm=organic&iid=ab511e1e-fae0-43cc-a196-4dc4b0405e92.TABHJFJY4WMYZCVF.SEARCH&ppt=None&ppn=None&ssid=m604zbefb40000001779038330620&qH=e0fe01122194f342&ov_redirect=true,6 GB RAM | 128 GB ROM | 27.81 cm (10.95 inch) Full HD Display | 13 MP Primary Camera | 8 MP Front | Android 16 | Battery: 8000 mAh,flipkart
realme Pad 2 8 GB RAM 128 GB ROM 11.5 inch with 4G Gaming MediaTek G99 Tablet (Inspiration Green),tablets,17999.0,29999.0,40.0,4.4,38248,https://rukminim2.flixcart.com/image/400/400/xif0q/tablet/5/3/l/rmp2204-realme-original-imagrhcqvxhqqcwf.jpeg?q=70,https://www.flipkart.com/realme-pad-2-8-gb-ram-128-rom-11-5-inch-4g-gaming-mediatek-g99-tablet-inspiration-green/p/itmb316e230adb14?pid=TABHFGAS28RJEFXT&lid=LSTTABHFGAS28RJEFXTQWIVEF&marketplace=FLIPKART&q=android+tablet&store=tyy%2Fhry&srno=s_1_4&otracker=search&fm=organic&iid=ab511e1e-fae0-43cc-a196-4dc4b0405e92.TABHFGAS28RJEFXT.SEARCH&ppt=None&ppn=None&ssid=m604zbefb40000001779038330620&qH=e0fe01122194f342&ov_redirect=true,90Hz 2K Eye Comfort Display | Mediatek Helio G99 Chipset | 8300mAh Mega Battery | Quad Stereo Speakers with OReality Audio | realme UI 5.0 for Pad,flipkart
REDMI  Pad SE 8 GB RAM 128 GB ROM 11.0 inch with Wi-Fi Only Qualcomm Snapdragon 680 Tablet (Graphite G...,tablets,13999.0,19999.0,30.0,4.4,19420,https://rukminim2.flixcart.com/image/400/400/xif0q/tablet/c/h/w/-original-imahfdyfjzk2zwf9.jpeg?q=70,https://www.flipkart.com/redmi-pad-se-8-gb-ram-128-rom-11-0-inch-wi-fi-only-qualcomm-snapdragon-680-tablet-graphite-gray/p/itma5509f73ddb92?pid=TABHYYS9AZZW97ZU&lid=LSTTABHYYS9AZZW97ZUXSWL5I&marketplace=FLIPKART&q=android+tablet&store=tyy%2Fhry&srno=s_1_5&otracker=search&fm=organic&iid=ab511e1e-fae0-43cc-a196-4dc4b0405e92.TABHYYS9AZZW97ZU.SEARCH&ppt=None&ppn=None&ssid=m604zbefb40000001779038330620&qH=e0fe01122194f342&ov_redirect=true,8 GB RAM | 128 GB ROM | Expandable Upto 1 TB | 27.94 cm (11.0 inch) Full HD Display | 8.0 MP Primary Camera | 5 MP Front | Android 13 | Battery: 8000 mAh Lithium Ion,flipkart
REDMI Pad 2 8 GB RAM 128 GB ROM 11.0 inch with Wi-Fi Only Gaming Tablet (Graphite Grey),tablets,17999.0,24999.0,28.0,4.4,4990,https://rukminim2.flixcart.com/image/400/400/xif0q/tablet/w/n/b/-original-imahm8kmrquwetfh.jpeg?q=70,https://www.flipkart.com/redmi-pad-2-8-gb-ram-128-rom-11-0-inch-wi-fi-only-gaming-tablet-graphite-grey/p/itmd589f547e523f?pid=TABHH8YRDWD7GZQH&lid=LSTTABHH8YRDWD7GZQHFERSOJ&marketplace=FLIPKART&q=android+tablet&store=tyy%2Fhry&srno=s_1_6&otracker=search&fm=organic&iid=ab511e1e-fae0-43cc-a196-4dc4b0405e92.TABHH8YRDWD7GZQH.SEARCH&ppt=None&ppn=None&ssid=m604zbefb40000001779038330620&qH=e0fe01122194f342&ov_redirect=true,8 GB RAM | 128 GB ROM | Expandable Upto 2 TB | 27.94 cm (11.0 inch) WQXGA Display | 8 MP Primary Camera | 5 MP Front | Android Android 15 | Battery: 9000 mAh Lithium-Ion,flipkart
realme Pad 2 Lite 8 GB RAM 128 GB ROM 10.95 inch with 4G Mediatek Helio G99 Chipset Tablet (Space Grey...,tablets,16999.0,24999.0,32.0,4.4,13663,https://rukminim2.flixcart.com/image/400/400/xif0q/tablet/o/w/l/-original-imah4rktzgmeqjak.jpeg?q=70,https://www.flipkart.com/realme-pad-2-lite-8-gb-ram-128-rom-10-95-inch-4g-mediatek-helio-g99-chipset-tablet-space-grey/p/itm963316f78a59e?pid=TABH4E3H2QHZFFEC&lid=LSTTABH4E3H2QHZFFECTGURNH&marketplace=FLIPKART&q=android+tablet&store=tyy%2Fhry&srno=s_1_7&otracker=search&fm=organic&iid=ab511e1e-fae0-43cc-a196-4dc4b0405e92.TABH4E3H2QHZFFEC.SEARCH&ppt=None&ppn=None&ssid=m604zbefb40000001779038330620&qH=e0fe01122194f342&ov_redirect=true,90Hz 2K Eye Comfort Display | Mediatek Helio G99 Chipset | 8300mAh Mega Battery | Quad Stereo Speakers with OReality Audio | realme UI 5.0 for Pad,flipkart
MOTOROLA Pad 60 Pro 12 GB RAM 256 GB ROM 12.7 inch with Wi-Fi Only Gaming MediaTek Dimensity 8300 Tabl...,tablets,28999.0,48999.0,40.0,4.5,8207,https://rukminim2.flixcart.com/image/400/400/xif0q/tablet/o/x/w/zag20000in-motorola-original-imahb8mhhnfgf9zy.jpeg?q=70,https://www.flipkart.com/motorola-pad-60-pro-12-gb-ram-256-rom-12-7-inch-wi-fi-only-gaming-mediatek-dimensity-8300-tablet-pantone-bronze-green/p/itm1e6ae470b6250?pid=TABHBFQAZAKNQHFH&lid=LSTTABHBFQAZAKNQHFHWAMA3O&marketplace=FLIPKART&q=android+tablet&store=tyy%2Fhry&srno=s_1_8&otracker=search&fm=organic&iid=ab511e1e-fae0-43cc-a196-4dc4b0405e92.TABHBFQAZAKNQHFH.SEARCH&ppt=None&ppn=None&ssid=m604zbefb40000001779038330620&qH=e0fe01122194f342&ov_redirect=true,12 GB RAM | 256 GB ROM | Expandable Upto 1 TB | 32.26 cm (12.7 inch) Display | 13 MP Primary Camera | 8 MP Front | Android Android 14 | Battery: 10200 mAh,flipkart
MOTOROLA Pad 60 Neo 8 GB RAM 128 GB ROM 11 inch with Wi-Fi+5G MediaTek Dimensity 6300 Tablet (PANTONE ...,tablets,20999.0,28000.0,25.0,4.5,15236,https://rukminim2.flixcart.com/image/400/400/xif0q/tablet/2/3/h/-original-imahfsrkzrhehhyy.jpeg?q=70,https://www.flipkart.com/motorola-pad-60-neo-8-gb-ram-128-rom-11-inch-wi-fi-5g-mediatek-dimensity-6300-tablet-pantone-bronze-green/p/itm4aa28823b0e61?pid=TABHETUGU6T947RJ&lid=LSTTABHETUGU6T947RJPZNUAV&marketplace=FLIPKART&q=android+tablet&store=tyy%2Fhry&srno=s_1_9&otracker=search&fm=organic&iid=ab511e1e-fae0-43cc-a196-4dc4b0405e92.TABHETUGU6T947RJ.SEARCH&ppt=None&ppn=None&ssid=m604zbefb40000001779038330620&qH=e0fe01122194f342&ov_redirect=true,8.0 GB RAM | 128 GB ROM | Expandable Upto 2 TB | 27.94 cm (11 inch) Display | 8 MP MP Primary Camera | 5 MP Front | Android 15 | Battery: 7040 mAh,flipkart
MOTOROLA Pad 60 Pro 8 GB RAM 128 GB ROM 12.7 inch with Wi-Fi Only Gaming MediaTek Dimensity 8300 Table...,tablets,25999.0,43999.0,40.0,4.5,8207,https://rukminim2.flixcart.com/image/400/400/xif0q/tablet/o/x/w/zag20000in-motorola-original-imahb8mhhnfgf9zy.jpeg?q=70,https://www.flipkart.com/motorola-pad-60-pro-8-gb-ram-128-rom-12-7-inch-wi-fi-only-gaming-mediatek-dimensity-8300-tablet-pantone-bronze-green/p/itm32831ab5b9ce5?pid=TABHBFQAWPWBEK5C&lid=LSTTABHBFQAWPWBEK5CYHUYWN&marketplace=FLIPKART&q=android+tablet&store=tyy%2Fhry&srno=s_1_10&otracker=search&fm=organic&iid=ab511e1e-fae0-43cc-a196-4dc4b0405e92.TABHBFQAWPWBEK5C.SEARCH&ppt=None&ppn=None&ssid=m604zbefb40000001779038330620&qH=e0fe01122194f342&ov_redirect=true,8 GB RAM | 128 GB ROM | Expandable Upto 1 TB | 32.26 cm (12.7 inch) Display | 13 MP Primary Camera | 8 MP Front | Android Android 14 | Battery: 10200 mAh,flipkart
realme Pad 2 6 GB RAM 128 GB ROM 11.5 inch with Wi-Fi Only MediaTek G99 Tablet (Inspiration Green),tablets,13999.0,24999.0,44.0,4.4,38248,https://rukminim2.flixcart.com/image/400/400/xif0q/tablet/5/3/l/rmp2204-realme-original-imagrhcqvxhqqcwf.jpeg?q=70,https://www.flipkart.com/realme-pad-2-6-gb-ram-128-rom-11-5-inch-wi-fi-only-mediatek-g99-tablet-inspiration-green/p/itmcf4c6380eafa4?pid=TABGZVB2YFU9RHGC&lid=LSTTABGZVB2YFU9RHGC1MGEK0&marketplace=FLIPKART&q=android+tablet&store=tyy%2Fhry&srno=s_1_11&otracker=search&fm=organic&iid=ab511e1e-fae0-43cc-a196-4dc4b0405e92.TABGZVB2YFU9RHGC.SEARCH&ppt=None&ppn=None&ssid=m604zbefb40000001779038330620&qH=e0fe01122194f342&ov_redirect=true,"2K Display with up to 120Hz screen refresh rate | 33W SUPERVOOC Charger in-the-box
 MediaTek Helio G99 Chipset | realme UI 4.0 for Pad
Dolby Atmos Quad Speaker with Hi-Res Certification | 8MP HD Camera",flipkart
realme Pad 2 Lite 4 GB RAM 128 GB ROM 10.95 inch with 4G Mediatek Helio G99 Chipset Tablet (Space Grey...,tablets,14999.0,20999.0,28.0,4.4,13663,https://rukminim2.flixcart.com/image/400/400/xif0q/tablet/o/w/l/-original-imah4rktzgmeqjak.jpeg?q=70,https://www.flipkart.com/realme-pad-2-lite-4-gb-ram-128-rom-10-95-inch-4g-mediatek-helio-g99-chipset-tablet-space-grey/p/itm963316f78a59e?pid=TABH4E3HF4V5HGJR&lid=LSTTABH4E3HF4V5HGJRYPLFBG&marketplace=FLIPKART&q=android+tablet&store=tyy%2Fhry&srno=s_1_12&otracker=search&fm=organic&iid=ab511e1e-fae0-43cc-a196-4dc4b0405e92.TABH4E3HF4V5HGJR.SEARCH&ppt=None&ppn=None&ssid=m604zbefb40000001779038330620&qH=e0fe01122194f342&ov_redirect=true,90Hz 2K Eye Comfort Display | Mediatek Helio G99 Chipset | 8300mAh Mega Battery | Quad Stereo Speakers with OReality Audio | realme UI 5.0 for Pad,flipkart
REDMI  Pad SE 4 GB RAM 128 GB ROM 11.0 inch with Wi-Fi Only Qualcomm Snapdragon 680 Tablet (Mint Green...,tablets,11999.0,14999.0,20.0,4.4,19420,https://rukminim2.flixcart.com/image/400/400/xif0q/tablet/z/b/c/-original-imahfdyfragxcjsh.jpeg?q=70,https://www.flipkart.com/redmi-pad-se-4-gb-ram-128-rom-11-0-inch-wi-fi-only-qualcomm-snapdragon-680-tablet-mint-green/p/itma5509f73ddb92?pid=TABHYYS9FYTCDFXZ&lid=LSTTABHYYS9FYTCDFXZMFL3AI&marketplace=FLIPKART&q=android+tablet&store=tyy%2Fhry&srno=s_1_13&otracker=search&fm=organic&iid=ab511e1e-fae0-43cc-a196-4dc4b0405e92.TABHYYS9FYTCDFXZ.SEARCH&ppt=None&ppn=None&ssid=m604zbefb40000001779038330620&qH=e0fe01122194f342&ov_redirect=true,4 GB RAM | 128 GB ROM | Expandable Upto 1 TB | 27.94 cm (11.0 inch) Full HD Display | 8.0 MP Primary Camera | 5 MP Front | Android 13 | Battery: 8000 mAh Lithium Ion,flipkart
REDMI Pad 2 4 GB RAM 128 GB ROM 11.0 inch with Wi-Fi Only Gaming MediaTek Helio G100-Ultra processor T...,tablets,16999.0,16999.0,0,4.4,4990,https://rukminim2.flixcart.com/image/400/400/xif0q/tablet/a/g/f/-original-imahd8chkyrgbgzk.jpeg?q=70,https://www.flipkart.com/redmi-pad-2-4-gb-ram-128-rom-11-0-inch-wi-fi-only-gaming-mediatek-helio-g100-ultra-processor-tablet-graphite-grey/p/itm092292cb0001b?pid=TABHD5QUWZDHHUY8&lid=LSTTABHD5QUWZDHHUY80TLY3E&marketplace=FLIPKART&q=android+tablet&store=tyy%2Fhry&srno=s_1_14&otracker=search&fm=organic&iid=ab511e1e-fae0-43cc-a196-4dc4b0405e92.TABHD5QUWZDHHUY8.SEARCH&ppt=None&ppn=None&ssid=m604zbefb40000001779038330620&qH=e0fe01122194f342&ov_redirect=true,4.0 GB RAM | 128 GB ROM | Expandable Upto 2 TB | 27.94 cm (11.0 inch) WQXGA Display | 8 Megapixels MP Primary Camera | 5 MP Front | Android 15 | Battery: 9000 mAh Lithium ion,flipkart
MOTOROLA Tab G62 4 GB RAM 64 GB ROM 10.61 inch with 4G Qualcomm Snapdragon SDM680 Tablet (Frost Blue),tablets,17299.0,34000.0,49.0,4.2,13538,https://rukminim2.flixcart.com/image/400/400/l3uhvgw0/tablet/3/y/a/zabn0007in-motorola-original-imagevdg5b5sc84m.jpeg?q=70,https://www.flipkart.com/motorola-tab-g62-4-gb-ram-64-rom-10-61-inch-4g-qualcomm-snapdragon-sdm680-tablet-frost-blue/p/itm134fd0219f4c9?pid=TABGEGBWRYZ4YGWN&lid=LSTTABGEGBWRYZ4YGWNPSOUGY&marketplace=FLIPKART&q=android+tablet&store=tyy%2Fhry&srno=s_1_15&otracker=search&fm=organic&iid=ab511e1e-fae0-43cc-a196-4dc4b0405e92.TABGEGBWRYZ4YGWN.SEARCH&ppt=None&ppn=None&ssid=m604zbefb40000001779038330620&qH=e0fe01122194f342&ov_redirect=true,4 GB RAM | 64 GB ROM | 26.95 cm (10.61 inch) 2K Display | 8.0 MP Primary Camera | 8 MP Front | Android 12 | Battery: 7700 mAh,flipkart
"I Kall N16 Pro Tablet - 4000mAh Battery, Powerful Octa-Core Processor, 8MP Rear Camera 3 GB RAM 32 GB ...",tablets,7114.0,8999.0,20.0,3.4,65,https://rukminim2.flixcart.com/image/400/400/xif0q/tablet/v/x/9/n16-pro-i-kall-original-imaheybzaftcpqmw.jpeg?q=70,https://www.flipkart.com/kall-n16-pro-tablet-4000mah-battery-powerful-octa-core-processor-8mp-rear-camera-3-gb-ram-32-rom-8-inch-4g-blue/p/itm52aee4173b2c0?pid=TABHEQPTAYEMCSJM&lid=LSTTABHEQPTAYEMCSJMZR87N8&marketplace=FLIPKART&q=android+tablet&store=tyy%2Fhry&srno=s_1_16&otracker=search&fm=organic&iid=ab511e1e-fae0-43cc-a196-4dc4b0405e92.TABHEQPTAYEMCSJM.SEARCH&ppt=None&ppn=None&ssid=m604zbefb40000001779038330620&qH=e0fe01122194f342&ov_redirect=true,3 GB RAM | 32 GB ROM | Expandable Upto 64 GB | 20.32 cm (8 inch) HD Display | 8.0 MP Primary Camera | 5 MP Front | Android 10.0 | Battery: 4000 mAh Lithium - polymer,flipkart
REDMI  Pad SE 6 GB RAM 128 GB ROM 11.0 inch with Wi-Fi Only Qualcomm Snapdragon 680 Tablet (Mint Green...,tablets,12999.0,16999.0,23.0,4.4,19420,https://rukminim2.flixcart.com/image/400/400/xif0q/tablet/z/b/c/-original-imahfdyfragxcjsh.jpeg?q=70,https://www.flipkart.com/redmi-pad-se-6-gb-ram-128-rom-11-0-inch-wi-fi-only-qualcomm-snapdragon-680-tablet-mint-green/p/itma5509f73ddb92?pid=TABHYYS9MGZMJFXK&lid=LSTTABHYYS9MGZMJFXKK228MC&marketplace=FLIPKART&q=android+tablet&store=tyy%2Fhry&srno=s_1_17&otracker=search&fm=organic&iid=ab511e1e-fae0-43cc-a196-4dc4b0405e92.TABHYYS9MGZMJFXK.SEARCH&ppt=None&ppn=None&ssid=m604zbefb40000001779038330620&qH=e0fe01122194f342&ov_redirect=true,6 GB RAM | 128 GB ROM | Expandable Upto 1 TB | 27.94 cm (11.0 inch) Full HD Display | 8.0 MP Primary Camera | 5 MP Front | Android 13 | Battery: 8000 mAh Lithium Ion,flipkart
Lenovo Legion 12 GB RAM 256 GB ROM 8.8 inch with Wi-Fi Only Gaming Qualcomm Snapdragon 8+ Gen 1 Tablet...,tablets,20999.0,65000.0,67.0,4.4,488,https://rukminim2.flixcart.com/image/400/400/xif0q/tablet/d/w/m/-original-imah2sp24tznr5sh.jpeg?q=70,https://www.flipkart.com/lenovo-legion-12-gb-ram-256-rom-8-8-inch-wi-fi-only-gaming-qualcomm-snapdragon-8-gen-1-tablet-storm-grey/p/itm0ef682882fb16?pid=TABH2H7PMUXU4KSP&lid=LSTTABH2H7PMUXU4KSPGMINSC&marketplace=FLIPKART&q=android+tablet&store=tyy%2Fhry&srno=s_1_18&otracker=search&fm=organic&iid=ab511e1e-fae0-43cc-a196-4dc4b0405e92.TABH2H7PMUXU4KSP.SEARCH&ppt=None&ppn=None&ssid=m604zbefb40000001779038330620&qH=e0fe01122194f342&ov_redirect=true,12 GB RAM | 256 GB ROM | 22.35 cm (8.8 inch) Display | 13 MP Primary Camera | 8 MP Front | Android 13 | Battery: 6550 mAh,flipkart
REDMI  Pad SE 8 GB RAM 128 GB ROM 11.0 inch with Wi-Fi Only Qualcomm Snapdragon 680 Tablet (Lavender P...,tablets,13999.0,19999.0,30.0,4.4,19420,https://rukminim2.flixcart.com/image/400/400/xif0q/tablet/t/l/y/-original-imahfdyf6hghuvmn.jpeg?q=70,https://www.flipkart.com/redmi-pad-se-8-gb-ram-128-rom-11-0-inch-wi-fi-only-qualcomm-snapdragon-680-tablet-lavender-purple/p/itma5509f73ddb92?pid=TABHYYS9NRJGRYWF&lid=LSTTABHYYS9NRJGRYWFZ9EWXP&marketplace=FLIPKART&q=android+tablet&store=tyy%2Fhry&srno=s_1_19&otracker=search&fm=organic&iid=ab511e1e-fae0-43cc-a196-4dc4b0405e92.TABHYYS9NRJGRYWF.SEARCH&ppt=None&ppn=None&ssid=m604zbefb40000001779038330620&qH=e0fe01122194f342&ov_redirect=true,8 GB RAM | 128 GB ROM | Expandable Upto 1 TB | 27.94 cm (11.0 inch) Full HD Display | 8.0 MP Primary Camera | 5 MP Front | Android 13 | Battery: 8000 mAh Lithium Ion,flipkart
REDMI Pad 2 6 GB RAM 128 GB ROM 11.0 inch with Wi-Fi+4G Gaming MediaTek Helio G100-Ultra processor Tab...,tablets,18347.0,19999.0,8.0,4.4,4990,https://rukminim2.flixcart.com/image/400/400/xif0q/tablet/u/s/o/-original-imahd8chghhhfhc9.jpeg?q=70,https://www.flipkart.com/redmi-pad-2-6-gb-ram-128-rom-11-0-inch-wi-fi-4g-gaming-mediatek-helio-g100-ultra-processor-tablet-graphite-grey/p/itm1de7f1a645750?pid=TABHD5QUWM9YZHVN&lid=LSTTABHD5QUWM9YZHVNP0CDQW&marketplace=FLIPKART&q=android+tablet&store=tyy%2Fhry&srno=s_1_20&otracker=search&fm=organic&iid=ab511e1e-fae0-43cc-a196-4dc4b0405e92.TABHD5QUWM9YZHVN.SEARCH&ppt=None&ppn=None&ssid=m604zbefb40000001779038330620&qH=e0fe01122194f342&ov_redirect=true,6.0 GB RAM | 128 GB ROM | Expandable Upto 2 TB | 27.94 cm (11.0 inch) WQXGA Display | 8 Megapixels MP Primary Camera | 5 MP Front | Android 15 | Battery: 9000 mAh Lithium ion,flipkart
realme Pad 2 8 GB RAM 128 GB ROM 11.5 inch with 4G Gaming MediaTek G99 Tablet (Imagination Grey),tablets,17999.0,29999.0,40.0,4.4,38248,https://rukminim2.flixcart.com/image/400/400/xif0q/tablet/o/y/8/rmp2204-realme-original-imagrhcqdhdyc9tg.jpeg?q=70,https://www.flipkart.com/realme-pad-2-8-gb-ram-128-rom-11-5-inch-4g-gaming-mediatek-g99-tablet-imagination-grey/p/itmb316e230adb14?pid=TABHFGAT4ZCAQTBG&lid=LSTTABHFGAT4ZCAQTBGGRZQQT&marketplace=FLIPKART&q=android+tablet&store=tyy%2Fhry&srno=s_1_21&otracker=search&fm=organic&iid=ab511e1e-fae0-43cc-a196-4dc4b0405e92.TABHFGAT4ZCAQTBG.SEARCH&ppt=None&ppn=None&ssid=m604zbefb40000001779038330620&qH=e0fe01122194f342&ov_redirect=true,90Hz 2K Eye Comfort Display | Mediatek Helio G99 Chipset | 8300mAh Mega Battery | Quad Stereo Speakers with OReality Audio | realme UI 5.0 for Pad,flipkart
REDMI Pad 2 8 GB RAM 256 GB ROM 11.0 inch with Wi-Fi+4G Gaming MediaTek Helio G100-Ultra processor Tab...,tablets,20999.0,21999.0,4.0,4.4,4990,https://rukminim2.flixcart.com/image/400/400/xif0q/tablet/u/s/o/-original-imahd8chghhhfhc9.jpeg?q=70,https://www.flipkart.com/redmi-pad-2-8-gb-ram-256-rom-11-0-inch-wi-fi-4g-gaming-mediatek-helio-g100-ultra-processor-tablet-graphite-grey/p/itmaa56a6ab025f4?pid=TABHD5QURUHZKA72&lid=LSTTABHD5QURUHZKA72O5VSWZ&marketplace=FLIPKART&q=android+tablet&store=tyy%2Fhry&srno=s_1_22&otracker=search&fm=organic&iid=ab511e1e-fae0-43cc-a196-4dc4b0405e92.TABHD5QURUHZKA72.SEARCH&ppt=None&ppn=None&ssid=m604zbefb40000001779038330620&qH=e0fe01122194f342&ov_redirect=true,8.0 GB RAM | 256 GB ROM | Expandable Upto 2 TB | 27.94 cm (11.0 inch) WQXGA Display | 8 Megapixels MP Primary Camera | 5 MP Front | Android 15 | Battery: 9000 mAh Lithium ion,flipkart
realme Pad 2 6 GB RAM 128 GB ROM 11.5 inch with 4G MediaTek G99 Tablet (Inspiration Green),tablets,14999.0,28999.0,48.0,4.4,38248,https://rukminim2.flixcart.com/image/400/400/xif0q/tablet/5/3/l/rmp2204-realme-original-imagrhcqvxhqqcwf.jpeg?q=70,https://www.flipkart.com/realme-pad-2-6-gb-ram-128-rom-11-5-inch-4g-mediatek-g99-tablet-inspiration-green/p/itmcf4c6380eafa4?pid=TABGRGWKRZS9REGC&lid=LSTTABGRGWKRZS9REGCYCSXJV&marketplace=FLIPKART&q=android+tablet&store=tyy%2Fhry&srno=s_1_23&otracker=search&fm=organic&iid=ab511e1e-fae0-43cc-a196-4dc4b0405e92.TABGRGWKRZS9REGC.SEARCH&ppt=None&ppn=None&ssid=m604zbefb40000001779038330620&qH=e0fe01122194f342&ov_redirect=true,"2K Display with up to 120Hz screen refresh rate | 33W SUPERVOOC Charger in-the-box
 MediaTek Helio G99 Chipset | realme UI 4.0 for Pad
Dolby Atmos Quad Speaker with Hi-Res Certification | 8MP HD Camera",flipkart
"Lenovo Tab 10.1 Inch Display, Metal Body, Dual Speakers with Dolby Atmos 4 GB RAM 128 GB ROM 10.1 inch...",tablets,13490.0,19000.0,28.0,4.8,5,https://rukminim2.flixcart.com/image/400/400/xif0q/tablet/a/3/a/tb311fu-lenovo-original-imahnbjgbykg57mw.jpeg?q=70,https://www.flipkart.com/lenovo-tab-10-1-inch-display-metal-body-dual-speakers-dolby-atmos-4-gb-ram-128-rom-wi-fi-only-mediatek-dimensity-helio-g85-processor-tablet-polar-blue/p/itmba572bdcb3688?pid=TABHMATM5UGFVNUD&lid=LSTTABHMATM5UGFVNUDL4ZJR6&marketplace=FLIPKART&q=android+tablet&store=tyy%2Fhry&srno=s_1_24&otracker=search&fm=organic&iid=ab511e1e-fae0-43cc-a196-4dc4b0405e92.TABHMATM5UGFVNUD.SEARCH&ppt=None&ppn=None&ssid=m604zbefb40000001779038330620&qH=e0fe01122194f342&ov_redirect=true,4 GB RAM | 128 GB ROM | 25.65 cm (10.1 inch) WUXGA+ Display | 8.0 MP Primary Camera | Android 14 | Battery:,flipkart
REDMI Pad 2 Pro 5G 8 GB RAM 128 GB ROM 12.1 inch with Wi-Fi+5G Gaming Qualcomm Snapdragon 7s Gen 4 Tab...,tablets,28999.0,32999.0,12.0,4.5,1347,https://rukminim2.flixcart.com/image/400/400/xif0q/tablet/g/a/o/-original-imahjgsunhvanha5.jpeg?q=70,https://www.flipkart.com/redmi-pad-2-pro-5g-8-gb-ram-128-rom-12-1-inch-wi-fi-5g-gaming-qualcomm-snapdragon-7s-gen-4-tablet-graphite-grey/p/itm591eb6ddaf70e?pid=TABHJFBZAGAZSSSY&lid=LSTTABHJFBZAGAZSSSYPLLSJL&marketplace=FLIPKART&q=android+tablet&store=tyy%2Fhry&srno=s_2_25&otracker=search&fm=organic&iid=7198dc8d-a7ab-4dde-a17b-878d6f9dd285.TABHJFBZAGAZSSSY.SEARCH&ppt=None&ppn=None&ssid=m0rnolbgy80000001779038334133&qH=e0fe01122194f342&ov_redirect=true,8 GB RAM | 128 GB ROM | 30.73 cm (12.1 inch) Quad HD Display | 13.0 MP Primary Camera | 8 MP Front | Android 15 | Battery: 12000 mAh Lithium - Ion,flipkart
REDMI Pad 2 Pro 5G 8 GB RAM 256 GB ROM 12.1 inch with Wi-Fi+5G Gaming Qualcomm Snapdragon 7s Gen 4 Tab...,tablets,30999.0,34999.0,11.0,4.5,1347,https://rukminim2.flixcart.com/image/400/400/xif0q/tablet/g/a/o/-original-imahjgsunhvanha5.jpeg?q=70,https://www.flipkart.com/redmi-pad-2-pro-5g-8-gb-ram-256-rom-12-1-inch-wi-fi-5g-gaming-qualcomm-snapdragon-7s-gen-4-tablet-graphite-grey/p/itmd192ee171cee3?pid=TABHJFBZR3XFSVNK&lid=LSTTABHJFBZR3XFSVNKRFU2NO&marketplace=FLIPKART&q=android+tablet&store=tyy%2Fhry&srno=s_2_26&otracker=search&fm=organic&iid=7198dc8d-a7ab-4dde-a17b-878d6f9dd285.TABHJFBZR3XFSVNK.SEARCH&ppt=None&ppn=None&ssid=m0rnolbgy80000001779038334133&qH=e0fe01122194f342&ov_redirect=true,8 GB RAM | 256 GB ROM | 30.73 cm (12.1 inch) Quad HD Display | 13.0 MP Primary Camera | 8 MP Front | Android 15 | Battery: 12000 mAh Lithium - Ion,flipkart
Lenovo Tab K10 FHD 4 GB RAM 64 GB ROM 10.3 inches with Wi-Fi Only MediaTek Helio P22T Octa Core Tablet...,tablets,14599.0,28000.0,47.0,4.3,1914,https://rukminim2.flixcart.com/image/400/400/ku04o7k0/tablet/y/e/r/za8n0068in-lenovo-original-imag78cevnuyeswy.jpeg?q=70,https://www.flipkart.com/lenovo-tab-k10-fhd-4-gb-ram-64-rom-10-3-inches-wi-fi-only-mediatek-helio-p22t-octa-core-tablet-abyss-blue/p/itm6582319a93f29?pid=TABG72FWRJGGNM8D&lid=LSTTABG72FWRJGGNM8D6YM672&marketplace=FLIPKART&q=android+tablet&store=tyy%2Fhry&srno=s_2_27&otracker=search&fm=organic&iid=7198dc8d-a7ab-4dde-a17b-878d6f9dd285.TABG72FWRJGGNM8D.SEARCH&ppt=None&ppn=None&ssid=m0rnolbgy80000001779038334133&qH=e0fe01122194f342&ov_redirect=true,4 GB RAM | 64 GB ROM | Expandable Upto 256 GB | 26.16 cm (10.3 inches) Display | 8 MP Primary Camera | 5 MP Front | Android 11 | Battery: 7500 mAH,flipkart
OnePlus Pad Go 8 GB RAM 128 GB ROM 11.35 inch with 4G MediaTek Helio G99 Tablet (Twin Mint),tablets,19999.0,21999.0,9.0,4.5,26184,https://rukminim2.flixcart.com/image/400/400/xif0q/tablet/p/i/1/-original-imahg8gynuwdhqc2.jpeg?q=70,https://www.flipkart.com/oneplus-pad-go-8-gb-ram-128-rom-11-35-inch-4g-mediatek-helio-g99-tablet-twin-mint/p/itmc6301daa35b04?pid=TABGTHGMHFXPZGNU&lid=LSTTABGTHGMHFXPZGNUTOOFKX&marketplace=FLIPKART&q=android+tablet&store=tyy%2Fhry&srno=s_2_28&otracker=search&fm=organic&iid=7198dc8d-a7ab-4dde-a17b-878d6f9dd285.TABGTHGMHFXPZGNU.SEARCH&ppt=None&ppn=None&ssid=m0rnolbgy80000001779038334133&qH=e0fe01122194f342&ov_redirect=true,8 GB RAM | 128 GB ROM | 28.83 cm (11.35 inch) Display | 8.0 MP Primary Camera | 8 MP Front | Android Oxygen OS 13.2 | Battery: 8000 mAH,flipkart
Lenovo Tab M10 FHD 3rd Gen 4 GB RAM 64 GB ROM 10.1 inch with 4G Unisoc T610 Octa Core Processor Tablet...,tablets,12098.0,30000.0,59.0,4.2,6130,https://rukminim2.flixcart.com/image/400/400/xif0q/tablet/5/3/c/-original-imagu2h3vmty9mzx.jpeg?q=70,https://www.flipkart.com/lenovo-tab-m10-fhd-3rd-gen-4-gb-ram-64-rom-10-1-inch-4g-unisoc-t610-octa-core-processor-tablet-storm-grey/p/itm2569111377e39?pid=TABGZEZPYSNJXFNM&lid=LSTTABGZEZPYSNJXFNMO3SFGY&marketplace=FLIPKART&q=android+tablet&store=tyy%2Fhry&srno=s_2_29&otracker=search&fm=organic&iid=7198dc8d-a7ab-4dde-a17b-878d6f9dd285.TABGZEZPYSNJXFNM.SEARCH&ppt=None&ppn=None&ssid=m0rnolbgy80000001779038334133&qH=e0fe01122194f342&ov_redirect=true,4 GB RAM | 64 GB ROM | Expandable Upto 1 TB | 25.65 cm (10.1 inch) Full HD Display | 8.0 MP Primary Camera | 5 MP Front | Android 11 | Battery: 5100 mAh,flipkart
realme Pad 3 with biggest battery in segment 8 GB RAM 128 GB ROM 11.6 inch with Wi-Fi+5G MediaTek Dime...,tablets,27999.0,37999.0,26.0,4.6,999,https://rukminim2.flixcart.com/image/400/400/xif0q/tablet/f/w/z/-original-imahjqj43jvsczmq.jpeg?q=70,https://www.flipkart.com/realme-pad-3-biggest-battery-segment-8-gb-ram-128-rom-11-6-inch-wi-fi-5g-mediatek-dimensity-7300-max-tablet-space-grey/p/itm35a1de72de98b?pid=TABHJFFZ2YZVHBWG&lid=LSTTABHJFFZ2YZVHBWGPODZ9P&marketplace=FLIPKART&q=android+tablet&store=tyy%2Fhry&srno=s_2_30&otracker=search&fm=organic&iid=7198dc8d-a7ab-4dde-a17b-878d6f9dd285.TABHJFFZ2YZVHBWG.SEARCH&ppt=None&ppn=None&ssid=m0rnolbgy80000001779038334133&qH=e0fe01122194f342&ov_redirect=true,8 GB RAM | 128 GB ROM | 29.46 cm (11.6 inch) Display | 8 MP Primary Camera | 8 MP Front | Android 16 | Battery: 12200 mAh Li-Ion,flipkart
Xiaomi Pad 6 6 GB RAM 128 GB ROM 11.0 inch with Wi-Fi Only Qualcomm Snapdragon 870 Tablet (Graphite gr...,tablets,20299.0,39999.0,49.0,4.6,15360,https://rukminim2.flixcart.com/image/400/400/xif0q/tablet/j/p/0/-original-imah4ycjks2mfnpg.jpeg?q=70,https://www.flipkart.com/xiaomi-pad-6-gb-ram-128-rom-11-0-inch-wi-fi-only-qualcomm-snapdragon-870-tablet-graphite-grey/p/itm2394067797457?pid=TABGTTFKSYC9WAYK&lid=LSTTABGTTFKSYC9WAYKN8DEJI&marketplace=FLIPKART&q=android+tablet&store=tyy%2Fhry&srno=s_2_31&otracker=search&fm=organic&iid=7198dc8d-a7ab-4dde-a17b-878d6f9dd285.TABGTTFKSYC9WAYK.SEARCH&ppt=None&ppn=None&ssid=m0rnolbgy80000001779038334133&qH=e0fe01122194f342&ov_redirect=true,6 GB RAM | 128 GB ROM | 27.94 cm (11.0 inch) Display | 13.0 MP Primary Camera | 8 MP Front | Android 13 | Battery: 8840 mAh,flipkart
OnePlus Pad Go 8 GB RAM 256 GB ROM 11.35 inch with 4G MediaTek Helio G99 Tablet (Twin Mint),tablets,21999.0,23999.0,8.0,4.5,26184,https://rukminim2.flixcart.com/image/400/400/xif0q/tablet/p/i/1/-original-imahg8gynuwdhqc2.jpeg?q=70,https://www.flipkart.com/oneplus-pad-go-8-gb-ram-256-rom-11-35-inch-4g-mediatek-helio-g99-tablet-twin-mint/p/itmc6301daa35b04?pid=TABGTHGMBPDCHWGP&lid=LSTTABGTHGMBPDCHWGPGKWV1B&marketplace=FLIPKART&q=android+tablet&store=tyy%2Fhry&srno=s_2_32&otracker=search&fm=organic&iid=7198dc8d-a7ab-4dde-a17b-878d6f9dd285.TABGTHGMBPDCHWGP.SEARCH&ppt=None&ppn=None&ssid=m0rnolbgy80000001779038334133&qH=e0fe01122194f342&ov_redirect=true,8 GB RAM | 256 GB ROM | 28.83 cm (11.35 inch) Display | 8.0 MP Primary Camera | 8 MP Front | Android Oxygen OS 13.2 | Battery: 8000 mAH,flipkart
Lenovo Tab 4 GB RAM 64 GB ROM 10.1 inch with Wi-Fi+4G Tablet (Luna Grey),tablets,13999.0,20999.0,33.0,4.2,111,https://rukminim2.flixcart.com/image/400/400/xif0q/tablet/j/j/f/-original-imahjk64bahhazzg.jpeg?q=70,https://www.flipkart.com/lenovo-tab-4-gb-ram-64-rom-10-1-inch-wi-fi-4g-tablet-luna-grey/p/itm1faf9288044c1?pid=TABHJFGYBWYZFGHJ&lid=LSTTABHJFGYBWYZFGHJ0PJ55W&marketplace=FLIPKART&q=android+tablet&store=tyy%2Fhry&srno=s_2_33&otracker=search&fm=organic&iid=7198dc8d-a7ab-4dde-a17b-878d6f9dd285.TABHJFGYBWYZFGHJ.SEARCH&ppt=None&ppn=None&ssid=m0rnolbgy80000001779038334133&qH=e0fe01122194f342&ov_redirect=true,4 GB RAM | 64 GB ROM | 25.65 cm (10.1 inch) Display | 8.0 MP Primary Camera | Android 14 | Battery:,flipkart
Lenovo Tab M10 Plus (3rd Gen) 6 GB RAM 128 GB ROM 10.61 inch with Wi-Fi Only Qualcomm Snapdragon SDM 6...,tablets,13899.0,32000.0,56.0,4.2,761,https://rukminim2.flixcart.com/image/400/400/xif0q/tablet/t/y/v/zaan0192in-zaan0193in-lenovo-original-imagkzpb8bkhrnha.jpeg?q=70,https://www.flipkart.com/lenovo-tab-m10-plus-3rd-gen-6-gb-ram-128-rom-10-61-inch-wi-fi-only-qualcomm-snapdragon-sdm-6803-tablet-storm-grey/p/itm24ec5c7efc743?pid=TABGZEZPKZ7MUDUC&lid=LSTTABGZEZPKZ7MUDUCTD9HL7&marketplace=FLIPKART&q=android+tablet&store=tyy%2Fhry&srno=s_2_34&otracker=search&fm=organic&iid=7198dc8d-a7ab-4dde-a17b-878d6f9dd285.TABGZEZPKZ7MUDUC.SEARCH&ppt=None&ppn=None&ssid=m0rnolbgy80000001779038334133&qH=e0fe01122194f342&ov_redirect=true,6 GB RAM | 128 GB ROM | Expandable Upto 1 TB | 26.95 cm (10.61 inch) 2K Display | 8 MP Primary Camera | 8 MP Front | Android 12 | Battery: 7700 mAh,flipkart
REDMI Pad 2 4 GB RAM 128 GB ROM 11.0 inch with Wi-Fi Only Gaming MediaTek Helio G100-Ultra processor T...,tablets,16999.0,16999.0,0,4.4,4990,https://rukminim2.flixcart.com/image/400/400/xif0q/tablet/z/b/p/-original-imahd8chg2rkfp2v.jpeg?q=70,https://www.flipkart.com/redmi-pad-2-4-gb-ram-128-rom-11-0-inch-wi-fi-only-gaming-mediatek-helio-g100-ultra-processor-tablet-sky-blue/p/itmaa8b5fb7d4f0e?pid=TABHD5QU2MKUEYPZ&lid=LSTTABHD5QU2MKUEYPZA4DY8R&marketplace=FLIPKART&q=android+tablet&store=tyy%2Fhry&srno=s_2_35&otracker=search&fm=organic&iid=7198dc8d-a7ab-4dde-a17b-878d6f9dd285.TABHD5QU2MKUEYPZ.SEARCH&ppt=None&ppn=None&ssid=m0rnolbgy80000001779038334133&qH=e0fe01122194f342&ov_redirect=true,4.0 GB RAM | 128 GB ROM | Expandable Upto 2 TB | 27.94 cm (11.0 inch) WQXGA Display | 8 Megapixels MP Primary Camera | 5 MP Front | Android 15 | Battery: 9000 mAh Lithium ion,flipkart
Lenovo Tab M11 4 GB RAM 128 GB ROM 11.0 inch with Wi-Fi Only MediaTek Helio G88 Tablet (Seafoam Green),tablets,12336.0,29000.0,57.0,4.3,7611,https://rukminim2.flixcart.com/image/400/400/xif0q/tablet/w/a/f/-original-imahfdyzd8pvs5hj.jpeg?q=70,https://www.flipkart.com/lenovo-tab-m11-4-gb-ram-128-rom-11-0-inch-wi-fi-only-mediatek-helio-g88-tablet-seafoam-green/p/itm5e8422676823e?pid=TABH2AGTGHUANH7N&lid=LSTTABH2AGTGHUANH7NXFZJNP&marketplace=FLIPKART&q=android+tablet&store=tyy%2Fhry&srno=s_2_36&otracker=search&fm=organic&iid=7198dc8d-a7ab-4dde-a17b-878d6f9dd285.TABH2AGTGHUANH7N.SEARCH&ppt=None&ppn=None&ssid=m0rnolbgy80000001779038334133&qH=e0fe01122194f342&ov_redirect=true,4 GB RAM | 128 GB ROM | Expandable Upto 1 TB | 27.94 cm (11.0 inch) Display | 13 MP Primary Camera | 8 MP Front | Android 13 | Battery: 7040 mAh,flipkart
realme Pad 2 6 GB RAM 128 GB ROM 11.5 inch with 4G MediaTek G99 Tablet (Imagination Grey),tablets,14999.0,28999.0,48.0,4.4,38248,https://rukminim2.flixcart.com/image/400/400/xif0q/tablet/o/y/8/rmp2204-realme-original-imagrhcqdhdyc9tg.jpeg?q=70,https://www.flipkart.com/realme-pad-2-6-gb-ram-128-rom-11-5-inch-4g-mediatek-g99-tablet-imagination-grey/p/itmd0b2f34105355?pid=TABGRGWKVCXZGKDZ&lid=LSTTABGRGWKVCXZGKDZNYTVVR&marketplace=FLIPKART&q=android+tablet&store=tyy%2Fhry&srno=s_2_37&otracker=search&fm=organic&iid=7198dc8d-a7ab-4dde-a17b-878d6f9dd285.TABGRGWKVCXZGKDZ.SEARCH&ppt=None&ppn=None&ssid=m0rnolbgy80000001779038334133&qH=e0fe01122194f342&ov_redirect=true,"2K Display with up to 120Hz screen refresh rate | 33W SUPERVOOC Charger in-the-box
 MediaTek Helio G99 Chipset | realme UI 4.0 for Pad
Dolby Atmos Quad Speaker with Hi-Res Certification | 8MP HD Camera",flipkart
MOTOROLA Tab G62 4 GB RAM 128 GB ROM 10.61 inch with Wi-Fi Only Qualcomm Snapdragon SDM680 Tablet (Fro...,tablets,16799.0,28000.0,40.0,4.2,13538,https://rukminim2.flixcart.com/image/400/400/xif0q/tablet/j/v/r/-original-imagwk77vzvxrsp3.jpeg?q=70,https://www.flipkart.com/motorola-tab-g62-4-gb-ram-128-rom-10-61-inch-wi-fi-only-qualcomm-snapdragon-sdm680-tablet-frost-blue/p/itm58e8a29346213?pid=TABGTBGX5K5PYYNH&lid=LSTTABGTBGX5K5PYYNHEJ3BUP&marketplace=FLIPKART&q=android+tablet&store=tyy%2Fhry&srno=s_2_38&otracker=search&fm=organic&iid=7198dc8d-a7ab-4dde-a17b-878d6f9dd285.TABGTBGX5K5PYYNH.SEARCH&ppt=None&ppn=None&ssid=m0rnolbgy80000001779038334133&qH=e0fe01122194f342&ov_redirect=true,4 GB RAM | 128 GB ROM | 26.95 cm (10.61 inch) 2K Display | 8 MP Primary Camera | 8 MP Front | Android 12 | Battery: 7700 mAh,flipkart
Lenovo M10 5G 4 GB RAM 128 GB ROM 10.61 inch with Wi-Fi+5G Qualcomm Snapdragon 695 Tablet (Abyss Blue),tablets,22399.0,40000.0,44.0,4.2,2415,https://rukminim2.flixcart.com/image/400/400/xif0q/tablet/q/e/v/-original-imagu2h3wmzgrmc9.jpeg?q=70,https://www.flipkart.com/lenovo-m10-5g-4-gb-ram-128-rom-10-61-inch-wi-fi-5g-qualcomm-snapdragon-695-tablet-abyss-blue/p/itm86c0aff2a3a6d?pid=TABGR948VZGNHH35&lid=LSTTABGR948VZGNHH35A9RLAH&marketplace=FLIPKART&q=android+tablet&store=tyy%2Fhry&srno=s_2_39&otracker=search&fm=organic&iid=7198dc8d-a7ab-4dde-a17b-878d6f9dd285.TABGR948VZGNHH35.SEARCH&ppt=None&ppn=None&ssid=m0rnolbgy80000001779038334133&qH=e0fe01122194f342&ov_redirect=true,4 GB RAM | 128 GB ROM | 26.95 cm (10.61 inch) Display | 13 MP Primary Camera | 8 MP Front | Android 13 | Battery: 7700 mAh,flipkart
realme Pad X 4 GB RAM 64 GB ROM 11 inch with Wi-Fi Only Qualcomm Snapdragon 695 Tablet (Glowing Grey),tablets,17999.0,29999.0,40.0,4.4,13735,https://rukminim2.flixcart.com/image/400/400/xif0q/tablet/d/c/g/rmp2107-realme-original-imaggf3cfdqtbenn.jpeg?q=70,https://www.flipkart.com/realme-pad-x-4-gb-ram-64-rom-11-inch-wi-fi-only-qualcomm-snapdragon-695-tablet-glowing-grey/p/itm5dfddfb05eb01?pid=TABGFW8FTC2BQGFA&lid=LSTTABGFW8FTC2BQGFAJ6NTGX&marketplace=FLIPKART&q=android+tablet&store=tyy%2Fhry&spotlightTagId=default_TrendingId_tyy%2Fhry&srno=s_2_40&otracker=search&fm=organic&iid=7198dc8d-a7ab-4dde-a17b-878d6f9dd285.TABGFW8FTC2BQGFA.SEARCH&ppt=None&ppn=None&ssid=m0rnolbgy80000001779038334133&qH=e0fe01122194f342&ov_redirect=true,Compatible with realme pencil and smart keyboard | 4 GB RAM | 64 GB ROM | Expandable Upto 1 TB | 27.94 cm (11 inch) WUXGA+ Display | 13 MP Primary Camera | 8 MP Front,flipkart
OnePlus Pad Go 8 GB RAM 128 GB ROM 11.35 inch with Wi-Fi Only MediaTek Helio G99 Tablet (Twin Mint),tablets,17999.0,19999.0,10.0,4.5,26184,https://rukminim2.flixcart.com/image/400/400/xif0q/tablet/p/i/1/-original-imahg8gynuwdhqc2.jpeg?q=70,https://www.flipkart.com/oneplus-pad-go-8-gb-ram-128-rom-11-35-inch-wi-fi-only-mediatek-helio-g99-tablet-twin-mint/p/itmc6301daa35b04?pid=TABGTHGM4J4RSBQJ&lid=LSTTABGTHGM4J4RSBQJH7FV5Q&marketplace=FLIPKART&q=android+tablet&store=tyy%2Fhry&srno=s_2_41&otracker=search&fm=organic&iid=7198dc8d-a7ab-4dde-a17b-878d6f9dd285.TABGTHGM4J4RSBQJ.SEARCH&ppt=None&ppn=None&ssid=m0rnolbgy80000001779038334133&qH=e0fe01122194f342&ov_redirect=true,8 GB RAM | 128 GB ROM | 28.83 cm (11.35 inch) Display | 8 MP Primary Camera | 8 MP Front | Android Oxygen OS 13.2 | Battery: 8000 mAH,flipkart
realme Pad 2 Lite 4 GB RAM 128 GB ROM 10.95 inch with 4G Mediatek Helio G99 Chipset Tablet (Nebula Pur...,tablets,14999.0,20999.0,28.0,4.4,13663,https://rukminim2.flixcart.com/image/400/400/xif0q/tablet/f/k/b/-original-imah4rktdpdfyhbm.jpeg?q=70,https://www.flipkart.com/realme-pad-2-lite-4-gb-ram-128-rom-10-95-inch-4g-mediatek-helio-g99-chipset-tablet-nebula-purple/p/itm963316f78a59e?pid=TABH4E3HAQYSCY2B&lid=LSTTABH4E3HAQYSCY2BCHSDKL&marketplace=FLIPKART&q=android+tablet&store=tyy%2Fhry&srno=s_2_42&otracker=search&fm=organic&iid=7198dc8d-a7ab-4dde-a17b-878d6f9dd285.TABH4E3HAQYSCY2B.SEARCH&ppt=None&ppn=None&ssid=m0rnolbgy80000001779038334133&qH=e0fe01122194f342&ov_redirect=true,90Hz 2K Eye Comfort Display | Mediatek Helio G99 Chipset | 8300mAh Mega Battery | Quad Stereo Speakers with OReality Audio | realme UI 5.0 for Pad,flipkart
Acer Iconia iM11-22M5G 8 GB RAM 128 GB ROM 11.45 inch with Wi-Fi+5G MediaTek 8791 CPU – Octa core Up t...,tablets,23499.0,44999.0,47.0,0.0,0,https://rukminim2.flixcart.com/image/400/400/xif0q/tablet/0/i/x/-original-imahn6wyfnb9bqzd.jpeg?q=70,https://www.flipkart.com/acer-iconia-im11-22m5g-8-gb-ram-128-rom-11-45-inch-wi-fi-5g-mediatek-8791-cpu-octa-core-up-2-4-ghz-tablet-blue/p/itmd950f02a7e871?pid=TABHMARQZZUEQSRQ&lid=LSTTABHMARQZZUEQSRQZCCR5M&marketplace=FLIPKART&q=android+tablet&store=tyy%2Fhry&srno=s_2_43&otracker=search&fm=organic&iid=7198dc8d-a7ab-4dde-a17b-878d6f9dd285.TABHMARQZZUEQSRQ.SEARCH&ppt=None&ppn=None&ssid=m0rnolbgy80000001779038334133&qH=e0fe01122194f342&ov_redirect=true,8 GB RAM | 128 GB ROM | Expandable Upto 1 TB | 29.08 cm (11.45 inch) 2K Display | 16 MP Primary Camera | 8 MP Front | Android 15.0 | Battery: 7400 mAh Lithium - Ion,flipkart
realme Pad 3 with biggest battery in segment 8 GB RAM 256 GB ROM 11.6 inch with Wi-Fi+5G MediaTek Dime...,tablets,29999.0,39999.0,25.0,4.6,999,https://rukminim2.flixcart.com/image/400/400/xif0q/tablet/e/1/z/-original-imahjpp3jfgmqhsm.jpeg?q=70,https://www.flipkart.com/realme-pad-3-biggest-battery-segment-8-gb-ram-256-rom-11-6-inch-wi-fi-5g-mediatek-dimensity-7300-max-tablet-champagne-gold/p/itm88f16620eea89?pid=TABHJFFZBBCBT3YU&lid=LSTTABHJFFZBBCBT3YU4CPRN0&marketplace=FLIPKART&q=android+tablet&store=tyy%2Fhry&srno=s_2_44&otracker=search&fm=organic&iid=7198dc8d-a7ab-4dde-a17b-878d6f9dd285.TABHJFFZBBCBT3YU.SEARCH&ppt=None&ppn=None&ssid=m0rnolbgy80000001779038334133&qH=e0fe01122194f342&ov_redirect=true,8 GB RAM | 256 GB ROM | 29.46 cm (11.6 inch) Display | 8 MP Primary Camera | 8 MP Front | Android 16 | Battery: 12200 mAh Li-Ion,flipkart
REDMI Pad 2 8 GB RAM 256 GB ROM 11.0 inch with Wi-Fi+4G Gaming MediaTek Helio G100-Ultra processor Tab...,tablets,20999.0,21999.0,4.0,4.4,4990,https://rukminim2.flixcart.com/image/400/400/xif0q/tablet/e/g/g/-original-imahd8chdcg7gf7j.jpeg?q=70,https://www.flipkart.com/redmi-pad-2-8-gb-ram-256-rom-11-0-inch-wi-fi-4g-gaming-mediatek-helio-g100-ultra-processor-tablet-sky-blue/p/itmaa56a6ab025f4?pid=TABHD5QUZYVGWQZW&lid=LSTTABHD5QUZYVGWQZWGX0WD4&marketplace=FLIPKART&q=android+tablet&store=tyy%2Fhry&srno=s_2_45&otracker=search&fm=organic&iid=7198dc8d-a7ab-4dde-a17b-878d6f9dd285.TABHD5QUZYVGWQZW.SEARCH&ppt=None&ppn=None&ssid=m0rnolbgy80000001779038334133&qH=e0fe01122194f342&ov_redirect=true,8.0 GB RAM | 256 GB ROM | Expandable Upto 2 TB | 27.94 cm (11.0 inch) WQXGA Display | 8 Megapixels MP Primary Camera | 5 MP Front | Android 15 | Battery: 9000 mAh Lithium ion,flipkart
OnePlus Pad 12 GB RAM 256 GB ROM 11.61 inch with Wi-Fi Only MediaTek Dimensity 9000 Tablet (Halo Green...,tablets,26790.0,39999.0,33.0,4.6,8164,https://rukminim2.flixcart.com/image/400/400/xif0q/tablet/c/s/v/opd2203-oneplus-original-imagzbd5h8ybgccv.jpeg?q=70,https://www.flipkart.com/oneplus-pad-12-gb-ram-256-rom-11-61-inch-wi-fi-only-mediatek-dimensity-9000-tablet-halo-green/p/itm40d8ea30b758d?pid=TABGZ5TFFXHNJX8E&lid=LSTTABGZ5TFFXHNJX8EPMB7WU&marketplace=FLIPKART&q=android+tablet&store=tyy%2Fhry&srno=s_2_46&otracker=search&fm=organic&iid=7198dc8d-a7ab-4dde-a17b-878d6f9dd285.TABGZ5TFFXHNJX8E.SEARCH&ppt=None&ppn=None&ssid=m0rnolbgy80000001779038334133&qH=e0fe01122194f342&ov_redirect=true,12 GB RAM | 256 GB ROM | 29.49 cm (11.61 inch) Display | 13.0 MP Primary Camera | 8 MP Front | Android 13.1 | Battery: 9510 mAh,flipkart
REDMI Pad SE 4G 4 GB RAM 64 GB ROM 8.7 Inch with 4G MediaTek Helio G85 Tablet (Urban Grey),tablets,9999.0,15999.0,37.0,4.3,1363,https://rukminim2.flixcart.com/image/400/400/xif0q/tablet/p/w/t/-original-imah4zj6wuwm3v7h.jpeg?q=70,https://www.flipkart.com/redmi-pad-se-4g-4-gb-ram-64-rom-8-7-inch-mediatek-helio-g85-tablet-urban-grey/p/itm41b3e3972390b?pid=TABH33EK6DHHFQWH&lid=LSTTABH33EK6DHHFQWHTATFMP&marketplace=FLIPKART&q=android+tablet&store=tyy%2Fhry&srno=s_2_47&otracker=search&fm=organic&iid=7198dc8d-a7ab-4dde-a17b-878d6f9dd285.TABH33EK6DHHFQWH.SEARCH&ppt=None&ppn=None&ssid=m0rnolbgy80000001779038334133&qH=e0fe01122194f342&ov_redirect=true,4.0 GB RAM | 64 GB ROM | Expandable Upto 2 TB | 22.1 cm (8.7 Inch) HD Display | 8.0 MP Primary Camera | 5 MP Front | Android 14 | Battery: 6650 mAh Lithium - Ion,flipkart
REDMI Pad 2 4 GB RAM 128 GB ROM 11.0 inch with Wi-Fi+4G Gaming Tablet (Graphite Grey),tablets,17999.0,22999.0,21.0,4.4,4990,https://rukminim2.flixcart.com/image/400/400/xif0q/tablet/m/y/3/-original-imahhfp5he9mzzwh.jpeg?q=70,https://www.flipkart.com/redmi-pad-2-4-gb-ram-128-rom-11-0-inch-wi-fi-4g-gaming-tablet-graphite-grey/p/itm1de7f1a645750?pid=TABHH8YR52NZVFMY&lid=LSTTABHH8YR52NZVFMYGMBTJK&marketplace=FLIPKART&q=android+tablet&store=tyy%2Fhry&srno=s_2_48&otracker=search&fm=organic&iid=7198dc8d-a7ab-4dde-a17b-878d6f9dd285.TABHH8YR52NZVFMY.SEARCH&ppt=None&ppn=None&ssid=m0rnolbgy80000001779038334133&qH=e0fe01122194f342&ov_redirect=true,4 GB RAM | 128 GB ROM | Expandable Upto 2 TB | 27.94 cm (11.0 inch) WQXGA Display | 8 MP Primary Camera | 5 MP Front | Android Android 15 | Battery: 9000 mAh Lithium-Ion,flipkart
POCO Pad 5G 8 GB RAM 256 GB ROM 12.1 inch with Wi-Fi+5G Qualcomm Snapdragon 7s Gen 2 Tablet (Pistachio...,tablets,25999.0,32999.0,21.0,4.4,11017,https://rukminim2.flixcart.com/image/400/400/xif0q/tablet/u/h/j/-original-imah3zwvybhh7wrr.jpeg?q=70,https://www.flipkart.com/poco-pad-5g-8-gb-ram-256-rom-12-1-inch-wi-fi-5g-qualcomm-snapdragon-7s-gen-2-tablet-pistachio-green/p/itm08b56574bfddc?pid=TABH3QBCGCZHZAZV&lid=LSTTABH3QBCGCZHZAZV18PT9N&marketplace=FLIPKART&q=android+tablet&store=tyy%2Fhry&srno=s_3_49&otracker=search&fm=organic&iid=afa3d322-2ea6-4012-8c49-b8e4a4a7db79.TABH3QBCGCZHZAZV.SEARCH&ppt=None&ppn=None&ssid=oyty24wpvk0000001779038337041&qH=e0fe01122194f342&ov_redirect=true,8.0 GB RAM | 256 GB ROM | Expandable Upto 1.5 TB | 30.73 cm (12.1 inch) Quad HD Display | 8 MP Primary Camera | 8 MP Front | Android Android 14 | Battery: 10000 mAh Lithium Ion,flipkart
REDMI Pad 2 Pro 5G 8 GB RAM 256 GB ROM 12.1 inch with Wi-Fi+5G Gaming Qualcomm Snapdragon 7s Gen 4 Tab...,tablets,30999.0,39999.0,22.0,4.5,1347,https://rukminim2.flixcart.com/image/400/400/xif0q/tablet/x/8/h/-original-imahjgsunbus84my.jpeg?q=70,https://www.flipkart.com/redmi-pad-2-pro-5g-8-gb-ram-256-rom-12-1-inch-wi-fi-5g-gaming-qualcomm-snapdragon-7s-gen-4-tablet-quick-silver/p/itm420d5d1297f9a?pid=TABHJFBZH5HAMGQF&lid=LSTTABHJFBZH5HAMGQFSXRWIC&marketplace=FLIPKART&q=android+tablet&store=tyy%2Fhry&srno=s_3_50&otracker=search&fm=organic&iid=afa3d322-2ea6-4012-8c49-b8e4a4a7db79.TABHJFBZH5HAMGQF.SEARCH&ppt=None&ppn=None&ssid=oyty24wpvk0000001779038337041&qH=e0fe01122194f342&ov_redirect=true,8 GB RAM | 256 GB ROM | 30.73 cm (12.1 inch) Quad HD Display | 13.0 MP Primary Camera | 8 MP Front | Android 15 | Battery: 12000 mAh Lithium - Ion,flipkart
REDMI Pad 2 6 GB RAM 128 GB ROM 11.0 inch with Wi-Fi+4G Gaming MediaTek Helio G100-Ultra processor Tab...,tablets,18999.0,19999.0,5.0,4.4,4990,https://rukminim2.flixcart.com/image/400/400/xif0q/tablet/e/g/g/-original-imahd8chdcg7gf7j.jpeg?q=70,https://www.flipkart.com/redmi-pad-2-6-gb-ram-128-rom-11-0-inch-wi-fi-4g-gaming-mediatek-helio-g100-ultra-processor-tablet-sky-blue/p/itm9067c117f6ffb?pid=TABHD5QU92SRFZRY&lid=LSTTABHD5QU92SRFZRYB5BQTN&marketplace=FLIPKART&q=android+tablet&store=tyy%2Fhry&srno=s_3_51&otracker=search&fm=organic&iid=afa3d322-2ea6-4012-8c49-b8e4a4a7db79.TABHD5QU92SRFZRY.SEARCH&ppt=None&ppn=None&ssid=oyty24wpvk0000001779038337041&qH=e0fe01122194f342&ov_redirect=true,6.0 GB RAM | 128 GB ROM | Expandable Upto 2 TB | 27.94 cm (11.0 inch) WQXGA Display | 8 Megapixels MP Primary Camera | 5 MP Front | Android 15 | Battery: 9000 mAh Lithium ion,flipkart
REDMI Pad SE 4G 4 GB RAM 128 GB ROM 8.7 Inch with 4G MediaTek Helio G85 Tablet (Urban Grey),tablets,10999.0,16999.0,35.0,4.3,1363,https://rukminim2.flixcart.com/image/400/400/xif0q/tablet/p/w/t/-original-imah4zj6wuwm3v7h.jpeg?q=70,https://www.flipkart.com/redmi-pad-se-4g-4-gb-ram-128-rom-8-7-inch-mediatek-helio-g85-tablet-urban-grey/p/itm41b3e3972390b?pid=TABH33EKYNNPKGGY&lid=LSTTABH33EKYNNPKGGYUQNZDW&marketplace=FLIPKART&q=android+tablet&store=tyy%2Fhry&srno=s_3_52&otracker=search&fm=organic&iid=afa3d322-2ea6-4012-8c49-b8e4a4a7db79.TABH33EKYNNPKGGY.SEARCH&ppt=None&ppn=None&ssid=oyty24wpvk0000001779038337041&qH=e0fe01122194f342&ov_redirect=true,4.0 GB RAM | 128 GB ROM | Expandable Upto 2 TB | 22.1 cm (8.7 Inch) HD Display | 8.0 MP Primary Camera | 5 MP Front | Android 14 | Battery: 6650 mAh Lithium - Ion,flipkart
Samsung Galaxy Tab A9+ 4 GB RAM 64 GB ROM 11.0 inch with Wi-Fi+5G Qualcomm Snapdragon 695 Tablet (Grap...,tablets,22999.0,27999.0,17.0,4.5,42558,https://rukminim2.flixcart.com/image/400/400/xif0q/tablet/n/u/c/-original-imahjsydevasjnpj.jpeg?q=70,https://www.flipkart.com/samsung-galaxy-tab-a9-4-gb-ram-64-rom-11-0-inch-wi-fi-5g-qualcomm-snapdragon-695-tablet-graphite/p/itm29a61f8cbaa86?pid=TABGTF4GQZ8X9MMY&lid=LSTTABGTF4GQZ8X9MMYQW7SD9&marketplace=FLIPKART&q=android+tablet&store=tyy%2Fhry&srno=s_3_53&otracker=search&fm=organic&iid=afa3d322-2ea6-4012-8c49-b8e4a4a7db79.TABGTF4GQZ8X9MMY.SEARCH&ppt=None&ppn=None&ssid=oyty24wpvk0000001779038337041&qH=e0fe01122194f342&ov_redirect=true,4 GB RAM | 64 GB ROM | 27.94 cm (11.0 inch) WQXGA Display | 8 MP Primary Camera | 5 MP Front | Android 12 | Battery: 7040 mAH Lithium Ion,flipkart
OPPO Pad Air 4 GB RAM 128 GB ROM 10.36 inch with Wi-Fi Only Qualcomm Snapdragon 680 Tablet (Grey),tablets,12899.0,34999.0,63.0,4.4,10809,https://rukminim2.flixcart.com/image/400/400/l5h2xe80/tablet/f/l/g/6650287-oppo-original-imagg55sjgrashbc.jpeg?q=70,https://www.flipkart.com/oppo-pad-air-4-gb-ram-128-rom-10-36-inch-wi-fi-only-qualcomm-snapdragon-680-tablet-grey/p/itm04f80d975342a?pid=TABGFHSKF8CEQPEY&lid=LSTTABGFHSKF8CEQPEYMWD29A&marketplace=FLIPKART&q=android+tablet&store=tyy%2Fhry&srno=s_3_54&otracker=search&fm=organic&iid=afa3d322-2ea6-4012-8c49-b8e4a4a7db79.TABGFHSKF8CEQPEY.SEARCH&ppt=None&ppn=None&ssid=oyty24wpvk0000001779038337041&qH=e0fe01122194f342&ov_redirect=true,4 GB RAM | 128 GB ROM | 26.31 cm (10.36 inch) 2K Display | 8.0 MP Primary Camera | 5 MP Front | Android ColorOS 12.1 | Battery: 7100 mAh,flipkart
REDMI  Pad SE 4 GB RAM 128 GB ROM 11.0 inch with Wi-Fi Only Qualcomm Snapdragon 680 Tablet (Graphite G...,tablets,11999.0,14999.0,20.0,4.4,19420,https://rukminim2.flixcart.com/image/400/400/xif0q/tablet/c/h/w/-original-imahfdyfjzk2zwf9.jpeg?q=70,https://www.flipkart.com/redmi-pad-se-4-gb-ram-128-rom-11-0-inch-wi-fi-only-qualcomm-snapdragon-680-tablet-graphite-gray/p/itma5509f73ddb92?pid=TABHYYS9TEHHFBZD&lid=LSTTABHYYS9TEHHFBZDICEXQL&marketplace=FLIPKART&q=android+tablet&store=tyy%2Fhry&srno=s_3_55&otracker=search&fm=organic&iid=afa3d322-2ea6-4012-8c49-b8e4a4a7db79.TABHYYS9TEHHFBZD.SEARCH&ppt=None&ppn=None&ssid=oyty24wpvk0000001779038337041&qH=e0fe01122194f342&ov_redirect=true,4 GB RAM | 128 GB ROM | Expandable Upto 1 TB | 27.94 cm (11.0 inch) Full HD Display | 8.0 MP Primary Camera | 5 MP Front | Android 13 | Battery: 8000 mAh Lithium Ion,flipkart
REDMI Pad 2 Pro 5G 8 GB RAM 128 GB ROM 12.1 inch with Wi-Fi+5G Gaming Qualcomm Snapdragon 7s Gen 4 Tab...,tablets,28999.0,32999.0,12.0,4.5,1347,https://rukminim2.flixcart.com/image/400/400/xif0q/tablet/x/8/h/-original-imahjgsunbus84my.jpeg?q=70,https://www.flipkart.com/redmi-pad-2-pro-5g-8-gb-ram-128-rom-12-1-inch-wi-fi-5g-gaming-qualcomm-snapdragon-7s-gen-4-tablet-quick-silver/p/itm44b6d46e07ba2?pid=TABHJFBZ493S8QZK&lid=LSTTABHJFBZ493S8QZKLLTUNH&marketplace=FLIPKART&q=android+tablet&store=tyy%2Fhry&srno=s_3_56&otracker=search&fm=organic&iid=afa3d322-2ea6-4012-8c49-b8e4a4a7db79.TABHJFBZ493S8QZK.SEARCH&ppt=None&ppn=None&ssid=oyty24wpvk0000001779038337041&qH=e0fe01122194f342&ov_redirect=true,8 GB RAM | 128 GB ROM | 30.73 cm (12.1 inch) Quad HD Display | 13.0 MP Primary Camera | 8 MP Front | Android 15 | Battery: 12000 mAh Lithium - Ion,flipkart
POCO Pad 5G 8 GB RAM 256 GB ROM 12.1 inch with Wi-Fi+5G Qualcomm Snapdragon 7s Gen 2 Tablet (Cobalt Bl...,tablets,25999.0,32999.0,21.0,4.4,11017,https://rukminim2.flixcart.com/image/400/400/xif0q/tablet/u/h/j/-original-imah3zwvybhh7wrr.jpeg?q=70,https://www.flipkart.com/poco-pad-5g-8-gb-ram-256-rom-12-1-inch-wi-fi-5g-qualcomm-snapdragon-7s-gen-2-tablet-cobalt-blue/p/itm08b56574bfddc?pid=TABH3QBCKDGREXER&lid=LSTTABH3QBCKDGREXERMV3OKP&marketplace=FLIPKART&q=android+tablet&store=tyy%2Fhry&srno=s_3_57&otracker=search&fm=organic&iid=afa3d322-2ea6-4012-8c49-b8e4a4a7db79.TABH3QBCKDGREXER.SEARCH&ppt=None&ppn=None&ssid=oyty24wpvk0000001779038337041&qH=e0fe01122194f342&ov_redirect=true,8.0 GB RAM | 256 GB ROM | Expandable Upto 1.5 TB | 30.73 cm (12.1 inch) Quad HD Display | 8 MP Primary Camera | 8 MP Front | Android 14 | Battery: 10000 mAh Lithium Ion,flipkart
Xiaomi Pad 7 12 GB RAM 256 GB ROM 11.17 inch with Wi-Fi Only Gaming Qualcomm Snapdragon 7+ Gen 3 Table...,tablets,30999.0,37999.0,18.0,4.5,4283,https://rukminim2.flixcart.com/image/400/400/xif0q/tablet/w/1/o/-original-imahbrmeggtsryqh.jpeg?q=70,https://www.flipkart.com/xiaomi-pad-7-12-gb-ram-256-rom-11-17-inch-wi-fi-only-gaming-qualcomm-snapdragon-7-gen-3-tablet-sage-green/p/itm319ef03f07c7d?pid=TABHBA3TTGZQ3GAY&lid=LSTTABHBA3TTGZQ3GAYAGVPRM&marketplace=FLIPKART&q=android+tablet&store=tyy%2Fhry&srno=s_3_58&otracker=search&fm=organic&iid=afa3d322-2ea6-4012-8c49-b8e4a4a7db79.TABHBA3TTGZQ3GAY.SEARCH&ppt=None&ppn=None&ssid=oyty24wpvk0000001779038337041&qH=e0fe01122194f342&ov_redirect=true,12 GB RAM | 256 GB ROM | 28.37 cm (11.17 inch) WQXGA+ Display | 13.0 MP Primary Camera | 8 MP Front | Android 15 | Battery: 8850 mAh Lithium ion,flipkart
Acer Iconia Tab 8 GB RAM 128 GB ROM 11.45 inch with Wi-Fi+5G MediaTek 8791 CPU – Octa core Up to 2.4 G...,tablets,23499.0,44999.0,47.0,3.8,75,https://rukminim2.flixcart.com/image/400/400/xif0q/tablet/a/p/w/-original-imahmbrqdfybvkhr.jpeg?q=70,https://www.flipkart.com/acer-iconia-tab-8-gb-ram-128-rom-11-45-inch-wi-fi-5g-mediatek-8791-cpu-octa-core-up-2-4-ghz-tablet-silver/p/itmd950f02a7e871?pid=TABHMARQPYHVEUCU&lid=LSTTABHMARQPYHVEUCUNGOL7G&marketplace=FLIPKART&q=android+tablet&store=tyy%2Fhry&srno=s_3_59&otracker=search&fm=organic&iid=afa3d322-2ea6-4012-8c49-b8e4a4a7db79.TABHMARQPYHVEUCU.SEARCH&ppt=None&ppn=None&ssid=oyty24wpvk0000001779038337041&qH=e0fe01122194f342&ov_redirect=true,8 GB RAM | 128 GB ROM | Expandable Upto 1 TB | 29.08 cm (11.45 inch) 2K Display | 16 MP Primary Camera | 8 MP Front | Android 15 | Battery: 7400 mAh Lithium - Ion,flipkart
Samsung Galaxy Tab A11 8 GB RAM 128 GB ROM 8.7 inch with Wi-Fi+4G Gaming MediaTek Helio G99 Tablet (Gr...,tablets,23499.0,24999.0,6.0,4.3,306,https://rukminim2.flixcart.com/image/400/400/xif0q/tablet/6/n/l/-original-imahjsydgkh2dnzv.jpeg?q=70,https://www.flipkart.com/samsung-galaxy-tab-a11-8-gb-ram-128-rom-8-7-inch-wi-fi-4g-gaming-mediatek-helio-g99-tablet-gray/p/itmc8bc6ad0899b7?pid=TABHFTNZAKTJVNYG&lid=LSTTABHFTNZAKTJVNYGTNWX8K&marketplace=FLIPKART&q=android+tablet&store=tyy%2Fhry&srno=s_3_60&otracker=search&fm=organic&iid=afa3d322-2ea6-4012-8c49-b8e4a4a7db79.TABHFTNZAKTJVNYG.SEARCH&ppt=None&ppn=None&ssid=oyty24wpvk0000001779038337041&qH=e0fe01122194f342&ov_redirect=true,8 GB RAM | 128 GB ROM | Expandable Upto 2 TB | 22.1 cm (8.7 inch) Display | 8 MP Primary Camera | 5 MP Front | Android 15 | Battery: 5100 mAh Lithium Ion,flipkart
Samsung Galaxy Tab A9+ 8 GB RAM 128 GB ROM 11.0 inch with Wi-Fi+5G Qualcomm Snapdragon Tablet (Graphit...,tablets,24099.0,32999.0,26.0,4.5,42558,https://rukminim2.flixcart.com/image/400/400/xif0q/tablet/n/u/c/-original-imahjsydevasjnpj.jpeg?q=70,https://www.flipkart.com/samsung-galaxy-tab-a9-8-gb-ram-128-rom-11-0-inch-wi-fi-5g-qualcomm-snapdragon-tablet-graphite/p/itm29a61f8cbaa86?pid=TABGTF4G3RPUDTVQ&lid=LSTTABGTF4G3RPUDTVQLWSBOL&marketplace=FLIPKART&q=android+tablet&store=tyy%2Fhry&srno=s_3_61&otracker=search&fm=organic&iid=afa3d322-2ea6-4012-8c49-b8e4a4a7db79.TABGTF4G3RPUDTVQ.SEARCH&ppt=None&ppn=None&ssid=oyty24wpvk0000001779038337041&qH=e0fe01122194f342&ov_redirect=true,8 GB RAM | 128 GB ROM | 27.94 cm (11.0 inch) WQXGA Display | 8.0 MP Primary Camera | 5 MP Front | Android 12 | Battery: 7040 mAH Lithium Ion,flipkart
realme Pad 3 with biggest battery in segment 8 GB RAM 128 GB ROM 11.6 inch with Wi-Fi+5G MediaTek Dime...,tablets,27999.0,37999.0,26.0,4.6,999,https://rukminim2.flixcart.com/image/400/400/xif0q/tablet/e/1/z/-original-imahjpp3jfgmqhsm.jpeg?q=70,https://www.flipkart.com/realme-pad-3-biggest-battery-segment-8-gb-ram-128-rom-11-6-inch-wi-fi-5g-mediatek-dimensity-7300-max-tablet-champagne-gold/p/itm35a1de72de98b?pid=TABHJFFZYZQXXHBN&lid=LSTTABHJFFZYZQXXHBNUKSADX&marketplace=FLIPKART&q=android+tablet&store=tyy%2Fhry&srno=s_3_62&otracker=search&fm=organic&iid=afa3d322-2ea6-4012-8c49-b8e4a4a7db79.TABHJFFZYZQXXHBN.SEARCH&ppt=None&ppn=None&ssid=oyty24wpvk0000001779038337041&qH=e0fe01122194f342&ov_redirect=true,8 GB RAM | 128 GB ROM | 29.46 cm (11.6 inch) Display | 8 MP Primary Camera | 8 MP Front | Android 16 | Battery: 12200 mAh Li-Ion,flipkart
POCO Pad 5G 8 GB RAM 128 GB ROM 12.1 inch with Wi-Fi+5G Qualcomm Snapdragon 7s Gen 2 Tablet (Cobalt Bl...,tablets,23999.0,30999.0,22.0,4.4,11017,https://rukminim2.flixcart.com/image/400/400/xif0q/tablet/u/h/j/-original-imah3zwvybhh7wrr.jpeg?q=70,https://www.flipkart.com/poco-pad-5g-8-gb-ram-128-rom-12-1-inch-wi-fi-5g-qualcomm-snapdragon-7s-gen-2-tablet-cobalt-blue/p/itm08b56574bfddc?pid=TABH3QBC2AGQXZ2G&lid=LSTTABH3QBC2AGQXZ2GYJ40AJ&marketplace=FLIPKART&q=android+tablet&store=tyy%2Fhry&srno=s_3_63&otracker=search&fm=organic&iid=afa3d322-2ea6-4012-8c49-b8e4a4a7db79.TABH3QBC2AGQXZ2G.SEARCH&ppt=None&ppn=None&ssid=oyty24wpvk0000001779038337041&qH=e0fe01122194f342&ov_redirect=true,8.0 GB RAM | 128 GB ROM | Expandable Upto 1.5 TB | 30.73 cm (12.1 inch) Quad HD Display | 8 MP Primary Camera | 8 MP Front | Android 14 | Battery: 10000 mAh Lithium Ion,flipkart
Huawei MatePad T8 (WiFi Edition) 2 GB RAM 32 GB ROM 8 inch with Wi-Fi Only MediaTek MT8768 Octa Core T...,tablets,9699.0,15990.0,39.0,3.5,57,https://rukminim2.flixcart.com/image/400/400/kd7pevk0/tablet/k/c/f/huawei-kobe2-w09b-original-imafu5s8tvp3zwqj.jpeg?q=70,https://www.flipkart.com/huawei-matepad-t8-wifi-edition-2-gb-ram-32-rom-8-inch-wi-fi-only-mediatek-mt8768-octa-core-tablet-deepsea-blue/p/itm53b8b68284d9e?pid=TABFU3TKNSZBTKCF&lid=LSTTABFU3TKNSZBTKCFK8S8MS&marketplace=FLIPKART&q=android+tablet&store=tyy%2Fhry&srno=s_3_64&otracker=search&fm=organic&iid=afa3d322-2ea6-4012-8c49-b8e4a4a7db79.TABFU3TKNSZBTKCF.SEARCH&ppt=None&ppn=None&ssid=oyty24wpvk0000001779038337041&qH=e0fe01122194f342&ov_redirect=true,2 GB RAM | 32 GB ROM | Expandable Upto 512 GB | 20.32 cm (8 inch) HD Display | 5 MP Primary Camera | 2 MP Front | Android 10 | Battery: 5100 mAh Lithium Polymer,flipkart
OnePlus Pad Go 2 8 GB RAM 256 GB ROM 12.1 inch with Wi-Fi Only MediaTek Dimensity 7300 Tablet (Lavende...,tablets,29999.0,32999.0,9.0,4.5,1392,https://rukminim2.flixcart.com/image/400/400/xif0q/tablet/q/a/m/-original-imahgsbmhhbhufhg.jpeg?q=70,https://www.flipkart.com/oneplus-pad-go-2-8-gb-ram-256-rom-12-1-inch-wi-fi-only-mediatek-dimensity-7300-tablet-lavender-drift/p/itmd473dbede5db2?pid=TABHGF4ZEWF5GVWH&lid=LSTTABHGF4ZEWF5GVWHD8FUTE&marketplace=FLIPKART&q=android+tablet&store=tyy%2Fhry&srno=s_3_65&otracker=search&fm=organic&iid=afa3d322-2ea6-4012-8c49-b8e4a4a7db79.TABHGF4ZEWF5GVWH.SEARCH&ppt=None&ppn=None&ssid=oyty24wpvk0000001779038337041&qH=e0fe01122194f342&ov_redirect=true,8 GB RAM | 256 GB ROM | 30.73 cm (12.1 inch) Display | 8 MP Primary Camera | 8 MP Front | Android 16 | Battery: 10050 mAh,flipkart
OnePlus Pad 2 12 GB RAM 256 GB ROM 12.1 inch with Wi-Fi Only Qualcomm Snapdragon 8 Gen 3 Tablet (Nimbu...,tablets,39999.0,47999.0,16.0,4.6,1936,https://rukminim2.flixcart.com/image/400/400/xif0q/tablet/d/h/h/-original-imah353wzp3mhwzc.jpeg?q=70,https://www.flipkart.com/oneplus-pad-2-12-gb-ram-256-rom-12-1-inch-wi-fi-only-qualcomm-snapdragon-8-gen-3-tablet-nimbus-gray/p/itm322067307570d?pid=TABH2HGNKD3WTBXJ&lid=LSTTABH2HGNKD3WTBXJYEC3D9&marketplace=FLIPKART&q=android+tablet&store=tyy%2Fhry&srno=s_3_66&otracker=search&fm=organic&iid=afa3d322-2ea6-4012-8c49-b8e4a4a7db79.TABH2HGNKD3WTBXJ.SEARCH&ppt=None&ppn=None&ssid=oyty24wpvk0000001779038337041&qH=e0fe01122194f342&ov_redirect=true,12.0 GB RAM | 256 GB ROM | 30.73 cm (12.1 inch) Display | 13.0 MP Primary Camera | 8 MP Front | Android 13 | Battery: 9510 mAh,flipkart
OnePlus Pad Go 2 8 GB RAM 128 GB ROM 12.1 inch with Wi-Fi Only MediaTek Dimensity 7300 Tablet (Shadow ...,tablets,28999.0,29999.0,3.0,4.5,1392,https://rukminim2.flixcart.com/image/400/400/xif0q/tablet/t/4/a/-original-imahgsbmjmpgzjhs.jpeg?q=70,https://www.flipkart.com/oneplus-pad-go-2-8-gb-ram-128-rom-12-1-inch-wi-fi-only-mediatek-dimensity-7300-tablet-shadow-black/p/itmbf04006e3d8e7?pid=TABHGF4ZNZYYTQEJ&lid=LSTTABHGF4ZNZYYTQEJZ38SYG&marketplace=FLIPKART&q=android+tablet&store=tyy%2Fhry&srno=s_3_67&otracker=search&fm=organic&iid=afa3d322-2ea6-4012-8c49-b8e4a4a7db79.TABHGF4ZNZYYTQEJ.SEARCH&ppt=None&ppn=None&ssid=oyty24wpvk0000001779038337041&qH=e0fe01122194f342&ov_redirect=true,8 GB RAM | 128 GB ROM | 30.73 cm (12.1 inch) Display | 8 MP Primary Camera | 8 MP Front | Android 16 | Battery: 10050 mAh,flipkart
REDMI  Pad SE 6 GB RAM 128 GB ROM 11.0 inch with Wi-Fi Only Qualcomm Snapdragon 680 Tablet (Graphite G...,tablets,12999.0,16999.0,23.0,4.4,19420,https://rukminim2.flixcart.com/image/400/400/xif0q/tablet/c/h/w/-original-imahfdyfjzk2zwf9.jpeg?q=70,https://www.flipkart.com/redmi-pad-se-6-gb-ram-128-rom-11-0-inch-wi-fi-only-qualcomm-snapdragon-680-tablet-graphite-gray/p/itma5509f73ddb92?pid=TABHYYS9REEG55V6&lid=LSTTABHYYS9REEG55V6EQ7KW2&marketplace=FLIPKART&q=android+tablet&store=tyy%2Fhry&srno=s_3_68&otracker=search&fm=organic&iid=afa3d322-2ea6-4012-8c49-b8e4a4a7db79.TABHYYS9REEG55V6.SEARCH&ppt=None&ppn=None&ssid=oyty24wpvk0000001779038337041&qH=e0fe01122194f342&ov_redirect=true,6 GB RAM | 128 GB ROM | Expandable Upto 1 TB | 27.94 cm (11.0 inch) Full HD Display | 8.0 MP Primary Camera | 5 MP Front | Android 13 | Battery: 8000 mAh Lithium Ion,flipkart
OnePlus Pad Go 2 8 GB RAM 256 GB ROM 12.1 inch with Wi-Fi Only MediaTek Dimensity 7300 Tablet (Shadow ...,tablets,31999.0,32999.0,3.0,4.5,1392,https://rukminim2.flixcart.com/image/400/400/xif0q/tablet/t/4/a/-original-imahgsbmjmpgzjhs.jpeg?q=70,https://www.flipkart.com/oneplus-pad-go-2-8-gb-ram-256-rom-12-1-inch-wi-fi-only-mediatek-dimensity-7300-tablet-shadow-black/p/itmd473dbede5db2?pid=TABHGF4Z6C7PC7Z8&lid=LSTTABHGF4Z6C7PC7Z88SHCKN&marketplace=FLIPKART&q=android+tablet&store=tyy%2Fhry&srno=s_3_69&otracker=search&fm=organic&iid=afa3d322-2ea6-4012-8c49-b8e4a4a7db79.TABHGF4Z6C7PC7Z8.SEARCH&ppt=None&ppn=None&ssid=oyty24wpvk0000001779038337041&qH=e0fe01122194f342&ov_redirect=true,8 GB RAM | 256 GB ROM | 30.73 cm (12.1 inch) Display | 8 MP Primary Camera | 8 MP Front | Android 16 | Battery: 10050 mAh,flipkart
realme Pad 2 8 GB RAM 256 GB ROM 11.5 inch with 4G MediaTek G99 Tablet (Inspiration Green),tablets,20999.0,32999.0,36.0,4.4,38248,https://rukminim2.flixcart.com/image/400/400/xif0q/tablet/5/3/l/rmp2204-realme-original-imagrhcqvxhqqcwf.jpeg?q=70,https://www.flipkart.com/realme-pad-2-8-gb-ram-256-rom-11-5-inch-4g-mediatek-g99-tablet-inspiration-green/p/itmcf4c6380eafa4?pid=TABGRGWKPGVZZFSA&lid=LSTTABGRGWKPGVZZFSA78G8NO&marketplace=FLIPKART&q=android+tablet&store=tyy%2Fhry&srno=s_3_70&otracker=search&fm=organic&iid=afa3d322-2ea6-4012-8c49-b8e4a4a7db79.TABGRGWKPGVZZFSA.SEARCH&ppt=None&ppn=None&ssid=oyty24wpvk0000001779038337041&qH=e0fe01122194f342&ov_redirect=true,"2K Display with up to 120Hz screen refresh rate | 33W SUPERVOOC Charger in-the-box
 MediaTek Helio G99 Chipset | realme UI 4.0 for Pad
Dolby Atmos Quad Speaker with Hi-Res Certification | 8MP HD Camera",flipkart
OPPO Pad 5 8 GB RAM 256 GB ROM 12.0 inch with Wi-Fi+5G Gaming MediaTek Dimensity 7300 Tablet (Starligh...,tablets,33999.0,34999.0,2.0,4.5,84,https://rukminim2.flixcart.com/image/400/400/xif0q/tablet/d/q/u/-original-imahjg35wtu7q4ej.jpeg?q=70,https://www.flipkart.com/oppo-pad-5-8-gb-ram-256-rom-12-0-inch-wi-fi-5g-gaming-mediatek-dimensity-7300-tablet-starlight-black/p/itm7f5d35e3d7f46?pid=TABHJF4QCYJTQJDG&lid=LSTTABHJF4QCYJTQJDG2IW8LR&marketplace=FLIPKART&q=android+tablet&store=tyy%2Fhry&srno=s_3_71&otracker=search&fm=organic&iid=afa3d322-2ea6-4012-8c49-b8e4a4a7db79.TABHJF4QCYJTQJDG.SEARCH&ppt=None&ppn=None&ssid=oyty24wpvk0000001779038337041&qH=e0fe01122194f342&ov_redirect=true,8 GB RAM | 256 GB ROM | 30.48 cm (12.0 inch) HD Display | 8 MP Primary Camera | 8 MP Front | Android 16 | Battery: 10050 mAh Li-Ion,flipkart
realme Pad 2 6 GB RAM 128 GB ROM 11.5 inch with Wi-Fi Only MediaTek G99 Tablet (Imagination Grey),tablets,13999.0,24999.0,44.0,4.4,38248,https://rukminim2.flixcart.com/image/400/400/xif0q/tablet/o/y/8/rmp2204-realme-original-imagrhcqdhdyc9tg.jpeg?q=70,https://www.flipkart.com/realme-pad-2-6-gb-ram-128-rom-11-5-inch-wi-fi-only-mediatek-g99-tablet-imagination-grey/p/itmd0b2f34105355?pid=TABGZVB2ZUBXXYGM&lid=LSTTABGZVB2ZUBXXYGMUPVWNN&marketplace=FLIPKART&q=android+tablet&store=tyy%2Fhry&srno=s_3_72&otracker=search&fm=organic&iid=afa3d322-2ea6-4012-8c49-b8e4a4a7db79.TABGZVB2ZUBXXYGM.SEARCH&ppt=None&ppn=None&ssid=oyty24wpvk0000001779038337041&qH=e0fe01122194f342&ov_redirect=true,"2K Display with up to 120Hz screen refresh rate | 33W SUPERVOOC Charger in-the-box
 MediaTek Helio G99 Chipset | realme UI 4.0 for Pad
Dolby Atmos Quad Speaker with Hi-Res Certification | 8MP HD Camera",flipkart
Canon EOS R50 V Mirrorless Camera Body withRF-S14-30mm F4-6.3IS STMPZ Lens,cameras,72990.0,79995.0,8.0,4.7,54,https://rukminim2.flixcart.com/image/400/400/xif0q/dslr-camera/j/u/p/-original-imahbymfhgutf4dn.jpeg?q=70,https://www.flipkart.com/canon-eos-r50-v-mirrorless-camera-body-withrf-s14-30mm-f4-6-3is-stmpz-lens/p/itmcf209cfd1dab3?pid=DLLHBG2MC6C4GSZS&lid=LSTDLLHBG2MC6C4GSZSGV8HKG&marketplace=FLIPKART&q=dslr+camera&store=jek%2Fp31%2Ftrv&srno=s_1_1&otracker=search&fm=organic&iid=002acd4d-c44e-46a1-8d66-6974a77f2e70.DLLHBG2MC6C4GSZS.SEARCH&ppt=None&ppn=None&ssid=c9ofbwuajk0000001779038339634&qH=d1ab000bc70cbc9a&ov_redirect=true,"Internal 10-bit 4K 60p recording & Canon Log 3. Dual Pixel CMOS AF II & 24.2MP APS-C CMOS Sensor with up to 15FPS. False Colour, Zebra Display & Real-time Customisable LUT Preview | Effective Pixels: 24.2 MP | Sensor Type: CMOS | WiFi Available",flipkart
OLYMPUS EM1XINBLK DSLR Camera Camera,cameras,259990.0,259990.0,0,0.0,0,https://rukminim2.flixcart.com/image/400/400/l3hmwsw0/dslr-camera/y/z/6/e-m1x-black-body-20-4-em1xinblk-olympus-original-imagehphhnnmqfrg.jpeg?q=70,https://www.flipkart.com/olympus-em1xinblk-dslr-camera/p/itm990ac7c9db070?pid=DLLGEFRNTPUYERXU&lid=LSTDLLGEFRNTPUYERXULITWFM&marketplace=FLIPKART&q=dslr+camera&store=jek%2Fp31%2Ftrv&srno=s_1_2&otracker=search&fm=organic&iid=002acd4d-c44e-46a1-8d66-6974a77f2e70.DLLGEFRNTPUYERXU.SEARCH&ppt=None&ppn=None&ssid=c9ofbwuajk0000001779038339634&qH=d1ab000bc70cbc9a&ov_redirect=true,"Effective Pixels: 20.4 MP | Sensor Type: MOS | WiFi Available | 4K, FULL HD",flipkart
NIKON D7500 DSLR Camera Body with 18-140 mm Lens,cameras,80399.0,94950.0,15.0,4.5,1255,https://rukminim2.flixcart.com/image/400/400/xif0q/dslr-camera/1/9/j/d7500-20-9-d7500-nikon-original-imah3ubrv5y2vynk.jpeg?q=70,https://www.flipkart.com/nikon-d7500-dslr-camera-body-18-140-mm-lens/p/itme57c2bb8a03cd?pid=DLLFCKK6GET9EEDC&lid=LSTDLLFCKK6GET9EEDCJAOQAJ&marketplace=FLIPKART&q=dslr+camera&store=jek%2Fp31%2Ftrv&srno=s_1_3&otracker=search&fm=organic&iid=002acd4d-c44e-46a1-8d66-6974a77f2e70.DLLFCKK6GET9EEDC.SEARCH&ppt=None&ppn=None&ssid=c9ofbwuajk0000001779038339634&qH=d1ab000bc70cbc9a&ov_redirect=true,"4K UHD, Follow your passion wherever it leads, Flagship Image Quality., AF and Capturing Ability (Superb shooting performance for moving subjects), Cinematic Versatility (Get your creative world in motion with stunning 4K UHD video and advanced filmmaking features), In-camera Time-lapse Movies, Power Aperture Control, Active D-Lighting, Electronic VR, Versatile Sound Controls, Designed for Performance., Touch-operation, Tilting 3.2-in. LCD Monitor, Precision Optical Viewfinder, Comfortable Grip Design, Built-in Bluetooth and Wi-Fi Connectivity | Effective Pixels: 20.9 MP | Sensor Type: CMOS | WiFi Available",flipkart
NIKON D780 DSLR Camera Body with 24-120 mm,cameras,147499.0,235995.0,37.0,4.0,8,https://rukminim2.flixcart.com/image/400/400/k9oj8280/dslr-camera/p/c/e/d780-d780-nikon-original-imafrexfxntwzhnz.jpeg?q=70,https://www.flipkart.com/nikon-d780-dslr-camera-body-24-120-mm/p/itm5d7abc336a7ec?pid=DLLFPYHHSKNEFPCE&lid=LSTDLLFPYHHSKNEFPCEZHB13E&marketplace=FLIPKART&q=dslr+camera&store=jek%2Fp31%2Ftrv&srno=s_1_4&otracker=search&fm=organic&iid=002acd4d-c44e-46a1-8d66-6974a77f2e70.DLLFPYHHSKNEFPCE.SEARCH&ppt=None&ppn=None&ssid=c9ofbwuajk0000001779038339634&qH=d1ab000bc70cbc9a&ov_redirect=true,"4K UHD, Versatility meets agility., Impeccable image quality with dazzling detail., AF breakthroughs for stills and video., A huge leap in cinematic technology for DSLR lovers., Source detail retention with 10-Bit N-Log or new HDR (HLG)., Built-in timecode., Eye-catching AF., Disruption-free silent shooting at 12 FPS., Tilt, touch, swipe, pinch., Time-bending long exposures. No Remote Necessary., A Breakthrough in low light., Highly-refined scene recognition., Style-defining creative filters., Special effects with a safety net., Flexible time-lapse options., Multiple ways to create multiple exposures., Focus stacking made easy. | Effective Pixels: 18 MP | Sensor Type: CMOS | WiFi Available",flipkart
NIKON D850 DSLR Camera Body Only,cameras,234950.0,234950.0,0,4.7,18,https://rukminim2.flixcart.com/image/400/400/jj8vyq80/dslr-camera/p/x/d/na-d850-nikon-original-imaf6v3yzutfgxcj.jpeg?q=70,https://www.flipkart.com/nikon-d850-dslr-camera-body-only/p/itm67ace0c4a825f?pid=DLLF65NSFMNPVPXD&lid=LSTDLLF65NSFMNPVPXDPQPSMO&marketplace=FLIPKART&q=dslr+camera&store=jek%2Fp31%2Ftrv&srno=s_1_5&otracker=search&fm=organic&iid=002acd4d-c44e-46a1-8d66-6974a77f2e70.DLLF65NSFMNPVPXD.SEARCH&ppt=None&ppn=None&ssid=c9ofbwuajk0000001779038339634&qH=d1ab000bc70cbc9a&ov_redirect=true,"4K UHD Full Frame, Higher Resolution. Faster Speed. Greater Versatility., Fast continuous shooting, flagship autofocus and precise metering., 153 Point AF System, Autofocus Down to -4 EV, Speed to Match Your Vision, A Multimedia Powerhouse., Focus Peaking, Selectable Highlight Detection, TOUCH MONITOR Tilt and Touch, FOCUS STACKING, XQD Storage, Built-in Wireless Connectivity, Designed to Outperform., Phenomenal Battery Performance, Withstand the Elements, Extreme resolution meets extreme speed. | Effective Pixels: 45.7 MP | Sensor Type: CMOS | WiFi Available",flipkart
Canon EOS 7D Mark II DSLR Camera (Body only),cameras,99990.0,124995.0,20.0,4.1,21,https://rukminim2.flixcart.com/image/400/400/camera/s/q/f/canon-eos-7d-mark-ii-body-dslr-original-imae3yryhwq7fgyx.jpeg?q=70,https://www.flipkart.com/canon-eos-7d-mark-ii-dslr-camera-body-only/p/itm7ef20bfaa49a5?pid=CAME3YQ44SXE3SQF&lid=LSTCAME3YQ44SXE3SQFGY5OCG&marketplace=FLIPKART&q=dslr+camera&store=jek%2Fp31%2Ftrv&srno=s_1_6&otracker=search&fm=organic&iid=002acd4d-c44e-46a1-8d66-6974a77f2e70.CAME3YQ44SXE3SQF.SEARCH&ppt=None&ppn=None&ssid=c9ofbwuajk0000001779038339634&qH=d1ab000bc70cbc9a&ov_redirect=true,Effective Pixels: 20.2 MP | Sensor Type: CMOS | Full HD | 2 Years Canon India Warranty and Free Transit Insurance,flipkart
Canon R100 Mirrorless Camera RF-S 18-45mm f/4.5-6.3 IS STM,cameras,44990.0,64995.0,30.0,4.4,1962,https://rukminim2.flixcart.com/image/400/400/xif0q/dslr-camera/b/g/s/-original-imahhy8yhhb4chb6.jpeg?q=70,https://www.flipkart.com/canon-r100-mirrorless-camera-rf-s-18-45mm-f-4-5-6-3-stm/p/itm3bc65ea11d81b?pid=DLLGQAQYNT39ZJTG&lid=LSTDLLGQAQYNT39ZJTGWF2CZS&marketplace=FLIPKART&q=dslr+camera&store=jek%2Fp31%2Ftrv&spotlightTagId=default_BestsellerId_jek%2Fp31%2Ftrv&srno=s_1_7&otracker=search&fm=organic&iid=002acd4d-c44e-46a1-8d66-6974a77f2e70.DLLGQAQYNT39ZJTG.SEARCH&ppt=None&ppn=None&ssid=c9ofbwuajk0000001779038339634&qH=d1ab000bc70cbc9a&ov_redirect=true,"DIGIC 8 Image Processor, 4K 24p Video with Crop, Full HD 60p, Dual Pixel CMOS AF with 143 AF Zones, 6.5 fps Electronic Shutter, 2.36m-Dot OLED EVF, 3"" 1.04m-Dot LCD Screen, Creative Assist Mode, Silent Mode for Quiet Operation, Bluetooth with SD Card Slot | Effective Pixels: 24.1 MP | Sensor Type: CMOS | WiFi Available",flipkart
SONY Alpha ILCE-6600 APS-C Mirrorless Camera Body Only Featuring Eye AF and 4K movie recording,cameras,57990.0,124990.0,53.0,4.6,1261,https://rukminim2.flixcart.com/image/400/400/k3q76a80/camera/7/9/u/sony-apsc-ilce-6600-b-in5-mirrorless-original-imafm6mtahhva36r.jpeg?q=70,https://www.flipkart.com/sony-alpha-ilce-6600-aps-c-mirrorless-camera-body-only-featuring-eye-af-4k-movie-recording/p/itm89eae17a86b50?pid=CAMFM67HCQNAZ79U&lid=LSTCAMFM67HCQNAZ79UDDYKNV&marketplace=FLIPKART&q=dslr+camera&store=jek%2Fp31%2Ftrv&srno=s_1_8&otracker=search&fm=organic&iid=002acd4d-c44e-46a1-8d66-6974a77f2e70.CAMFM67HCQNAZ79U.SEARCH&ppt=None&ppn=None&ssid=c9ofbwuajk0000001779038339634&qH=d1ab000bc70cbc9a&ov_redirect=true,"4K HDR (HLG)2 movie shooting, Ultra-fast AF and continuous shooting, Real-time Tracking and Real-time Eye AF, 5-axis optical image stabilisation, Magnificent images, True-to-life 4K HDR (HLG) movie recording, Powerful, reliable, versatile, Fast continuous shooting with AF/AE at up to 11fps, AI-based subject tracking, Initiate tracking in an instant, Smooth focus transition, Real-time Tracking activation with Touch Tracking, Wi-Fi,NFC & BLUETOOTH | Effective Pixels: 24.2 MP | Sensor Type: CMOS | WiFi Available",flipkart
Canon EOS R50 Mirrorless Camera Body with RF - S 18 - 45 mm f/4.5 - 6.3 IS STM,cameras,64990.0,75995.0,14.0,4.6,1192,https://rukminim2.flixcart.com/image/400/400/xif0q/dslr-camera/n/p/t/eos-r50-24-2-r50-canon-original-imagngc7syac8pfd.jpeg?q=70,https://www.flipkart.com/canon-eos-r50-mirrorless-camera-body-rf-s-18-45-mm-f-4-5-6-3-stm/p/itm3bc65ea11d81b?pid=DLLGN2WBZ6JJS3JJ&lid=LSTDLLGN2WBZ6JJS3JJFZSEOW&marketplace=FLIPKART&q=dslr+camera&store=jek%2Fp31%2Ftrv&spotlightTagId=default_FkPickId_jek%2Fp31%2Ftrv&srno=s_1_9&otracker=search&fm=organic&iid=002acd4d-c44e-46a1-8d66-6974a77f2e70.DLLGN2WBZ6JJS3JJ.SEARCH&ppt=None&ppn=None&ssid=c9ofbwuajk0000001779038339634&qH=d1ab000bc70cbc9a&ov_redirect=true,"4K 30p (6K oversampled) & FHD 120p, Up to 15 frames per second & EOS iTR AF X, Shoot all angles, Dual Pixel CMOS Auto Focus II coupled, Capture more unmissable moments at 12fps3. Switch up to 15fps when using silent electronic shutter4., UHD 4K 30p video, SLOW MOTION FOR IMPACT, Enhanced streaming and video calls, SEAMLESS CONNECTIVITY, Bluetooth?and Wi-Fi connectivity enable easy remote shooting8. | Effective Pixels: 24.2 MP | Sensor Type: CMOS | H.264/H.265/MPEG-4/4K",flipkart
SONY ZV-E10K/BQ IN5 Mirrorless Camera Body with SELP16502 mm Lens,cameras,63990.0,69990.0,8.0,4.5,1414,https://rukminim2.flixcart.com/image/400/400/xif0q/dslr-camera/i/i/k/-original-imahguafzf7ravhy.jpeg?q=70,https://www.flipkart.com/sony-zv-e10k-bq-in5-mirrorless-camera-body-selp16502-mm-lens/p/itm88f31bc5baac5?pid=DLLHGR2Z6MJRXZZC&lid=LSTDLLHGR2Z6MJRXZZCYDABHG&marketplace=FLIPKART&q=dslr+camera&store=jek%2Fp31%2Ftrv&srno=s_1_10&otracker=search&fm=organic&iid=002acd4d-c44e-46a1-8d66-6974a77f2e70.DLLHGR2Z6MJRXZZC.SEARCH&ppt=None&ppn=None&ssid=c9ofbwuajk0000001779038339634&qH=d1ab000bc70cbc9a&ov_redirect=true,Effective Pixels: 24.2 MP | Sensor Type: CMOS | WiFi Available | 4k,flipkart
SONY Alpha ILCE-6600M APS-C Mirrorless Camera with 18-135 mm Zoom Lens Featuring Eye AF and 4K movie r...,cameras,89990.0,160990.0,44.0,4.6,1261,https://rukminim2.flixcart.com/image/400/400/k3q76a80/camera/k/7/9/sony-apsc-ilce-6600m-b-in5-mirrorless-original-imafm6nvxhybpwhs.jpeg?q=70,https://www.flipkart.com/sony-alpha-ilce-6600m-aps-c-mirrorless-camera-18-135-mm-zoom-lens-featuring-eye-af-4k-movie-recording/p/itm3cbc19af91148?pid=CAMFM67HYKENPK79&lid=LSTCAMFM67HYKENPK79P5H67T&marketplace=FLIPKART&q=dslr+camera&store=jek%2Fp31%2Ftrv&srno=s_1_11&otracker=search&fm=organic&iid=002acd4d-c44e-46a1-8d66-6974a77f2e70.CAMFM67HYKENPK79.SEARCH&ppt=None&ppn=None&ssid=c9ofbwuajk0000001779038339634&qH=d1ab000bc70cbc9a&ov_redirect=true,"4K HDR (HLG)2 movie shooting, Ultra-fast AF and continuous shooting, Real-time Tracking and Real-time Eye AF, 5-axis optical image stabilisation, Magnificent images, True-to-life 4K HDR (HLG) movie recording, Powerful, reliable, versatile, Fast continuous shooting with AF/AE at up to 11fps, AI-based subject tracking, Initiate tracking in an instant, Smooth focus transition, Real-time Tracking activation with Touch Tracking, Wi-Fi,NFC & BLUETOOTH | Effective Pixels: 24.2 MP | Sensor Type: CMOS | WiFi Available",flipkart
SONY ILCE-6100X Mirrorless Camera Body with with SELP16502 & SEL55210,cameras,76490.0,89990.0,15.0,4.6,1329,https://rukminim2.flixcart.com/image/400/400/xif0q/dslr-camera/l/i/a/ilce-6100x-24-2-ilce-6100x-sony-original-imah8ptevgtfbssg.jpeg?q=70,https://www.flipkart.com/sony-ilce-6100x-mirrorless-camera-body-selp16502-sel55210/p/itm9d07ee972eeb8?pid=DLLH8PFFVWGQ4GYE&lid=LSTDLLH8PFFVWGQ4GYEQB683E&marketplace=FLIPKART&q=dslr+camera&store=jek%2Fp31%2Ftrv&srno=s_1_12&otracker=search&fm=organic&iid=002acd4d-c44e-46a1-8d66-6974a77f2e70.DLLH8PFFVWGQ4GYE.SEARCH&ppt=None&ppn=None&ssid=c9ofbwuajk0000001779038339634&qH=d1ab000bc70cbc9a&ov_redirect=true,Effective Pixels: 24.2 MP | Sensor Type: CMOS | WiFi Available | 4K,flipkart
Panasonic DMC-G85KGW-K Mirrorless Camera Body with 14 - 42 mm Lens,cameras,46990.0,74660.0,37.0,4.3,204,https://rukminim2.flixcart.com/image/400/400/xif0q/dslr-camera/e/h/v/dmc-g85kgw-k-16-dmc-g85kgw-k-panasonic-original-imagzknqpwukucj8.jpeg?q=70,https://www.flipkart.com/panasonic-dmc-g85kgw-k-mirrorless-camera-body-14-42-mm-lens/p/itm5c5a7ee06c8b1?pid=DLLGNRJMC7ARPBWH&lid=LSTDLLGNRJMC7ARPBWHZBR2VW&marketplace=FLIPKART&q=dslr+camera&store=jek%2Fp31%2Ftrv&srno=s_1_13&otracker=search&fm=organic&iid=002acd4d-c44e-46a1-8d66-6974a77f2e70.DLLGNRJMC7ARPBWH.SEARCH&ppt=None&ppn=None&ssid=c9ofbwuajk0000001779038339634&qH=d1ab000bc70cbc9a&ov_redirect=true,"16MP Four Thirds MOS sensor w/o optical low pass filter, 5-axis image stabilization with Dual I.S. 2, Splash/dust-proof body with weather-sealed magnesium alloy front plate (Most suitable for handling Indian weather conditions), Depth from Defocus AF, 2.36M-dot OLED EVF, 3-inch 1.04M-dot fully-articulating touchscreen LCD, 4K video / photo, Focus stacking and post focus | Effective Pixels: 16 MP | Sensor Type: MOS | WiFi Available",flipkart
BuyLuxe Mini Digital Camera for Kids for Girls and Boys | Gift for Young Children 13MP DSLR Camera,cameras,562.0,1999.0,71.0,3.3,39,https://rukminim2.flixcart.com/image/400/400/xif0q/camera/x/j/9/hd-quality-mini-digital-camera-for-kids-for-girls-and-boys-gift-original-imahkvkqffvd9tfw.jpeg?q=70,https://www.flipkart.com/buyluxe-mini-digital-camera-kids-girls-boys-gift-young-children-13mp-dslr/p/itm316d68b1bd03c?pid=CAMHKVKTZFH5KG4E&lid=LSTCAMHKVKTZFH5KG4EUZSD8T&marketplace=FLIPKART&q=dslr+camera&store=jek%2Fp31%2Ftrv&srno=s_1_14&otracker=search&fm=organic&iid=002acd4d-c44e-46a1-8d66-6974a77f2e70.CAMHKVKTZFH5KG4E.SEARCH&ppt=None&ppn=None&ssid=c9ofbwuajk0000001779038339634&qH=d1ab000bc70cbc9a&ov_redirect=true,Effective Pixels: 13 MP | Optical Zoom: 0 | Sensor Type: CCD | LCD Size: 0 inch | Max Shutter Speed: 0,flipkart
Canon EOS R10 Mirrorless Camera Body with RF-S 18 - 45 mm f/4.5 - 6.3 IS STM Lens,cameras,87990.0,92995.0,5.0,4.6,499,https://rukminim2.flixcart.com/image/400/400/l5fnhjk0/dslr-camera/g/t/7/eos-r10-24-2-r10-canon-original-imagg4y52cybasdr.jpeg?q=70,https://www.flipkart.com/canon-eos-r10-mirrorless-camera-body-rf-s-18-45-mm-f-4-5-6-3-stm-lens/p/itm67c424f9d9d96?pid=DLLGFXCMK3DRMEDP&lid=LSTDLLGFXCMK3DRMEDPLXOBGM&marketplace=FLIPKART&q=dslr+camera&store=jek%2Fp31%2Ftrv&srno=s_1_15&otracker=search&fm=organic&iid=002acd4d-c44e-46a1-8d66-6974a77f2e70.DLLGFXCMK3DRMEDP.SEARCH&ppt=None&ppn=None&ssid=c9ofbwuajk0000001779038339634&qH=d1ab000bc70cbc9a&ov_redirect=true,"4K UHD (6K oversampling) and 4K 60p, Up to 23 fps continuous shooting with AF/AE tracking, -4EV low light focusing2, YouTube live streaming, 7.5cm 1.04-million dot Vari-Angle Touchscreen, Dual Pixel CMOS AF II, 4K/30p (High quality video oversampled from 6K), 4K/60p3 (For smoother motion in video), Tilt Screen | Effective Pixels: 24.2 MP | Sensor Type: CMOS | WiFi Available",flipkart
SONY ILCE-6700 Mirrorless Camera Body Only Made for Creators | 26.0 MP | Artificial Intelligence based...,cameras,125990.0,136990.0,8.0,4.7,127,https://rukminim2.flixcart.com/image/400/400/xif0q/dslr-camera/5/t/r/-original-imagz5tqh6ymmm5n.jpeg?q=70,https://www.flipkart.com/sony-ilce-6700-mirrorless-camera-body-only-made-creators-26-0-mp-artificial-intelligence-based-autofocus-4k-60p-recording/p/itm7be8f33c92199?pid=DLLGVCS92PY7G7ZV&lid=LSTDLLGVCS92PY7G7ZVQA84BR&marketplace=FLIPKART&q=dslr+camera&store=jek%2Fp31%2Ftrv&srno=s_1_16&otracker=search&fm=organic&iid=002acd4d-c44e-46a1-8d66-6974a77f2e70.DLLGVCS92PY7G7ZV.SEARCH&ppt=None&ppn=None&ssid=c9ofbwuajk0000001779038339634&qH=d1ab000bc70cbc9a&ov_redirect=true,Effective Pixels: 27 MP | Sensor Type: CMOS | WiFi Available | 4K,flipkart
BuyLuxe Mini Digital Camera for Kids for Girls and Boys | Gift for Young Children 0 DSLR Camera,cameras,562.0,1999.0,71.0,0.0,0,https://rukminim2.flixcart.com/image/400/400/xif0q/camera/p/k/f/gift-toy-kids-digital-camera-toy-3-0mp-1080p-hd-video-camera-original-imahjemcwuhbgqpz.jpeg?q=70,https://www.flipkart.com/buyluxe-mini-digital-camera-kids-girls-boys-gift-young-children-0-dslr/p/itm62c7b1f044390?pid=CAMHH89FKAYVUTNE&lid=LSTCAMHH89FKAYVUTNEVUWKPM&marketplace=FLIPKART&q=dslr+camera&store=jek%2Fp31%2Ftrv&srno=s_1_17&otracker=search&fm=organic&iid=002acd4d-c44e-46a1-8d66-6974a77f2e70.CAMHH89FKAYVUTNE.SEARCH&ppt=None&ppn=None&ssid=c9ofbwuajk0000001779038339634&qH=d1ab000bc70cbc9a&ov_redirect=true,Effective Pixels: 13 MP | Optical Zoom: 0 | Sensor Type: CCD | LCD Size: 2 inch | Max Shutter Speed: 0,flipkart
dkian Dc403 kids 1080p Digital Camera 16X Zoom Anti Shake 44Mp with lanyard Mirrorless Camera mini,cameras,5073.0,8999.0,43.0,3.8,6,https://rukminim2.flixcart.com/image/400/400/xif0q/dslr-camera/d/z/a/camera-for-children-teens-girl-boy-1080-kids-1080p-digital-original-imahm8nzq6epuncr.jpeg?q=70,https://www.flipkart.com/dkian-dc403-kids-1080p-digital-camera-16x-zoom-anti-shake-44mp-lanyard-mirrorless-mini/p/itm10ed6ac803087?pid=DLLHK688BNX4XXCM&lid=LSTDLLHK688BNX4XXCMPHXOMS&marketplace=FLIPKART&q=dslr+camera&store=jek%2Fp31%2Ftrv&srno=s_1_18&otracker=search&fm=organic&iid=002acd4d-c44e-46a1-8d66-6974a77f2e70.DLLHK688BNX4XXCM.SEARCH&ppt=None&ppn=None&ssid=c9ofbwuajk0000001779038339634&qH=d1ab000bc70cbc9a&ov_redirect=true,Effective Pixels: 1080 MP | Sensor Type: CMOS | 1080 | na,flipkart
Canon EOS R50 Mirrorless Camera RF - S 18 - 45 mm f/4.5 - 6.3 IS STM and RF - S 55 - 210 mm f/5 - 7.1 ...,cameras,86990.0,97995.0,11.0,4.6,1192,https://rukminim2.flixcart.com/image/400/400/xif0q/dslr-camera/8/g/b/eos-r50-24-2-r50-canon-original-imagngcb6vj5fmyg.jpeg?q=70,https://www.flipkart.com/canon-eos-r50-mirrorless-camera-rf-s-18-45-mm-f-4-5-6-3-stm-55-210-f-5-7-1/p/itm3bc65ea11d81b?pid=DLLGN2WBDBWNYHYE&lid=LSTDLLGN2WBDBWNYHYE20GIEE&marketplace=FLIPKART&q=dslr+camera&store=jek%2Fp31%2Ftrv&srno=s_1_19&otracker=search&fm=organic&iid=002acd4d-c44e-46a1-8d66-6974a77f2e70.DLLGN2WBDBWNYHYE.SEARCH&ppt=None&ppn=None&ssid=c9ofbwuajk0000001779038339634&qH=d1ab000bc70cbc9a&ov_redirect=true,"4K 30p (6K oversampled) & FHD 120p, Up to 15 frames per second & EOS iTR AF X, Shoot all angles, Dual Pixel CMOS Auto Focus II coupled, Capture more unmissable moments at 12fps3. Switch up to 15fps when using silent electronic shutter4., UHD 4K 30p video, SLOW MOTION FOR IMPACT, Enhanced streaming and video calls, SEAMLESS CONNECTIVITY, Bluetooth?and Wi-Fi connectivity enable easy remote shooting8. | Effective Pixels: 24.2 MP | Sensor Type: CMOS | H.264/H.265/MPEG-4/4K",flipkart
BuyLuxe Mini HD Digital Camera for Kids – Photo & Video Camera Toy 13MP DSLR Camera,cameras,556.0,1999.0,72.0,3.8,8,https://rukminim2.flixcart.com/image/400/400/xif0q/sports-action-camera/s/y/e/digital-camera-with-activity-toy-birthday-gift-for-kids-13mp-original-imahhjmgzujqwngd.jpeg?q=70,https://www.flipkart.com/buyluxe-mini-hd-digital-camera-kids-photo-video-toy-13mp-dslr/p/itm602821a5a1dd6?pid=CAMHKVH5FPBYXRXK&lid=LSTCAMHKVH5FPBYXRXKQJQVBA&marketplace=FLIPKART&q=dslr+camera&store=jek%2Fp31%2Ftrv&srno=s_1_20&otracker=search&fm=organic&iid=002acd4d-c44e-46a1-8d66-6974a77f2e70.CAMHKVH5FPBYXRXK.SEARCH&ppt=None&ppn=None&ssid=c9ofbwuajk0000001779038339634&qH=d1ab000bc70cbc9a&ov_redirect=true,Effective Pixels: 13 MP | Optical Zoom: 0 | Sensor Type: CCD | LCD Size: 6 inch | Max Shutter Speed: 0,flipkart
POZUB strong Tripod stand + Dustproof Bag with Clip |Tripod stand for camera||Gimbal for smartphone|mo...,cameras,295.0,700.0,57.0,3.9,19,https://rukminim2.flixcart.com/image/400/400/ktd9mkw0/camera/z/v/f/stand-strong-tripod-stand-dustproof-bag-with-clip-tripod-stand-original-imag6q2qzc9rkamh.jpeg?q=70,https://www.flipkart.com/pozub-strong-tripod-stand-dustproof-bag-clip-tripod-camera-gimbal-smartphone-mobile-phone-stand-multi-use-selfie-stick-desktop-online-course-video-recording-special-design-streaming-blogs-classes-presentation-creating-product-demos-vlog-video-blogging-gimbal-inmonopods-gimbal-stabilizer-gimbal-monopod-tripod-kit-intripod-ball-head-intripod-bracket-tripod-clamp-inmonopod-kit-in-mobile-holder-hand-classes-camera-stands-high-quality-tripod-monopod-monopod-bracket-head-abs-dslr/p/itm9d620986eaefd?pid=CAMG6Q2RVRMCGMZP&lid=LSTCAMG6Q2RVRMCGMZPPHPBLI&marketplace=FLIPKART&q=dslr+camera&store=jek%2Fp31%2Ftrv&srno=s_1_21&otracker=search&fm=organic&iid=002acd4d-c44e-46a1-8d66-6974a77f2e70.CAMG6Q2RVRMCGMZP.SEARCH&ppt=None&ppn=None&ssid=c9ofbwuajk0000001779038339634&qH=d1ab000bc70cbc9a&ov_redirect=true,Effective Pixels: 0 MP | Optical Zoom: NA | Sensor Type: CCD | LCD Size: 0 inch | Max Shutter Speed: NA,flipkart
Canon EOS R7 Mirrorless Camera Body with RF-S18 - 150mm f/3.5 - 6.3 IS STM Lens,cameras,152990.0,175995.0,13.0,4.0,11,https://rukminim2.flixcart.com/image/400/400/l5fnhjk0/dslr-camera/d/w/j/eos-r7-32-5-r7-canon-original-imagg4y3dgbhfgy8.jpeg?q=70,https://www.flipkart.com/canon-eos-r7-mirrorless-camera-body-rf-s18-150mm-f-3-5-6-3-stm-lens/p/itmd3e8ee6e3f328?pid=DLLGFXCMMRCJD9HE&lid=LSTDLLGFXCMMRCJD9HEI1AHIF&marketplace=FLIPKART&q=dslr+camera&store=jek%2Fp31%2Ftrv&srno=s_1_22&otracker=search&fm=organic&iid=002acd4d-c44e-46a1-8d66-6974a77f2e70.DLLGFXCMMRCJD9HE.SEARCH&ppt=None&ppn=None&ssid=c9ofbwuajk0000001779038339634&qH=d1ab000bc70cbc9a&ov_redirect=true,"4K UHD Fine (7K oversampling), 4K 60p and Canon Log 3, Up to 30 fps continuous shooting with AF/AE tracking, Dual Pixel CMOS AF II (AF that recognises and tracks people, animals and vehicles), -5EV low light focusing2 (Accurate focus in low-light conditions), Collaborative IS (Body and lens stabilisation working together for up to 7 stops3 of protection from camera shake), 4K/60p, Touchscreen, Tilt Screen | Effective Pixels: 32.5 MP | Sensor Type: CMOS | WiFi Available",flipkart
NIKON Z50 II Mirrorless Camera Body with 16-50 Lens,cameras,91645.0,91645.0,0,4.6,93,https://rukminim2.flixcart.com/image/400/400/xif0q/dslr-camera/v/p/i/z50-mark-ii-16-50-20-9-z50-ii-nikon-original-imah6j7gvbdhsfrs.jpeg?q=70,https://www.flipkart.com/nikon-z50-ii-mirrorless-camera-body-16-50-lens/p/itmdc64017735260?pid=DLLH6GPQQTCPQJ4Q&lid=LSTDLLH6GPQQTCPQJ4QMKNHS0&marketplace=FLIPKART&q=dslr+camera&store=jek%2Fp31%2Ftrv&srno=s_1_23&otracker=search&fm=organic&iid=002acd4d-c44e-46a1-8d66-6974a77f2e70.DLLH6GPQQTCPQJ4Q.SEARCH&ppt=None&ppn=None&ssid=c9ofbwuajk0000001779038339634&qH=d1ab000bc70cbc9a&ov_redirect=true,Effective Pixels: 20.9 MP | Sensor Type: CMOS | WiFi Available | 4K,flipkart
SONY Alpha ILCE-6100 APS-C Mirrorless Camera Body Only Featuring Eye AF and 4K movie recording,cameras,53990.0,64990.0,16.0,4.6,1329,https://rukminim2.flixcart.com/image/400/400/k3q76a80/camera/m/c/4/sony-apsc-ilce-6100-b-in5-mirrorless-original-imafm6nu2zq8xstc.jpeg?q=70,https://www.flipkart.com/sony-alpha-ilce-6100-aps-c-mirrorless-camera-body-only-featuring-eye-af-4k-movie-recording/p/itmc91f0ffcad075?pid=CAMFM67HNWZRQMC4&lid=LSTCAMFM67HNWZRQMC49D0D7N&marketplace=FLIPKART&q=dslr+camera&store=jek%2Fp31%2Ftrv&srno=s_1_24&otracker=search&fm=organic&iid=002acd4d-c44e-46a1-8d66-6974a77f2e70.CAMFM67HNWZRQMC4.SEARCH&ppt=None&ppn=None&ssid=c9ofbwuajk0000001779038339634&qH=d1ab000bc70cbc9a&ov_redirect=true,"High-resolution 4K movie recording, Choose your own shooting style, Self-framing made easy, Flexible low-angle shooting, Convenient Touch Tracking and Touch Focus features, Cleaner images in dimly lit settings, Superior image resolution and natural-looking textures, Uncompromising image quality, Real-time Tracking, Persistent tracking at high speed | Effective Pixels: 24.2 MP | Sensor Type: CMOS | WiFi Available",flipkart
POZUB PUB-42WW NEW ARRIVAL Best Buy Strong Tripod stand + Dustproof Bag with Clip |Tripod stand mobile...,cameras,292.0,700.0,58.0,3.6,37,https://rukminim2.flixcart.com/image/400/400/ktaeqvk0/tripod/tripod/z/c/u/buff42-buy-hot-selling-tripod-stand-with-clip-bag-tripod-stand-original-imag6z5ksvejg6ph.jpeg?q=70,https://www.flipkart.com/pozub-pub-42ww-new-arrival-best-buy-strong-tripod-stand-dustproof-bag-clip-tripod-mobile-phone-camera-gimbal-smartphone-multi-use-selfie-stick-desktop-online-course-video-recording-special-design-streaming-blogs-classes-presentation-creating-product-demos-vlog-video-blogging-gimbal-inmonopods-gimbal-stabilizer-gimbal-monopod-tripod-kit-intripod-ball-head-intripod-bracket-tripod-clamp-inmonopod-kit-in-holder-hand-classes-camera-stands-high-quality-tripod-monopod-monopod-bracket-head-abs-dslr/p/itm7691f7840e526?pid=CAMG6Q2YQQ7BJFRM&lid=LSTCAMG6Q2YQQ7BJFRMESJEFD&marketplace=FLIPKART&q=dslr+camera&store=jek%2Fp31%2Ftrv&srno=s_2_25&otracker=search&fm=organic&iid=f8a6e30d-7371-4e33-9dcb-894456d4a704.CAMG6Q2YQQ7BJFRM.SEARCH&ppt=None&ppn=None&ssid=dy1qq9r30g0000001779038341916&qH=d1ab000bc70cbc9a&ov_redirect=true,Effective Pixels: 0 MP | Optical Zoom: NA | Sensor Type: CCD | LCD Size: 0 inch | Max Shutter Speed: NA,flipkart
Canon EOS R8 Body Mirrorless Camera Body Only,cameras,107990.0,142995.0,24.0,4.5,67,https://rukminim2.flixcart.com/image/400/400/xif0q/dslr-camera/x/x/b/eos-r8-24-2-eos-r8-body-canon-original-imagqey9pnnkgpzf.jpeg?q=70,https://www.flipkart.com/canon-eos-r8-body-mirrorless-camera-only/p/itm950a990720df3?pid=DLLGQAQYC4TWGN8R&lid=LSTDLLGQAQYC4TWGN8ROJJ54A&marketplace=FLIPKART&q=dslr+camera&store=jek%2Fp31%2Ftrv&srno=s_2_26&otracker=search&fm=organic&iid=f8a6e30d-7371-4e33-9dcb-894456d4a704.DLLGQAQYC4TWGN8R.SEARCH&ppt=None&ppn=None&ssid=dy1qq9r30g0000001779038341916&qH=d1ab000bc70cbc9a&ov_redirect=true,Effective Pixels: 24.2 MP | Sensor Type: CMOS | WiFi Available | 4K,flipkart
dkian flip screen camera 4K Ultra HD Photography 12MP Rechargeable Camera With 8X Digital Zoom Mirrorl...,cameras,6076.0,10999.0,44.0,1.0,3,https://rukminim2.flixcart.com/image/400/400/xif0q/dslr-camera/t/y/6/180-flip-screen-entry-level-vlog-video-recorder-1080-4k-ultra-hd-original-imahm8zxy3nphy5d.jpeg?q=70,https://www.flipkart.com/dkian-flip-screen-camera-4k-ultra-hd-photography-12mp-rechargeable-8x-digital-zoom-mirrorless-small/p/itm246d84ac825f5?pid=DLLHHGKY5GGKDMVH&lid=LSTDLLHHGKY5GGKDMVHG36ZDO&marketplace=FLIPKART&q=dslr+camera&store=jek%2Fp31%2Ftrv&srno=s_2_27&otracker=search&fm=organic&iid=f8a6e30d-7371-4e33-9dcb-894456d4a704.DLLHHGKY5GGKDMVH.SEARCH&ppt=None&ppn=None&ssid=dy1qq9r30g0000001779038341916&qH=d1ab000bc70cbc9a&ov_redirect=true,Effective Pixels: 1080 MP | Sensor Type: CMOS | 4k | na,flipkart
Canon EOS R6 Mark II Mirrorless Camera Body Only,cameras,243995.0,243995.0,0,4.3,41,https://rukminim2.flixcart.com/image/400/400/xif0q/dslr-camera/h/m/d/eosr6-mark-ii-24-2-r6-mark-ii-canon-original-imagkk2rgrmjqqmx.jpeg?q=70,https://www.flipkart.com/canon-eos-r6-mark-ii-mirrorless-camera-body-only/p/itm4dc1eb0bf858b?pid=DLLGKGWYBQWCRPAY&lid=LSTDLLGKGWYBQWCRPAYXFILOZ&marketplace=FLIPKART&q=dslr+camera&store=jek%2Fp31%2Ftrv&srno=s_2_28&otracker=search&fm=organic&iid=f8a6e30d-7371-4e33-9dcb-894456d4a704.DLLGKGWYBQWCRPAY.SEARCH&ppt=None&ppn=None&ssid=dy1qq9r30g0000001779038341916&qH=d1ab000bc70cbc9a&ov_redirect=true,"6K RAW HDMI out, 4K 60p (6K Oversampling) & FHD 180p, Up to 40 frames per second (fps) & up to 8 stops image stabilisation, MASTERY OF STILLS & MOTION, Filmmaking without compromise, Capture the beauty of movement ?hand-held, Beyond 30-minute clip limit10 | Effective Pixels: 24.2 MP | Sensor Type: CMOS | WiFi Available",flipkart
Canon EOS R6 Mark III Mirrorless Camera Body with RF24-105mm f/4L IS USM,cameras,335990.0,343995.0,2.0,0.0,0,https://rukminim2.flixcart.com/image/400/400/xif0q/dslr-camera/s/t/a/-original-imahgfnwsakfrkgj.jpeg?q=70,https://www.flipkart.com/canon-eos-r6-mark-iii-mirrorless-camera-body-rf24-105mm-f-4l-usm/p/itm231a28c5e7e43?pid=DLLHHYDSMB5K2GMK&lid=LSTDLLHHYDSMB5K2GMK3V2GT7&marketplace=FLIPKART&q=dslr+camera&store=jek%2Fp31%2Ftrv&srno=s_2_29&otracker=search&fm=organic&iid=f8a6e30d-7371-4e33-9dcb-894456d4a704.DLLHHYDSMB5K2GMK.SEARCH&ppt=None&ppn=None&ssid=dy1qq9r30g0000001779038341916&qH=d1ab000bc70cbc9a&ov_redirect=true,Effective Pixels: 32.5 MP | Sensor Type: CMOS | WiFi Available | 7K,flipkart
dkian Dc504 kids 1080p Digital Camera 16X Digital Zoom Mirrorless Camera Anti Shake 56Mp with lanyard,cameras,5974.0,9999.0,40.0,0.0,0,https://rukminim2.flixcart.com/image/400/400/xif0q/dslr-camera/u/7/t/dc504-56-kids-1080p-digital-camera-16x-digital-zoom-dkian-original-imahktgnjbyqufzh.jpeg?q=70,https://www.flipkart.com/dkian-dc504-kids-1080p-digital-camera-16x-zoom-mirrorless-anti-shake-56mp-lanyard/p/itma808811129aa8?pid=DLLHKNS9MG7BGACY&lid=LSTDLLHKNS9MG7BGACYMQSFSK&marketplace=FLIPKART&q=dslr+camera&store=jek%2Fp31%2Ftrv&srno=s_2_30&otracker=search&fm=organic&iid=f8a6e30d-7371-4e33-9dcb-894456d4a704.DLLHKNS9MG7BGACY.SEARCH&ppt=None&ppn=None&ssid=dy1qq9r30g0000001779038341916&qH=d1ab000bc70cbc9a&ov_redirect=true,Effective Pixels: 56 MP | Sensor Type: CMOS | 1920x1080 | na,flipkart
NIKON Z5II Mirrorless Camera Body with 24-200mm lens,cameras,198399.0,207995.0,4.0,4.5,13,https://rukminim2.flixcart.com/image/400/400/xif0q/dslr-camera/t/s/0/-original-imahcuvyvykzgzzh.jpeg?q=70,https://www.flipkart.com/nikon-z5ii-mirrorless-camera-body-24-200mm-lens/p/itm867363bfbe050?pid=DLLHBZMPU3BGUYZQ&lid=LSTDLLHBZMPU3BGUYZQ9LK5NA&marketplace=FLIPKART&q=dslr+camera&store=jek%2Fp31%2Ftrv&srno=s_2_31&otracker=search&fm=organic&iid=f8a6e30d-7371-4e33-9dcb-894456d4a704.DLLHBZMPU3BGUYZQ.SEARCH&ppt=None&ppn=None&ssid=dy1qq9r30g0000001779038341916&qH=d1ab000bc70cbc9a&ov_redirect=true,Effective Pixels: 25.28 MP | Sensor Type: CMOS | WiFi Available | RAW,flipkart
SONY ZV-E10 Mirrorless Camera Body Only Vlog,cameras,54990.0,59490.0,7.0,4.5,1414,https://rukminim2.flixcart.com/image/400/400/ktlu9ow0/dslr-camera/y/e/h/alpha-zv-e10-24-2-megapixel-with-interchangeable-lens-aps-c-original-imag6wxfytmvjw7a.jpeg?q=70,https://www.flipkart.com/sony-zv-e10-mirrorless-camera-body-only-vlog/p/itm5f30ed414a351?pid=DLLG6G8UNHFCDYY9&lid=LSTDLLG6G8UNHFCDYY9MNRFHI&marketplace=FLIPKART&q=dslr+camera&store=jek%2Fp31%2Ftrv&srno=s_2_32&otracker=search&fm=organic&iid=f8a6e30d-7371-4e33-9dcb-894456d4a704.DLLG6G8UNHFCDYY9.SEARCH&ppt=None&ppn=None&ssid=dy1qq9r30g0000001779038341916&qH=d1ab000bc70cbc9a&ov_redirect=true,"4K video with oversampling for greater detail, Easy, impressive vlogs, One-touch control of background blurring, Interchangeable-lens camera for vlogging, Flexible connectivity for easy sharing, Designed for easy selfie and vlog shoots, Protection against recording failures, Fast, precise autofocus, Leave it up to the camera to focus on you, Easy background blur control, Natural-looking skin tones, Smooth and stable images even while walking, Easy sped-up and slowed-down motion, Clear recording even outdoors, For even higher audio quality, Optional grip for easy one-handed operation, Add special effects in-camera, Edit movies from your smartphone, Create time-lapse movies, Wi-Fi & Bluetooth | Effective Pixels: 24.2 MP | Sensor Type: CMOS | WiFi Available",flipkart
NIKON Z30 Mirrorless Camera Z DX 18 - 140 mm f/3.5 - 6.3 VR Lens,cameras,93699.0,97795.0,4.0,4.2,158,https://rukminim2.flixcart.com/image/400/400/l5iid8w0/dslr-camera/b/0/f/z30-20-9-sz-nikon-original-imagg62mgztemgue.jpeg?q=70,https://www.flipkart.com/nikon-z30-mirrorless-camera-z-dx-18-140-mm-f-3-5-6-3-vr-lens/p/itm63022ba3d2150?pid=DLLGGYSTSENSR3HZ&lid=LSTDLLGGYSTSENSR3HZ5YZPGI&marketplace=FLIPKART&q=dslr+camera&store=jek%2Fp31%2Ftrv&srno=s_2_33&otracker=search&fm=organic&iid=f8a6e30d-7371-4e33-9dcb-894456d4a704.DLLGGYSTSENSR3HZ.SEARCH&ppt=None&ppn=None&ssid=dy1qq9r30g0000001779038341916&qH=d1ab000bc70cbc9a&ov_redirect=true,"4K UHD video with 100% Angle view, 20 types of creative picture control, Compact Content Creation., Personalised Performance, Twist And Touch., Fuss-Free Focus., Eye-Detection AF & Animal-Detection AF / AF-F., SnapBridge, NX Studio, Webcam Utility, Wi-Fi Compatibility | Effective Pixels: 20.9 MP | Sensor Type: CMOS | WiFi Available",flipkart
dkian Digital Kids camera 20MP 1080P 32GB Card supported kids Mirrorless Camera,cameras,1875.0,3999.0,53.0,2.4,14,https://rukminim2.flixcart.com/image/400/400/xif0q/camera/s/o/y/na-digital-kids-camera-20mp-1080p-32gb-card-supported-mini-original-imagy2znwq4uy4z8.jpeg?q=70,https://www.flipkart.com/dkian-digital-kids-camera-20mp-1080p-32gb-card-supported-mirrorless/p/itm50191d2524d18?pid=CAMGY2ZNRUURHFAR&lid=LSTCAMGY2ZNRUURHFARBWYCMH&marketplace=FLIPKART&q=dslr+camera&store=jek%2Fp31%2Ftrv&srno=s_2_34&otracker=search&fm=organic&iid=f8a6e30d-7371-4e33-9dcb-894456d4a704.CAMGY2ZNRUURHFAR.SEARCH&ppt=None&ppn=None&ssid=dy1qq9r30g0000001779038341916&qH=d1ab000bc70cbc9a&ov_redirect=true,Effective Pixels: 20 MP | Optical Zoom: 2x | Sensor Type: CMOS | LCD Size: 2 inch | Max Shutter Speed: 25FPS,flipkart
POZUB PZB-F42 Buy Hot Selling Tripod stand with Clip BAG |Tripod stand for camera||Gimbal for smartpho...,cameras,292.0,700.0,58.0,3.9,137,https://rukminim2.flixcart.com/image/400/400/ktaeqvk0/gimbal/k/7/o/200-black-pzz42-buy-hot-selling-tripod-stand-with-clip-bag-original-imag6z3kywtggduf.jpeg?q=70,https://www.flipkart.com/pozub-pzb-f42-buy-hot-selling-tripod-stand-clip-bag-tripod-camera-gimbal-smartphone-mobile-phone-stand-multi-use-selfie-stick-desktop-online-course-video-recording-special-design-streaming-blogs-classes-presentation-creating-product-demos-vlog-video-blogging-gimbal-inmonopods-gimbal-stabilizer-gimbal-monopod-tripod-kit-intripod-ball-head-intripod-bracket-tripod-clamp-inmonopod-kit-in-mobile-holder-hand-classes-camera-stands-high-quality-abs-dslr/p/itmbc3f4c2baceb2?pid=CAMG6Q28SRWSVBME&lid=LSTCAMG6Q28SRWSVBMEWCCU1F&marketplace=FLIPKART&q=dslr+camera&store=jek%2Fp31%2Ftrv&srno=s_2_35&otracker=search&fm=organic&iid=f8a6e30d-7371-4e33-9dcb-894456d4a704.CAMG6Q28SRWSVBME.SEARCH&ppt=None&ppn=None&ssid=dy1qq9r30g0000001779038341916&qH=d1ab000bc70cbc9a&ov_redirect=true,Effective Pixels: 0 MP | Optical Zoom: NA | Sensor Type: CCD | LCD Size: 0 inch | Max Shutter Speed: NA,flipkart
Canon EOS R6 Mark III Mirrorless Camera Body Only,cameras,234990.0,243995.0,3.0,0.0,0,https://rukminim2.flixcart.com/image/400/400/xif0q/dslr-camera/l/q/i/-original-imahhy8x8jrnnphy.jpeg?q=70,https://www.flipkart.com/canon-eos-r6-mark-iii-mirrorless-camera-body-only/p/itmd2742d260bb90?pid=DLLHHYDSTCDWQZZ8&lid=LSTDLLHHYDSTCDWQZZ8YKPQ2G&marketplace=FLIPKART&q=dslr+camera&store=jek%2Fp31%2Ftrv&srno=s_2_36&otracker=search&fm=organic&iid=f8a6e30d-7371-4e33-9dcb-894456d4a704.DLLHHYDSTCDWQZZ8.SEARCH&ppt=None&ppn=None&ssid=dy1qq9r30g0000001779038341916&qH=d1ab000bc70cbc9a&ov_redirect=true,Effective Pixels: 32.5 MP | Sensor Type: CMOS | WiFi Available | 7K,flipkart
Canon EOS C50 Mirrorless Camera Body Only,cameras,298990.0,299900.0,0,0.0,0,https://rukminim2.flixcart.com/image/400/400/xif0q/dslr-camera/j/o/9/-original-imahgfnwpzqujvfk.jpeg?q=70,https://www.flipkart.com/canon-eos-c50-mirrorless-camera-body-only/p/itm3b7f95ffd4daf?pid=DLLHHYDSPFTYYQUQ&lid=LSTDLLHHYDSPFTYYQUQ9IYZE4&marketplace=FLIPKART&q=dslr+camera&store=jek%2Fp31%2Ftrv&srno=s_2_37&otracker=search&fm=organic&iid=f8a6e30d-7371-4e33-9dcb-894456d4a704.DLLHHYDSPFTYYQUQ.SEARCH&ppt=None&ppn=None&ssid=dy1qq9r30g0000001779038341916&qH=d1ab000bc70cbc9a&ov_redirect=true,Effective Pixels: 32 MP | Sensor Type: CMOS | WiFi Available | 7K,flipkart
SONY ILCE-6100K Mirrorless Camera Body with SELP16502 Power Zoom,cameras,63490.0,75990.0,16.0,4.6,1329,https://rukminim2.flixcart.com/image/400/400/xif0q/dslr-camera/5/y/c/ilce-6100k-24-2-ilce-6100k-sony-original-imah8ptkhxhsnaqk.jpeg?q=70,https://www.flipkart.com/sony-ilce-6100k-mirrorless-camera-body-selp16502-power-zoom/p/itmdab4dd74a57d7?pid=DLLH8PFFGTH6EFUG&lid=LSTDLLH8PFFGTH6EFUGCDXLSK&marketplace=FLIPKART&q=dslr+camera&store=jek%2Fp31%2Ftrv&srno=s_2_38&otracker=search&fm=organic&iid=f8a6e30d-7371-4e33-9dcb-894456d4a704.DLLH8PFFGTH6EFUG.SEARCH&ppt=None&ppn=None&ssid=dy1qq9r30g0000001779038341916&qH=d1ab000bc70cbc9a&ov_redirect=true,Effective Pixels: 24.2 MP | Sensor Type: CMOS | WiFi Available | 4K,flipkart
NIKON Z50 II Mirrorless Camera Body with 18-140mm,cameras,114799.0,115795.0,0,4.6,93,https://rukminim2.flixcart.com/image/400/400/xif0q/dslr-camera/j/i/z/z50-mark-ii-18-140-20-9-z50-ii-nikon-original-imah6j4dhfbvy8tr.jpeg?q=70,https://www.flipkart.com/nikon-z50-ii-mirrorless-camera-body-18-140mm/p/itm260debe3c3baa?pid=DLLH6GPQFV98FHFC&lid=LSTDLLH6GPQFV98FHFC61B4NC&marketplace=FLIPKART&q=dslr+camera&store=jek%2Fp31%2Ftrv&srno=s_2_39&otracker=search&fm=organic&iid=f8a6e30d-7371-4e33-9dcb-894456d4a704.DLLH6GPQFV98FHFC.SEARCH&ppt=None&ppn=None&ssid=dy1qq9r30g0000001779038341916&qH=d1ab000bc70cbc9a&ov_redirect=true,Effective Pixels: 20.9 MP | Sensor Type: CMOS | WiFi Available | 4K,flipkart
Panasonic Lumix DC-G97HGW Mirrorless Camera Body and Lumix G Vario 14-140mm/F3.5-5.6,cameras,89990.0,89990.0,0,0.0,0,https://rukminim2.flixcart.com/image/400/400/xif0q/dslr-camera/y/d/a/-original-imahm3c4rkkhh2ym.jpeg?q=70,https://www.flipkart.com/panasonic-lumix-dc-g97hgw-mirrorless-camera-body-g-vario-14-140mm-f3-5-5-6/p/itm79f930063555e?pid=DLLHHWGZBENMKYFY&lid=LSTDLLHHWGZBENMKYFYPA96BF&marketplace=FLIPKART&q=dslr+camera&store=jek%2Fp31%2Ftrv&srno=s_2_40&otracker=search&fm=organic&iid=f8a6e30d-7371-4e33-9dcb-894456d4a704.DLLHHWGZBENMKYFY.SEARCH&ppt=None&ppn=None&ssid=dy1qq9r30g0000001779038341916&qH=d1ab000bc70cbc9a&ov_redirect=true,Effective Pixels: 20.3 MP | Sensor Type: MOS | WiFi Available | 1920x1080 / 1280x720,flipkart
NIKON Z50 II Mirrorless Camera Body Only,cameras,77995.0,77995.0,0,4.6,93,https://rukminim2.flixcart.com/image/400/400/xif0q/dslr-camera/b/s/c/z50-mark-ii-20-9-z50-ii-nikon-original-imah6j7j2yzfefkx.jpeg?q=70,https://www.flipkart.com/nikon-z50-ii-mirrorless-camera-body-only/p/itm260debe3c3baa?pid=DLLH6GPQK2AJYHP9&lid=LSTDLLH6GPQK2AJYHP9QYSLHS&marketplace=FLIPKART&q=dslr+camera&store=jek%2Fp31%2Ftrv&srno=s_2_41&otracker=search&fm=organic&iid=f8a6e30d-7371-4e33-9dcb-894456d4a704.DLLH6GPQK2AJYHP9.SEARCH&ppt=None&ppn=None&ssid=dy1qq9r30g0000001779038341916&qH=d1ab000bc70cbc9a&ov_redirect=true,Effective Pixels: 20.9 MP | Sensor Type: CMOS | WiFi Available | 4K,flipkart
NIKON Z8 Mirrorless Camera BODY ONLY,cameras,276399.0,343995.0,19.0,4.5,15,https://rukminim2.flixcart.com/image/400/400/xif0q/dslr-camera/y/f/f/-original-imagt3hdwzajcgvr.jpeg?q=70,https://www.flipkart.com/nikon-z8-mirrorless-camera-body-only/p/itm1faf0a3b66044?pid=DLLGRERAMZ9G2GKQ&lid=LSTDLLGRERAMZ9G2GKQICRJ2S&marketplace=FLIPKART&q=dslr+camera&store=jek%2Fp31%2Ftrv&srno=s_2_42&otracker=search&fm=organic&iid=f8a6e30d-7371-4e33-9dcb-894456d4a704.DLLGRERAMZ9G2GKQ.SEARCH&ppt=None&ppn=None&ssid=dy1qq9r30g0000001779038341916&qH=d1ab000bc70cbc9a&ov_redirect=true,Effective Pixels: 45.7 MP | Sensor Type: CMOS | WiFi Available | 8K,flipkart
NIKON Z8 Mirrorless Camera 24 - 120MM LENS,cameras,349599.0,379495.0,7.0,4.5,15,https://rukminim2.flixcart.com/image/400/400/xif0q/dslr-camera/v/7/a/-original-imagt3hdjbhvuyb3.jpeg?q=70,https://www.flipkart.com/nikon-z8-mirrorless-camera-24-120mm-lens/p/itmb269d3b3df270?pid=DLLGRERAKWGKNGGG&lid=LSTDLLGRERAKWGKNGGGNZLMPJ&marketplace=FLIPKART&q=dslr+camera&store=jek%2Fp31%2Ftrv&srno=s_2_43&otracker=search&fm=organic&iid=f8a6e30d-7371-4e33-9dcb-894456d4a704.DLLGRERAKWGKNGGG.SEARCH&ppt=None&ppn=None&ssid=dy1qq9r30g0000001779038341916&qH=d1ab000bc70cbc9a&ov_redirect=true,Effective Pixels: 52.37 MP | Sensor Type: CMOS | WiFi Available | 4K,flipkart
NIKON Z6 II Body Mirrorless Camera with 64GB,cameras,121799.0,159995.0,23.0,4.2,21,https://rukminim2.flixcart.com/image/400/400/kpwybgw0/dslr-camera/k/4/o/z6-ii-z6-ii-body-nikon-original-imag4fmeh2nfktas.jpeg?q=70,https://www.flipkart.com/nikon-z6-ii-body-mirrorless-camera-64gb/p/itmeec2a7d4b2bec?pid=DLLG3UVGWTSZHHPW&lid=LSTDLLG3UVGWTSZHHPWESMKBO&marketplace=FLIPKART&q=dslr+camera&store=jek%2Fp31%2Ftrv&srno=s_2_44&otracker=search&fm=organic&iid=f8a6e30d-7371-4e33-9dcb-894456d4a704.DLLG3UVGWTSZHHPW.SEARCH&ppt=None&ppn=None&ssid=dy1qq9r30g0000001779038341916&qH=d1ab000bc70cbc9a&ov_redirect=true,"4K Ultra HD at 60p., Dual processors., Dual card slots., High-speed shooting., More autofocus power., Keep shooting into the evening with the same fast, accurate AF performance., subject tracking automatically, Eye-Detection.Better than ever., Now you can use Wide-Area (L) Mode to set boundaries for eye detection., Capture the eyes On Video, Slow down time and capture every detail of movement, Reverse focus rotation., Built-in inspiration for multimedia creators., Focus Shift Shooting, Direct connect. (PC or Mac), Live stream | Effective Pixels: 24.5 MP | Sensor Type: CMOS | WiFi Available",flipkart
SONY Alpha 6400 Mirrorless Camera Body Only,cameras,65490.0,80490.0,18.0,4.6,1255,https://rukminim2.flixcart.com/image/400/400/xif0q/dslr-camera/0/b/0/-original-imah6h4pzrhks4gb.jpeg?q=70,https://www.flipkart.com/sony-alpha-6400-mirrorless-camera-body-only/p/itm166fa2e5ce8c4?pid=DLLH4FRFAAPEHGQY&lid=LSTDLLH4FRFAAPEHGQYGIEAXP&marketplace=FLIPKART&q=dslr+camera&store=jek%2Fp31%2Ftrv&spotlightTagId=default_TrendingId_jek%2Fp31%2Ftrv&srno=s_2_45&otracker=search&fm=organic&iid=f8a6e30d-7371-4e33-9dcb-894456d4a704.DLLH4FRFAAPEHGQY.SEARCH&ppt=None&ppn=None&ssid=dy1qq9r30g0000001779038341916&qH=d1ab000bc70cbc9a&ov_redirect=true,| 24.2MP | Real-Time Eye Auto Focus |4K Vlogging Camera | Tiltable LCD | Effective Pixels: 24.2 MP | Sensor Type: CMOS | WiFi Available,flipkart
SONY ILCE-6700KBQ IN5 Mirrorless Camera Body with SELP16502 mm Lens,cameras,135990.0,147490.0,7.0,0.0,0,https://rukminim2.flixcart.com/image/400/400/xif0q/dslr-camera/y/e/e/-original-imahguafzggzr6hy.jpeg?q=70,https://www.flipkart.com/sony-ilce-6700kbq-in5-mirrorless-camera-body-selp16502-mm-lens/p/itm5dfbb8110097d?pid=DLLHGR2ZZC6K8YTY&lid=LSTDLLHGR2ZZC6K8YTYSOZVQJ&marketplace=FLIPKART&q=dslr+camera&store=jek%2Fp31%2Ftrv&srno=s_2_46&otracker=search&fm=organic&iid=f8a6e30d-7371-4e33-9dcb-894456d4a704.DLLHGR2ZZC6K8YTY.SEARCH&ppt=None&ppn=None&ssid=dy1qq9r30g0000001779038341916&qH=d1ab000bc70cbc9a&ov_redirect=true,Effective Pixels: 26 MP | Sensor Type: CMOS | WiFi Available | 4k,flipkart
NIKON Z5 Mirrorless Camera Z 5 Body,cameras,89099.0,111995.0,20.0,4.7,32,https://rukminim2.flixcart.com/image/400/400/kokdci80/dslr-camera/c/n/w/z-5-body-z5-nikon-original-imag2zugujc7aeva.jpeg?q=70,https://www.flipkart.com/nikon-z5-mirrorless-camera-z-5-body/p/itm197a19fe55589?pid=DLLG2XDCDGMG54AJ&lid=LSTDLLG2XDCDGMG54AJEOANGM&marketplace=FLIPKART&q=dslr+camera&store=jek%2Fp31%2Ftrv&srno=s_2_47&otracker=search&fm=organic&iid=f8a6e30d-7371-4e33-9dcb-894456d4a704.DLLG2XDCDGMG54AJ.SEARCH&ppt=None&ppn=None&ssid=dy1qq9r30g0000001779038341916&qH=d1ab000bc70cbc9a&ov_redirect=true,"4K UHD/30p, Optical VR image stabilisation and electronic Vibration Reduction, Creative Picture Controls, Focus Peaking, Capture stills while recording, Timelapse made easy., Up your live stream., Right.In any light., Fully automatic.Totally manual., The eyes say it all., Focus anywhere., Tweak. Shoot. Create., Multiply your vision., Shift your focus., Easy pairing.Easy sharing., Tilt. Touch. Swipe. Pinch | Effective Pixels: 24.3 MP | Sensor Type: CMOS | WiFi Available",flipkart
Canon EOS R5 Mark II Mirrorless Camera Body Only,cameras,359990.0,405995.0,11.0,0.0,0,https://rukminim2.flixcart.com/image/400/400/xif0q/dslr-camera/v/v/a/r5-mark-ii-45-eos-canon-original-imah3vdh4b26r8xm.jpeg?q=70,https://www.flipkart.com/canon-eos-r5-mark-ii-mirrorless-camera-body-only/p/itm8a5dc1b693020?pid=DLLH3GH7UXGUKGG6&lid=LSTDLLH3GH7UXGUKGG6WV4WZ7&marketplace=FLIPKART&q=dslr+camera&store=jek%2Fp31%2Ftrv&srno=s_2_48&otracker=search&fm=organic&iid=f8a6e30d-7371-4e33-9dcb-894456d4a704.DLLH3GH7UXGUKGG6.SEARCH&ppt=None&ppn=None&ssid=dy1qq9r30g0000001779038341916&qH=d1ab000bc70cbc9a&ov_redirect=true,"In-Camera 8K 60p RAW & 4K 120p Recording with Canon Log 2 and 3, 45MP Full-Frame Back-Illuminated Stacked CMOS Sensor, Accelerated Capture - DIGIC Accelerator & DIGIC X, Shoot up to 30 fps with Eye Control AF & Action Priority Feature | Effective Pixels: 45 MP | Sensor Type: CMOS | WiFi Available",flipkart
SONY Alpha ILCE-7CL Full Frame Mirrorless Camera with 28-60 mm Zoom LensFeaturing Eye AF and 4K movie ...,cameras,157990.0,172590.0,8.0,4.6,117,https://rukminim2.flixcart.com/image/400/400/kw9krrk0/dslr-camera/s/k/y/-original-imag8z5wgnmpqfvy.jpeg?q=70,https://www.flipkart.com/sony-alpha-ilce-7cl-full-frame-mirrorless-camera-28-60-mm-zoom-lensfeaturing-eye-af-4k-movie-recording/p/itmd61df74331787?pid=DLLFYB4E3UBR9ZK7&lid=LSTDLLFYB4E3UBR9ZK7N5B9LW&marketplace=FLIPKART&q=dslr+camera&store=jek%2Fp31%2Ftrv&srno=s_3_49&otracker=search&fm=organic&iid=c427e95a-db98-423f-ab19-b7216ac81690.DLLFYB4E3UBR9ZK7.SEARCH&ppt=None&ppn=None&ssid=8vns60rj0g0000001779038345095&qH=d1ab000bc70cbc9a&ov_redirect=true,"4K recording34 for beautiful movie imagery (Full-pixel readout without pixel binning allows oversampling equivalent to 6K recording, for clean images with less moir?and jaggies.), Movie-making with room for creativity, Designed for optimal usability, Unique full-frame imagery, Enjoy the full-frame advantage, Expand your movie-making options (Achieve truly artistic movie-making with the superb control, image quality and dimensionality of full-frame), Stunning images, even at fast shutter speeds and in dim light, Wi-Fi,NFC & Bluetooth | Effective Pixels: 24.2 MP | Sensor Type: CMOS | WiFi Available",flipkart
NIKON Z6 II Kit Mirrorless Camera 24-70mm Lens,cameras,161899.0,204995.0,21.0,4.3,29,https://rukminim2.flixcart.com/image/400/400/kq9ta4w0/dslr-camera/w/z/n/z6-ii-z6-ii-kit-nikon-original-imag4btqjmu73zfk.jpeg?q=70,https://www.flipkart.com/nikon-z6-ii-kit-mirrorless-camera-24-70mm-lens/p/itmde9ad97f1fa1c?pid=DLLG3UVGYA6WMVBP&lid=LSTDLLG3UVGYA6WMVBPFPKPGZ&marketplace=FLIPKART&q=dslr+camera&store=jek%2Fp31%2Ftrv&spotlightTagId=default_TrendingId_jek%2Fp31%2Ftrv&srno=s_3_50&otracker=search&fm=organic&iid=c427e95a-db98-423f-ab19-b7216ac81690.DLLG3UVGYA6WMVBP.SEARCH&ppt=None&ppn=None&ssid=8vns60rj0g0000001779038345095&qH=d1ab000bc70cbc9a&ov_redirect=true,"4K Ultra HD at 60p., Dual processors., Dual card slots., High-speed shooting., More autofocus power., Keep shooting into the evening with the same fast, accurate AF performance., subject tracking automatically, Eye-Detection.Better than ever., Now you can use Wide-Area (L) Mode to set boundaries for eye detection., Capture the eyes On Video, Slow down time and capture every detail of movement, Reverse focus rotation., Built-in inspiration for multimedia creators., Focus Shift Shooting, Direct connect. (PC or Mac), Live stream | Effective Pixels: 24.5 MP | Sensor Type: CMOS | WiFi Available",flipkart
SONY FX ILME-FX2B/Q IN5 Mirrorless Camera Body Only,cameras,269990.0,289990.0,6.0,0.0,0,https://rukminim2.flixcart.com/image/400/400/xif0q/dslr-camera/d/r/x/-original-imahgu2mchzq7hxq.jpeg?q=70,https://www.flipkart.com/sony-fx-ilme-fx2b-q-in5-mirrorless-camera-body-only/p/itm61a2de683725e?pid=DLLHGR2CDCYRSFGQ&lid=LSTDLLHGR2CDCYRSFGQAV4MWF&marketplace=FLIPKART&q=dslr+camera&store=jek%2Fp31%2Ftrv&srno=s_3_51&otracker=search&fm=organic&iid=c427e95a-db98-423f-ab19-b7216ac81690.DLLHGR2CDCYRSFGQ.SEARCH&ppt=None&ppn=None&ssid=8vns60rj0g0000001779038345095&qH=d1ab000bc70cbc9a&ov_redirect=true,"Effective Pixels: 33 MP | Sensor Type: CMOS | WiFi Available | 4:2:0, 10bit",flipkart
SONY Alpha ILCE-7M4 Full Frame Mirrorless Camera Body Featuring Eye AF and 4K movie recording,cameras,186990.0,242490.0,22.0,4.4,45,https://rukminim2.flixcart.com/image/400/400/l08gsy80/dslr-camera/s/e/b/-original-imagc2cz2hyqgwmn.jpeg?q=70,https://www.flipkart.com/sony-alpha-ilce-7m4-full-frame-mirrorless-camera-body-featuring-eye-af-4k-movie-recording/p/itmf54ab4da56f4d?pid=DLLGBKMZUZKSYUUR&lid=LSTDLLGBKMZUZKSYUURFNBMU5&marketplace=FLIPKART&q=dslr+camera&store=jek%2Fp31%2Ftrv&srno=s_3_52&otracker=search&fm=organic&iid=c427e95a-db98-423f-ab19-b7216ac81690.DLLGBKMZUZKSYUUR.SEARCH&ppt=None&ppn=None&ssid=8vns60rj0g0000001779038345095&qH=d1ab000bc70cbc9a&ov_redirect=true,"7K oversampling for beautifully expressive, richly detailed images (When recording 4K movies at up to 30p, full-frame 7K oversampling is possible, resulting in high-resolution, highly detailed 4K. Select the mode that best suits your purpose, and let the camera deliver.), 4K 60p, 10-bit 4:2:2 recording capability, Flagship-quality still and movie imaging, Flagship-quality still and movie imaging, Still photography without compromise, Higher resolution, better colour reproduction, Quickly set the visual mood with ten Creative Look presets, Reliable autofocus, impressive speed, Fast Hybrid AF, evolved, continuous shooting with fast buffer release, Improved Real-time Eye AF (Keeping the targeted eye in focus so you can concentrate on composition), High-performance 'Active Mode' image stabilisation, Improvements in selection and editing workflow, Instantly turn your a7 IV into a web camera, Share your still images and movies immediately, Intuitive touch operations | Effective Pixels: 33 MP | Sensor Type: CMOS | WiFi Available",flipkart
Blackmagic Design Blackmagic Pocket Cinema Camera-4K Mirrorless Camera,cameras,117999.0,118000.0,0,0.0,0,https://rukminim2.flixcart.com/image/400/400/xif0q/camera/1/y/b/na-blackmagic-pocket-cinema-camera-4k-mirrorless-blackmagic-original-imahf7zberyhaatm.jpeg?q=70,https://www.flipkart.com/blackmagic-design-pocket-cinema-camera-4k-mirrorless-camera/p/itmded38d40e0294?pid=CAMHF7ZBEJA9SQCY&lid=LSTCAMHF7ZBEJA9SQCYE9FBSR&marketplace=FLIPKART&q=dslr+camera&store=jek%2Fp31%2Ftrv&srno=s_3_53&otracker=search&fm=organic&iid=c427e95a-db98-423f-ab19-b7216ac81690.CAMHF7ZBEJA9SQCY.SEARCH&ppt=None&ppn=None&ssid=8vns60rj0g0000001779038345095&qH=d1ab000bc70cbc9a&ov_redirect=true,Effective Pixels: 8.8 MP | Optical Zoom: 20-70mm T2.9 MFT Cine Zoom | Sensor Type: BSI CMOS | LCD Size: 5 inch | Max Shutter Speed: 1/5000th,flipkart
SONY Alpha ILCE-1/BQ IN5 Mirrorless Camera Body Only,cameras,470990.0,559990.0,15.0,0.0,0,https://rukminim2.flixcart.com/image/400/400/xif0q/dslr-camera/g/o/y/-original-imagvjzkzkpjqsay.jpeg?q=70,https://www.flipkart.com/sony-alpha-ilce-1-bq-in5-mirrorless-camera-body-only/p/itm377fb516df8fe?pid=DLLGTPT6DFDT9RDZ&lid=LSTDLLGTPT6DFDT9RDZRWSDYC&marketplace=FLIPKART&q=dslr+camera&store=jek%2Fp31%2Ftrv&srno=s_3_54&otracker=search&fm=organic&iid=c427e95a-db98-423f-ab19-b7216ac81690.DLLGTPT6DFDT9RDZ.SEARCH&ppt=None&ppn=None&ssid=8vns60rj0g0000001779038345095&qH=d1ab000bc70cbc9a&ov_redirect=true,Effective Pixels: 50 MP | Sensor Type: CMOS | WiFi Available | 4K,flipkart
"dkian Digital Kids 20MP, 1080P with 32GB Memory Card Mini Mirrorless Camera",cameras,2736.0,3999.0,31.0,3.0,23,https://rukminim2.flixcart.com/image/400/400/k3rmm4w0/point-shoot-camera/f/n/v/kids-point-and-shoot-digital-camera-point-and-shoot-kids-point-original-imafknpazf7dhses.jpeg?q=70,https://www.flipkart.com/dkian-digital-kids-20mp-1080p-32gb-memory-card-mini-mirrorless-camera/p/itmab0618c1cc080?pid=CAMFKNFWYYTFE2S9&lid=LSTCAMFKNFWYYTFE2S9SMVUII&marketplace=FLIPKART&q=dslr+camera&store=jek%2Fp31%2Ftrv&srno=s_3_55&otracker=search&fm=organic&iid=c427e95a-db98-423f-ab19-b7216ac81690.CAMFKNFWYYTFE2S9.SEARCH&ppt=None&ppn=None&ssid=8vns60rj0g0000001779038345095&qH=d1ab000bc70cbc9a&ov_redirect=true,Effective Pixels: 20 MP | Optical Zoom: 4X | Sensor Type: CMOS | LCD Size: 2 inch | Max Shutter Speed: Auto,flipkart
NIKON Z5II Mirrorless Camera Body Only,cameras,145099.0,149995.0,3.0,4.5,13,https://rukminim2.flixcart.com/image/400/400/xif0q/dslr-camera/1/v/u/-original-imahcuvykquwmxab.jpeg?q=70,https://www.flipkart.com/nikon-z5ii-mirrorless-camera-body-only/p/itmc160f2e7e191d?pid=DLLHBZMP9SQCTNG2&lid=LSTDLLHBZMP9SQCTNG2CL8FYH&marketplace=FLIPKART&q=dslr+camera&store=jek%2Fp31%2Ftrv&srno=s_3_56&otracker=search&fm=organic&iid=c427e95a-db98-423f-ab19-b7216ac81690.DLLHBZMP9SQCTNG2.SEARCH&ppt=None&ppn=None&ssid=8vns60rj0g0000001779038345095&qH=d1ab000bc70cbc9a&ov_redirect=true,Effective Pixels: 25.28 MP | Sensor Type: CMOS | WiFi Available | RAW,flipkart
NIKON Z 50 Mirrorless Camera Body with 16-50mm & 50-250mm Lenses,cameras,90999.0,102995.0,11.0,4.5,611,https://rukminim2.flixcart.com/image/400/400/xif0q/dslr-camera/r/f/k/z-50-20-9-z-50-nikon-original-imah3g87339tyurz.jpeg?q=70,https://www.flipkart.com/nikon-z-50-mirrorless-camera-body-16-50mm-50-250mm-lenses/p/itmf3f5ad7ec8578?pid=DLLFHY8YCXP7WM32&lid=LSTDLLFHY8YCXP7WM32SALMY0&marketplace=FLIPKART&q=dslr+camera&store=jek%2Fp31%2Ftrv&srno=s_3_57&otracker=search&fm=organic&iid=c427e95a-db98-423f-ab19-b7216ac81690.DLLFHY8YCXP7WM32.SEARCH&ppt=None&ppn=None&ssid=8vns60rj0g0000001779038345095&qH=d1ab000bc70cbc9a&ov_redirect=true,"Edit videos on the fly (Shoot a clip, trim it right in the camera, send it to your phone and post it without missing a beat.), Like two cameras in one.(The Z 50 lets you separately save the most appropriate settings for each shooting mode and then change smoothly between them with the flick of a lever.), Turn an ordinary moment into an epic 120 FPS slow motion 1080p Full HD video, great for bending time, speed ramping, Quick and nimble., Shoot remotely, Eye catching in so many ways., Extra-creative filters & effects., High-end feel, Great content deserves a great-looking live stream. | Effective Pixels: 20.9 MP | Sensor Type: CMOS | WiFi Available",flipkart
SONY ZV-E10M2 Mirrorless Camera Body Only,cameras,87990.0,94990.0,7.0,4.3,84,https://rukminim2.flixcart.com/image/400/400/xif0q/dslr-camera/t/f/u/zv-e10ii-26-zv-e10m2-sony-original-imah4fg5zfwryj3z.jpeg?q=70,https://www.flipkart.com/sony-zv-e10m2-mirrorless-camera-body-only/p/itm5af54a9d58e0e?pid=DLLH4YYJFGFWDCGW&lid=LSTDLLH4YYJFGFWDCGW93IEPD&marketplace=FLIPKART&q=dslr+camera&store=jek%2Fp31%2Ftrv&srno=s_3_58&otracker=search&fm=organic&iid=c427e95a-db98-423f-ab19-b7216ac81690.DLLH4YYJFGFWDCGW.SEARCH&ppt=None&ppn=None&ssid=8vns60rj0g0000001779038345095&qH=d1ab000bc70cbc9a&ov_redirect=true,Effective Pixels: 26 MP | Sensor Type: CMOS | WiFi Available | 4K,flipkart
NIKON Z5II Mirrorless Camera Body with 24-70mm lens,cameras,184899.0,194995.0,5.0,4.5,13,https://rukminim2.flixcart.com/image/400/400/xif0q/dslr-camera/j/m/z/-original-imahbxzb3n8tfezm.jpeg?q=70,https://www.flipkart.com/nikon-z5ii-mirrorless-camera-body-24-70mm-lens/p/itmd288e2dae2ff9?pid=DLLHBZMP3KC7GXHY&lid=LSTDLLHBZMP3KC7GXHYHTBDMA&marketplace=FLIPKART&q=dslr+camera&store=jek%2Fp31%2Ftrv&srno=s_3_59&otracker=search&fm=organic&iid=c427e95a-db98-423f-ab19-b7216ac81690.DLLHBZMP3KC7GXHY.SEARCH&ppt=None&ppn=None&ssid=8vns60rj0g0000001779038345095&qH=d1ab000bc70cbc9a&ov_redirect=true,Effective Pixels: 25.28 MP | Sensor Type: CMOS | WiFi Available | RAW,flipkart
SONY ZV-1M2 Mirrorless Camera Body with Versatile 18�50 mm,cameras,79990.0,86990.0,8.0,3.8,5,https://rukminim2.flixcart.com/image/400/400/xif0q/dslr-camera/g/r/u/zv-1m2-bq-in5-20-1-zv-1m2-sony-original-imagtq5uauh5zubz.jpeg?q=70,https://www.flipkart.com/sony-zv-1m2-mirrorless-camera-body-versatile-1850-mm/p/itm8c0fe7cb7f553?pid=DLLGTJCTQHHGVPWD&lid=LSTDLLGTJCTQHHGVPWDGFQM0I&marketplace=FLIPKART&q=dslr+camera&store=jek%2Fp31%2Ftrv&srno=s_3_60&otracker=search&fm=organic&iid=c427e95a-db98-423f-ab19-b7216ac81690.DLLGTJCTQHHGVPWD.SEARCH&ppt=None&ppn=None&ssid=8vns60rj0g0000001779038345095&qH=d1ab000bc70cbc9a&ov_redirect=true,Effective Pixels: 20.1 MP | Sensor Type: CMOS | WiFi Available | 4k,flipkart
SONY ZV-E1L Mirrorless Camera Full-Frame Interchangeable Vlog �28-60mm Made for Creators | Artificial ...,cameras,222990.0,243990.0,8.0,4.3,9,https://rukminim2.flixcart.com/image/400/400/xif0q/dslr-camera/l/c/w/zv-e1l-12-1-zv-e1l-sony-original-imagrveqp2jrz9ay.jpeg?q=70,https://www.flipkart.com/sony-zv-e1l-mirrorless-camera-full-frame-interchangeable-vlog-28-60mm-made-creators-artificial-intelligence-based-autofocus/p/itm27aea40ce258b?pid=DLLGRRZJ5CGAMEDH&lid=LSTDLLGRRZJ5CGAMEDHMAMIZT&marketplace=FLIPKART&q=dslr+camera&store=jek%2Fp31%2Ftrv&srno=s_3_61&otracker=search&fm=organic&iid=c427e95a-db98-423f-ab19-b7216ac81690.DLLGRRZJ5CGAMEDH.SEARCH&ppt=None&ppn=None&ssid=8vns60rj0g0000001779038345095&qH=d1ab000bc70cbc9a&ov_redirect=true,Effective Pixels: 12.1 MP | Sensor Type: CMOS | WiFi Available | 4K,flipkart
NIKON Z30 Mirrorless Camera Body only,cameras,58499.0,59895.0,2.0,4.2,158,https://rukminim2.flixcart.com/image/400/400/xif0q/dslr-camera/k/b/v/z30-20-9-z30-nikon-original-imah3gaytz76zzeg.jpeg?q=70,https://www.flipkart.com/nikon-z30-mirrorless-camera-body-only/p/itmd3d0d9749e63d?pid=DLLGGYSQZ7ZGD5PA&lid=LSTDLLGGYSQZ7ZGD5PAV6ZHZR&marketplace=FLIPKART&q=dslr+camera&store=jek%2Fp31%2Ftrv&srno=s_3_62&otracker=search&fm=organic&iid=c427e95a-db98-423f-ab19-b7216ac81690.DLLGGYSQZ7ZGD5PA.SEARCH&ppt=None&ppn=None&ssid=8vns60rj0g0000001779038345095&qH=d1ab000bc70cbc9a&ov_redirect=true,"4K UHD video with 100% Angle view, 20 types of creative picture control, Compact Content Creation., Personalised Performance, Twist And Touch., Fuss-Free Focus., Eye-Detection AF & Animal-Detection AF / AF-F., SnapBridge, NX Studio, Webcam Utility, Wi-Fi Compatibility | Effective Pixels: 20.9 MP | Sensor Type: CMOS | WiFi Available",flipkart
NIKON ZR Body Only Mirrorless Camera Cinema Line,cameras,173799.0,186995.0,7.0,0.0,0,https://rukminim2.flixcart.com/image/400/400/xif0q/dslr-camera/d/g/z/-original-imahhm9dkwarr9dx.jpeg?q=70,https://www.flipkart.com/nikon-zr-body-only-mirrorless-camera-cinema-line/p/itmb17ead450b388?pid=DLLHHHXCQPDUGG88&lid=LSTDLLHHHXCQPDUGG88R0LWQV&marketplace=FLIPKART&q=dslr+camera&store=jek%2Fp31%2Ftrv&srno=s_3_63&otracker=search&fm=organic&iid=c427e95a-db98-423f-ab19-b7216ac81690.DLLHHHXCQPDUGG88.SEARCH&ppt=None&ppn=None&ssid=8vns60rj0g0000001779038345095&qH=d1ab000bc70cbc9a&ov_redirect=true,Effective Pixels: 24.5 MP | Sensor Type: CMOS | WiFi Available | 4K,flipkart
SONY ILCE-7RM5 Mirrorless Camera Body Only,cameras,314990.0,353990.0,11.0,0.0,0,https://rukminim2.flixcart.com/image/400/400/xif0q/dslr-camera/a/k/l/ilce-7rm5-61-ilce-7rm5-sony-original-imagz667ftdz2txn.jpeg?q=70,https://www.flipkart.com/sony-ilce-7rm5-mirrorless-camera-body-only/p/itmf22f6d545ee67?pid=DLLGNQHGHZVTVXF3&lid=LSTDLLGNQHGHZVTVXF3GKEXFX&marketplace=FLIPKART&q=dslr+camera&store=jek%2Fp31%2Ftrv&srno=s_3_64&otracker=search&fm=organic&iid=c427e95a-db98-423f-ab19-b7216ac81690.DLLGNQHGHZVTVXF3.SEARCH&ppt=None&ppn=None&ssid=8vns60rj0g0000001779038345095&qH=d1ab000bc70cbc9a&ov_redirect=true,Effective Pixels: 61 MP | Sensor Type: CMOS | WiFi Available | 4K UHD,flipkart
NIKON Z Series Z F Mirrorless Camera NIKKOR Z 40MM F/2,cameras,185599.0,194995.0,4.0,4.3,12,https://rukminim2.flixcart.com/image/400/400/xif0q/dslr-camera/k/p/f/z-f-kit-25-28-z-f-nikon-original-imahyhchkz38nek5.jpeg?q=70,https://www.flipkart.com/nikon-z-series-f-mirrorless-camera-nikkor-40mm-f-2/p/itmcf2a95341ccd9?pid=DLLGZMNYFCQFUH9W&lid=LSTDLLGZMNYFCQFUH9WGISTTD&marketplace=FLIPKART&q=dslr+camera&store=jek%2Fp31%2Ftrv&srno=s_3_65&otracker=search&fm=organic&iid=c427e95a-db98-423f-ab19-b7216ac81690.DLLGZMNYFCQFUH9W.SEARCH&ppt=None&ppn=None&ssid=8vns60rj0g0000001779038345095&qH=d1ab000bc70cbc9a&ov_redirect=true,Effective Pixels: 25.28 MP | Sensor Type: CMOS | WiFi Available | 4K,flipkart
SONY FX ILME-FX2/Q IN5 Mirrorless Camera Body Only,cameras,284990.0,309990.0,8.0,0.0,0,https://rukminim2.flixcart.com/image/400/400/xif0q/dslr-camera/1/i/6/-original-imahgu2mxhaahqn8.jpeg?q=70,https://www.flipkart.com/sony-fx-ilme-fx2-q-in5-mirrorless-camera-body-only/p/itmb94cc558a6d8f?pid=DLLHGR2CMZ7PYMFT&lid=LSTDLLHGR2CMZ7PYMFTWOMN40&marketplace=FLIPKART&q=dslr+camera&store=jek%2Fp31%2Ftrv&srno=s_3_66&otracker=search&fm=organic&iid=c427e95a-db98-423f-ab19-b7216ac81690.DLLHGR2CMZ7PYMFT.SEARCH&ppt=None&ppn=None&ssid=8vns60rj0g0000001779038345095&qH=d1ab000bc70cbc9a&ov_redirect=true,"Effective Pixels: 33 MP | Sensor Type: CMOS | WiFi Available | 4:2:0, 10bit",flipkart
NIKON Z6II Mirrorless Camera Body with 24-120mm,cameras,216686.0,257990.0,16.0,0.0,0,https://rukminim2.flixcart.com/image/400/400/xif0q/dslr-camera/w/c/b/z50-mark-ii-16-50-50-250-20-9-z50-ii-nikon-original-imahjzcn6smykzxy.jpeg?q=70,https://www.flipkart.com/nikon-z6ii-mirrorless-camera-body-24-120mm/p/itm03103d4dbb739?pid=DLLHJZCTZBZDGFUX&lid=LSTDLLHJZCTZBZDGFUXZWWWSQ&marketplace=FLIPKART&q=dslr+camera&store=jek%2Fp31%2Ftrv&srno=s_3_67&otracker=search&fm=organic&iid=c427e95a-db98-423f-ab19-b7216ac81690.DLLHJZCTZBZDGFUX.SEARCH&ppt=None&ppn=None&ssid=8vns60rj0g0000001779038345095&qH=d1ab000bc70cbc9a&ov_redirect=true,Effective Pixels: 20.9 MP | Sensor Type: CMOS | WiFi Available | 4K,flipkart
FUJIFILM X Series X-T4 Mirrorless Camera XF 16-55mm F2.8 R LM WR lens and BC-W235 Dual Battery Charger,cameras,274998.0,274998.0,0,4.3,24,https://rukminim2.flixcart.com/image/400/400/xif0q/dslr-camera/g/m/e/-original-imagj5y4kqgkgfzk.jpeg?q=70,https://www.flipkart.com/fujifilm-x-series-x-t4-mirrorless-camera-xf-16-55mm-f2-8-r-lm-wr-lens-bc-w235-dual-battery-charger/p/itm577c34420c405?pid=DLLGGTZTWPWY4EV7&lid=LSTDLLGGTZTWPWY4EV7E2W1BN&marketplace=FLIPKART&q=dslr+camera&store=jek%2Fp31%2Ftrv&srno=s_3_68&otracker=search&fm=organic&iid=c427e95a-db98-423f-ab19-b7216ac81690.DLLGGTZTWPWY4EV7.SEARCH&ppt=None&ppn=None&ssid=8vns60rj0g0000001779038345095&qH=d1ab000bc70cbc9a&ov_redirect=true,"Effective Pixels: 26.1 MP | Sensor Type: CMOS | WiFi Available | 4K, Full HD",flipkart
FUJIFILM Mirrorless X-T4 Mirrorless Camera Body with XF16-80mm and XF33mm F1.4 R LM WR lens and BC-W23...,cameras,249990.0,284998.0,12.0,4.3,24,https://rukminim2.flixcart.com/image/400/400/xif0q/dslr-camera/m/7/x/-original-imagj5y4hyjdp94v.jpeg?q=70,https://www.flipkart.com/fujifilm-mirrorless-x-t4-camera-body-xf16-80mm-xf33mm-f1-4-r-lm-wr-lens-bc-w235-dual-batterycharger/p/itmbb595a5284668?pid=DLLGGTZTJZURWX2X&lid=LSTDLLGGTZTJZURWX2XCS9TSJ&marketplace=FLIPKART&q=dslr+camera&store=jek%2Fp31%2Ftrv&srno=s_3_69&otracker=search&fm=organic&iid=c427e95a-db98-423f-ab19-b7216ac81690.DLLGGTZTJZURWX2X.SEARCH&ppt=None&ppn=None&ssid=8vns60rj0g0000001779038345095&qH=d1ab000bc70cbc9a&ov_redirect=true,"Effective Pixels: 26.1 MP | Sensor Type: CMOS | WiFi Available | 4K, Full HD",flipkart
FUJIFILM X-H2S Mirrorless Camera Body only,cameras,209990.0,239999.0,12.0,0.0,0,https://rukminim2.flixcart.com/image/400/400/xif0q/dslr-camera/o/j/r/x-h2s-mirrorless-26-16-x-h2s-fujifilm-original-imagh7jcftrdpsrb.jpeg?q=70,https://www.flipkart.com/fujifilm-x-h2s-mirrorless-camera-body-only/p/itm8acbc6314ab43?pid=DLLGKUZTGFGVVRDV&lid=LSTDLLGKUZTGFGVVRDVOIMXMS&marketplace=FLIPKART&q=dslr+camera&store=jek%2Fp31%2Ftrv&srno=s_3_70&otracker=search&fm=organic&iid=c427e95a-db98-423f-ab19-b7216ac81690.DLLGKUZTGFGVVRDV.SEARCH&ppt=None&ppn=None&ssid=8vns60rj0g0000001779038345095&qH=d1ab000bc70cbc9a&ov_redirect=true,Effective Pixels: 26.16 MP | Sensor Type: CMOS | 6.2k | 1 Year Manufacturer Warranty,flipkart
SONY Alpha ILCE-7RM3A Full Frame Mirrorless Camera Body Featuring Eye AF and 4K movie recording,cameras,178990.0,204990.0,12.0,4.5,21,https://rukminim2.flixcart.com/image/400/400/jn97frk0/dslr-camera/n/t/g/ilce-7rm3-sony-original-imaf9zhknvjh7ksp.jpeg?q=70,https://www.flipkart.com/sony-alpha-ilce-7rm3a-full-frame-mirrorless-camera-body-featuring-eye-af-4k-movie-recording/p/itm2753008b4cb0b?pid=DLLF7GBG8PCBGNTG&lid=LSTDLLF7GBG8PCBGNTGHG009C&marketplace=FLIPKART&q=dslr+camera&store=jek%2Fp31%2Ftrv&srno=s_3_71&otracker=search&fm=organic&iid=c427e95a-db98-423f-ab19-b7216ac81690.DLLF7GBG8PCBGNTG.SEARCH&ppt=None&ppn=None&ssid=8vns60rj0g0000001779038345095&qH=d1ab000bc70cbc9a&ov_redirect=true,"High-resolution 4K HDR, Inspiring maximum creativity, A portal to unseen worlds, Depicting scenes in intimate detail, 3.69-million-dot Quad-VGA OLED Tru-Finder (This high-resolution twice-as-bright electronic viewfinder reproduces fine detail. ""Hi"" quality mode provides extra-fine views of natural realism on brilliant display.), Seize moments with quick precision, Shoot continuously in absolute silence, Dramatically evolved AF performance, Reliable AF down to EV-3 brightness, Eye AF with doubled performance, Enhanced image stabilisation: freer shooting, High connectivity for professional workflow, Different dimension of resolution, Pixel Shift Multi Shooting | Effective Pixels: 42.4 MP | Sensor Type: CMOS | WiFi Available",flipkart
SONY Alpha Alpha 1 Mirrorless Camera Mirrorless,cameras,470990.0,529990.0,11.0,0.0,0,https://rukminim2.flixcart.com/image/400/400/kthjy4w0/dslr-camera/c/q/o/alpha-ilce-1-full-frame-digital-slr-camera-8k-50mop-30-fps-real-original-imag6thaygyzrgnx.jpeg?q=70,https://www.flipkart.com/sony-alpha-1-mirrorless-camera/p/itmb96d1148207d9?pid=DLLG6DTGTTFSVF9V&lid=LSTDLLG6DTGTTFSVF9VFEUCQ7&marketplace=FLIPKART&q=dslr+camera&store=jek%2Fp31%2Ftrv&srno=s_3_72&otracker=search&fm=organic&iid=c427e95a-db98-423f-ab19-b7216ac81690.DLLG6DTGTTFSVF9V.SEARCH&ppt=None&ppn=None&ssid=8vns60rj0g0000001779038345095&qH=d1ab000bc70cbc9a&ov_redirect=true,"Effective Pixels: 50 MP | Sensor Type: CMOS | WiFi Available | Video Compression XAVC S: MPEG-4 AVC/H.264, AVCHD: MPEG-4 AVC/H.264",flipkart
"EVM EnClaw WDKM-612 Combo Set Designed for GamingWhite4.3(434)₹1,099₹3,49968% offBank Offer",gaming,1099.0,3499.0,68.0,4.3,434,https://rukminim2.flixcart.com/image/612/612/xif0q/computer-acc-combo/7/b/q/wdkm-612-2-evm-original-imahetw8fxj5bhah.jpeg?q=70,https://www.flipkart.com/evm-enclaw-wdkm-612-combo-set-designed-gaming/p/itm7de5e092f8c0a?pid=CASH8ZXHFPRB7J79&lid=LSTCASH8ZXHFPRB7J79VPMTXA&marketplace=FLIPKART&q=gaming+keyboard&store=6bo&srno=s_1_1&otracker=search&fm=organic&iid=en_nZRpBidBTVyqx62bI1gu5iabe5AqdSn4mdnxPqzxu8LOh-XAoLJceiZ7y0-8P5r3QOAWyrftA6SkyZc03biI9E4IsYyWu-Pj9cxFjFAoaLk%3D&ppt=None&ppn=None&ssid=ma8amom6gw0000001779038348202&qH=45ab4f678488626f&ov_redirect=true&ov_redirect=true,,flipkart
"EVOFOX Deathray V2 RGB Gaming Keyboard and Mouse Combo ...Black4.3(274)₹1,099₹1,89942% offSALE PE SALE",gaming,1099.0,1899.0,42.0,4.3,274,https://rukminim2.flixcart.com/image/612/612/xif0q/computer-acc-combo/3/w/f/deathray-v2-rgb-gaming-keyboard-and-mouse-1-evofox-original-imahckxfzsjf6qtw.jpeg?q=70,https://www.flipkart.com/evofox-deathray-v2-rgb-gaming-keyboard-mouse-combo-set-designed/p/itmcb730cc5ca043?pid=CASHAMPN8DAEGQTD&lid=LSTCASHAMPN8DAEGQTDTWZPRT&marketplace=FLIPKART&q=gaming+keyboard&store=6bo&srno=s_1_2&otracker=search&fm=organic&iid=en_nZRpBidBTVyqx62bI1gu5iabe5AqdSn4mdnxPqzxu8LtErMid7TUaf7vVxPb8ROnBVphfeRDVH0zFi_P1_pcu4QEIsITtCzc4bHaOMTqL08%3D&ppt=None&ppn=None&ssid=ma8amom6gw0000001779038348202&qH=45ab4f678488626f&ov_redirect=true&ov_redirect=true,,flipkart
"MILLENNIUM TECHNOLOGY One Handed RGB Backlite 35Keys Wi...Black3.9(1,587)₹705₹1,99964% offOnly few left",gaming,705.0,1999.0,64.0,3.9,1587,https://rukminim2.flixcart.com/image/612/612/xif0q/keyboard/gaming-keyboard/n/2/t/one-handed-rgb-backlite-35keys-millennium-technology-original-imahjfg5fmwndhjh.jpeg?q=70,https://www.flipkart.com/millennium-technology-one-handed-rgb-backlite-35keys-wired-usb-handheld-gaming-keyboard-compatible-desktop-laptop-mac/p/itm138d7f157b2da?pid=ACCH7WFBRH88R6BB&lid=LSTACCH7WFBRH88R6BBAB42PH&marketplace=FLIPKART&q=gaming+keyboard&store=6bo&srno=s_1_3&otracker=search&fm=organic&iid=04636ba9-8abb-430e-969e-5e9b05af0d73.ACCH7WFBRH88R6BB.SEARCH&ppt=None&ppn=None&ssid=ma8amom6gw0000001779038348202&qH=45ab4f678488626f&ov_redirect=true&ov_redirect=true,,flipkart
"EVOFOX Fireblade LED Backlit Wired USB Standard Gaming ...Black4.3(6,918)₹799₹1,29938% offSALE PE SALE",gaming,799.0,1299.0,38.0,4.3,6918,https://rukminim2.flixcart.com/image/612/612/xif0q/keyboard/gaming-keyboard/l/q/j/fireblade-led-backlit-evofox-original-imah7bugumur3ww4.jpeg?q=70,https://www.flipkart.com/evofox-fireblade-led-backlit-wired-usb-standard-gaming-keyboard-compatible-desktop-laptop-mac-mode-stand-support-multimedia-keys-fireblade/p/itm77f90036ddeb4?pid=ACCFS66EEDXYNYVW&lid=LSTACCFS66EEDXYNYVWJA6YXC&marketplace=FLIPKART&q=gaming+keyboard&store=6bo&srno=s_1_4&otracker=search&fm=organic&iid=04636ba9-8abb-430e-969e-5e9b05af0d73.ACCFS66EEDXYNYVW.SEARCH&ppt=None&ppn=None&ssid=ma8amom6gw0000001779038348202&qH=45ab4f678488626f&ov_redirect=true&ov_redirect=true,,flipkart
"Frontech KB-0042 Wired Keyboard | RGB Backlight | 104 K...White, Black3.9(4,327)₹416₹1,90078% offBank Offer",gaming,416.0,1900.0,78.0,3.9,4327,https://rukminim2.flixcart.com/image/612/612/xif0q/keyboard/gaming-keyboard/6/b/d/kb-0042-wired-keyboard-rgb-backlight-104-keys-frontech-original-imahhzpzhm3e6kxx.jpeg?q=70,https://www.flipkart.com/frontech-kb-0042-wired-keyboard-rgb-backlight-104-keys-usb-standard-gaming-compatible-desktop-laptop-mac-mode-stand-support-multimedia-keys/p/itm9d44588455b56?pid=ACCH2KZB8N2TYFAU&lid=LSTACCH2KZB8N2TYFAU3S6ZZQ&marketplace=FLIPKART&q=gaming+keyboard&store=6bo&spotlightTagId=default_BestsellerId_6bo&srno=s_1_5&otracker=search&fm=organic&iid=04636ba9-8abb-430e-969e-5e9b05af0d73.ACCH2KZB8N2TYFAU.SEARCH&ppt=None&ppn=None&ssid=ma8amom6gw0000001779038348202&qH=45ab4f678488626f&ov_redirect=true&ov_redirect=true,,flipkart
"EVOFOX Ronin TKL RGB Mechanical Wired USB Tenkeyless Ga...White4.5(674)₹2,699₹3,99932% offBank Offer",gaming,2699.0,3999.0,32.0,4.5,674,https://rukminim2.flixcart.com/image/612/612/xif0q/keyboard/gaming-keyboard/k/6/g/ronin-tkl-rgb-mechanical-evofox-original-imahdzd2aq7h66jf.jpeg?q=70,https://www.flipkart.com/evofox-ronin-tkl-rgb-mechanical-wired-usb-tenkeyless-gaming-keyboard-compatible-desktop-laptop-mac/p/itm11cf479fea3a5?pid=ACCHBK74WDEAHCZR&lid=LSTACCHBK74WDEAHCZRTEBJYW&marketplace=FLIPKART&q=gaming+keyboard&store=6bo&srno=s_1_6&otracker=search&fm=organic&iid=en_nZRpBidBTVyqx62bI1gu5iabe5AqdSn4mdnxPqzxu8Idlsug-7DgxxhONEsZrJ3AjASh-JKy4X6MuazHgG4MulF91k_NKRtsN7mkYTl-6AQ%3D&ppt=None&ppn=None&ssid=ma8amom6gw0000001779038348202&qH=45ab4f678488626f&ov_redirect=true&ov_redirect=true,,flipkart
Frontech KB-0008P Wired USB Handheld Gaming Keyboard Co...Black4.1(218)₹625₹99937% offSaver Deal,gaming,625.0,999.0,37.0,4.1,218,https://rukminim2.flixcart.com/image/612/612/xif0q/keyboard/gaming-keyboard/4/w/j/kb-0008p-frontech-original-imahhg5jzexrzmhd.jpeg?q=70,https://www.flipkart.com/frontech-kb-0008p-wired-usb-handheld-gaming-keyboard-compatible-desktop-tablet-laptop/p/itmd5e6f64efee21?pid=ACCHD63YXCZSMUFH&lid=LSTACCHD63YXCZSMUFHO2PS2S&marketplace=FLIPKART&q=gaming+keyboard&store=6bo&srno=s_1_7&otracker=search&fm=organic&iid=04636ba9-8abb-430e-969e-5e9b05af0d73.ACCHD63YXCZSMUFH.SEARCH&ppt=None&ppn=None&ssid=ma8amom6gw0000001779038348202&qH=45ab4f678488626f&ov_redirect=true&ov_redirect=true,,flipkart
"ZEBRONICS Zeb-Optimus(Zeb-KMC 2) Wired USB Standard Gam...White4.2(3,170)₹949₹1,79947% offOnly 1 left",gaming,949.0,1799.0,47.0,4.2,3170,https://rukminim2.flixcart.com/image/612/612/xif0q/keyboard/gaming-keyboard/a/d/h/zeb-optimus-zeb-kmc-2-zebronics-original-imahcbz4gmgmwgy5.jpeg?q=70,https://www.flipkart.com/zebronics-zeb-optimus-zeb-kmc-2-wired-usb-standard-gaming-keyboard-compatible-desktop-laptop-mac/p/itm42a8db6fdae71?pid=ACCH9HSZVRMPCZAH&lid=LSTACCH9HSZVRMPCZAHEMM4LJ&marketplace=FLIPKART&q=gaming+keyboard&store=6bo&srno=s_1_8&otracker=search&fm=organic&iid=04636ba9-8abb-430e-969e-5e9b05af0d73.ACCH9HSZVRMPCZAH.SEARCH&ppt=None&ppn=None&ssid=ma8amom6gw0000001779038348202&qH=45ab4f678488626f&ov_redirect=true&ov_redirect=true,,flipkart
"ZEBRONICS Zeb-Optimus (Zeb-KMC 2) Wired USB Standard Ga...Black4.2(3,170)₹899₹1,69947% offBank Offer",gaming,899.0,1699.0,47.0,4.2,3170,https://rukminim2.flixcart.com/image/612/612/xif0q/keyboard/gaming-keyboard/v/4/w/zeb-optimus-zeb-kmc-2-zebronics-original-imah9hssh2zmvgjt.jpeg?q=70,https://www.flipkart.com/zebronics-zeb-optimus-zeb-kmc-2-wired-usb-standard-gaming-keyboard-compatible-desktop-laptop-mac/p/itma39534046bbb5?pid=ACCH9HSSWJQXWGZF&lid=LSTACCH9HSSWJQXWGZFR1YA8C&marketplace=FLIPKART&q=gaming+keyboard&store=6bo&srno=s_1_9&otracker=search&fm=organic&iid=04636ba9-8abb-430e-969e-5e9b05af0d73.ACCH9HSSWJQXWGZF.SEARCH&ppt=None&ppn=None&ssid=ma8amom6gw0000001779038348202&qH=45ab4f678488626f&ov_redirect=true&ov_redirect=true,,flipkart
"Ant Esports MK700 V2 TKL Wired Gaming Keyboard -White W...Mercury4.4(511)₹617₹1,99969% offSALE PE SALE",gaming,617.0,1999.0,69.0,4.4,511,https://rukminim2.flixcart.com/image/612/612/xif0q/keyboard/gaming-keyboard/y/j/a/mk700-v2-tkl-wired-gaming-keyboard-white-ant-esports-original-imahcgjjfyxc37e4.jpeg?q=70,https://www.flipkart.com/ant-esports-mk700-v2-tkl-wired-gaming-keyboard-white-usb-standard-compatible-laptop-desktop/p/itm6908a6a760284?pid=ACCHCGJJGG5SM5YG&lid=LSTACCHCGJJGG5SM5YGDLYMGU&marketplace=FLIPKART&q=gaming+keyboard&store=6bo&srno=s_1_10&otracker=search&fm=organic&iid=04636ba9-8abb-430e-969e-5e9b05af0d73.ACCHCGJJGG5SM5YG.SEARCH&ppt=None&ppn=None&ssid=ma8amom6gw0000001779038348202&qH=45ab4f678488626f&ov_redirect=true&ov_redirect=true,,flipkart
"EVOFOX Deathray V2 3 in 1 Gaming Keyboard, Mouse and Ex...Black4.5(146)₹1,379₹2,19937% offBank Offer",gaming,1379.0,2199.0,37.0,4.5,146,https://rukminim2.flixcart.com/image/612/612/xif0q/computer-acc-combo/b/i/a/deathray-v2-3-in-1-gaming-keyboard-mouse-and-extended-deskpad-1-original-imahdbfjmrd5h6a3.jpeg?q=70,https://www.flipkart.com/evofox-deathray-v2-3-1-gaming-keyboard-mouse-extended-deskpad-combo-set-designed/p/itma2abae7617b28?pid=CASHAMPPJSGSJHXH&lid=LSTCASHAMPPJSGSJHXH7EIOEP&marketplace=FLIPKART&q=gaming+keyboard&store=6bo&srno=s_1_11&otracker=search&fm=organic&iid=en_nZRpBidBTVyqx62bI1gu5iabe5AqdSn4mdnxPqzxu8IPQhTXdGLt7OmdeVjrlmGHuOkAvGGHQzrr_hHsiWWRIg1kFuKnWaINrJqv3pKVKuU%3D&ppt=None&ppn=None&ssid=ma8amom6gw0000001779038348202&qH=45ab4f678488626f&ov_redirect=true&ov_redirect=true,,flipkart
"EVM EnClaw WDKM-612 Combo Set Designed for GamingGrey & Black4.1(103)₹2,697₹2,99910% offBank Offer",gaming,2697.0,2999.0,10.0,4.1,103,https://rukminim2.flixcart.com/image/612/612/xif0q/computer-acc-combo/g/4/t/wdkm-612-2-evm-original-imahetw7ts2fzb49.jpeg?q=70,https://www.flipkart.com/evm-enclaw-wdkm-612-combo-set-designed-gaming/p/itm953e3b55bcc4f?pid=CASH8ZX8D9JBVNEQ&lid=LSTCASH8ZX8D9JBVNEQPJKLV2&marketplace=FLIPKART&q=gaming+keyboard&store=6bo&srno=s_1_12&otracker=search&fm=organic&iid=en_nZRpBidBTVyqx62bI1gu5iabe5AqdSn4mdnxPqzxu8K5K8Xa4HaNRbqTwfs6wVwom38R2BgZrTWcAzNXEpT3wwaKg8hQxVtMHqLTdaqeDbc%3D&ppt=None&ppn=None&ssid=ma8amom6gw0000001779038348202&qH=45ab4f678488626f&ov_redirect=true&ov_redirect=true,,flipkart
"EVOFOX Katana X2 Mechanical Dynamic Backlighting Wired ...Black4.6(494)₹1,799₹3,49948% offBank Offer",gaming,1799.0,3499.0,48.0,4.6,494,https://rukminim2.flixcart.com/image/612/612/xif0q/keyboard/gaming-keyboard/6/o/l/katana-x2-mechanical-dynamic-backlighting-evofox-original-imahjsw9avppbg6g.jpeg?q=70,https://www.flipkart.com/evofox-katana-x2-mechanical-dynamic-backlighting-wired-usb-standard-gaming-keyboard-compatible-desktop-laptop/p/itmfcff371e8976c?pid=ACCHJH8NWDJ2CVB5&lid=LSTACCHJH8NWDJ2CVB5ZKCHOQ&marketplace=FLIPKART&q=gaming+keyboard&store=6bo&srno=s_1_13&otracker=search&fm=organic&iid=04636ba9-8abb-430e-969e-5e9b05af0d73.ACCHJH8NWDJ2CVB5.SEARCH&ppt=None&ppn=None&ssid=ma8amom6gw0000001779038348202&qH=45ab4f678488626f&ov_redirect=true&ov_redirect=true,,flipkart
"EVOFOX Katana X2 TKL Mechanical Wired USB Tenkeyless Ga...White4.5(1,057)₹1,699₹3,29948% offSaver Deal",gaming,1699.0,3299.0,48.0,4.5,1057,https://rukminim2.flixcart.com/image/612/612/xif0q/keyboard/gaming-keyboard/9/1/h/katana-x2-tkl-mechanical-evofox-original-imahexbraex5xgne.jpeg?q=70,https://www.flipkart.com/evofox-katana-x2-tkl-mechanical-wired-usb-tenkeyless-gaming-keyboard-compatible-desktop-laptop-mac/p/itm503e7b4a940ec?pid=ACCHDTCHQPRREXZW&lid=LSTACCHDTCHQPRREXZWWJBXXK&marketplace=FLIPKART&q=gaming+keyboard&store=6bo&srno=s_1_14&otracker=search&fm=organic&iid=04636ba9-8abb-430e-969e-5e9b05af0d73.ACCHDTCHQPRREXZW.SEARCH&ppt=None&ppn=None&ssid=ma8amom6gw0000001779038348202&qH=45ab4f678488626f&ov_redirect=true&ov_redirect=true,,flipkart
"Intex IT-KB334 Wired USB Standard Gaming Keyboard Compa...Black3.9(31,970)₹359₹1,89981% offSALE PE SALE",gaming,359.0,1899.0,81.0,3.9,31970,https://rukminim2.flixcart.com/image/612/612/xif0q/keyboard/gaming-keyboard/q/e/v/it-kb334-intex-original-imahhnkwzz2uh6hz.jpeg?q=70,https://www.flipkart.com/intex-it-kb334-wired-usb-standard-gaming-keyboard-compatible-desktop-laptop-mac-mouse-it-kb-334-rgb-spill-resistant/p/itmd844b8397574f?pid=CASGMPTC9G4RHSP4&lid=LSTCASGMPTC9G4RHSP44YCQZP&marketplace=FLIPKART&q=gaming+keyboard&store=6bo&srno=s_1_15&otracker=search&fm=organic&iid=04636ba9-8abb-430e-969e-5e9b05af0d73.CASGMPTC9G4RHSP4.SEARCH&ppt=None&ppn=None&ssid=ma8amom6gw0000001779038348202&qH=45ab4f678488626f&ov_redirect=true&ov_redirect=true,,flipkart
"Frontech KB-0039 Wired Super Design Gaming Keyboard and...Black3.9(2,734)₹840₹2,50066% offSaver Deal",gaming,840.0,2500.0,66.0,3.9,2734,https://rukminim2.flixcart.com/image/612/612/xif0q/laptop-accessories-combo/l/b/a/kb-0039-wired-super-design-gaming-keyboard-and-optical-mouse-rgb-original-imahhzr6hbxseh32.jpeg?q=70,https://www.flipkart.com/frontech-kb-0039-wired-super-design-gaming-keyboard-optical-mouse-rgb-backlight-combo-set/p/itmed9a701cd59f6?pid=LACGXP4TXGWUFYHP&lid=LSTLACGXP4TXGWUFYHPSV2VHU&marketplace=FLIPKART&q=gaming+keyboard&store=6bo&srno=s_1_16&otracker=search&fm=organic&iid=04636ba9-8abb-430e-969e-5e9b05af0d73.LACGXP4TXGWUFYHP.SEARCH&ppt=None&ppn=None&ssid=ma8amom6gw0000001779038348202&qH=45ab4f678488626f&ov_redirect=true&ov_redirect=true,,flipkart
"EVOFOX Ronin TKL RGB Mechanical Wired USB Tenkeyless Ga...Black4.5(674)₹2,699₹3,99932% offSaver Deal",gaming,2699.0,3999.0,32.0,4.5,674,https://rukminim2.flixcart.com/image/612/612/xif0q/keyboard/gaming-keyboard/m/l/f/ronin-tkl-rgb-mechanical-evofox-original-imahdmzuavtbhezt.jpeg?q=70,https://www.flipkart.com/evofox-ronin-tkl-rgb-mechanical-wired-usb-tenkeyless-gaming-keyboard-compatible-desktop-laptop-mac/p/itm11cf479fea3a5?pid=ACCH5VMXUZYXVHUQ&lid=LSTACCH5VMXUZYXVHUQDHUWLZ&marketplace=FLIPKART&q=gaming+keyboard&store=6bo&srno=s_1_17&otracker=search&fm=organic&iid=en_nZRpBidBTVyqx62bI1gu5iabe5AqdSn4mdnxPqzxu8IGcyLQT35qzbLyfgDNjkxr56JVxYmhg6QtfS-5KtP6ux7zrT4gkWAkPCdPBnPCejA%3D&ppt=None&ppn=None&ssid=ma8amom6gw0000001779038348202&qH=45ab4f678488626f&ov_redirect=true&ov_redirect=true,,flipkart
"EVOFOX Deathray V2 Pro Programmable RGB Silent Membrane...Black4.3(270)₹929₹1,69945% offBank Offer",gaming,929.0,1699.0,45.0,4.3,270,https://rukminim2.flixcart.com/image/612/612/xif0q/keyboard/gaming-keyboard/r/p/l/deathray-v2-pro-programmable-rgb-silent-membrane-evofox-original-imahckzmfbfkgkuy.jpeg?q=70,https://www.flipkart.com/evofox-deathray-v2-pro-programmable-rgb-silent-membrane-wired-usb-standard-gaming-keyboard-compatible-desktop-laptop-mac/p/itmd20bd17ab0fef?pid=ACCH9V569P2QGVVD&lid=LSTACCH9V569P2QGVVDS7LDUJ&marketplace=FLIPKART&q=gaming+keyboard&store=6bo&srno=s_1_18&otracker=search&fm=organic&iid=en_nZRpBidBTVyqx62bI1gu5iabe5AqdSn4mdnxPqzxu8Le0NtUvcZjjTFi05iFKWt0_Nsk7DB2wtMCXFBFuiBMejaXAI15xQIPam6Hsx54Dy4%3D&ppt=None&ppn=None&ssid=ma8amom6gw0000001779038348202&qH=45ab4f678488626f&ov_redirect=true&ov_redirect=true,,flipkart
"Ant Esports MK1700 Membrane USB-A Connection, Quiet Key...White4.1(1,973)₹589₹1,19950% offBank Offer",gaming,589.0,1199.0,50.0,4.1,1973,https://rukminim2.flixcart.com/image/612/612/xif0q/keyboard/j/b/7/-original-imagw4ztgrgm9jby.jpeg?q=70,https://www.flipkart.com/ant-esports-mk1700-membrane-usb-a-connection-quiet-keystrokes-12-multimedia-function-keys-wired-usb-standard-gaming-keyboard-compatible-desktop-laptop-mac-mode-multimedia-keys-ant-mk-1700-with-backlit-rgb-led/p/itm82786e1229a0c?pid=ACCGUHYQRDTSQPGD&lid=LSTACCGUHYQRDTSQPGDEGEWAF&marketplace=FLIPKART&q=gaming+keyboard&store=6bo&srno=s_1_19&otracker=search&fm=organic&iid=04636ba9-8abb-430e-969e-5e9b05af0d73.ACCGUHYQRDTSQPGD.SEARCH&ppt=None&ppn=None&ssid=ma8amom6gw0000001779038348202&qH=45ab4f678488626f&ov_redirect=true&ov_redirect=true,,flipkart
"EVOFOX X2 Mechanical Wired USB Standard Gaming Keyboard...White4.6(494)₹1,799₹3,49948% offSaver Deal",gaming,1799.0,3499.0,48.0,4.6,494,https://rukminim2.flixcart.com/image/612/612/xif0q/keyboard/gaming-keyboard/h/y/z/x2-mechanical-evofox-original-imahexbusm7hyxqy.jpeg?q=70,https://www.flipkart.com/evofox-x2-mechanical-wired-usb-standard-gaming-keyboard-compatible-desktop-laptop-mac-multimedia-keys/p/itm18c8895567a92?pid=ACCH4V72HPA2QDGQ&lid=LSTACCH4V72HPA2QDGQTUS0TH&marketplace=FLIPKART&q=gaming+keyboard&store=6bo&srno=s_1_20&otracker=search&fm=organic&iid=04636ba9-8abb-430e-969e-5e9b05af0d73.ACCH4V72HPA2QDGQ.SEARCH&ppt=None&ppn=None&ssid=ma8amom6gw0000001779038348202&qH=45ab4f678488626f&ov_redirect=true&ov_redirect=true,,flipkart
"Kreo Hive 65% Compact Mechanical Gaming Keyboard Wired,...White, Purple4.6(240)₹2,599₹4,99948% offBank Offer",gaming,2599.0,4999.0,48.0,4.6,240,https://rukminim2.flixcart.com/image/612/612/xif0q/keyboard/gaming-keyboard/p/6/s/hive-65-compact-mechanical-gaming-keyboard-wired-rgb-multi-os-original-imahgzqhsug4bkum.jpeg?q=70,https://www.flipkart.com/kreo-hive-65-compact-mechanical-gaming-keyboard-wired-rgb-multi-os-customizable-wired-usb-laptop-size-compatible-desktop-laptop/p/itm747ab8d7f31ea?pid=ACCHFJDP4VVNQXJD&lid=LSTACCHFJDP4VVNQXJD7LZNJQ&marketplace=FLIPKART&q=gaming+keyboard&store=6bo&srno=s_1_21&otracker=search&fm=organic&iid=en_nZRpBidBTVyqx62bI1gu5iabe5AqdSn4mdnxPqzxu8Ld6aPFPEEEb_LmGQWSmq-1Op2qfyOkj3WlvQNarjWNSMDbPjpExlWhmpgUQnOg2ao%3D&ppt=None&ppn=None&ssid=ma8amom6gw0000001779038348202&qH=45ab4f678488626f&ov_redirect=true&ov_redirect=true,,flipkart
"Kreo Hive 65% Compact Mechanical Gaming Keyboard Wired,...Black&Purple4.6(240)₹2,499₹4,99950% offBank Offer",gaming,2499.0,4999.0,50.0,4.6,240,https://rukminim2.flixcart.com/image/612/612/xif0q/keyboard/gaming-keyboard/b/m/g/hive-65-compact-mechanical-gaming-keyboard-wired-rgb-multi-os-original-imahgqzhgeufsgtf.jpeg?q=70,https://www.flipkart.com/kreo-hive-65-compact-mechanical-gaming-keyboard-wired-rgb-multi-os-customizable-wired-usb-laptop-size-compatible-desktop-laptop/p/itm747ab8d7f31ea?pid=ACCHBFRMSD7RZD6Q&lid=LSTACCHBFRMSD7RZD6Q9REQHO&marketplace=FLIPKART&q=gaming+keyboard&store=6bo&srno=s_1_22&otracker=search&fm=organic&iid=en_nZRpBidBTVyqx62bI1gu5iabe5AqdSn4mdnxPqzxu8Khzyd-lKfWi5tOnn3F5Y1Tvif_iDHiSrD6NyPUZFCz8SqhaHrzSI4OjvZa1DRoeKc%3D&ppt=None&ppn=None&ssid=ma8amom6gw0000001779038348202&qH=45ab4f678488626f&ov_redirect=true&ov_redirect=true,,flipkart
"Ant Esports KM1600, Wired Backlit Rainbow LED Keyboard ...Black4.1(4,928)₹679₹1,99966% offBank Offer",gaming,679.0,1999.0,66.0,4.1,4928,https://rukminim2.flixcart.com/image/612/612/xif0q/keyboard/s/r/l/-original-imahhdh4regn8kus.jpeg?q=70,https://www.flipkart.com/ant-esports-km1600-wired-backlit-rainbow-led-keyboard-3200-dpi-gaming-mouse-pc-laptop-usb-standard-compatible-desktop-laptop-mac/p/itm70f26725e6100?pid=CASGZUAKDKSZZZGH&lid=LSTCASGZUAKDKSZZZGHZBZQAY&marketplace=FLIPKART&q=gaming+keyboard&store=6bo&srno=s_1_23&otracker=search&fm=organic&iid=04636ba9-8abb-430e-969e-5e9b05af0d73.CASGZUAKDKSZZZGH.SEARCH&ppt=None&ppn=None&ssid=ma8amom6gw0000001779038348202&qH=45ab4f678488626f&ov_redirect=true&ov_redirect=true,,flipkart
"Ant Esports MK1400 / Rainbow LED Illumination, White an...Black4.3(2,161)₹570₹99942% offBank Offer",gaming,570.0,999.0,42.0,4.3,2161,https://rukminim2.flixcart.com/image/612/612/xif0q/keyboard/gaming-keyboard/6/d/z/mk1400-ant-esports-original-imahcy3dczwux9ms.jpeg?q=70,https://www.flipkart.com/ant-esports-mk1400-rainbow-led-illumination-white-black-keycaps-backlit-membrane-wired-usb-standard-gaming-keyboard-compatible-desktop-laptop-mac-mixed-colour-lighting-double-injection-key-caps/p/itm01831775ae5c0?pid=ACCGZTEKPNH7YKMT&lid=LSTACCGZTEKPNH7YKMTIJPN15&marketplace=FLIPKART&q=gaming+keyboard&store=6bo&srno=s_1_24&otracker=search&fm=organic&iid=04636ba9-8abb-430e-969e-5e9b05af0d73.ACCGZTEKPNH7YKMT.SEARCH&ppt=None&ppn=None&ssid=ma8amom6gw0000001779038348202&qH=45ab4f678488626f&ov_redirect=true&ov_redirect=true,,flipkart
"EVOFOX Katana S Mini Mechanical with Silent Red Switche...Black4.5(329)₹1,499₹2,99950% offSaver Deal",gaming,1499.0,2999.0,50.0,4.5,329,https://rukminim2.flixcart.com/image/612/612/xif0q/keyboard/gaming-keyboard/n/s/u/katana-s-mini-mechanical-with-silent-red-switches-rainbow-original-imahg9ekhzqu8a9z.jpeg?q=70,https://www.flipkart.com/evofox-katana-s-mini-mechanical-silent-red-switches-rainbow-backlighting-wired-usb-tenkeyless-gaming-keyboard-compatible-desktop-laptop-mac/p/itm6e0713f41715b?pid=ACCHHYDBRWKWFUFN&lid=LSTACCHHYDBRWKWFUFNVKKVLQ&marketplace=FLIPKART&q=gaming+keyboard&store=6bo&srno=s_1_25&otracker=search&fm=organic&iid=04636ba9-8abb-430e-969e-5e9b05af0d73.ACCHHYDBRWKWFUFN.SEARCH&ppt=None&ppn=None&ssid=ma8amom6gw0000001779038348202&qH=45ab4f678488626f&ov_redirect=true&ov_redirect=true,,flipkart
ZEBRONICS Transformer K1 Wired USB Standard Desktop Key...Black4(689)₹499₹99950% offSaver Deal,gaming,499.0,999.0,50.0,4.0,689,https://rukminim2.flixcart.com/image/612/612/xif0q/keyboard/gaming-keyboard/f/u/5/zeb-transformer-k1-zebronics-original-imahageekv2xha4h.jpeg?q=70,https://www.flipkart.com/zebronics-transformer-k1-wired-usb-standard-desktop-keyboard-compatible-desktop-laptop-mac-104-keys-multi-color-led-1-7m-braided-cable-all-keys-enable-disable-function/p/itmd4a9019eed38e?pid=ACCH8ZUANJTDKXF4&lid=LSTACCH8ZUANJTDKXF4BMO0BT&marketplace=FLIPKART&q=gaming+keyboard&store=6bo&srno=s_1_26&otracker=search&fm=organic&iid=04636ba9-8abb-430e-969e-5e9b05af0d73.ACCH8ZUANJTDKXF4.SEARCH&ppt=None&ppn=None&ssid=ma8amom6gw0000001779038348202&qH=45ab4f678488626f&ov_redirect=true&ov_redirect=true,,flipkart
"Kreo Swarm X Wireless 75% Mechanical Keyboard Red Switc...Black4.6(68)₹4,299₹10,00057% offBank Offer",gaming,4299.0,10000.0,57.0,4.6,68,https://rukminim2.flixcart.com/image/612/612/xif0q/keyboard/gaming-keyboard/m/o/s/swarm-x-wireless-75-mechanical-keyboard-red-switches-with-light-original-imahgzkhvvvnujub.jpeg?q=70,https://www.flipkart.com/kreo-swarm-x-wireless-75-mechanical-keyboard-red-switches-light-shine-through-tenkeyless-gaming-compatible-desktop/p/itm301a9530a9b5f?pid=ACCHFJJWCAYG6KZ5&lid=LSTACCHFJJWCAYG6KZ5K94T11&marketplace=FLIPKART&q=gaming+keyboard&store=6bo&srno=s_1_27&otracker=search&fm=organic&iid=en_nZRpBidBTVyqx62bI1gu5iabe5AqdSn4mdnxPqzxu8JqhxX3AkTnujSaTKj5IFMzdQ-bXVreL921irW2-gJL7nxHajYNyuWOMhuZi0IpbY0%3D&ppt=None&ppn=None&ssid=ma8amom6gw0000001779038348202&qH=45ab4f678488626f&ov_redirect=true&ov_redirect=true,,flipkart
"Kreo Swarm X Wireless 75% Mechanical Keyboard Red Switc...White4.6(68)₹4,299₹10,00057% offBank Offer",gaming,4299.0,10000.0,57.0,4.6,68,https://rukminim2.flixcart.com/image/612/612/xif0q/keyboard/gaming-keyboard/t/u/y/swarm-x-wireless-75-mechanical-keyboard-red-switches-with-light-original-imahgzkmvhfmdf3r.jpeg?q=70,https://www.flipkart.com/kreo-swarm-x-wireless-75-mechanical-keyboard-red-switches-light-shine-through-tenkeyless-gaming-compatible-desktop/p/itm301a9530a9b5f?pid=ACCHFJJWZ2YYZWGE&lid=LSTACCHFJJWZ2YYZWGEDDL5PM&marketplace=FLIPKART&q=gaming+keyboard&store=6bo&srno=s_1_28&otracker=search&fm=organic&iid=en_nZRpBidBTVyqx62bI1gu5iabe5AqdSn4mdnxPqzxu8Kcg2J05czWyZ4kDyARbQVlZfquX5OZcqFPJNrNDj-SJvNzSJq5vUoApsGIr4piuio%3D&ppt=None&ppn=None&ssid=ma8amom6gw0000001779038348202&qH=45ab4f678488626f&ov_redirect=true&ov_redirect=true,,flipkart
rionix Ritro Gaming Key Wired USB Standard Multi-device...Black4(391)₹239₹49952% offSaver Deal,gaming,239.0,499.0,52.0,4.0,391,https://rukminim2.flixcart.com/image/612/612/xif0q/keyboard/multi-device-keyboard/j/f/m/ritro-gaming-key-rionix-original-imahctr3bffhzcd4.jpeg?q=70,https://www.flipkart.com/rionix-ritro-gaming-key-wired-usb-standard-multi-device-keyboard-compatible-desktop-laptop-tablet/p/itmb66600b43312a?pid=ACCHCTR3SGCGGXMY&lid=LSTACCHCTR3SGCGGXMYZ7TDGX&marketplace=FLIPKART&q=gaming+keyboard&store=6bo&srno=s_1_29&otracker=search&fm=organic&iid=04636ba9-8abb-430e-969e-5e9b05af0d73.ACCHCTR3SGCGGXMY.SEARCH&ppt=None&ppn=None&ssid=ma8amom6gw0000001779038348202&qH=45ab4f678488626f&ov_redirect=true&ov_redirect=true,,flipkart
"ZEBRONICS Transformer Pro Wireless Standard Multi-devic...Black, MultiColor LED Modes, Aluminum Body, Double Shot Keycaps, Up To 4000 DPI4.1(3,130)₹1,599₹3,99960% offSaver Deal",gaming,1599.0,3999.0,60.0,4.1,3130,https://rukminim2.flixcart.com/image/612/612/xif0q/keyboard/multi-device-keyboard/a/3/o/transformer-pro-zebronics-original-imahh3h6ey7mz2kw.jpeg?q=70,https://www.flipkart.com/zebronics-transformer-pro-wireless-standard-multi-device-keyboard-compatible-desktop-laptop-mac-gaming-mouse-2-4ghz-led-modes-type-c-al-body/p/itm726061d7eaf48?pid=ACCH2ZPYTN27A2GY&lid=LSTACCH2ZPYTN27A2GYDLLDE8&marketplace=FLIPKART&q=gaming+keyboard&store=6bo&srno=s_1_30&otracker=search&fm=organic&iid=04636ba9-8abb-430e-969e-5e9b05af0d73.ACCH2ZPYTN27A2GY.SEARCH&ppt=None&ppn=None&ssid=ma8amom6gw0000001779038348202&qH=45ab4f678488626f&ov_redirect=true&ov_redirect=true,,flipkart
"Archer Tech Lab RGB Keyboard & Mouse Combo, 104 Keys,72...Purple & Green4(5)₹1,570₹5,99973% offBank Offer",gaming,1570.0,5999.0,73.0,4.0,5,https://rukminim2.flixcart.com/image/612/612/xif0q/keyboard/gaming-keyboard/y/k/i/rgb-keyboard-mouse-combo-104-keys-7200-dpi-13-lighting-modes-19-original-imahkf984dgkku8g.jpeg?q=70,https://www.flipkart.com/archer-tech-lab-rgb-keyboard-mouse-combo-104-keys-7200-dpi-13-lighting-modes-19-anti-ghosting-wired-usb-standard-gaming-compatible-desktop-laptop-mac/p/itm6a32daa2a0a0a?pid=ACCH8KKRSWREFSWN&lid=LSTACCH8KKRSWREFSWNOLIA27&marketplace=FLIPKART&q=gaming+keyboard&store=6bo&srno=s_1_31&otracker=search&fm=organic&iid=en_nZRpBidBTVyqx62bI1gu5iabe5AqdSn4mdnxPqzxu8Iyob60d6MBG2_omDQBjekYFof1gO688uHxwBF00yUEbQ%3D%3D&ppt=None&ppn=None&ssid=ma8amom6gw0000001779038348202&qH=45ab4f678488626f&ov_redirect=true&ov_redirect=true,,flipkart
"Archer Tech Lab RGB Keyboard & Mouse Combo, 104 Keys,72...Orange, Black4(5)₹1,668₹5,99972% offBank Offer",gaming,1668.0,5999.0,72.0,4.0,5,https://rukminim2.flixcart.com/image/612/612/xif0q/keyboard/gaming-keyboard/0/6/n/rgb-keyboard-mouse-combo-104-keys-7200-dpi-13-lighting-modes-19-original-imahkhz2zj5zm2ze.jpeg?q=70,https://www.flipkart.com/archer-tech-lab-rgb-keyboard-mouse-combo-104-keys-7200-dpi-13-lighting-modes-19-anti-ghosting-wired-usb-standard-gaming-compatible-desktop-laptop-mac/p/itm6a32daa2a0a0a?pid=ACCH8KKYU3HWH3N5&lid=LSTACCH8KKYU3HWH3N5SNU2HC&marketplace=FLIPKART&q=gaming+keyboard&store=6bo&srno=s_1_32&otracker=search&fm=organic&iid=en_nZRpBidBTVyqx62bI1gu5iabe5AqdSn4mdnxPqzxu8L-9ike3isXUg5L4BpjDH1cUTYJoReIlhLkQP0mt4UdOQ%3D%3D&ppt=None&ppn=None&ssid=ma8amom6gw0000001779038348202&qH=45ab4f678488626f&ov_redirect=true&ov_redirect=true,,flipkart
"ZEBRONICS Transformer Pro (Zeb-NWK 1) Wireless Standard...White4.1(3,130)₹1,699₹4,19959% offBank Offer",gaming,1699.0,4199.0,59.0,4.1,3130,https://rukminim2.flixcart.com/image/612/612/xif0q/keyboard/multi-device-keyboard/p/o/d/transformer-pro-zeb-nwk-1-zebronics-original-imahh3h6cfgq8zef.jpeg?q=70,https://www.flipkart.com/zebronics-transformer-pro-zeb-nwk-1-wireless-standard-multi-device-keyboard-compatible-desktop-laptop-mac-gaming-mouse-2-4ghz-4000-dpi-led-modes-type-c-al-body/p/itmc63f3f75f3fcc?pid=ACCH9QJRHGFVKVSS&lid=LSTACCH9QJRHGFVKVSS9EM0N3&marketplace=FLIPKART&q=gaming+keyboard&store=6bo&srno=s_1_33&otracker=search&fm=organic&iid=04636ba9-8abb-430e-969e-5e9b05af0d73.ACCH9QJRHGFVKVSS.SEARCH&ppt=None&ppn=None&ssid=ma8amom6gw0000001779038348202&qH=45ab4f678488626f&ov_redirect=true&ov_redirect=true,,flipkart
"Aula F2023 / Anti-ghosting, Aluminium body with Mobile ...Black4.2(5,843)₹699₹2,99976% offOnly few left",gaming,699.0,2999.0,76.0,4.2,5843,https://rukminim2.flixcart.com/image/612/612/xif0q/keyboard/gaming-keyboard/n/d/v/f2023-anti-ghosting-aluminium-body-with-mobile-holder-membrane-original-imahgpmzhsneywza.jpeg?q=70,https://www.flipkart.com/aula-f2023-anti-ghosting-aluminium-body-mobile-holder-membrane-wired-usb-standard-gaming-keyboard-compatible-desktop-laptop-mac-stand-support-multimedia-keys-f2023/p/itmcecaf9ac9f135?pid=ACCGNHC4CMBPGNNS&lid=LSTACCGNHC4CMBPGNNS475HE7&marketplace=FLIPKART&q=gaming+keyboard&store=6bo&srno=s_1_34&otracker=search&fm=organic&iid=04636ba9-8abb-430e-969e-5e9b05af0d73.ACCGNHC4CMBPGNNS.SEARCH&ppt=None&ppn=None&ssid=ma8amom6gw0000001779038348202&qH=45ab4f678488626f&ov_redirect=true&ov_redirect=true,,flipkart
"MILLENNIUM TECHNOLOGY One Handed RGB Backlite 35Keys Wi...White5(6)₹753₹1,99962% offOnly few left",gaming,753.0,1999.0,62.0,5.0,6,https://rukminim2.flixcart.com/image/612/612/xif0q/keyboard/gaming-keyboard/3/b/w/one-handed-rgb-backlite-35keys-millennium-technology-original-imahm5ct6ayfm4eq.jpeg?q=70,https://www.flipkart.com/millennium-technology-one-handed-rgb-backlite-35keys-wired-usb-handheld-gaming-keyboard-compatible-desktop-laptop-mac/p/itm138d7f157b2da?pid=ACCHM5CTP4UHTUHQ&lid=LSTACCHM5CTP4UHTUHQTCAWEL&marketplace=FLIPKART&q=gaming+keyboard&store=6bo&srno=s_1_35&otracker=search&fm=organic&iid=04636ba9-8abb-430e-969e-5e9b05af0d73.ACCHM5CTP4UHTUHQ.SEARCH&ppt=None&ppn=None&ssid=ma8amom6gw0000001779038348202&qH=45ab4f678488626f&ov_redirect=true&ov_redirect=true,,flipkart
"SpinBot Rage MK61 |60%|LED Backlit|22 Anti-Ghosting Key...Black4.4(59)₹1,299₹2,99956% offOnly few left",gaming,1299.0,2999.0,56.0,4.4,59,https://rukminim2.flixcart.com/image/612/612/xif0q/keyboard/gaming-keyboard/j/n/9/rage-mk61-60-led-backlit-22-anti-ghosting-key-blue-tactile-original-imahh9h8nucz93zy.jpeg?q=70,https://www.flipkart.com/spinbot-rage-mk61-60-led-backlit-22-anti-ghosting-key-blue-tactile-switches-mechanical-wired-usb-tenkeyless-gaming-keyboard-compatible-desktop-laptop-mac-tablet/p/itmb039ed6f673d6?pid=ACCHGPUY2MZ76JHU&lid=LSTACCHGPUY2MZ76JHURHPMJF&marketplace=FLIPKART&q=gaming+keyboard&store=6bo&srno=s_1_36&otracker=search&fm=organic&iid=04636ba9-8abb-430e-969e-5e9b05af0d73.ACCHGPUY2MZ76JHU.SEARCH&ppt=None&ppn=None&ssid=ma8amom6gw0000001779038348202&qH=45ab4f678488626f&ov_redirect=true&ov_redirect=true,,flipkart
"Intex IT-KB334 Wired USB Standard Gaming Keyboard Compa...White3.9(31,970)₹649₹1,89965% offOnly few left",gaming,649.0,1899.0,65.0,3.9,31970,https://rukminim2.flixcart.com/image/612/612/xif0q/keyboard/i/d/0/-original-imah2wynddyybr6h.jpeg?q=70,https://www.flipkart.com/intex-it-kb334-wired-usb-standard-gaming-keyboard-compatible-desktop-laptop-mac-mouse-it-kb-334-rgb-spill-resistant/p/itmd844b8397574f?pid=ACCH2UXDCRWHSPFU&lid=LSTACCH2UXDCRWHSPFUZBYM7A&marketplace=FLIPKART&q=gaming+keyboard&store=6bo&srno=s_1_37&otracker=search&fm=organic&iid=04636ba9-8abb-430e-969e-5e9b05af0d73.ACCH2UXDCRWHSPFU.SEARCH&ppt=None&ppn=None&ssid=ma8amom6gw0000001779038348202&qH=45ab4f678488626f&ov_redirect=true&ov_redirect=true,,flipkart
"Intex IT-KB331 / Full-Size, RGB Lighting, Membrane Wire...Black3.8(5,248)₹499₹1,29961% offOnly few left",gaming,499.0,1299.0,61.0,3.8,5248,https://rukminim2.flixcart.com/image/612/612/xif0q/keyboard/h/p/m/-original-imagv2xmvgnwcvmu.jpeg?q=70,https://www.flipkart.com/intex-it-kb331-full-size-rgb-lighting-membrane-wired-usb-standard-gaming-keyboard-compatible-desktop-laptop-mac-multimedia-keys/p/itm57c4999541db0?pid=ACCGMGVFZGDKXJEZ&lid=LSTACCGMGVFZGDKXJEZXF0H9X&marketplace=FLIPKART&q=gaming+keyboard&store=6bo&srno=s_1_38&otracker=search&fm=organic&iid=04636ba9-8abb-430e-969e-5e9b05af0d73.ACCGMGVFZGDKXJEZ.SEARCH&ppt=None&ppn=None&ssid=ma8amom6gw0000001779038348202&qH=45ab4f678488626f&ov_redirect=true&ov_redirect=true,,flipkart
"Bestor RGB Gaming Keyboard High-Precision Silent Keys L...Black3.6(25)₹463₹1,99976% offOnly few left",gaming,463.0,1999.0,76.0,3.6,25,https://rukminim2.flixcart.com/image/612/612/xif0q/keyboard/gaming-keyboard/t/x/e/rgb-gaming-keyboard-high-precision-silent-keys-lightweight-original-imahgt8vyrv2h6m5.jpeg?q=70,https://www.flipkart.com/bestor-rgb-gaming-keyboard-high-precision-silent-keys-lightweight-design-plug-play-wired-usb-standard-compatible-desktop-laptop/p/itm70d0581136c29?pid=ACCHGNWP8NRW4SAJ&lid=LSTACCHGNWP8NRW4SAJ9FU5LG&marketplace=FLIPKART&q=gaming+keyboard&store=6bo&srno=s_1_39&otracker=search&fm=organic&iid=04636ba9-8abb-430e-969e-5e9b05af0d73.ACCHGNWP8NRW4SAJ.SEARCH&ppt=None&ppn=None&ssid=ma8amom6gw0000001779038348202&qH=45ab4f678488626f&ov_redirect=true&ov_redirect=true,,flipkart
"xavion One Handed RGB Backlite 35Keys Wired USB Handhel...Black4(139)₹717₹1,99964% offOnly few left",gaming,717.0,1999.0,64.0,4.0,139,https://rukminim2.flixcart.com/image/612/612/xif0q/keyboard/gaming-keyboard/p/i/x/one-handed-rgb-backlite-35keys-xavion-original-imahdznkrrzzyu35.jpeg?q=70,https://www.flipkart.com/xavion-one-handed-rgb-backlite-35keys-wired-usb-handheld-gaming-keyboard-compatible-desktop-laptop-mac/p/itm9f4aa99b251a7?pid=ACCHDZNKZJY4PZAX&lid=LSTACCHDZNKZJY4PZAXBLYZTF&marketplace=FLIPKART&q=gaming+keyboard&store=6bo&srno=s_1_40&otracker=search&fm=organic&iid=04636ba9-8abb-430e-969e-5e9b05af0d73.ACCHDZNKZJY4PZAX.SEARCH&ppt=None&ppn=None&ssid=ma8amom6gw0000001779038348202&qH=45ab4f678488626f&ov_redirect=true&ov_redirect=true,,flipkart
"EVM EnClaw WDKM-612 Combo Set Designed for GamingWhite4.3(434)₹1,099₹3,49968% offBank Offer",gaming,1099.0,3499.0,68.0,4.3,434,https://rukminim2.flixcart.com/image/612/612/xif0q/computer-acc-combo/7/b/q/wdkm-612-2-evm-original-imahetw8fxj5bhah.jpeg?q=70,https://www.flipkart.com/evm-enclaw-wdkm-612-combo-set-designed-gaming/p/itm7de5e092f8c0a?pid=CASH8ZXHFPRB7J79&lid=LSTCASH8ZXHFPRB7J79VPMTXA&marketplace=FLIPKART&q=gaming+keyboard&store=6bo&srno=s_2_41&otracker=search&fm=organic&iid=en_fbFk8K-z91yaZ0WbNUbHH2G7slqFumaAbKcLAF85dZZI6XJZW7AwUD2fHd3HTycaQOAWyrftA6SkyZc03biI9E4IsYyWu-Pj9cxFjFAoaLk%3D&ppt=None&ppn=None&ssid=abdqnxgmio0000001779038351614&qH=45ab4f678488626f&ov_redirect=true&ov_redirect=true,,flipkart
"EVOFOX Deathray V2 RGB Gaming Keyboard and Mouse Combo ...Black4.3(274)₹1,099₹1,89942% offSALE PE SALE",gaming,1099.0,1899.0,42.0,4.3,274,https://rukminim2.flixcart.com/image/612/612/xif0q/computer-acc-combo/3/w/f/deathray-v2-rgb-gaming-keyboard-and-mouse-1-evofox-original-imahckxfzsjf6qtw.jpeg?q=70,https://www.flipkart.com/evofox-deathray-v2-rgb-gaming-keyboard-mouse-combo-set-designed/p/itmcb730cc5ca043?pid=CASHAMPN8DAEGQTD&lid=LSTCASHAMPN8DAEGQTDTWZPRT&marketplace=FLIPKART&q=gaming+keyboard&store=6bo&srno=s_2_42&otracker=search&fm=organic&iid=en_fbFk8K-z91yaZ0WbNUbHH2G7slqFumaAbKcLAF85dZar6cLRTeWbEaNCt0wA2pboBVphfeRDVH0zFi_P1_pcu4QEIsITtCzc4bHaOMTqL08%3D&ppt=None&ppn=None&ssid=abdqnxgmio0000001779038351614&qH=45ab4f678488626f&ov_redirect=true&ov_redirect=true,,flipkart
"Aula T102 Wired USB Standard Gaming Keyboard Compatible...Black4.3(2,533)₹1,159₹6,99983% offSALE PE SALE",gaming,1159.0,6999.0,83.0,4.3,2533,https://rukminim2.flixcart.com/image/612/612/xif0q/computer-acc-combo/u/r/l/t102-gaming-keyboard-and-mouse-combo-rgb-backlit-keyboard-and-original-imagqpfcegh9vx5a.jpeg?q=70,https://www.flipkart.com/aula-t102-wired-usb-standard-gaming-keyboard-compatible-desktop-laptop-mac-rgb-backlit-7200-dpi-6-buttons-mouse/p/itm44223a3dcc848?pid=CASGQPFCQUXYZTWT&lid=LSTCASGQPFCQUXYZTWT0A1FRB&marketplace=FLIPKART&q=gaming+keyboard&store=6bo&srno=s_2_43&otracker=search&fm=organic&iid=32eef3dd-7a9c-456e-8daa-8b8f782188a5.CASGQPFCQUXYZTWT.SEARCH&ppt=None&ppn=None&ssid=abdqnxgmio0000001779038351614&qH=45ab4f678488626f&ov_redirect=true&ov_redirect=true,,flipkart
"Confiavel One Hand Non Mechanical Gaming Keyboard and B...Black3.5(71)₹2,901₹4,99041% offSaver Deal",gaming,2901.0,4990.0,41.0,3.5,71,https://rukminim2.flixcart.com/image/612/612/xif0q/keyboard/gaming-keyboard/h/l/7/one-hand-non-mechanical-gaming-keyboard-and-backlit-mouse-combo-original-imah2y7zy2apzgh6.jpeg?q=70,https://www.flipkart.com/confiavel-one-hand-non-mechanical-gaming-keyboard-backlit-mouse-combo-bluetooth-standard-compatible-desktop-laptop-mac-mode/p/itm763bcfbb0b5e8?pid=ACCH2Y8YHGFHXMKN&lid=LSTACCH2Y8YHGFHXMKNSWDMI4&marketplace=FLIPKART&q=gaming+keyboard&store=6bo&srno=s_2_44&otracker=search&fm=organic&iid=32eef3dd-7a9c-456e-8daa-8b8f782188a5.ACCH2Y8YHGFHXMKN.SEARCH&ppt=None&ppn=None&ssid=abdqnxgmio0000001779038351614&qH=45ab4f678488626f&ov_redirect=true&ov_redirect=true,,flipkart
"Ant Esports MK720 Pro V2 Wireless Standard Gaming Keybo...White4.3(323)₹1,007₹2,99966% offSALE PE SALE",gaming,1007.0,2999.0,66.0,4.3,323,https://rukminim2.flixcart.com/image/612/612/xif0q/keyboard/d/c/n/-original-imahhdkuzhgvsevy.jpeg?q=70,https://www.flipkart.com/ant-esports-mk720-pro-v2-wireless-standard-gaming-keyboard-compatible-desktop-laptop-mac/p/itm99795869568a0?pid=ACCHAZYU9JGFXFZT&lid=LSTACCHAZYU9JGFXFZTQGMR97&marketplace=FLIPKART&q=gaming+keyboard&store=6bo&srno=s_2_45&otracker=search&fm=organic&iid=32eef3dd-7a9c-456e-8daa-8b8f782188a5.ACCHAZYU9JGFXFZT.SEARCH&ppt=None&ppn=None&ssid=abdqnxgmio0000001779038351614&qH=45ab4f678488626f&ov_redirect=true&ov_redirect=true,,flipkart
"Aula S2022 Mechanical Wired USB Standard Gaming Keyboar...Black4.3(1,192)₹899₹5,99985% offSALE PE SALE",gaming,899.0,5999.0,85.0,4.3,1192,https://rukminim2.flixcart.com/image/612/612/xif0q/keyboard/gaming-keyboard/k/k/d/s2022-mechanical-aula-original-imah8r9hzqbusueh.jpeg?q=70,https://www.flipkart.com/aula-s2022-mechanical-wired-usb-standard-gaming-keyboard-compatible-desktop-laptop-mac-stand-support/p/itmd63c80c217762?pid=ACCGM5NUAZXZBPYU&lid=LSTACCGM5NUAZXZBPYUHMIAEZ&marketplace=FLIPKART&q=gaming+keyboard&store=6bo&srno=s_2_46&otracker=search&fm=organic&iid=32eef3dd-7a9c-456e-8daa-8b8f782188a5.ACCGM5NUAZXZBPYU.SEARCH&ppt=None&ppn=None&ssid=abdqnxgmio0000001779038351614&qH=45ab4f678488626f&ov_redirect=true&ov_redirect=true,,flipkart
"EVM EnHawk WDKM-315 Combo Set Designed for GamingWhite3.7(3)₹739₹2,49970% offBank Offer",gaming,739.0,2499.0,70.0,3.7,3,https://rukminim2.flixcart.com/image/612/612/xif0q/computer-acc-combo/l/y/p/wdkm-315-2-evm-original-imahetw4d3zfhgfu.jpeg?q=70,https://www.flipkart.com/evm-enhawk-wdkm-315-combo-set-designed-gaming/p/itme34d7de2e15a1?pid=CASH8RD3HQTH8RWJ&lid=LSTCASH8RD3HQTH8RWJEAP5ZW&marketplace=FLIPKART&q=gaming+keyboard&store=6bo&srno=s_2_47&otracker=search&fm=organic&iid=en_fbFk8K-z91yaZ0WbNUbHH2G7slqFumaAbKcLAF85dZbaRvqytZe3ltcQ-wQFfCvsoUJZr-qMXSVyAF9CnI9OwkKsf8s6I2Oz2HOgbXTo_9U%3D&ppt=None&ppn=None&ssid=abdqnxgmio0000001779038351614&qH=45ab4f678488626f&ov_redirect=true&ov_redirect=true,,flipkart
"EVOFOX Ronin TKL RGB Mechanical Wired USB Tenkeyless Ga...White4.5(674)₹2,699₹3,99932% offBank Offer",gaming,2699.0,3999.0,32.0,4.5,674,https://rukminim2.flixcart.com/image/612/612/xif0q/keyboard/gaming-keyboard/k/6/g/ronin-tkl-rgb-mechanical-evofox-original-imahdzd2aq7h66jf.jpeg?q=70,https://www.flipkart.com/evofox-ronin-tkl-rgb-mechanical-wired-usb-tenkeyless-gaming-keyboard-compatible-desktop-laptop-mac/p/itm11cf479fea3a5?pid=ACCHBK74WDEAHCZR&lid=LSTACCHBK74WDEAHCZRTEBJYW&marketplace=FLIPKART&q=gaming+keyboard&store=6bo&srno=s_2_48&otracker=search&fm=organic&iid=en_fbFk8K-z91yaZ0WbNUbHH2G7slqFumaAbKcLAF85dZZ8HiLDFp0Iyfkc0vKvY3wh2s52WIjNJzELDNxzqU7Hkuo15S0a61Wzzbg3qNOknKY%3D&ppt=None&ppn=None&ssid=abdqnxgmio0000001779038351614&qH=45ab4f678488626f&ov_redirect=true&ov_redirect=true,,flipkart
"EVOFOX Ronin TKL RGB Mechanical Wired USB Tenkeyless Ga...White4.5(674)₹2,699₹3,99932% offBank Offer",gaming,2699.0,3999.0,32.0,4.5,674,https://rukminim2.flixcart.com/image/612/612/xif0q/keyboard/gaming-keyboard/k/6/g/ronin-tkl-rgb-mechanical-evofox-original-imahdzd2aq7h66jf.jpeg?q=70,https://www.flipkart.com/evofox-ronin-tkl-rgb-mechanical-wired-usb-tenkeyless-gaming-keyboard-compatible-desktop-laptop-mac/p/itm11cf479fea3a5?pid=ACCHBK74WDEAHCZR&lid=LSTACCHBK74WDEAHCZRTEBJYW&marketplace=FLIPKART&q=gaming+keyboard&store=6bo&srno=s_2_49&otracker=search&fm=organic&iid=32eef3dd-7a9c-456e-8daa-8b8f782188a5.ACCHBK74WDEAHCZR.SEARCH&ppt=None&ppn=None&ssid=abdqnxgmio0000001779038351614&qH=45ab4f678488626f&ov_redirect=true&ov_redirect=true,,flipkart
"ZEBRONICS ZEB-KKB 3 Wired USB Standard Desktop Keyboard...Black4.1(4,167)₹757₹1,69955% offSaver Deal",gaming,757.0,1699.0,55.0,4.1,4167,https://rukminim2.flixcart.com/image/612/612/xif0q/keyboard/desktop-keyboard/t/h/f/zeb-kkb-3-zebronics-original-imah4ux5kad7fgns.jpeg?q=70,https://www.flipkart.com/zebronics-zeb-kkb-3-wired-usb-standard-desktop-keyboard-compatible-desktop-laptop-mac-easy-use-plug-play-quick-comfy-durable-body/p/itm78097299f82fc?pid=ACCH3ABQVHYXTKXX&lid=LSTACCH3ABQVHYXTKXXLYBTOV&marketplace=FLIPKART&q=gaming+keyboard&store=6bo&srno=s_2_50&otracker=search&fm=organic&iid=32eef3dd-7a9c-456e-8daa-8b8f782188a5.ACCH3ABQVHYXTKXX.SEARCH&ppt=None&ppn=None&ssid=abdqnxgmio0000001779038351614&qH=45ab4f678488626f&ov_redirect=true&ov_redirect=true,,flipkart
"EVOFOX Deathray V2 3 in 1 Gaming Keyboard, Mouse and Ex...Black4.5(146)₹1,379₹2,19937% offBank Offer",gaming,1379.0,2199.0,37.0,4.5,146,https://rukminim2.flixcart.com/image/612/612/xif0q/computer-acc-combo/b/i/a/deathray-v2-3-in-1-gaming-keyboard-mouse-and-extended-deskpad-1-original-imahdbfjmrd5h6a3.jpeg?q=70,https://www.flipkart.com/evofox-deathray-v2-3-1-gaming-keyboard-mouse-extended-deskpad-combo-set-designed/p/itma2abae7617b28?pid=CASHAMPPJSGSJHXH&lid=LSTCASHAMPPJSGSJHXH7EIOEP&marketplace=FLIPKART&q=gaming+keyboard&store=6bo&srno=s_2_51&otracker=search&fm=organic&iid=en_fbFk8K-z91yaZ0WbNUbHH2G7slqFumaAbKcLAF85dZZ21WndTOV2-FiKJvtItaWw7d-Wpil9xCPXxY9yUQ1hdEhz9c-MSIoFe8xMxkfU6dM%3D&ppt=None&ppn=None&ssid=abdqnxgmio0000001779038351614&qH=45ab4f678488626f&ov_redirect=true&ov_redirect=true,,flipkart
"EVM EnClaw WDKM-612 Combo Set Designed for GamingGrey & Black4.1(103)₹2,697₹2,99910% offBank Offer",gaming,2697.0,2999.0,10.0,4.1,103,https://rukminim2.flixcart.com/image/612/612/xif0q/computer-acc-combo/g/4/t/wdkm-612-2-evm-original-imahetw7ts2fzb49.jpeg?q=70,https://www.flipkart.com/evm-enclaw-wdkm-612-combo-set-designed-gaming/p/itm953e3b55bcc4f?pid=CASH8ZX8D9JBVNEQ&lid=LSTCASH8ZX8D9JBVNEQPJKLV2&marketplace=FLIPKART&q=gaming+keyboard&store=6bo&srno=s_2_52&otracker=search&fm=organic&iid=en_fbFk8K-z91yaZ0WbNUbHH2G7slqFumaAbKcLAF85dZbJ6OgHNfKHyjIyuqdorkyTOAC8WpJM78FdEzkP-YdBPInfEY2D5bWfIUmTlXs_oiU%3D&ppt=None&ppn=None&ssid=abdqnxgmio0000001779038351614&qH=45ab4f678488626f&ov_redirect=true&ov_redirect=true,,flipkart
"ENTWINO Ninja K19 Wired Gaming Keyboard With Metal Body...Black3.6(31)₹799₹2,25864% offOnly few left",gaming,799.0,2258.0,64.0,3.6,31,https://rukminim2.flixcart.com/image/612/612/xif0q/keyboard/gaming-keyboard/v/f/b/ninja-k19-wired-gaming-keyboard-with-metal-body-light-entwino-original-imah2gx8tfhcaneb.jpeg?q=70,https://www.flipkart.com/entwino-ninja-k19-wired-gaming-keyboard-metal-body-light-usb-standard-compatible-desktop-laptop-mac-mode-stand-support-multimedia-keys-model-name/p/itm061e7480c7e43?pid=ACCGRKD9ZVAUUPFA&lid=LSTACCGRKD9ZVAUUPFACO2OJT&marketplace=FLIPKART&q=gaming+keyboard&store=6bo&srno=s_2_53&otracker=search&fm=organic&iid=32eef3dd-7a9c-456e-8daa-8b8f782188a5.ACCGRKD9ZVAUUPFA.SEARCH&ppt=None&ppn=None&ssid=abdqnxgmio0000001779038351614&qH=45ab4f678488626f&ov_redirect=true&ov_redirect=true,,flipkart
"Offbeat DEXTER PRO Wireless Laptop-size Gaming Keyboard...Black4.2(18)₹984₹2,59962% offOnly few left",gaming,984.0,2599.0,62.0,4.2,18,https://rukminim2.flixcart.com/image/612/612/xif0q/keyboard/gaming-keyboard/h/s/x/dexter-pro-offbeat-original-imagzcknbn6nwksu.jpeg?q=70,https://www.flipkart.com/offbeat-dexter-pro-wireless-laptop-size-gaming-keyboard-compatible-desktop-laptop-mac-mode-multimedia-keys-dexter/p/itmad905f6d40a11?pid=ACCGZCKNPTJSYNYH&lid=LSTACCGZCKNPTJSYNYHYKAYTG&marketplace=FLIPKART&q=gaming+keyboard&store=6bo&srno=s_2_54&otracker=search&fm=organic&iid=32eef3dd-7a9c-456e-8daa-8b8f782188a5.ACCGZCKNPTJSYNYH.SEARCH&ppt=None&ppn=None&ssid=abdqnxgmio0000001779038351614&qH=45ab4f678488626f&ov_redirect=true&ov_redirect=true,,flipkart
"ZEBRONICS Optimus Gaming Keyboard Mouse Combo Wired USB...Black3.9(145)₹1,219₹1,69928% offSaver Deal",gaming,1219.0,1699.0,28.0,3.9,145,https://rukminim2.flixcart.com/image/612/612/xif0q/keyboard/gaming-keyboard/n/d/6/optimus-gaming-keyboard-mouse-combo-zebronics-original-imagwhdhpfcgmdbw.jpeg?q=70,https://www.flipkart.com/zebronics-optimus-gaming-keyboard-mouse-combo-wired-usb-standard-compatible-desktop-laptop-mac-stand-support-multimedia-keys-optimus/p/itm3247a00dcd04a?pid=ACCGWZZJTVZSP2JG&lid=LSTACCGWZZJTVZSP2JGYVZ7MR&marketplace=FLIPKART&q=gaming+keyboard&store=6bo&srno=s_2_55&otracker=search&fm=organic&iid=32eef3dd-7a9c-456e-8daa-8b8f782188a5.ACCGWZZJTVZSP2JG.SEARCH&ppt=None&ppn=None&ssid=abdqnxgmio0000001779038351614&qH=45ab4f678488626f&ov_redirect=true&ov_redirect=true,,flipkart
"Confiavel One Hand Non Mechanical Gaming Keyboard 4 in ...Black3.5(50)₹2,740₹5,99054% offOnly few left",gaming,2740.0,5990.0,54.0,3.5,50,https://rukminim2.flixcart.com/image/612/612/xif0q/keyboard/gaming-keyboard/f/9/i/bluetooth-gaming-keyboard-mouse-convertor-for-smartphone-4-in-1-original-imah7sk3yrdvppvk.jpeg?q=70,https://www.flipkart.com/confiavel-one-hand-non-mechanical-gaming-keyboard-4-1-backlit-mouse-combo-bluetooth-handheld-compatible-desktop-laptop-mac/p/itmf43eec4368841?pid=ACCH5QN5TYHJHNWD&lid=LSTACCH5QN5TYHJHNWDK22EWQ&marketplace=FLIPKART&q=gaming+keyboard&store=6bo&srno=s_2_56&otracker=search&fm=organic&iid=32eef3dd-7a9c-456e-8daa-8b8f782188a5.ACCH5QN5TYHJHNWD.SEARCH&ppt=None&ppn=None&ssid=abdqnxgmio0000001779038351614&qH=45ab4f678488626f&ov_redirect=true&ov_redirect=true,,flipkart
"EVOFOX Ronin TKL RGB Mechanical Wired USB Tenkeyless Ga...Black4.5(674)₹2,699₹3,99932% offSaver Deal",gaming,2699.0,3999.0,32.0,4.5,674,https://rukminim2.flixcart.com/image/612/612/xif0q/keyboard/gaming-keyboard/m/l/f/ronin-tkl-rgb-mechanical-evofox-original-imahdmzuavtbhezt.jpeg?q=70,https://www.flipkart.com/evofox-ronin-tkl-rgb-mechanical-wired-usb-tenkeyless-gaming-keyboard-compatible-desktop-laptop-mac/p/itm11cf479fea3a5?pid=ACCH5VMXUZYXVHUQ&lid=LSTACCH5VMXUZYXVHUQDHUWLZ&marketplace=FLIPKART&q=gaming+keyboard&store=6bo&srno=s_2_57&otracker=search&fm=organic&iid=en_fbFk8K-z91yaZ0WbNUbHH2G7slqFumaAbKcLAF85dZY8rU9pLyRAeVMhHm4JBUb3kIBQ7HL3pH6pXu1AdEUkN2Vkv0XZFiOX7bbXdlao_f8%3D&ppt=None&ppn=None&ssid=abdqnxgmio0000001779038351614&qH=45ab4f678488626f&ov_redirect=true&ov_redirect=true,,flipkart
"EVOFOX Deathray V2 Pro Programmable RGB Silent Membrane...Black4.3(270)₹929₹1,69945% offBank Offer",gaming,929.0,1699.0,45.0,4.3,270,https://rukminim2.flixcart.com/image/612/612/xif0q/keyboard/gaming-keyboard/r/p/l/deathray-v2-pro-programmable-rgb-silent-membrane-evofox-original-imahckzmfbfkgkuy.jpeg?q=70,https://www.flipkart.com/evofox-deathray-v2-pro-programmable-rgb-silent-membrane-wired-usb-standard-gaming-keyboard-compatible-desktop-laptop-mac/p/itmd20bd17ab0fef?pid=ACCH9V569P2QGVVD&lid=LSTACCH9V569P2QGVVDS7LDUJ&marketplace=FLIPKART&q=gaming+keyboard&store=6bo&srno=s_2_58&otracker=search&fm=organic&iid=en_fbFk8K-z91yaZ0WbNUbHH2G7slqFumaAbKcLAF85dZagIla_u1Nbp-ZyknA3L4Dz74CRgcZwjPw4gE_urxylB_cUmN_6PwCReg_VTM4VLxo%3D&ppt=None&ppn=None&ssid=abdqnxgmio0000001779038351614&qH=45ab4f678488626f&ov_redirect=true&ov_redirect=true,,flipkart
"SpinBot Rage K20 LED Backlit|Metal Body|19 Anti-Ghostin...Black4.3(506)₹998₹1,99950% offSALE PE SALE",gaming,998.0,1999.0,50.0,4.3,506,https://rukminim2.flixcart.com/image/612/612/xif0q/keyboard/gaming-keyboard/t/q/e/rage-k20-led-backlit-metal-body-19-anti-ghosting-keys-volume-original-imah8kb5cf5nc2tk.jpeg?q=70,https://www.flipkart.com/spinbot-rage-k20-led-backlit-metal-body-19-anti-ghosting-keys-volume-control-knob-wired-usb-standard-gaming-keyboard-compatible-desktop-laptop-mac/p/itmd31338184adb4?pid=ACCH6GZTVFARMZVQ&lid=LSTACCH6GZTVFARMZVQAY9K29&marketplace=FLIPKART&q=gaming+keyboard&store=6bo&srno=s_2_59&otracker=search&fm=organic&iid=32eef3dd-7a9c-456e-8daa-8b8f782188a5.ACCH6GZTVFARMZVQ.SEARCH&ppt=None&ppn=None&ssid=abdqnxgmio0000001779038351614&qH=45ab4f678488626f&ov_redirect=true&ov_redirect=true,,flipkart
"ZEBRONICS Optimus Gaming Keyboard Mouse Combo Wired USB...White3.9(145)₹1,273₹1,79929% offBank Offer",gaming,1273.0,1799.0,29.0,3.9,145,https://rukminim2.flixcart.com/image/612/612/xif0q/keyboard/gaming-keyboard/7/z/f/optimus-gaming-keyboard-mouse-combo-zebronics-original-imahm4hyed2yzsyg.jpeg?q=70,https://www.flipkart.com/zebronics-optimus-gaming-keyboard-mouse-combo-wired-usb-standard-compatible-desktop-laptop-mac/p/itm3247a00dcd04a?pid=ACCGWHDH3PATXHAK&lid=LSTACCGWHDH3PATXHAK5X1U25&marketplace=FLIPKART&q=gaming+keyboard&store=6bo&srno=s_2_60&otracker=search&fm=organic&iid=32eef3dd-7a9c-456e-8daa-8b8f782188a5.ACCGWHDH3PATXHAK.SEARCH&ppt=None&ppn=None&ssid=abdqnxgmio0000001779038351614&qH=45ab4f678488626f&ov_redirect=true&ov_redirect=true,,flipkart
"Kreo Hive 65% Compact Mechanical Gaming Keyboard Wired,...White, Purple4.6(240)₹2,599₹4,99948% offBank Offer",gaming,2599.0,4999.0,48.0,4.6,240,https://rukminim2.flixcart.com/image/612/612/xif0q/keyboard/gaming-keyboard/p/6/s/hive-65-compact-mechanical-gaming-keyboard-wired-rgb-multi-os-original-imahgzqhsug4bkum.jpeg?q=70,https://www.flipkart.com/kreo-hive-65-compact-mechanical-gaming-keyboard-wired-rgb-multi-os-customizable-wired-usb-laptop-size-compatible-desktop-laptop/p/itm747ab8d7f31ea?pid=ACCHFJDP4VVNQXJD&lid=LSTACCHFJDP4VVNQXJD7LZNJQ&marketplace=FLIPKART&q=gaming+keyboard&store=6bo&srno=s_2_61&otracker=search&fm=organic&iid=en_fbFk8K-z91yaZ0WbNUbHH2G7slqFumaAbKcLAF85dZaa1Bb-batH3npFz_QqXpUtZcG4EGV3FHTNZC5MthWiuvUFjCTyOHoHZs-Z5_PS_w0%3D&ppt=None&ppn=None&ssid=abdqnxgmio0000001779038351614&qH=45ab4f678488626f&ov_redirect=true&ov_redirect=true,,flipkart
"Kreo Hive 65% Compact Mechanical Gaming Keyboard Wired,...Black&Purple4.6(240)₹2,499₹4,99950% offBank Offer",gaming,2499.0,4999.0,50.0,4.6,240,https://rukminim2.flixcart.com/image/612/612/xif0q/keyboard/gaming-keyboard/b/m/g/hive-65-compact-mechanical-gaming-keyboard-wired-rgb-multi-os-original-imahgqzhgeufsgtf.jpeg?q=70,https://www.flipkart.com/kreo-hive-65-compact-mechanical-gaming-keyboard-wired-rgb-multi-os-customizable-wired-usb-laptop-size-compatible-desktop-laptop/p/itm747ab8d7f31ea?pid=ACCHBFRMSD7RZD6Q&lid=LSTACCHBFRMSD7RZD6Q9REQHO&marketplace=FLIPKART&q=gaming+keyboard&store=6bo&srno=s_2_62&otracker=search&fm=organic&iid=en_fbFk8K-z91yaZ0WbNUbHH2G7slqFumaAbKcLAF85dZak7zA_SA0j0G7E0BeWpXE4vif_iDHiSrD6NyPUZFCz8Q891ypMzu4_aryI8_sihJ8%3D&ppt=None&ppn=None&ssid=abdqnxgmio0000001779038351614&qH=45ab4f678488626f&ov_redirect=true&ov_redirect=true,,flipkart
"SKOG Wired Keyboard with Multimedia Hotkeys, Ergonomic ...Black₹328₹59945% offSALE PE SALE",gaming,328.0,599.0,45.0,0.0,0,https://rukminim2.flixcart.com/image/612/612/xif0q/keyboard/multi-device-keyboard/j/k/1/wired-keyboard-with-multimedia-hotkeys-ergonomic-design-skog-original-imahgcjdf2veyhqp.jpeg?q=70,https://www.flipkart.com/skog-wired-keyboard-multimedia-hotkeys-ergonomic-design-usb-standard-multi-device-compatible-desktop-laptop-mac/p/itmd11b14de73c49?pid=ACCHGCJDDXP2CMVH&lid=LSTACCHGCJDDXP2CMVHKUZZDP&marketplace=FLIPKART&q=gaming+keyboard&store=6bo&srno=s_2_63&otracker=search&fm=organic&iid=32eef3dd-7a9c-456e-8daa-8b8f782188a5.ACCHGCJDDXP2CMVH.SEARCH&ppt=None&ppn=None&ssid=abdqnxgmio0000001779038351614&qH=45ab4f678488626f&ov_redirect=true&ov_redirect=true,,flipkart
"Ant Esports MK3400 Pro V3 Wired USB Standard Gaming Key...Black4.3(601)₹1,329₹3,99966% offBank Offer",gaming,1329.0,3999.0,66.0,4.3,601,https://rukminim2.flixcart.com/image/612/612/xif0q/keyboard/x/4/0/-original-imagp3gkudxamd8t.jpeg?q=70,https://www.flipkart.com/ant-esports-mk3400-pro-v3-wired-usb-standard-gaming-keyboard-compatible-desktop-laptop-mac-stand-support-mk3400w-v2/p/itmd2509c73d5b28?pid=ACCG9JD96AATGTRY&lid=LSTACCG9JD96AATGTRY7R7LTN&marketplace=FLIPKART&q=gaming+keyboard&store=6bo&srno=s_2_64&otracker=search&fm=organic&iid=32eef3dd-7a9c-456e-8daa-8b8f782188a5.ACCG9JD96AATGTRY.SEARCH&ppt=None&ppn=None&ssid=abdqnxgmio0000001779038351614&qH=45ab4f678488626f&ov_redirect=true&ov_redirect=true,,flipkart
"Frontech Wired Keyboard | RGB Backlight Effect | 104 Ke...Grey, Black4.2(1,012)₹1,020₹2,50059% offSALE PE SALE",gaming,1020.0,2500.0,59.0,4.2,1012,https://rukminim2.flixcart.com/image/612/612/xif0q/keyboard/gaming-keyboard/r/7/e/wired-keyboard-rgb-backlight-effect-104-keys-with-1-5m-braided-original-imahbym4hmxcr6xg.jpeg?q=70,https://www.flipkart.com/frontech-wired-keyboard-rgb-backlight-effect-104-keys-1-5m-braided-cable-kb-0049-usb-standard-gaming-compatible-desktop-laptop-mac/p/itmf5f09f6be3d1e?pid=ACCH66RJDZXSHC5U&lid=LSTACCH66RJDZXSHC5U5CWRXF&marketplace=FLIPKART&q=gaming+keyboard&store=6bo&srno=s_2_65&otracker=search&fm=organic&iid=32eef3dd-7a9c-456e-8daa-8b8f782188a5.ACCH66RJDZXSHC5U.SEARCH&ppt=None&ppn=None&ssid=abdqnxgmio0000001779038351614&qH=45ab4f678488626f&ov_redirect=true&ov_redirect=true,,flipkart
"HP KM300F Gaming Keyboard and Mouse Combo Combo Set Des...Black4.3(2,829)₹1,539₹2,49938% offBank Offer",gaming,1539.0,2499.0,38.0,4.3,2829,https://rukminim2.flixcart.com/image/612/612/xif0q/computer-acc-combo/b/c/x/km300f-gaming-keyboard-and-mouse-combo-2-hp-original-imahjw96ys4farrs.jpeg?q=70,https://www.flipkart.com/hp-km300f-gaming-keyboard-mouse-combo-set-designed/p/itme80e28c5257a6?pid=ACCFZPFEFKTWRPBM&lid=LSTACCFZPFEFKTWRPBMMFE74M&marketplace=FLIPKART&q=gaming+keyboard&store=6bo&srno=s_2_66&otracker=search&fm=organic&iid=32eef3dd-7a9c-456e-8daa-8b8f782188a5.ACCFZPFEFKTWRPBM.SEARCH&ppt=None&ppn=None&ssid=abdqnxgmio0000001779038351614&qH=45ab4f678488626f&ov_redirect=true&ov_redirect=true,,flipkart
"Kreo Swarm X Wireless 75% Mechanical Keyboard Red Switc...Black4.6(68)₹4,299₹10,00057% offBank Offer",gaming,4299.0,10000.0,57.0,4.6,68,https://rukminim2.flixcart.com/image/612/612/xif0q/keyboard/gaming-keyboard/m/o/s/swarm-x-wireless-75-mechanical-keyboard-red-switches-with-light-original-imahgzkhvvvnujub.jpeg?q=70,https://www.flipkart.com/kreo-swarm-x-wireless-75-mechanical-keyboard-red-switches-light-shine-through-tenkeyless-gaming-compatible-desktop/p/itm301a9530a9b5f?pid=ACCHFJJWCAYG6KZ5&lid=LSTACCHFJJWCAYG6KZ5K94T11&marketplace=FLIPKART&q=gaming+keyboard&store=6bo&srno=s_2_67&otracker=search&fm=organic&iid=en_fbFk8K-z91yaZ0WbNUbHH2G7slqFumaAbKcLAF85dZZZfUZ1dB8zNSWH6iyX47l6dQ-bXVreL921irW2-gJL7jRKtQQVWB8eNWYNLe7VuyQ%3D&ppt=None&ppn=None&ssid=abdqnxgmio0000001779038351614&qH=45ab4f678488626f&ov_redirect=true&ov_redirect=true,,flipkart
"EVOFOX Katana X2 TKL Tri-Mode (BT/2.4G/Wired) Red Switc...Black4.5(109)₹2,799₹3,99930% offBank Offer",gaming,2799.0,3999.0,30.0,4.5,109,https://rukminim2.flixcart.com/image/612/612/xif0q/keyboard/gaming-keyboard/a/8/n/katana-x2-tkl-tri-mode-bt-2-4g-wired-red-switches-and-dynamic-original-imahfe45mvpgjpvy.jpeg?q=70,https://www.flipkart.com/evofox-katana-x2-tkl-tri-mode-bt-2-4g-wired-red-switches-dynamic-backliting-wireless-tenkeyless-gaming-keyboard-compatible-desktop-laptop-tablet-mac/p/itma2026f5f48d4b?pid=ACCHEW3FYYHT8UGM&lid=LSTACCHEW3FYYHT8UGMMFGEF7&marketplace=FLIPKART&q=gaming+keyboard&store=6bo&srno=s_2_68&otracker=search&fm=organic&iid=32eef3dd-7a9c-456e-8daa-8b8f782188a5.ACCHEW3FYYHT8UGM.SEARCH&ppt=None&ppn=None&ssid=abdqnxgmio0000001779038351614&qH=45ab4f678488626f&ov_redirect=true&ov_redirect=true,,flipkart
"EVOFOX Ronin TKL RGB Mechanical Wired USB Tenkeyless Ga...Black4.5(674)₹2,699₹3,99932% offSaver Deal",gaming,2699.0,3999.0,32.0,4.5,674,https://rukminim2.flixcart.com/image/612/612/xif0q/keyboard/gaming-keyboard/m/l/f/ronin-tkl-rgb-mechanical-evofox-original-imahdmzuavtbhezt.jpeg?q=70,https://www.flipkart.com/evofox-ronin-tkl-rgb-mechanical-wired-usb-tenkeyless-gaming-keyboard-compatible-desktop-laptop-mac/p/itm11cf479fea3a5?pid=ACCH5VMXUZYXVHUQ&lid=LSTACCH5VMXUZYXVHUQDHUWLZ&marketplace=FLIPKART&q=gaming+keyboard&store=6bo&srno=s_2_69&otracker=search&fm=organic&iid=32eef3dd-7a9c-456e-8daa-8b8f782188a5.ACCH5VMXUZYXVHUQ.SEARCH&ppt=None&ppn=None&ssid=abdqnxgmio0000001779038351614&qH=45ab4f678488626f&ov_redirect=true&ov_redirect=true,,flipkart
"ZEBRONICS Transformer K2 Wired USB Standard Desktop Key...Black4(298)₹899₹1,99955% offSaver Deal",gaming,899.0,1999.0,55.0,4.0,298,https://rukminim2.flixcart.com/image/612/612/xif0q/keyboard/gaming-keyboard/q/r/n/zeb-transformer-k2-zebronics-original-imahagf3hcem3ryx.jpeg?q=70,https://www.flipkart.com/zebronics-transformer-k2-wired-usb-standard-desktop-keyboard-compatible-desktop-laptop-mac-104-keys-multi-color-led-1-8m-braided-cable-multicolor-led-laser-keycaps/p/itmad3651f4e4e8f?pid=ACCFZWKFUEFGKSYB&lid=LSTACCFZWKFUEFGKSYBSA4NYA&marketplace=FLIPKART&q=gaming+keyboard&store=6bo&srno=s_2_70&otracker=search&fm=organic&iid=32eef3dd-7a9c-456e-8daa-8b8f782188a5.ACCFZWKFUEFGKSYB.SEARCH&ppt=None&ppn=None&ssid=abdqnxgmio0000001779038351614&qH=45ab4f678488626f&ov_redirect=true&ov_redirect=true,,flipkart
"ZEBRONICS Zeb-Max Atom Wired USB Standard Gaming Keyboa...Black4(57)₹1,759₹4,99964% offSALE PE SALE",gaming,1759.0,4999.0,64.0,4.0,57,https://rukminim2.flixcart.com/image/612/612/ksyz8280/keyboard/gaming-keyboard/6/v/g/zeb-max-atom-zebronics-original-imag6fyjaqgzzu9g.jpeg?q=70,https://www.flipkart.com/zebronics-zeb-max-atom-wired-usb-standard-gaming-keyboard-compatible-desktop-laptop-mac-easy-use-plug-play-quick-comfy-durable-body/p/itma202b7d6ce534?pid=ACCFZWKFHWKVU4QB&lid=LSTACCFZWKFHWKVU4QBGKREWL&marketplace=FLIPKART&q=gaming+keyboard&store=6bo&srno=s_2_71&otracker=search&fm=organic&iid=32eef3dd-7a9c-456e-8daa-8b8f782188a5.ACCFZWKFHWKVU4QB.SEARCH&ppt=None&ppn=None&ssid=abdqnxgmio0000001779038351614&qH=45ab4f678488626f&ov_redirect=true&ov_redirect=true,,flipkart
"ZEBRONICS ZEB-KKB 3 Wired USB Standard Desktop Keyboard...White4.1(4,167)₹817₹1,79954% offSaver Deal",gaming,817.0,1799.0,54.0,4.1,4167,https://rukminim2.flixcart.com/image/612/612/xif0q/keyboard/desktop-keyboard/k/i/o/zeb-kkb-3-zebronics-original-imah4uxmy8ubdgrn.jpeg?q=70,https://www.flipkart.com/zebronics-zeb-kkb-3-wired-usb-standard-desktop-keyboard-compatible-desktop-laptop-mac-easy-use-plug-play-quick-comfy-durable-body/p/itm78097299f82fc?pid=ACCH3ACYQDN5YPW7&lid=LSTACCH3ACYQDN5YPW7AKSLAP&marketplace=FLIPKART&q=gaming+keyboard&store=6bo&srno=s_2_72&otracker=search&fm=organic&iid=32eef3dd-7a9c-456e-8daa-8b8f782188a5.ACCH3ACYQDN5YPW7.SEARCH&ppt=None&ppn=None&ssid=abdqnxgmio0000001779038351614&qH=45ab4f678488626f&ov_redirect=true&ov_redirect=true,,flipkart
"ENTWINO Wired Gaming Keyboard With Metal Body & Light W...Black3.1(15)₹678₹1,49954% offOnly few left",gaming,678.0,1499.0,54.0,3.1,15,https://rukminim2.flixcart.com/image/612/612/xif0q/keyboard/gaming-keyboard/z/l/c/wired-gaming-keyboard-with-metal-body-light-entwino-original-imah6u9vp2hpcctv.jpeg?q=70,https://www.flipkart.com/entwino-wired-gaming-keyboard-metal-body-light-usb-standard-compatible-desktop-laptop-mac/p/itm1da5d6ea67267?pid=ACCH6RV8DYFV4WVH&lid=LSTACCH6RV8DYFV4WVHPCQCST&marketplace=FLIPKART&q=gaming+keyboard&store=6bo&srno=s_2_73&otracker=search&fm=organic&iid=32eef3dd-7a9c-456e-8daa-8b8f782188a5.ACCH6RV8DYFV4WVH.SEARCH&ppt=None&ppn=None&ssid=abdqnxgmio0000001779038351614&qH=45ab4f678488626f&ov_redirect=true&ov_redirect=true,,flipkart
Ant Master 01 Wired USB Standard Desktop Keyboard Compa...Black4.4(67)₹512₹99948% offSALE PE SALE,gaming,512.0,999.0,48.0,4.4,67,https://rukminim2.flixcart.com/image/612/612/xif0q/keyboard/t/h/i/-original-imahj2e9ud9js7zu.jpeg?q=70,https://www.flipkart.com/ant-master-01-wired-usb-standard-desktop-keyboard-compatible-desktop-laptop/p/itmea7aeb09bba2b?pid=ACCHHQ9TSHJESSGS&lid=LSTACCHHQ9TSHJESSGS4AINHI&marketplace=FLIPKART&q=gaming+keyboard&store=6bo&srno=s_2_74&otracker=search&fm=organic&iid=32eef3dd-7a9c-456e-8daa-8b8f782188a5.ACCHHQ9TSHJESSGS.SEARCH&ppt=None&ppn=None&ssid=abdqnxgmio0000001779038351614&qH=45ab4f678488626f&ov_redirect=true&ov_redirect=true,,flipkart
"Aula S2022 Mechanical Wired USB Standard Gaming Keyboar...Blue4.3(1,192)₹2,479₹5,99958% offOnly 1 left",gaming,2479.0,5999.0,58.0,4.3,1192,https://rukminim2.flixcart.com/image/612/612/xif0q/keyboard/gaming-keyboard/m/b/z/s2022-mechanical-aula-original-imah8ranuzyyxb7d.jpeg?q=70,https://www.flipkart.com/aula-s2022-mechanical-wired-usb-standard-gaming-keyboard-compatible-desktop-laptop-mac-stand-support-s2022/p/itmd63c80c217762?pid=ACCGM5NUEMJFHEHH&lid=LSTACCGM5NUEMJFHEHHMIQEIE&marketplace=FLIPKART&q=gaming+keyboard&store=6bo&srno=s_2_75&otracker=search&fm=organic&iid=32eef3dd-7a9c-456e-8daa-8b8f782188a5.ACCGM5NUEMJFHEHH.SEARCH&ppt=None&ppn=None&ssid=abdqnxgmio0000001779038351614&qH=45ab4f678488626f&ov_redirect=true&ov_redirect=true,,flipkart
"Acer ZC.A01SI.3RV - 1 Wired USB Standard Gaming Keyboar...Black₹999₹2,99966% offOnly few left",gaming,999.0,2999.0,66.0,0.0,0,https://rukminim2.flixcart.com/image/612/612/xif0q/keyboard/gaming-keyboard/6/f/r/zc-a01si-3rv-1-acer-original-imahndrwtg6ctruh.jpeg?q=70,https://www.flipkart.com/acer-zc-a01si-3rv-1-wired-usb-standard-gaming-keyboard-compatible-desktop-laptop/p/itm220e233214f9a?pid=ACCHNDSGQZYPSEZE&lid=LSTACCHNDSGQZYPSEZEJLHFZJ&marketplace=FLIPKART&q=gaming+keyboard&store=6bo&srno=s_2_76&otracker=search&fm=organic&iid=32eef3dd-7a9c-456e-8daa-8b8f782188a5.ACCHNDSGQZYPSEZE.SEARCH&ppt=None&ppn=None&ssid=abdqnxgmio0000001779038351614&qH=45ab4f678488626f&ov_redirect=true&ov_redirect=true,,flipkart
"virat creation Bluetooth Gaming Keyboard Mouse Converto...Black3.4(7)₹2,636₹4,99047% offOnly few left",gaming,2636.0,4990.0,47.0,3.4,7,https://rukminim2.flixcart.com/image/612/612/xif0q/keyboard/gaming-keyboard/l/y/v/bluetooth-gaming-keyboard-mouse-convertor-for-smartphone-4-in-1-original-imah7yyhupvghrhd.jpeg?q=70,https://www.flipkart.com/virat-creation-bluetooth-gaming-keyboard-mouse-convertor-smartphone-4-1-mobile-game-wireless-handheld-compatible-desktop-laptop-mac/p/itm62bdf154eb620?pid=ACCH5KYCZEDCBNYM&lid=LSTACCH5KYCZEDCBNYMSKKIRO&marketplace=FLIPKART&q=gaming+keyboard&store=6bo&srno=s_2_77&otracker=search&fm=organic&iid=32eef3dd-7a9c-456e-8daa-8b8f782188a5.ACCH5KYCZEDCBNYM.SEARCH&ppt=None&ppn=None&ssid=abdqnxgmio0000001779038351614&qH=45ab4f678488626f&ov_redirect=true&ov_redirect=true,,flipkart
"EVOFOX Ronin TKL RGB Mechanical Wireless Tenkeyless Gam...White4.6(307)₹3,499₹4,79927% offBank Offer",gaming,3499.0,4799.0,27.0,4.6,307,https://rukminim2.flixcart.com/image/612/612/xif0q/keyboard/gaming-keyboard/f/h/5/ronin-tkl-rgb-mechanical-evofox-original-imahey7fefz7ncng.jpeg?q=70,https://www.flipkart.com/evofox-ronin-tkl-rgb-mechanical-wireless-tenkeyless-gaming-keyboard-compatible-desktop-laptop-mac/p/itma27ca9e240065?pid=ACCH5VMYZ9ZFUMXQ&lid=LSTACCH5VMYZ9ZFUMXQ0X3WIM&marketplace=FLIPKART&q=gaming+keyboard&store=6bo&srno=s_2_78&otracker=search&fm=organic&iid=32eef3dd-7a9c-456e-8daa-8b8f782188a5.ACCH5VMYZ9ZFUMXQ.SEARCH&ppt=None&ppn=None&ssid=abdqnxgmio0000001779038351614&qH=45ab4f678488626f&ov_redirect=true&ov_redirect=true,,flipkart
"LAPCARE LGK-171 Wired USB Standard Gaming Keyboard Comp...Black3.8(31)₹699₹1,59956% offSALE PE SALE",gaming,699.0,1599.0,56.0,3.8,31,https://rukminim2.flixcart.com/image/612/612/xif0q/keyboard/m/i/u/-original-imahhmnegzntrx2z.jpeg?q=70,https://www.flipkart.com/lapcare-lgk-171-wired-usb-standard-gaming-keyboard-compatible-desktop-ipad-laptop-mac-tablet/p/itmb117f1d18d5a4?pid=ACCHJGYCTN5JVVCV&lid=LSTACCHJGYCTN5JVVCVPTHM8X&marketplace=FLIPKART&q=gaming+keyboard&store=6bo&srno=s_2_79&otracker=search&fm=organic&iid=32eef3dd-7a9c-456e-8daa-8b8f782188a5.ACCHJGYCTN5JVVCV.SEARCH&ppt=None&ppn=None&ssid=abdqnxgmio0000001779038351614&qH=45ab4f678488626f&ov_redirect=true&ov_redirect=true,,flipkart
"zebion SPEAR,25 Anti Ghosting Keys, 16 Lighting Effects...Black₹2,055₹3,49941% offOnly few left",gaming,2055.0,3499.0,41.0,0.0,0,https://rukminim2.flixcart.com/image/612/612/xif0q/keyboard/gaming-keyboard/v/p/k/spear-25-anti-ghosting-keys-16-lighting-effects-type-c-braided-original-imahc7eh4nypybfc.jpeg?q=70,https://www.flipkart.com/zebion-spear-25-anti-ghosting-keys-16-lighting-effects-type-c-braided-cable-wired-usb-standard-gaming-keyboard-compatible-desktop-laptop-tablet-mac/p/itmd63ec8ee37458?pid=ACCHBZNQVXWFKZP2&lid=LSTACCHBZNQVXWFKZP2F9OFZU&marketplace=FLIPKART&q=gaming+keyboard&store=6bo&srno=s_2_80&otracker=search&fm=organic&iid=32eef3dd-7a9c-456e-8daa-8b8f782188a5.ACCHBZNQVXWFKZP2.SEARCH&ppt=None&ppn=None&ssid=abdqnxgmio0000001779038351614&qH=45ab4f678488626f&ov_redirect=true&ov_redirect=true,,flipkart
"EVM EnClaw WDKM-612 Combo Set Designed for GamingWhite4.3(434)₹1,099₹3,49968% offBank Offer",gaming,1099.0,3499.0,68.0,4.3,434,https://rukminim2.flixcart.com/image/612/612/xif0q/computer-acc-combo/7/b/q/wdkm-612-2-evm-original-imahetw8fxj5bhah.jpeg?q=70,https://www.flipkart.com/evm-enclaw-wdkm-612-combo-set-designed-gaming/p/itm7de5e092f8c0a?pid=CASH8ZXHFPRB7J79&lid=LSTCASH8ZXHFPRB7J79VPMTXA&marketplace=FLIPKART&q=gaming+keyboard&store=6bo&srno=s_3_81&otracker=search&fm=organic&iid=en_m28wJ4zYzO0pTCD6-1dJwHQM0a5PuH9MMd7t815NbpRwmHlFZu85j7r9vwVNpRp4QOAWyrftA6SkyZc03biI9E4IsYyWu-Pj9cxFjFAoaLk%3D&ppt=None&ppn=None&ssid=lsfbj0zxs00000001779038354927&qH=45ab4f678488626f&ov_redirect=true&ov_redirect=true,,flipkart
"EVOFOX Deathray V2 RGB Gaming Keyboard and Mouse Combo ...Black4.3(274)₹1,099₹1,89942% offSALE PE SALE",gaming,1099.0,1899.0,42.0,4.3,274,https://rukminim2.flixcart.com/image/612/612/xif0q/computer-acc-combo/3/w/f/deathray-v2-rgb-gaming-keyboard-and-mouse-1-evofox-original-imahckxfzsjf6qtw.jpeg?q=70,https://www.flipkart.com/evofox-deathray-v2-rgb-gaming-keyboard-mouse-combo-set-designed/p/itmcb730cc5ca043?pid=CASHAMPN8DAEGQTD&lid=LSTCASHAMPN8DAEGQTDTWZPRT&marketplace=FLIPKART&q=gaming+keyboard&store=6bo&srno=s_3_82&otracker=search&fm=organic&iid=en_m28wJ4zYzO0pTCD6-1dJwHQM0a5PuH9MMd7t815NbpTkv1A2swTnMqFRMPIydR-EBVphfeRDVH0zFi_P1_pcu4QEIsITtCzc4bHaOMTqL08%3D&ppt=None&ppn=None&ssid=lsfbj0zxs00000001779038354927&qH=45ab4f678488626f&ov_redirect=true&ov_redirect=true,,flipkart
"ZEBRONICS Nitro Plus Mechanical keyboard with RGB Light...Black3.7(13)₹1,740₹3,49950% offSaver Deal",gaming,1740.0,3499.0,50.0,3.7,13,https://rukminim2.flixcart.com/image/612/612/xif0q/keyboard/multi-device-keyboard/k/x/3/nitro-plus-mechanical-keyboard-with-rgb-light-zebronics-original-imahdtbgmgdfcbgh.jpeg?q=70,https://www.flipkart.com/zebronics-nitro-plus-mechanical-keyboard-rgb-light-wired-usb-standard-multi-device-compatible-desktop-laptop-mac/p/itm74d67b7edda3b?pid=ACCH89UJEJDY6YJU&lid=LSTACCH89UJEJDY6YJUYIAERF&marketplace=FLIPKART&q=gaming+keyboard&store=6bo&srno=s_3_83&otracker=search&fm=organic&iid=d75048e5-c529-4ce2-a638-11942236caa3.ACCH89UJEJDY6YJU.SEARCH&ppt=None&ppn=None&ssid=lsfbj0zxs00000001779038354927&qH=45ab4f678488626f&ov_redirect=true&ov_redirect=true,,flipkart
"Frontech Gaming Keyboard | 98 Keys | 19 Anti-Ghosting K...Black&Orange&White4.1(19)₹1,222₹4,50072% offBank Offer",gaming,1222.0,4500.0,72.0,4.1,19,https://rukminim2.flixcart.com/image/612/612/xif0q/keyboard/gaming-keyboard/q/o/p/gaming-keyboard-98-keys-19-anti-ghosting-keys-2-4ghz-bt-5-1-rgb-original-imahhg5jytnrzbct.jpeg?q=70,https://www.flipkart.com/frontech-gaming-keyboard-98-keys-19-anti-ghosting-2-4ghz-bt-5-1-rgb-wireless-standard-compatible-laptop/p/itm4e0cd02e51c1c?pid=ACCHGXRWUKBKYFN5&lid=LSTACCHGXRWUKBKYFN534N9IO&marketplace=FLIPKART&q=gaming+keyboard&store=6bo&srno=s_3_84&otracker=search&fm=organic&iid=d75048e5-c529-4ce2-a638-11942236caa3.ACCHGXRWUKBKYFN5.SEARCH&ppt=None&ppn=None&ssid=lsfbj0zxs00000001779038354927&qH=45ab4f678488626f&ov_redirect=true&ov_redirect=true,,flipkart
"Ant Esports MK3400 PRO V3 Wired USB Standard Gaming Key...White4.5(13)₹1,329₹4,19968% offBank Offer",gaming,1329.0,4199.0,68.0,4.5,13,https://rukminim2.flixcart.com/image/612/612/xif0q/keyboard/b/0/o/-original-imahjf2m4tkducvk.jpeg?q=70,https://www.flipkart.com/ant-esports-mk3400-pro-v3-wired-usb-standard-gaming-keyboard-compatible-desktop-mac-brown-switches/p/itmd2509c73d5b28?pid=ACCHCZBAJCHSKWSZ&lid=LSTACCHCZBAJCHSKWSZXOLDSM&marketplace=FLIPKART&q=gaming+keyboard&store=6bo&srno=s_3_85&otracker=search&fm=organic&iid=d75048e5-c529-4ce2-a638-11942236caa3.ACCHCZBAJCHSKWSZ.SEARCH&ppt=None&ppn=None&ssid=lsfbj0zxs00000001779038354927&qH=45ab4f678488626f&ov_redirect=true&ov_redirect=true,,flipkart
"Frontech 63-Key Mechanical Gaming Keyboard | Rainbow Ba...Black4.3(7)₹1,226₹4,00069% offSALE PE SALE",gaming,1226.0,4000.0,69.0,4.3,7,https://rukminim2.flixcart.com/image/612/612/xif0q/keyboard/gaming-keyboard/l/q/k/63-key-mechanical-gaming-keyboard-rainbow-backlit-26-anti-original-imahhg5jxvyppfhc.jpeg?q=70,https://www.flipkart.com/frontech-63-key-mechanical-gaming-keyboard-rainbow-backlit-26-anti-ghosting-keys-wired-usb-standard-compatible-desktop/p/itm834cbb674957d?pid=ACCHGWGJT7FYW6S3&lid=LSTACCHGWGJT7FYW6S3XQJLQY&marketplace=FLIPKART&q=gaming+keyboard&store=6bo&srno=s_3_86&otracker=search&fm=organic&iid=d75048e5-c529-4ce2-a638-11942236caa3.ACCHGWGJT7FYW6S3.SEARCH&ppt=None&ppn=None&ssid=lsfbj0zxs00000001779038354927&qH=45ab4f678488626f&ov_redirect=true&ov_redirect=true,,flipkart
"EVM EnHawk WDKM-315 Combo Set Designed for GamingWhite3.7(3)₹739₹2,49970% offBank Offer",gaming,739.0,2499.0,70.0,3.7,3,https://rukminim2.flixcart.com/image/612/612/xif0q/computer-acc-combo/l/y/p/wdkm-315-2-evm-original-imahetw4d3zfhgfu.jpeg?q=70,https://www.flipkart.com/evm-enhawk-wdkm-315-combo-set-designed-gaming/p/itme34d7de2e15a1?pid=CASH8RD3HQTH8RWJ&lid=LSTCASH8RD3HQTH8RWJEAP5ZW&marketplace=FLIPKART&q=gaming+keyboard&store=6bo&srno=s_3_87&otracker=search&fm=organic&iid=en_m28wJ4zYzO0pTCD6-1dJwHQM0a5PuH9MMd7t815NbpQepiZE047F5PefIjqZeWbyoUJZr-qMXSVyAF9CnI9OwkKsf8s6I2Oz2HOgbXTo_9U%3D&ppt=None&ppn=None&ssid=lsfbj0zxs00000001779038354927&qH=45ab4f678488626f&ov_redirect=true&ov_redirect=true,,flipkart
"EVOFOX Ronin TKL RGB Mechanical Wired USB Tenkeyless Ga...White4.5(674)₹2,699₹3,99932% offBank Offer",gaming,2699.0,3999.0,32.0,4.5,674,https://rukminim2.flixcart.com/image/612/612/xif0q/keyboard/gaming-keyboard/k/6/g/ronin-tkl-rgb-mechanical-evofox-original-imahdzd2aq7h66jf.jpeg?q=70,https://www.flipkart.com/evofox-ronin-tkl-rgb-mechanical-wired-usb-tenkeyless-gaming-keyboard-compatible-desktop-laptop-mac/p/itm11cf479fea3a5?pid=ACCHBK74WDEAHCZR&lid=LSTACCHBK74WDEAHCZRTEBJYW&marketplace=FLIPKART&q=gaming+keyboard&store=6bo&srno=s_3_88&otracker=search&fm=organic&iid=en_m28wJ4zYzO0pTCD6-1dJwHQM0a5PuH9MMd7t815NbpQ7aAWofOO8reZZ-KCAR_Fr2s52WIjNJzELDNxzqU7Hkuo15S0a61Wzzbg3qNOknKY%3D&ppt=None&ppn=None&ssid=lsfbj0zxs00000001779038354927&qH=45ab4f678488626f&ov_redirect=true&ov_redirect=true,,flipkart
"Redragon SHIVA K512 Wired USB Standard Gaming Keyboard ...Black4.5(154)₹1,889₹2,59027% offBank Offer",gaming,1889.0,2590.0,27.0,4.5,154,https://rukminim2.flixcart.com/image/612/612/k6gsk280/keyboard/gaming-keyboard/x/g/t/redragon-shiva-k512-original-imafzxe4vzwkbjfx.jpeg?q=70,https://www.flipkart.com/redragon-shiva-k512-wired-usb-standard-gaming-keyboard-compatible-desktop-laptop-mac/p/itm674afff84af6d?pid=ACCFZX5JXBZB4XGT&lid=LSTACCFZX5JXBZB4XGTIEGQUB&marketplace=FLIPKART&q=gaming+keyboard&store=6bo&srno=s_3_89&otracker=search&fm=organic&iid=d75048e5-c529-4ce2-a638-11942236caa3.ACCFZX5JXBZB4XGT.SEARCH&ppt=None&ppn=None&ssid=lsfbj0zxs00000001779038354927&qH=45ab4f678488626f&ov_redirect=true&ov_redirect=true,,flipkart
"Ant Esports MK1300 V2 Wired USB Standard Gaming Keyboar...Black4.6(52)₹1,519₹4,19963% offOnly few left",gaming,1519.0,4199.0,63.0,4.6,52,https://rukminim2.flixcart.com/image/612/612/xif0q/keyboard/5/7/o/-original-imahhdh9h7yyzrxf.jpeg?q=70,https://www.flipkart.com/ant-esports-mk1300-v2-wired-usb-standard-gaming-keyboard-compatible-desktop-laptop/p/itm558e0d04d3afc?pid=ACCHCN6TWF9YMECM&lid=LSTACCHCN6TWF9YMECMSJCXU7&marketplace=FLIPKART&q=gaming+keyboard&store=6bo&srno=s_3_90&otracker=search&fm=organic&iid=d75048e5-c529-4ce2-a638-11942236caa3.ACCHCN6TWF9YMECM.SEARCH&ppt=None&ppn=None&ssid=lsfbj0zxs00000001779038354927&qH=45ab4f678488626f&ov_redirect=true&ov_redirect=true,,flipkart
"EVOFOX Deathray V2 3 in 1 Gaming Keyboard, Mouse and Ex...Black4.5(146)₹1,379₹2,19937% offBank Offer",gaming,1379.0,2199.0,37.0,4.5,146,https://rukminim2.flixcart.com/image/612/612/xif0q/computer-acc-combo/b/i/a/deathray-v2-3-in-1-gaming-keyboard-mouse-and-extended-deskpad-1-original-imahdbfjmrd5h6a3.jpeg?q=70,https://www.flipkart.com/evofox-deathray-v2-3-1-gaming-keyboard-mouse-extended-deskpad-combo-set-designed/p/itma2abae7617b28?pid=CASHAMPPJSGSJHXH&lid=LSTCASHAMPPJSGSJHXH7EIOEP&marketplace=FLIPKART&q=gaming+keyboard&store=6bo&srno=s_3_91&otracker=search&fm=organic&iid=en_m28wJ4zYzO0pTCD6-1dJwHQM0a5PuH9MMd7t815NbpRB3DynrFbqlIV-UMoMVfnl7d-Wpil9xCPXxY9yUQ1hdEhz9c-MSIoFe8xMxkfU6dM%3D&ppt=None&ppn=None&ssid=lsfbj0zxs00000001779038354927&qH=45ab4f678488626f&ov_redirect=true&ov_redirect=true,,flipkart
"EVM EnClaw WDKM-612 Combo Set Designed for GamingGrey & Black4.1(103)₹2,697₹2,99910% offBank Offer",gaming,2697.0,2999.0,10.0,4.1,103,https://rukminim2.flixcart.com/image/612/612/xif0q/computer-acc-combo/g/4/t/wdkm-612-2-evm-original-imahetw7ts2fzb49.jpeg?q=70,https://www.flipkart.com/evm-enclaw-wdkm-612-combo-set-designed-gaming/p/itm953e3b55bcc4f?pid=CASH8ZX8D9JBVNEQ&lid=LSTCASH8ZX8D9JBVNEQPJKLV2&marketplace=FLIPKART&q=gaming+keyboard&store=6bo&srno=s_3_92&otracker=search&fm=organic&iid=en_m28wJ4zYzO0pTCD6-1dJwHQM0a5PuH9MMd7t815NbpRcm1mjnNt68TUwSATBExp5OAC8WpJM78FdEzkP-YdBPInfEY2D5bWfIUmTlXs_oiU%3D&ppt=None&ppn=None&ssid=lsfbj0zxs00000001779038354927&qH=45ab4f678488626f&ov_redirect=true&ov_redirect=true,,flipkart
"Intex Caliber Pro Keyboard RGB LED light Mechanical blu...Black3.9(128)₹2,299₹6,19962% offOnly 1 left",gaming,2299.0,6199.0,62.0,3.9,128,https://rukminim2.flixcart.com/image/612/612/xif0q/keyboard/r/b/y/-original-imagvyss4zhhkemb.jpeg?q=70,https://www.flipkart.com/intex-caliber-pro-keyboard-rgb-led-light-mechanical-blue-switch-it-wlkb011-wireless-standard-gaming-compatible-desktop-laptop-mac/p/itmb5e296f80a6f0?pid=ACCGR72YQVMG99ZY&lid=LSTACCGR72YQVMG99ZYQXRAUN&marketplace=FLIPKART&q=gaming+keyboard&store=6bo&srno=s_3_93&otracker=search&fm=organic&iid=d75048e5-c529-4ce2-a638-11942236caa3.ACCGR72YQVMG99ZY.SEARCH&ppt=None&ppn=None&ssid=lsfbj0zxs00000001779038354927&qH=45ab4f678488626f&ov_redirect=true&ov_redirect=true,,flipkart
"Frontech KB-0014P | 104 Keys | Anti-Ghosting | Ergonomi...Black4.4(116)₹1,814₹7,00074% offOnly few left",gaming,1814.0,7000.0,74.0,4.4,116,https://rukminim2.flixcart.com/image/612/612/xif0q/keyboard/gaming-keyboard/d/g/k/kb-0014p-104-keys-anti-ghosting-ergonomic-design-12-multimedia-original-imahhg5jgqghqjpc.jpeg?q=70,https://www.flipkart.com/frontech-kb-0014p-104-keys-anti-ghosting-ergonomic-design-12-multimedia-hotkeys-wired-usb-standard-gaming-keyboard-compatible-desktop-laptop-tablet/p/itmf36601a09752b?pid=ACCHD7ACRDTX8ZCS&lid=LSTACCHD7ACRDTX8ZCSM4YQ6A&marketplace=FLIPKART&q=gaming+keyboard&store=6bo&srno=s_3_94&otracker=search&fm=organic&iid=d75048e5-c529-4ce2-a638-11942236caa3.ACCHD7ACRDTX8ZCS.SEARCH&ppt=None&ppn=None&ssid=lsfbj0zxs00000001779038354927&qH=45ab4f678488626f&ov_redirect=true&ov_redirect=true,,flipkart
"GAMESOUL 4 IN 1 MOBILE GAMING COMBO PACK Bluetooth Lapt...Black₹2,807₹4,99043% offOnly few left",gaming,2807.0,4990.0,43.0,0.0,0,https://rukminim2.flixcart.com/image/612/612/xif0q/keyboard/gaming-keyboard/g/p/w/4-in-1-mobile-gaming-combo-pack-gamesoul-original-imahhgggg4hpvfxk.jpeg?q=70,https://www.flipkart.com/gamesoul-4-1-mobile-gaming-combo-pack-bluetooth-laptop-size-keyboard-compatible-desktop-ipad/p/itm9972f8cf5aa62?pid=ACCHHGGGQH7WBDUR&lid=LSTACCHHGGGQH7WBDURGB9NB0&marketplace=FLIPKART&q=gaming+keyboard&store=6bo&srno=s_3_95&otracker=search&fm=organic&iid=d75048e5-c529-4ce2-a638-11942236caa3.ACCHHGGGQH7WBDUR.SEARCH&ppt=None&ppn=None&ssid=lsfbj0zxs00000001779038354927&qH=45ab4f678488626f&ov_redirect=true&ov_redirect=true,,flipkart
"Ant Esports MK4000 Wired USB Standard Gaming Keyboard C...Black4.5(27)₹2,867₹5,99952% offOnly few left",gaming,2867.0,5999.0,52.0,4.5,27,https://rukminim2.flixcart.com/image/612/612/xif0q/keyboard/a/x/m/-original-imaha64thyqjry3w.jpeg?q=70,https://www.flipkart.com/ant-esports-mk4000-wired-usb-standard-gaming-keyboard-compatible-desktop-laptop-mac/p/itme0983cf3e84fe?pid=ACCH9TTWUYJNXYPA&lid=LSTACCH9TTWUYJNXYPAGEDHPJ&marketplace=FLIPKART&q=gaming+keyboard&store=6bo&srno=s_3_96&otracker=search&fm=organic&iid=d75048e5-c529-4ce2-a638-11942236caa3.ACCH9TTWUYJNXYPA.SEARCH&ppt=None&ppn=None&ssid=lsfbj0zxs00000001779038354927&qH=45ab4f678488626f&ov_redirect=true&ov_redirect=true,,flipkart
"EVOFOX Ronin TKL RGB Mechanical Wired USB Tenkeyless Ga...Black4.5(674)₹2,699₹3,99932% offSaver Deal",gaming,2699.0,3999.0,32.0,4.5,674,https://rukminim2.flixcart.com/image/612/612/xif0q/keyboard/gaming-keyboard/m/l/f/ronin-tkl-rgb-mechanical-evofox-original-imahdmzuavtbhezt.jpeg?q=70,https://www.flipkart.com/evofox-ronin-tkl-rgb-mechanical-wired-usb-tenkeyless-gaming-keyboard-compatible-desktop-laptop-mac/p/itm11cf479fea3a5?pid=ACCH5VMXUZYXVHUQ&lid=LSTACCH5VMXUZYXVHUQDHUWLZ&marketplace=FLIPKART&q=gaming+keyboard&store=6bo&srno=s_3_97&otracker=search&fm=organic&iid=en_m28wJ4zYzO0pTCD6-1dJwHQM0a5PuH9MMd7t815NbpTr3PuRJQhSOo-fe3ipjwUnkIBQ7HL3pH6pXu1AdEUkN2Vkv0XZFiOX7bbXdlao_f8%3D&ppt=None&ppn=None&ssid=lsfbj0zxs00000001779038354927&qH=45ab4f678488626f&ov_redirect=true&ov_redirect=true,,flipkart
"EVOFOX Deathray V2 Pro Programmable RGB Silent Membrane...Black4.3(270)₹929₹1,69945% offBank Offer",gaming,929.0,1699.0,45.0,4.3,270,https://rukminim2.flixcart.com/image/612/612/xif0q/keyboard/gaming-keyboard/r/p/l/deathray-v2-pro-programmable-rgb-silent-membrane-evofox-original-imahckzmfbfkgkuy.jpeg?q=70,https://www.flipkart.com/evofox-deathray-v2-pro-programmable-rgb-silent-membrane-wired-usb-standard-gaming-keyboard-compatible-desktop-laptop-mac/p/itmd20bd17ab0fef?pid=ACCH9V569P2QGVVD&lid=LSTACCH9V569P2QGVVDS7LDUJ&marketplace=FLIPKART&q=gaming+keyboard&store=6bo&srno=s_3_98&otracker=search&fm=organic&iid=en_m28wJ4zYzO0pTCD6-1dJwHQM0a5PuH9MMd7t815NbpTHwA5Ao6EuCrOjQtQsQzW_74CRgcZwjPw4gE_urxylB_cUmN_6PwCReg_VTM4VLxo%3D&ppt=None&ppn=None&ssid=lsfbj0zxs00000001779038354927&qH=45ab4f678488626f&ov_redirect=true&ov_redirect=true,,flipkart
"jertech JK540 Wired USB Laptop-size Gaming Keyboard Com...White&Blue&Red3.7(13)₹1,763₹3,69952% offOnly few left",gaming,1763.0,3699.0,52.0,3.7,13,https://rukminim2.flixcart.com/image/612/612/xif0q/keyboard/gaming-keyboard/y/j/i/jk540-jertech-original-imahht9chpgwh8cr.jpeg?q=70,https://www.flipkart.com/jertech-jk540-wired-usb-laptop-size-gaming-keyboard-compatible-desktop-laptop-mac-ipad-tablet/p/itma50f7b8cec976?pid=ACCHFUJGGXSNTWGZ&lid=LSTACCHFUJGGXSNTWGZFKBXAG&marketplace=FLIPKART&q=gaming+keyboard&store=6bo&srno=s_3_99&otracker=search&fm=organic&iid=d75048e5-c529-4ce2-a638-11942236caa3.ACCHFUJGGXSNTWGZ.SEARCH&ppt=None&ppn=None&ssid=lsfbj0zxs00000001779038354927&qH=45ab4f678488626f&ov_redirect=true&ov_redirect=true,,flipkart
"LAPCARE LGK-162 Wired USB Standard Gaming Keyboard Comp...Black3.8(8)₹1,899Bank Offer",gaming,1899.0,1899.0,0,3.8,8,https://rukminim2.flixcart.com/image/612/612/xif0q/keyboard/t/i/d/-original-imahhmnefqqad6h6.jpeg?q=70,https://www.flipkart.com/lapcare-lgk-162-wired-usb-standard-gaming-keyboard-compatible-desktop-ipad-laptop-mac-tablet/p/itmc65949768c4dd?pid=ACCHJGYCNQPSEZFE&lid=LSTACCHJGYCNQPSEZFEPZJAKB&marketplace=FLIPKART&q=gaming+keyboard&store=6bo&srno=s_3_100&otracker=search&fm=organic&iid=d75048e5-c529-4ce2-a638-11942236caa3.ACCHJGYCNQPSEZFE.SEARCH&ppt=None&ppn=None&ssid=lsfbj0zxs00000001779038354927&qH=45ab4f678488626f&ov_redirect=true&ov_redirect=true,,flipkart
"Kreo Hive 65% Compact Mechanical Gaming Keyboard Wired,...White, Purple4.6(240)₹2,599₹4,99948% offBank Offer",gaming,2599.0,4999.0,48.0,4.6,240,https://rukminim2.flixcart.com/image/612/612/xif0q/keyboard/gaming-keyboard/p/6/s/hive-65-compact-mechanical-gaming-keyboard-wired-rgb-multi-os-original-imahgzqhsug4bkum.jpeg?q=70,https://www.flipkart.com/kreo-hive-65-compact-mechanical-gaming-keyboard-wired-rgb-multi-os-customizable-wired-usb-laptop-size-compatible-desktop-laptop/p/itm747ab8d7f31ea?pid=ACCHFJDP4VVNQXJD&lid=LSTACCHFJDP4VVNQXJD7LZNJQ&marketplace=FLIPKART&q=gaming+keyboard&store=6bo&srno=s_3_101&otracker=search&fm=organic&iid=en_m28wJ4zYzO0pTCD6-1dJwHQM0a5PuH9MMd7t815NbpTnAjUfM8povwm0TshecD92ZcG4EGV3FHTNZC5MthWiuvUFjCTyOHoHZs-Z5_PS_w0%3D&ppt=None&ppn=None&ssid=lsfbj0zxs00000001779038354927&qH=45ab4f678488626f&ov_redirect=true&ov_redirect=true,,flipkart
"Kreo Hive 65% Compact Mechanical Gaming Keyboard Wired,...Black&Purple4.6(240)₹2,499₹4,99950% offBank Offer",gaming,2499.0,4999.0,50.0,4.6,240,https://rukminim2.flixcart.com/image/612/612/xif0q/keyboard/gaming-keyboard/b/m/g/hive-65-compact-mechanical-gaming-keyboard-wired-rgb-multi-os-original-imahgqzhgeufsgtf.jpeg?q=70,https://www.flipkart.com/kreo-hive-65-compact-mechanical-gaming-keyboard-wired-rgb-multi-os-customizable-wired-usb-laptop-size-compatible-desktop-laptop/p/itm747ab8d7f31ea?pid=ACCHBFRMSD7RZD6Q&lid=LSTACCHBFRMSD7RZD6Q9REQHO&marketplace=FLIPKART&q=gaming+keyboard&store=6bo&srno=s_3_102&otracker=search&fm=organic&iid=en_m28wJ4zYzO0pTCD6-1dJwHQM0a5PuH9MMd7t815NbpROPKjNy33f-w_90bgvn9H8vif_iDHiSrD6NyPUZFCz8Q891ypMzu4_aryI8_sihJ8%3D&ppt=None&ppn=None&ssid=lsfbj0zxs00000001779038354927&qH=45ab4f678488626f&ov_redirect=true&ov_redirect=true,,flipkart
"Confiavel GAMING KEYBOARD AND MOUSE FOR FREEFIRE , FREE...Black3.8(40)₹2,730₹5,99054% offSALE PE SALE",gaming,2730.0,5990.0,54.0,3.8,40,https://rukminim2.flixcart.com/image/612/612/xif0q/keyboard/gaming-keyboard/o/y/w/gaming-keyboard-mouse-convertor-for-smartphone-4-in-1-mobile-original-imah6qubyfegnx6f.jpeg?q=70,https://www.flipkart.com/confiavel-gaming-keyboard-mouse-freefire-free-fire-max-bluetooth-handheld-compatible-desktop-laptop-mac/p/itm15c0809f3e871?pid=ACCH5JESYHDPKYFZ&lid=LSTACCH5JESYHDPKYFZW59D5X&marketplace=FLIPKART&q=gaming+keyboard&store=6bo&srno=s_3_103&otracker=search&fm=organic&iid=d75048e5-c529-4ce2-a638-11942236caa3.ACCH5JESYHDPKYFZ.SEARCH&ppt=None&ppn=None&ssid=lsfbj0zxs00000001779038354927&qH=45ab4f678488626f&ov_redirect=true&ov_redirect=true,,flipkart
"BCG One Hand Non Mechanical Gaming Keyboard and Backlit...Black2.9(33)₹2,987₹4,99040% offSaver Deal",gaming,2987.0,4990.0,40.0,2.9,33,https://rukminim2.flixcart.com/image/612/612/xif0q/keyboard/gaming-keyboard/h/l/7/one-hand-non-mechanical-gaming-keyboard-and-backlit-mouse-combo-original-imah2y7zy2apzgh6.jpeg?q=70,https://www.flipkart.com/bcg-one-hand-non-mechanical-gaming-keyboard-backlit-mouse-combo-bluetooth-handheld-compatible-desktop-laptop-mac-multicolor-multimedia-keys/p/itmd8c2211ae2219?pid=ACCH4YH5BE5Y3EXW&lid=LSTACCH4YH5BE5Y3EXW35BQXM&marketplace=FLIPKART&q=gaming+keyboard&store=6bo&srno=s_3_104&otracker=search&fm=organic&iid=d75048e5-c529-4ce2-a638-11942236caa3.ACCH4YH5BE5Y3EXW.SEARCH&ppt=None&ppn=None&ssid=lsfbj0zxs00000001779038354927&qH=45ab4f678488626f&ov_redirect=true&ov_redirect=true,,flipkart
"Khanjan Corporation Zenith Mechanical Keyboard Wired US...Black₹2,592₹4,49942% offOnly few left",gaming,2592.0,4499.0,42.0,0.0,0,https://rukminim2.flixcart.com/image/612/612/xif0q/keyboard/gaming-keyboard/f/x/x/zenith-mechanical-keyboard-khanjan-corporation-original-imahks7zyeb4hsza.jpeg?q=70,https://www.flipkart.com/khanjan-corporation-zenith-mechanical-keyboard-wired-usb-standard-gaming-compatible-laptop/p/itm64e0a105864fc?pid=ACCHKS85WCAP63VX&lid=LSTACCHKS85WCAP63VXOLFAKQ&marketplace=FLIPKART&q=gaming+keyboard&store=6bo&srno=s_3_105&otracker=search&fm=organic&iid=d75048e5-c529-4ce2-a638-11942236caa3.ACCHKS85WCAP63VX.SEARCH&ppt=None&ppn=None&ssid=lsfbj0zxs00000001779038354927&qH=45ab4f678488626f&ov_redirect=true&ov_redirect=true,,flipkart
Eyot ET-109 Wired USB Standard Gaming Keyboard Compatib...Black1.7(3)₹317₹3499% offOnly 3 left,gaming,317.0,349.0,9.0,1.7,3,https://rukminim2.flixcart.com/image/612/612/xif0q/keyboard/gaming-keyboard/q/e/s/et-109-eyot-original-imah9azssft5htjx.jpeg?q=70,https://www.flipkart.com/eyot-et-109-wired-usb-standard-gaming-keyboard-compatible-desktop-laptop-mac/p/itm0e61f6e65f823?pid=ACCH7RT9ZVJZNWVG&lid=LSTACCH7RT9ZVJZNWVGAU7QD6&marketplace=FLIPKART&q=gaming+keyboard&store=6bo&srno=s_3_106&otracker=search&fm=organic&iid=d75048e5-c529-4ce2-a638-11942236caa3.ACCH7RT9ZVJZNWVG.SEARCH&ppt=None&ppn=None&ssid=lsfbj0zxs00000001779038354927&qH=45ab4f678488626f&ov_redirect=true&ov_redirect=true,,flipkart
"Kreo Swarm X Wireless 75% Mechanical Keyboard Red Switc...Black4.6(68)₹4,299₹10,00057% offBank Offer",gaming,4299.0,10000.0,57.0,4.6,68,https://rukminim2.flixcart.com/image/612/612/xif0q/keyboard/gaming-keyboard/m/o/s/swarm-x-wireless-75-mechanical-keyboard-red-switches-with-light-original-imahgzkhvvvnujub.jpeg?q=70,https://www.flipkart.com/kreo-swarm-x-wireless-75-mechanical-keyboard-red-switches-light-shine-through-tenkeyless-gaming-compatible-desktop/p/itm301a9530a9b5f?pid=ACCHFJJWCAYG6KZ5&lid=LSTACCHFJJWCAYG6KZ5K94T11&marketplace=FLIPKART&q=gaming+keyboard&store=6bo&srno=s_3_107&otracker=search&fm=organic&iid=en_m28wJ4zYzO0pTCD6-1dJwHQM0a5PuH9MMd7t815NbpSlSiAPztim9i6rDY9GsmfIdQ-bXVreL921irW2-gJL7jRKtQQVWB8eNWYNLe7VuyQ%3D&ppt=None&ppn=None&ssid=lsfbj0zxs00000001779038354927&qH=45ab4f678488626f&ov_redirect=true&ov_redirect=true,,flipkart
"Playtastic Bluetooth Gaming Keyboard & Mouse Convertor ...Black3.5(92)₹2,886₹3,99027% offOnly few left",gaming,2886.0,3990.0,27.0,3.5,92,https://rukminim2.flixcart.com/image/612/612/xif0q/keyboard/gaming-keyboard/0/e/q/bluetooth-gaming-keyboard-mouse-convertor-for-smartphone-4-in-1-original-imah7zzzanbe4quy.jpeg?q=70,https://www.flipkart.com/playtastic-bluetooth-gaming-keyboard-mouse-convertor-smartphone-4-1-mobile-game-standard-compatible-desktop-laptop-mac/p/itm24a47e530ca2e?pid=ACCH7MH2KW3F5HWR&lid=LSTACCH7MH2KW3F5HWRS4VJ4S&marketplace=FLIPKART&q=gaming+keyboard&store=6bo&srno=s_3_108&otracker=search&fm=organic&iid=d75048e5-c529-4ce2-a638-11942236caa3.ACCH7MH2KW3F5HWR.SEARCH&ppt=None&ppn=None&ssid=lsfbj0zxs00000001779038354927&qH=45ab4f678488626f&ov_redirect=true&ov_redirect=true,,flipkart
"Acer Nitro G Wired Mechanical Gaming Keyboard | 98% Lay...Black, Red4.8(4)₹1,855₹3,99953% offLowest Price Live",gaming,1855.0,3999.0,53.0,4.8,4,https://rukminim2.flixcart.com/image/612/612/xif0q/keyboard/gaming-keyboard/r/d/3/nitro-g-wired-mechanical-gaming-keyboard-98-layout-with-original-imahgvkz3udmvsjp.jpeg?q=70,https://www.flipkart.com/acer-nitro-g-wired-mechanical-gaming-keyboard-98-layout-multifunction-knob-usb-standard-compatible-desktop-laptop/p/itma5bcfadb8c83f?pid=ACCHGVKZHVNFSFNS&lid=LSTACCHGVKZHVNFSFNSTXRQWE&marketplace=FLIPKART&q=gaming+keyboard&store=6bo&srno=s_3_109&otracker=search&fm=organic&iid=d75048e5-c529-4ce2-a638-11942236caa3.ACCHGVKZHVNFSFNS.SEARCH&ppt=None&ppn=None&ssid=lsfbj0zxs00000001779038354927&qH=45ab4f678488626f&ov_redirect=true&ov_redirect=true,,flipkart
"Lipzie Colorful Gaming Keyboard and Mouse Set | 104-Key...Black₹1,998₹5,99966% offOnly few left",gaming,1998.0,5999.0,66.0,0.0,0,https://rukminim2.flixcart.com/image/612/612/xif0q/keyboard/gaming-keyboard/l/h/1/colorful-gaming-keyboard-and-mouse-set-104-key-cool-backlit-abs-original-imahhyjpaf9hzgaz.jpeg?q=70,https://www.flipkart.com/lipzie-colorful-gaming-keyboard-mouse-set-104-key-cool-backlit-abs-wired-usb-standard-compatible-desktop-laptop/p/itm50f6a739b1fd5?pid=ACCHHYJPFF7HNPZW&lid=LSTACCHHYJPFF7HNPZWGHMU14&marketplace=FLIPKART&q=gaming+keyboard&store=6bo&srno=s_3_110&otracker=search&fm=organic&iid=d75048e5-c529-4ce2-a638-11942236caa3.ACCHHYJPFF7HNPZW.SEARCH&ppt=None&ppn=None&ssid=lsfbj0zxs00000001779038354927&qH=45ab4f678488626f&ov_redirect=true&ov_redirect=true,,flipkart
"Linetek K2 Wired USB Standard Gaming Keyboard Compatibl...Black&Grey₹2,063₹2,89928% offOnly few left",gaming,2063.0,2899.0,28.0,0.0,0,https://rukminim2.flixcart.com/image/612/612/xif0q/keyboard/gaming-keyboard/f/f/5/k2-linetek-original-imahmgscqjsf67uq.jpeg?q=70,https://www.flipkart.com/linetek-k2-wired-usb-standard-gaming-keyboard-compatible-desktop-laptop/p/itma68320cf913c3?pid=ACCHHHYAKNKA9DAT&lid=LSTACCHHHYAKNKA9DAT689D12&marketplace=FLIPKART&q=gaming+keyboard&store=6bo&srno=s_3_111&otracker=search&fm=organic&iid=d75048e5-c529-4ce2-a638-11942236caa3.ACCHHHYAKNKA9DAT.SEARCH&ppt=None&ppn=None&ssid=lsfbj0zxs00000001779038354927&qH=45ab4f678488626f&ov_redirect=true&ov_redirect=true,,flipkart
"ZEBRONICS Zeb-Max Chroma Wireless Standard Gaming Keybo...Black4.5(64)₹2,799₹9,99972% offBank Offer",gaming,2799.0,9999.0,72.0,4.5,64,https://rukminim2.flixcart.com/image/612/612/xif0q/keyboard/gaming-keyboard/n/h/b/zeb-max-chroma-zebronics-original-imahcbyxsukwzwz5.jpeg?q=70,https://www.flipkart.com/zebronics-zeb-max-chroma-wireless-standard-gaming-keyboard-compatible-desktop-laptop-mac/p/itm2faf89fe427eb?pid=ACCH9QQQZZNJTBZC&lid=LSTACCH9QQQZZNJTBZCSTAS22&marketplace=FLIPKART&q=gaming+keyboard&store=6bo&srno=s_3_112&otracker=search&fm=organic&iid=d75048e5-c529-4ce2-a638-11942236caa3.ACCH9QQQZZNJTBZC.SEARCH&ppt=None&ppn=None&ssid=lsfbj0zxs00000001779038354927&qH=45ab4f678488626f&ov_redirect=true&ov_redirect=true,,flipkart
"HP Gk400F Wired USB Standard Gaming Keyboard Compatible...Black5(3)₹2,430₹2,4992% offOnly few left",gaming,2430.0,2499.0,2.0,5.0,3,https://rukminim2.flixcart.com/image/612/612/xif0q/keyboard/gaming-keyboard/f/a/u/gk400f-hp-original-imahjjjyxjcaskmf.jpeg?q=70,https://www.flipkart.com/hp-gk400f-wired-usb-standard-gaming-keyboard-compatible-desktop-laptop-mac-tablet/p/itm2e0bffa7bfb53?pid=ACCH7D93WHZ2R7CF&lid=LSTACCH7D93WHZ2R7CF5WEPCH&marketplace=FLIPKART&q=gaming+keyboard&store=6bo&srno=s_3_113&otracker=search&fm=organic&iid=d75048e5-c529-4ce2-a638-11942236caa3.ACCH7D93WHZ2R7CF.SEARCH&ppt=None&ppn=None&ssid=lsfbj0zxs00000001779038354927&qH=45ab4f678488626f&ov_redirect=true&ov_redirect=true,,flipkart
"Ant Esports MK4400 pro Brown Switch Wireless, Wired USB...Black₹2,374₹5,99960% offSALE PE SALE",gaming,2374.0,5999.0,60.0,0.0,0,https://rukminim2.flixcart.com/image/612/612/xif0q/keyboard/9/q/o/-original-imahkauyfqnbvshb.jpeg?q=70,https://www.flipkart.com/ant-esports-mk4400-pro-brown-switch-wireless-wired-usb-bluetooth-standard-gaming-keyboard-compatible-desktop-laptop-tablet/p/itm3dada527af977?pid=ACCHK4YRQ8HZQXEC&lid=LSTACCHK4YRQ8HZQXEC2VFT8K&marketplace=FLIPKART&q=gaming+keyboard&store=6bo&srno=s_3_114&otracker=search&fm=organic&iid=d75048e5-c529-4ce2-a638-11942236caa3.ACCHK4YRQ8HZQXEC.SEARCH&ppt=None&ppn=None&ssid=lsfbj0zxs00000001779038354927&qH=45ab4f678488626f&ov_redirect=true&ov_redirect=true,,flipkart
"Ant Esports MK1000 Multicolour LED Backlit Wired TKL Me...Black4.1(252)₹1,424₹4,99971% offSALE PE SALE",gaming,1424.0,4999.0,71.0,4.1,252,https://rukminim2.flixcart.com/image/612/612/km6mxe80/keyboard/gaming-keyboard/o/a/b/mk1000-wired-tkl-mechanical-gaming-keyboard-with-multicolour-led-original-imagf4zud8dqewax.jpeg?q=70,https://www.flipkart.com/ant-esports-mk1000-multicolour-led-backlit-wired-tkl-mechanical-keyboard-87-keys-100-anti-ghosting-metal-top-panel-water-usb-standard-gaming-keyboard-compatible-desktop-laptop-mac/p/itmfe42rnzphm86u?pid=ACCFE42P9HPBTQWA&lid=LSTACCFE42P9HPBTQWAALIFX9&marketplace=FLIPKART&q=gaming+keyboard&store=6bo&srno=s_3_115&otracker=search&fm=organic&iid=d75048e5-c529-4ce2-a638-11942236caa3.ACCFE42P9HPBTQWA.SEARCH&ppt=None&ppn=None&ssid=lsfbj0zxs00000001779038354927&qH=45ab4f678488626f&ov_redirect=true&ov_redirect=true,,flipkart
"Redragon Vara K551 Rainbow Mechanical Keyboard Wired US...Black4.6(39)₹2,410₹3,79036% offSALE PE SALE",gaming,2410.0,3790.0,36.0,4.6,39,https://rukminim2.flixcart.com/image/612/612/krkyt8w0/keyboard/gaming-keyboard/h/t/b/vara-k551-rainbow-mechanical-keyboard-redragon-original-imag5c4ytbpady8q.jpeg?q=70,https://www.flipkart.com/redragon-vara-k551-rainbow-mechanical-keyboard-wired-usb-standard-gaming-compatible-desktop-laptop-mac/p/itm96dbdf87755b2?pid=ACCG5C5YQ9PCB6HG&lid=LSTACCG5C5YQ9PCB6HGD7ISJV&marketplace=FLIPKART&q=gaming+keyboard&store=6bo&srno=s_3_116&otracker=search&fm=organic&iid=d75048e5-c529-4ce2-a638-11942236caa3.ACCG5C5YQ9PCB6HG.SEARCH&ppt=None&ppn=None&ssid=lsfbj0zxs00000001779038354927&qH=45ab4f678488626f&ov_redirect=true&ov_redirect=true,,flipkart
"Enter FIGHTER-RGB-KB-01 Wired USB Standard Gaming Keybo...Black₹818₹1,49545% offOnly few left",gaming,818.0,1495.0,45.0,0.0,0,https://rukminim2.flixcart.com/image/612/612/xif0q/keyboard/gaming-keyboard/7/d/s/fighter-rgb-kb-01-enter-original-imahm6j5bbfq8upz.jpeg?q=70,https://www.flipkart.com/enter-fighter-rgb-kb-01-wired-usb-standard-gaming-keyboard-compatible-desktop-laptop-mac/p/itmd43a425c5e5b1?pid=ACCHM6J5PRYMFV7W&lid=LSTACCHM6J5PRYMFV7WTZE5FN&marketplace=FLIPKART&q=gaming+keyboard&store=6bo&srno=s_3_117&otracker=search&fm=organic&iid=d75048e5-c529-4ce2-a638-11942236caa3.ACCHM6J5PRYMFV7W.SEARCH&ppt=None&ppn=None&ssid=lsfbj0zxs00000001779038354927&qH=45ab4f678488626f&ov_redirect=true&ov_redirect=true,,flipkart
"Redragon K512 WHITE Wired USB Standard Gaming Keyboard ...White4.8(12)₹2,090₹2,59019% offBank Offer",gaming,2090.0,2590.0,19.0,4.8,12,https://rukminim2.flixcart.com/image/612/612/l251xu80/keyboard/desktop-keyboard/m/o/p/k512-white-redragon-original-imagdjxarbtjeymg.jpeg?q=70,https://www.flipkart.com/redragon-k512-white-wired-usb-standard-gaming-keyboard-compatible-desktop-laptop-mac/p/itm5af6c20d33386?pid=ACCGDZ6FDCZM2KHG&lid=LSTACCGDZ6FDCZM2KHG6HU3WA&marketplace=FLIPKART&q=gaming+keyboard&store=6bo&srno=s_3_118&otracker=search&fm=organic&iid=d75048e5-c529-4ce2-a638-11942236caa3.ACCGDZ6FDCZM2KHG.SEARCH&ppt=None&ppn=None&ssid=lsfbj0zxs00000001779038354927&qH=45ab4f678488626f&ov_redirect=true&ov_redirect=true,,flipkart
"OUD OD-CLICK SET Wireless Standard Gaming Keyboard Comp...Black₹1,162₹3,59967% offOnly few left",gaming,1162.0,3599.0,67.0,0.0,0,https://rukminim2.flixcart.com/image/612/612/xif0q/keyboard/gaming-keyboard/7/f/z/od-click-set-oud-original-imahm8pzkjknfxhx.jpeg?q=70,https://www.flipkart.com/oud-od-click-set-wireless-standard-gaming-keyboard-compatible-laptop-desktop/p/itm1d3c8ff7b80f2?pid=ACCHM8QY4RSBQYAB&lid=LSTACCHM8QY4RSBQYABYUODOE&marketplace=FLIPKART&q=gaming+keyboard&store=6bo&srno=s_3_119&otracker=search&fm=organic&iid=d75048e5-c529-4ce2-a638-11942236caa3.ACCHM8QY4RSBQYAB.SEARCH&ppt=None&ppn=None&ssid=lsfbj0zxs00000001779038354927&qH=45ab4f678488626f&ov_redirect=true&ov_redirect=true,,flipkart
"SpinBot Rage MK87 |80%|LED Backlit|26 Anti-Ghosting Key...Black4.4(14)₹1,499₹3,49957% offBank Offer",gaming,1499.0,3499.0,57.0,4.4,14,https://rukminim2.flixcart.com/image/612/612/xif0q/keyboard/gaming-keyboard/v/8/m/rage-mk87-80-led-backlit-26-anti-ghosting-key-red-linear-original-imahgpzvenkgj8jy.jpeg?q=70,https://www.flipkart.com/spinbot-rage-mk87-80-led-backlit-26-anti-ghosting-key-blue-tactile-switches-mechanical-wired-usb-tenkeyless-gaming-keyboard-compatible-desktop-laptop-mac-tablet/p/itmbce2b4a08cdfe?pid=ACCHGPZVNEGKWZXG&lid=LSTACCHGPZVNEGKWZXGBJBWYG&marketplace=FLIPKART&q=gaming+keyboard&store=6bo&srno=s_3_120&otracker=search&fm=organic&iid=d75048e5-c529-4ce2-a638-11942236caa3.ACCHGPZVNEGKWZXG.SEARCH&ppt=None&ppn=None&ssid=lsfbj0zxs00000001779038354927&qH=45ab4f678488626f&ov_redirect=true&ov_redirect=true,,flipkart
