name,brand,category,price_inr,original_price_inr,discount_percent,rating,total_reviews,image_url,myntra_url,platform
Nap Chief Kids Printed Cotton T-shirt,Nap Chief,Clothing,590,990,40,4.6,1100,"https://assets.myntassets.com/f_auto,dpr_1.0,q_85,w_720,c_limit,fl_progressive/assets/images/13980360/2024/3/16/1743aa05-028c-43cd-baa8-1427226666751710560950242-Nap-Chief-Kids-Reversible-Black-Harry-Potter-Sequinned-Round-1.jpg",https://www.myntra.com/tshirts/nap+chief/nap-chief-kids-unisex-reversible-black-harry-potter-sequinned-round-neck-cotton-t-shirt/13980360/buy,myntra
Nap Chief Kids Cotton T-shirt,Nap Chief,Clothing,590,1450,59,4.6,2300,"https://assets.myntassets.com/f_auto,dpr_1.0,q_85,w_720,c_limit,fl_progressive/assets/images/2026/MAY/9/wdi3daBc_c9eb9f885c15496d983702b46107fa2f.jpg",https://www.myntra.com/tshirts/nap+chief/nap-chief-kids-unisex-marvel-spiderman-printed-round-neck-t-shirt/42020538/buy,myntra
Marks & Spencer Boys Printed T-shirt,Marks & Spencer,Clothing,619,999,38,4.8,13,"https://assets.myntassets.com/f_auto,dpr_1.0,q_85,w_720,c_limit,fl_progressive/assets/images/2025/APRIL/22/KDWt2JEG_47f91276f6d74c258c441ae44d709459.jpg",https://www.myntra.com/tshirts/marks+%26+spencer/marks--spencer-pure-cotton-mickey-mouse-t-shirt/33729099/buy,myntra
SZN Pack Of 2 Regular Fit T-shirts,SZN,Clothing,299,1199,75,0,0,"https://assets.myntassets.com/f_auto,dpr_1.0,q_85,w_720,c_limit,fl_progressive/assets/images/2026/MAY/2/wM3SZF5d_df7a02d659ad46cc90a4e2ec2c28a451.jpg",https://www.myntra.com/tshirts/szn/szn-pack-of-2-round-neck-regular-fit-t-shirts/41803585/buy,myntra
FAZZA Pack Of 5 Printed T-shirts,FAZZA,Clothing,556,3699,85,4.5,307,"https://assets.myntassets.com/f_auto,dpr_1.0,q_85,w_720,c_limit,fl_progressive/assets/images/2026/FEBRUARY/12/vz4Gggcg_d8bb90fd9153402bab348bbdbd56c405.jpg",https://www.myntra.com/tshirts/fazza/fazza-girls-pack-of-5-typography-printed-round-neck-cotton-t-shirts/32060141/buy,myntra
Be Crazy Printed Oversized T-shirt,Be Crazy,Clothing,413,999,59,0,0,"https://assets.myntassets.com/f_auto,dpr_1.0,q_85,w_720,c_limit,fl_progressive/assets/images/2026/MAY/4/y4IbyRK0_becb434d46ad4c2086bbbfaf0e03bbf8.jpg",https://www.myntra.com/tshirts/be+crazy/be-crazy-typography-printed-round-neck-cotton-oversized-t-shirt/41548461/buy,myntra
Purple United Kids Kids Girls Full Sleeves Tshirt,Purple United Kids,Clothing,597,1299,54,4.4,104,"https://assets.myntassets.com/f_auto,dpr_1.0,q_85,w_720,c_limit,fl_progressive/assets/images/2026/APRIL/8/vSjd9ZFp_7160d91ee5cb499c9c91de4a25d594e4.jpg",https://www.myntra.com/tshirts/purple+united+kids/purple-united-kids-girls-t-shirt/41234730/buy,myntra
DAMN GUD DG Unisex Black Tshirts,DAMN GUD DG,Clothing,499,1000,50,4.2,918,"https://assets.myntassets.com/f_auto,dpr_1.0,q_85,w_720,c_limit,fl_progressive/assets/images/2025/JULY/7/naFWSdxw_720a023a2ae44c58a06ae0551a3a332.jpg",https://www.myntra.com/tshirts/damn+gud+dg/damn-gud-dg-unisex-black-tshirts/35458638/buy,myntra
Nap Chief Kids Cotton T-shirt,Nap Chief,Clothing,590,1450,59,0,0,"https://assets.myntassets.com/f_auto,dpr_1.0,q_85,w_720,c_limit,fl_progressive/assets/images/2026/MAY/18/JikFbNcZ_48c8d3bb403f414b8f197561f62406e6.jpg",https://www.myntra.com/tshirts/nap+chief/nap-chief-kids-harry-potter-hogwarts-quidditch-printed-color-block-t-shirt/41907704/buy,myntra
nostrum Men Solid Slim Fit T-shirt,nostrum,Clothing,696,1599,56,4.2,383,"https://assets.myntassets.com/f_auto,dpr_1.0,q_85,w_720,c_limit,fl_progressive/assets/images/2026/MARCH/27/Jes64NLM_9f236439cb894f91b22a4839a77af869.jpg",https://www.myntra.com/tshirts/nostrum/nostrum-men-dri-fit-solid-polo-collar-slim-fit-t-shirt/33617040/buy,myntra
Googo Gaaga Printed Coton T-shirt,Googo Gaaga,Clothing,249,1400,82,4.7,206,,https://www.myntra.com/tshirts/googo+gaaga/googo-gaaga-printed-round-neck-cotton-t-shirt/40686852/buy,myntra
YK Boys Printed T-shirt,YK,Clothing,537,1295,59,0,0,,https://www.myntra.com/tshirts/yk/yk-boys-printed-t-shirt/41537902/buy,myntra
glitchez Floral Printed Relaxed T-shirt,glitchez,Clothing,317,599,47,4.4,505,,https://www.myntra.com/tshirts/glitchez/glitchez-floral-printed-relaxed-t-shirt/31429192/buy,myntra
HELLCAT Boys Pack Of 5 Cotton T-shirt,HELLCAT,Clothing,699,6495,89,4.1,1600,,https://www.myntra.com/tshirts/hellcat/hellcat-boys-pack-of-5-graphic-printed-cotton-t-shirt/22204540/buy,myntra
DILLINGER Printed Relaxed Cotton T-shirt,DILLINGER,Clothing,461,1399,67,4.6,11500,,https://www.myntra.com/tshirts/dillinger/dillinger-graphic-printed-relaxed-fit-pure-cotton-t-shirt/29961765/buy,myntra
glitchez Goofy Print Oversize T-shirt,glitchez,Clothing,373,1099,66,4.4,817,,https://www.myntra.com/tshirts/glitchez/disney-by-glitchez-goofy-grunge-striped-oversize-t-shirt/32243959/buy,myntra
SZN Pack Of 2 Regular Fit T-shirts,SZN,Clothing,299,1199,75,0,0,,https://www.myntra.com/tshirts/szn/szn-pack-of-2-typography-printed-round-neck-regular-fit-t-shirts/41803600/buy,myntra
YK Boys Printed T-shirt,YK,Clothing,537,1295,59,0,0,,https://www.myntra.com/tshirts/yk/yk-boys-printed-t-shirt/41537901/buy,myntra
Free Authority Men Che Guevara Print T-shirt,Free Authority,Clothing,539,1199,55,4.5,30,,https://www.myntra.com/tshirts/free+authority/free-authority-men-black-che-guevara-printed-round-neck-pure-cotton-t-shirt/14159174/buy,myntra
H&M Girls Printed T-shirt,H&M,Clothing,379,399,5,4.7,412,,https://www.myntra.com/tshirts/h%26m/hm-girls-printed-t-shirt/40125939/buy,myntra
Moda Rapido Women Printed Applique T-shirt,Moda Rapido,Clothing,350,1999,82,4.5,185,,https://www.myntra.com/tshirts/moda+rapido/moda-rapido-women-printed-applique-t-shirt/39426086/buy,myntra
dostitch Boys Printed T-shirt,dostitch,Clothing,499,999,50,0,0,,https://www.myntra.com/tshirts/dostitch/dostitch-boys-real-madrid-cristiano-ronaldo-printed-round-neck-regular-fit-t-shirt/41811055/buy,myntra
KEESOR Girls Black Tshirts,KEESOR,Clothing,215,499,57,4.6,1400,,https://www.myntra.com/tshirts/keesor/keesor-girls-printed-cotton-tshirt/35469309/buy,myntra
YK Boys Printed T-shirt,YK,Clothing,537,1295,59,0,0,,https://www.myntra.com/tshirts/yk/yk-boys-printed-t-shirt/41537900/buy,myntra
Peter England Men Brand Logo Polo Collar T-shirt,Peter England,Clothing,943,1599,41,4.7,6,,https://www.myntra.com/tshirts/peter+england/peter-england-men-brand-logo-polo-collar-t-shirt/40467529/buy,myntra
DKY Women Round Neck T-shirt,DKY,Clothing,699,1199,42,4.5,467,,https://www.myntra.com/tshirts/dky/dky-women-printed-round-neck-t-shirt/34155486/buy,myntra
glitchez Printed Oversized T-shirt,glitchez,Clothing,311,799,61,4.3,455,,https://www.myntra.com/tshirts/glitchez/glitchez-printed-oversized-t-shirt/31352924/buy,myntra
Campus Sutra Men Self Design Cotton T-shirt,Campus Sutra,Clothing,679,1699,60,4.4,21900,,https://www.myntra.com/tshirts/campus+sutra/campus-sutra-men-self-design-polo-collar-cotton-t-shirt/32193190/buy,myntra
YK Boys Printed T-shirt,YK,Clothing,537,1295,59,0,0,,https://www.myntra.com/tshirts/yk/yk-boys-printed-t-shirt/41588819/buy,myntra
Nap Chief Kids Cotton T-shirt,Nap Chief,Clothing,590,1450,59,0,0,,https://www.myntra.com/tshirts/nap+chief/nap-chief-kids-unisex-harry-potter-gryffindor-printed-raglan-color-block-t-shirt/42088117/buy,myntra
CORSICA Women Striped Cotton T-shirt,CORSICA,Clothing,289,999,71,4.3,10800,,https://www.myntra.com/tshirts/corsica/corsica-women-bio-finish-striped-round-neck-cotton-relaxed-fit-t-shirt/32573503/buy,myntra
DILLINGER Women Printed T-shirt,DILLINGER,Clothing,475,1399,66,4.5,10800,,https://www.myntra.com/tshirts/dillinger/dillinger-women-graphic-printed-embossed-oversized-t-shirt/29459048/buy,myntra
BULLMER Pack Of 2 Printed T-shirts,BULLMER,Clothing,396,1998,80,4,298,,https://www.myntra.com/tshirts/bullmer/bullmer-men-pack-of-2-graphic-printed-round-neck-cotton-t-shirts/31327006/buy,myntra
SZN Pack Of 2 Printed T-shirts,SZN,Clothing,299,1199,75,0,0,,https://www.myntra.com/tshirts/szn/szn-pack-of-2-graphic-printed-round-neck-regular-sleeves-t-shirts/41810093/buy,myntra
YK Boys Printed T-shirt,YK,Clothing,537,1295,59,0,0,,https://www.myntra.com/tshirts/yk/yk-boys-printed-t-shirt/41588818/buy,myntra
Ten x You Muscle Tank T-shirt,Ten x You,Clothing,699,1999,1300,4.8,13,,https://www.myntra.com/tshirts/ten+x+you/ten-x-you-sport-to-street-muscle-tank-t-shirt/39115460/buy,myntra
Campus Sutra Men Self Design Cotton T-shirt,Campus Sutra,Clothing,679,1699,60,4.4,21900,,https://www.myntra.com/tshirts/campus+sutra/campus-sutra-men-self-design-polo-collar-cotton-t-shirt/32193132/buy,myntra
DAMN GUD DG Unisex Black Tshirts,DAMN GUD DG,Clothing,499,1000,50,4.1,524,,https://www.myntra.com/tshirts/damn+gud+dg/damn-gud-dg-unisex-black-tshirts/35053929/buy,myntra
glitchez Washed Effect Polo T-shirt,glitchez,Clothing,577,1699,66,4.1,424,,https://www.myntra.com/tshirts/glitchez/glitchez-washed-effect-polo-collar-t-shirt/32188556/buy,myntra
YK Boys Printed T-shirt,YK,Clothing,537,1295,59,0,0,,https://www.myntra.com/tshirts/yk/yk-boys-printed-t-shirt/41588820/buy,myntra
Guugly Wuugly Girls Printed T-shirt,Guugly Wuugly,Clothing,473,799,41,0,0,,https://www.myntra.com/tshirts/guugly+wuugly/guugly-wuugly-girls-elephant-printed-round-neck-cotton-t-shirt-/35327610/buy,myntra
SZN Pack Of 2 Printed T-shirts,SZN,Clothing,299,1199,75,0,0,,https://www.myntra.com/tshirts/szn/szn-pack-of-2-graphic-printed-round-neck-regular-sleeves-t-shirts/41810137/buy,myntra
DressBerry Cotton Printed T-shirt,DressBerry,Clothing,338,999,66,4.3,3100,,https://www.myntra.com/tshirts/dressberry/dressberry-graphic-printed-round-neck-oversized-cotton-t-shirt/35451383/buy,myntra
SZN Pack Of 2 Printed T-shirts,SZN,Clothing,299,1199,75,0,0,,https://www.myntra.com/tshirts/szn/szn-pack-of-2-graphic-printed-round-neck-regular-sleeves-t-shirts/41810194/buy,myntra
YK Boys Printed T-shirt,YK,Clothing,537,1295,59,0,0,,https://www.myntra.com/tshirts/yk/yk-boys-printed-t-shirt/41588822/buy,myntra
glitchez Printed Oversized T-shirt,glitchez,Clothing,373,1099,66,4.1,760,,https://www.myntra.com/tshirts/glitchez/glitchez-printed-oversized-t-shirt/31819282/buy,myntra
Nautica Men Straight Fit Jeans,Nautica,Clothing,999,1999,50,0,0,"https://assets.myntassets.com/f_auto,dpr_1.0,q_85,w_720,c_limit,fl_progressive/assets/images/2026/MAY/11/7dU1DmzX_62d6eb6dfa2e407b9e309eb360eb3927.jpg",https://www.myntra.com/jeans/nautica/nautica-men-straight-fit-light-fade-stretchable-jeans/39523085/buy,myntra
Flying Machine Women Wide Leg Jeans,Flying Machine,Clothing,1506,2349,36,4,868,"https://assets.myntassets.com/f_auto,dpr_1.0,q_85,w_720,c_limit,fl_progressive/assets/images/2026/MAY/8/jDwujhrc_368b89f1863a48c48c1e00d94fb8d392.jpg",https://www.myntra.com/jeans/flying+machine/flying-machine-women-black-wide-leg-high-rise-stretchable-jeans/18689366/buy,myntra
Marks & Spencer Boys Skinny Fit Mid-Rise Jeans,Marks & Spencer,Clothing,1457,1799,19,0,0,"https://assets.myntassets.com/f_auto,dpr_1.0,q_85,w_720,c_limit,fl_progressive/assets/images/2026/JANUARY/14/aeP6Kpme_f4f93a18c9664cba8f83a559d1b6f941.jpg",https://www.myntra.com/jeans/marks+%26+spencer/marks--spencer-boys-skinny-fit-mid-rise-light-fade-jeans/39388753/buy,myntra
Klub Fox Men Straight Fit Cargos Jeans,Klub Fox,Clothing,999,3699,73,0,0,"https://assets.myntassets.com/f_auto,dpr_1.0,q_85,w_720,c_limit,fl_progressive/assets/images/2026/MAY/7/STfN1ShE_a485a9d85a2648168fe9ba33e77fdf1c.jpg",https://www.myntra.com/jeans/klub+fox/klub-fox-men-faded-straight-fit-cargos-jeans/41940078/buy,myntra
glitchez Men Loose Bootcut Fit Jeans,glitchez,Clothing,714,1299,45,4.1,178,"https://assets.myntassets.com/f_auto,dpr_1.0,q_85,w_720,c_limit,fl_progressive/assets/images/2025/MAY/2/G02066px_c829d97983b647fc861518e6d70f2789.jpg",https://www.myntra.com/jeans/glitchez/glitchez-men-loose-bootcut-fit-jeans/31179673/buy,myntra
Klub Fox Men Straight Fit Cargos Jeans,Klub Fox,Clothing,999,3599,72,0,0,"https://assets.myntassets.com/f_auto,dpr_1.0,q_85,w_720,c_limit,fl_progressive/assets/images/2026/MAY/7/vfMkLc3h_8630264d38d849bba98ee0621735ea14.jpg",https://www.myntra.com/jeans/klub+fox/klub-fox-men-straight-fit-denim-cargos-jeans/41940071/buy,myntra
FOREVER FRIDAY Girls Regular Fit Mid-Rise Jeans,FOREVER FRIDAY,Clothing,1149,2299,50,0,0,"https://assets.myntassets.com/f_auto,dpr_1.0,q_85,w_720,c_limit,fl_progressive/assets/images/2026/MARCH/17/Ld55Ocxz_348fa88f7c464f008078ed8cceef1685.jpg",https://www.myntra.com/jeans/forever+friday/forever-friday-girls-comfort-regular-fit-mid-rise-jeans/40723651/buy,myntra
FOREVER FRIDAY Boys Regular Fit Mid-Rise Jeans,FOREVER FRIDAY,Clothing,1099,2199,50,0,0,"https://assets.myntassets.com/f_auto,dpr_1.0,q_85,w_720,c_limit,fl_progressive/assets/images/2026/MARCH/17/WixLU8X5_fead4c0dc7ab4624b4f0f6db6aecb6f8.jpg",https://www.myntra.com/jeans/forever+friday/forever-friday-boys-comfort-regular-fit-mid-rise-jeans/40724257/buy,myntra
Aadvi Fashion Women High-Rise Jeans,Aadvi Fashion,Clothing,846,2999,72,4.2,6500,"https://assets.myntassets.com/f_auto,dpr_1.0,q_85,w_720,c_limit,fl_progressive/assets/images/2025/JULY/7/xsCXyEcZ_4ce3c09561364546b6e098fed84e2c00.jpg",https://www.myntra.com/jeans/aadvi+fashion/aadvi-fashion-women-comfort-baggy-fit-high-rise-stretchable-jeans/35476703/buy,myntra
Pepe Jeans Men Stretchable Jeans,Pepe Jeans,Clothing,1499,2299,35,4.4,4400,"https://assets.myntassets.com/f_auto,dpr_1.0,q_85,w_720,c_limit,fl_progressive/assets/images/2026/APRIL/14/75xu5cmp_ec711da205df4d1692fd9af83be9635b.jpg",https://www.myntra.com/jeans/pepe+jeans/pepe-jeans-men-straight-fit-holborne-stretchable-jeans/31266822/buy,myntra
HIGHLANDER Men Straight Fit Jeans,HIGHLANDER,Clothing,779,2599,70,4.1,2300,,https://www.myntra.com/jeans/highlander/highlander-men-straight-fit-stretchable-jeans/30976220/buy,myntra
V-Mart Men Mid-Rise Jeans,V-Mart,Clothing,854,899,5,0,0,,https://www.myntra.com/jeans/v-mart/v-mart-men-mid-rise-light-fade-jeans/41512774/buy,myntra
Pepe Jeans Men Stretchable Jeans,Pepe Jeans,Clothing,1499,2299,35,4.4,4400,,https://www.myntra.com/jeans/pepe+jeans/pepe-jeans-men-holborne-stretchable-casual-jeans/31266819/buy,myntra
StyleCast x Revolte Men Wide Leg Mid-Rise Jeans,StyleCast x Revolte,Clothing,1439,3999,64,3.6,1400,,https://www.myntra.com/jeans/stylecast+x+revolte/stylecast-x-revolte-men-wide-leg-mid-rise-light-fade-jeans/37943174/buy,myntra
glitchez Women Baggy High Rise Jeans,glitchez,Clothing,679,1999,66,4.4,243,,https://www.myntra.com/jeans/glitchez/glitchez-women-baggy-wide-leg-high-rise-frayed-light-fade-jeans/31596785/buy,myntra
Nifty Women High-Rise Jeans,Nifty,Clothing,874,1999,56,4.3,7800,,https://www.myntra.com/jeans/nifty/nifty-women-high-rise-baggy-fit--jeans/36465951/buy,myntra
V-Mart Men Skinny Fit Mid-Rise Jeans,V-Mart,Clothing,1301,1399,7,0,0,,https://www.myntra.com/jeans/v-mart/v-mart-men-skinny-fit-mid-rise-light-fade-stretchable-jeans/41512754/buy,myntra
Flying Machine Women Wide Leg High-Rise Jeans,Flying Machine,Clothing,1748,2649,34,4.2,340,,https://www.myntra.com/jeans/flying+machine/flying-machine-women-wide-leg-high-rise-stretchable-jeans/29960221/buy,myntra
Roadster Women Wide Leg High-Rise Jeans,Roadster,Clothing,739,1999,63,4.1,5100,,https://www.myntra.com/jeans/roadster/the-roadster-life-co-women-wide-leg-high-rise-stretchable-jeans/25228896/buy,myntra
Being Human Men Slim Fit Mid-Rise Jeans,Being Human,Clothing,1014,3499,71,0,0,,https://www.myntra.com/jeans/being+human/being-human-men-slim-fit-mid-rise-light-fade-stretchable-jeans/38121625/buy,myntra
Roadster Men Pure Cotton Jeans,Roadster,Clothing,1209,2499,52,4,15000,,https://www.myntra.com/jeans/roadster/the-lifestyle-co-men-pure-cotton-baggy-fit-denim-jeans/28749636/buy,myntra
V-Mart Men Slim Fit Mid-Rise Jeans,V-Mart,Clothing,1301,1399,7,0,0,,https://www.myntra.com/jeans/v-mart/v-mart-men-slim-fit-mid-rise-light-fade-jeans/41512747/buy,myntra
Nautica Men Straight Fit Jeans,Nautica,Clothing,1253,1899,34,4.4,348,,https://www.myntra.com/jeans/nautica/nautica-men-straight-fit-light-fade-stretchable-jeans/31369862/buy,myntra
KASHIANXSTYLE Women Boyfriend Fit High-Rise Jeans,KASHIANXSTYLE,Clothing,437,1999,78,4.1,2000,,https://www.myntra.com/jeans/kashianxstyle/kashianxstyle-women-comfort-boyfriend-fit-high-rise-stretchable-jeans/39151970/buy,myntra
HIGHLANDER Men Relaxed Fit Jeans,HIGHLANDER,Clothing,798,2349,66,4,5000,,https://www.myntra.com/jeans/highlander/highlander-men-loose-fit-mid-rise-cotton-jeans/25395140/buy,myntra
Snitch Men Loose Wide Leg Jeans,Snitch,Clothing,1399,3398,59,4.3,202,,https://www.myntra.com/jeans/snitch/snitch-men-pure-cotton-loose-wide-leg-light-fade-stretchable-jeans/30233244/buy,myntra
Levis Women 725 Bootcut Jeans,Levis,Clothing,1913,3299,42,4.6,46,,https://www.myntra.com/jeans/levis/levis-women-725-bootcut-high-rise-light-fade-stretchable-jeans/38663093/buy,myntra
V-Mart Men Skinny Fit Mid-Rise Jeans,V-Mart,Clothing,1301,1399,7,0,0,,https://www.myntra.com/jeans/v-mart/v-mart-men-skinny-fit-mid-rise-light-fade-jeans/41512769/buy,myntra
W.T.F - Witnessing True Fashion Cotton Black Bootcut Jeans,W.T.F - Witnessing True Fashion,Clothing,999,3499,71,2.6,46,,https://www.myntra.com/jeans/w.t.f+-+witnessing+true+fashion/wtf---witnessing-true-fashion-men-comfort-bootcut-mid-rise-jeans/41029666/buy,myntra
Bene Kleed Men Heavy Fade Jeans,Bene Kleed,Clothing,839,2999,72,4.1,1800,,https://www.myntra.com/jeans/bene+kleed/bene-kleed-men-blue-relaxed-fit-mid-rise-jeans/32771015/buy,myntra
Aadvi Fashion Women Flared High-Rise Jeans,Aadvi Fashion,Clothing,812,3999,80,4.2,7800,,https://www.myntra.com/jeans/aadvi+fashion/aadvi-fashion-women-jean-flared-high-rise-low-distress-heavy-fade-stretchable-jeans/32981871/buy,myntra
glitchez Women Straight Fit Jeans,glitchez,Clothing,649,1299,50,4,808,,https://www.myntra.com/jeans/glitchez/glitchez-women-straight-fit-jeans/31422970/buy,myntra
FOREVER FRIDAY Boys Regular Fit Mid-Rise Jeans,FOREVER FRIDAY,Clothing,1187,2199,46,0,0,,https://www.myntra.com/jeans/forever+friday/forever-friday-boys-comfort-regular-fit-mid-rise-jeans/40724511/buy,myntra
V-Mart Men Skinny Fit Mid-Rise Jeans,V-Mart,Clothing,1301,1399,7,0,0,,https://www.myntra.com/jeans/v-mart/v-mart-men-skinny-fit-mid-rise-light-fade-stretchable-jeans/41512729/buy,myntra
John Pride Plus Size Men Stretchable Jean,John Pride,Clothing,1199,2499,52,4.5,633,,https://www.myntra.com/jeans/john+pride/john-pride-men-plus-size-black-stretchable-jeans/19903296/buy,myntra
Urbano Fashion Men Relaxed Fit Jeans,Urbano Fashion,Clothing,1049,2099,50,4,23400,,https://www.myntra.com/jeans/urbano+fashion/urbano-fashion-men-loose-fit-washed-non-stretchable-jeans/27661968/buy,myntra
HIGHLANDER Men Straight Fit Jeans,HIGHLANDER,Clothing,779,2999,74,4.2,4000,,https://www.myntra.com/jeans/highlander/highlander-men-straight-fit-heavy-fade-stretchable-jeans/30715726/buy,myntra
bigbanana Plus Size Jeans,bigbanana,Clothing,1439,3599,60,4.5,17,,https://www.myntra.com/jeans/bigbanana/bigbanana-men-plus-size-original-stretchable-jeans/32966667/buy,myntra
STUDIO NEXX Men Mid-Rise Jeans,STUDIO NEXX,Clothing,900,2499,64,4.4,1200,,https://www.myntra.com/jeans/studio+nexx/studio-nexx-men-mid-rise-jeans/36885781/buy,myntra
V-Mart Men Skinny Fit Mid-Rise Jeans,V-Mart,Clothing,1301,1399,7,0,0,,https://www.myntra.com/jeans/v-mart/v-mart-men-skinny-fit-mid-rise-light-fade-jeans/41512722/buy,myntra
Flying Machine Women Wide Leg High-Rise Jeans,Flying Machine,Clothing,1591,2349,32,4,5,,https://www.myntra.com/jeans/flying+machine/flying-machine-women-wide-leg-high-rise-light-fade-stretchable-jeans/41162699/buy,myntra
FOREVER FRIDAY Girls Regular Fit Mid-Rise Jeans,FOREVER FRIDAY,Clothing,1241,2299,46,0,0,,https://www.myntra.com/jeans/forever+friday/forever-friday-girls-comfort-regular-fit-mid-rise-jeans/40723644/buy,myntra
Pepe Jeans Men Straight Fit Mid-Rise Jeans,Pepe Jeans,Clothing,1359,3399,60,4.3,32,,https://www.myntra.com/jeans/pepe+jeans/pepe-jeans-men-holborne-straight-fit-mid-rise-light-fade-stretchable-jeans/40023137/buy,myntra
glitchez Women Baggy Wide Leg Jeans,glitchez,Clothing,647,1799,64,4.2,209,,https://www.myntra.com/jeans/glitchez/glitchez-women-baggy-wide-leg-high-rise-light-fade-panelling-frayed-jeans/31596902/buy,myntra
V-Mart Men Skinny Fit Mid-Rise Jeans,V-Mart,Clothing,1247,1299,4,0,0,,https://www.myntra.com/jeans/v-mart/v-mart-men-skinny-fit-mid-rise-stretchable-jeans/41512781/buy,myntra
glitchez Men Wide Leg Jeans,glitchez,Clothing,699,1999,65,3.9,515,,https://www.myntra.com/jeans/glitchez/glitchez-men-wide-leg-jeans/31366443/buy,myntra
Sangria Women Ethnic Motifs Embroidered Kurta,Sangria,Clothing,643,2499,74,4.3,10600,"https://assets.myntassets.com/f_auto,dpr_1.0,q_85,w_720,c_limit,fl_progressive/assets/images/21731714/2023/2/1/91c84fec-acc6-47b3-be2c-bf7ad7958e041675255228053-Women-Yellow--Grey-Embroidered-Straight-Kurti-55016752552275-1.jpg",https://www.myntra.com/kurtas/sangria/sangria-women-ethnic-motifs-embroidered-thread-work-kurta/21731714/buy,myntra
Chaukas Women Printed Kurta,Chaukas,Clothing,499,1599,69,4.4,1500,"https://assets.myntassets.com/f_auto,dpr_1.0,q_85,w_720,c_limit,fl_progressive/assets/images/2025/NOVEMBER/29/pbc3VbO5_c233f7ca4a554ce78ad0d48577a0565a.jpg",https://www.myntra.com/kurtas/chaukas/chaukas-women-ethnic-motifs-printed-indie-prints-kurta/38293759/buy,myntra
Sangria Boys Pure Cotton Kurta,Sangria,Clothing,599,2999,80,4.4,729,"https://assets.myntassets.com/f_auto,dpr_1.0,q_85,w_720,c_limit,fl_progressive/assets/images/2025/FEBRUARY/1/CFZ7n0CQ_dff16eac68334bbba00d7d4e652d4001.jpg",https://www.myntra.com/kurtas/sangria/sangria-boys-red--white-floral-printed-mandarin-collar-pure-cotton-straight-kurta/32597461/buy,myntra
BAESD Girls Kurta,BAESD,Clothing,725,1249,42,0,0,"https://assets.myntassets.com/f_auto,dpr_1.0,q_85,w_720,c_limit,fl_progressive/assets/images/2026/APRIL/18/aMciFmaW_5fb9908050684555b4125f14e93ba50d.jpg",https://www.myntra.com/kurtas/baesd/baesd-girls-floral-embroidered-thread-work-floral-kurta/41474696/buy,myntra
MIDAV Pure Cotton Pathani Kurta,MIDAV,Clothing,1298,3799,66,3.5,101,"https://assets.myntassets.com/f_auto,dpr_1.0,q_85,w_720,c_limit,fl_progressive/assets/images/2025/APRIL/1/seFUjsWK_886d21a023be47b490de6bc46e3695bd.jpg",https://www.myntra.com/kurtas/midav/midav-mandarin-collar-pure-cotton-pathani-kurta/33419671/buy,myntra
KJTRENDS Women Floral Printed Kurta,KJTRENDS,Clothing,409,1499,73,4.4,885,"https://assets.myntassets.com/f_auto,dpr_1.0,q_85,w_720,c_limit,fl_progressive/assets/images/2026/JANUARY/20/HQAVm96n_5a0fb5978f674424a0fb575438bf9620.jpg",https://www.myntra.com/kurtas/kjtrends/kjtrends-women-floral-printed-thread-work-floral-kurta/39476183/buy,myntra
Rimeline Cotton Printed A-Line kurta,Rimeline,Clothing,899,2998,70,4.4,424,"https://assets.myntassets.com/f_auto,dpr_1.0,q_85,w_720,c_limit,fl_progressive/assets/images/2026/JANUARY/31/V6KNl0xv_ee6ea55c8f8b4c1d94f5c7889ff7b5f9.jpg",https://www.myntra.com/kurtas/rimeline/rimeline-women-ethnic-motif-printed-v-neck-a-line-cotton-kurta/39742983/buy,myntra
VASTRAMAY Woven Design Cotton Sustainable Kurta,VASTRAMAY,Clothing,1007,2399,58,4.2,1300,"https://assets.myntassets.com/f_auto,dpr_1.0,q_85,w_720,c_limit,fl_progressive/assets/images/22284686/2025/7/22/bcdec4f1-dc90-4820-ab23-20b741d869a61753191021084-VASTRAMAY-Geometric-Woven-design-Jacquard-Cotton-Sustainable-1.jpg",https://www.myntra.com/kurtas/vastramay/vastramay-geometric-woven-design-jacquard-cotton-sustainable-kurta/22284686/buy,myntra
KALINI Girls Embroidered Kurta,KALINI,Clothing,887,1999,56,4.3,7,"https://assets.myntassets.com/f_auto,dpr_1.0,q_85,w_720,c_limit,fl_progressive/assets/images/2026/FEBRUARY/3/Ws8ISQiS_51441de0cc8d4b01bc391f4ddbd6b85b.jpg",https://www.myntra.com/kurtas/kalini/kalini-girls-embroidered-keyhole-neck-thread-work-kurta/39805076/buy,myntra
BAESD Girls Kurta,BAESD,Clothing,738,1879,61,0,0,"https://assets.myntassets.com/f_auto,dpr_1.0,q_85,w_720,c_limit,fl_progressive/assets/images/2026/APRIL/18/SLFqtR0B_b50a901d7935405a93192956df66971a.jpg",https://www.myntra.com/kurtas/baesd/baesd-girls-ethnic-motifs-printed-thread-work-kurta/41474570/buy,myntra
KJTRENDS Women Floral Printed Kurta,KJTRENDS,Clothing,409,1499,73,4.4,886,,https://www.myntra.com/kurtas/kjtrends/kjtrends-women-floral-printed-floral-kurta/40674915/buy,myntra
VASTRAMAY Boys Printed Cotton Kurta,VASTRAMAY,Clothing,881,1799,51,4.2,160,,https://www.myntra.com/kurtas/vastramay/vastramay-boys-floral-printed-mandarin-collar-cotton-kurta/26082276/buy,myntra
Aarika Girls Printed Cotton Kurta,Aarika,Clothing,1085,2499,57,0,0,,https://www.myntra.com/kurtas/aarika/aarika-girls-floral-printed-round-neck-cotton-kurta/41063745/buy,myntra
BAESD Girls Kurta,BAESD,Clothing,774,1629,52,2.6,27,,https://www.myntra.com/kurtas/baesd/baesd-girls-dyed-kurta/41474576/buy,myntra
Taavi Bagru Printed Straight Kurta,Taavi,Clothing,765,3799,80,4.2,2600,,https://www.myntra.com/kurtas/taavi/taavi-men-maroon--black-bagru-printed-straight-kurta-with-roll-up-sleeves/10384141/buy,myntra
KKOUTFITS Women Floral Printed Kurta,KKOUTFITS,Clothing,399,999,60,4.5,2700,,https://www.myntra.com/kurtas/kkoutfits/kkoutfits-women-floral-printed-indie-prints-kurta/38291630/buy,myntra
Sa Rasa Floral Printed Anarkali Kurta,Sa Rasa,Clothing,499,2199,77,3.9,7000,,https://www.myntra.com/kurtas/sa+rasa/sa-rasa-floral-printed-angrakha-anarkali-kurta/30894711/buy,myntra
VASTRADO Embroidered Cotton Kurta,VASTRADO,Clothing,859,2149,60,4.6,110,,https://www.myntra.com/kurtas/vastrado/vastrado-geometric-embroidered-band-collar-thread-work-straight-cotton-kurta/36172251/buy,myntra
Muhuratam Girls Printed Cotton Kurta,Muhuratam,Clothing,674,1999,66,4.2,52,,https://www.myntra.com/kurtas/muhuratam/muhuratam-girls-bandhani-printed-sequined-anarkali-cotton-kurta/22925158/buy,myntra
BAESD Girls Kurta,BAESD,Clothing,707,1499,53,3.1,12,,https://www.myntra.com/kurtas/baesd/baesd-girls-embroidered-thread-work-kurta/41474699/buy,myntra
VASTRAMAY Striped Cotton Straight Kurta,VASTRAMAY,Clothing,881,1799,51,4.1,181,,https://www.myntra.com/kurtas/vastramay/vastramay-striped-mandarin-collar-cotton-straight-kurta/31222308/buy,myntra
KALINI Girls Kurta,KALINI,Clothing,654,1249,48,0,0,,https://www.myntra.com/kurtas/kalini/kalini-girls-kurta/41317702/buy,myntra
VASTRAMAY Girls Cotton Straight Kurta,VASTRAMAY,Clothing,827,1799,54,4.3,436,,https://www.myntra.com/kurtas/vastramay/vastramay-girls-floral-printed-gotta-patti-cotton-straight-kurta/27929058/buy,myntra
Vida Loca Men Slim Fit Cotton Kurta,Vida Loca,Clothing,424,2499,83,3.6,797,,https://www.myntra.com/kurtas/vida+loca/vida-loca-men-mandarin-collar-roll-up-sleeves-slim-fit-cotton-kurta/36679111/buy,myntra
Sangria Printed Calf Length Kurtas,Sangria,Clothing,955,1999,52,0,0,,https://www.myntra.com/kurtas/sangria/sangria-printed--round-neck-calf-length-straight-kurtas/40658905/buy,myntra
BAESD Girls Kurta,BAESD,Clothing,860,1749,51,0,0,,https://www.myntra.com/kurtas/baesd/baesd-girls-floral-printed-indie-prints-kurta/41474606/buy,myntra
EdinWolf Men Mandarin Collar Kurta,EdinWolf,Clothing,560,2499,78,3.6,22,,https://www.myntra.com/kurtas/edinwolf/edinwolf-men-mandarin-collar-straight-kurta/37214870/buy,myntra
KALINI Girls Bandhani Anarkali Kurta,KALINI,Clothing,733,1499,51,3.9,23,,https://www.myntra.com/kurtas/kalini/kalini-girls-bandhani-keyhole-neck-cold-shoulder-sleeves-sequinned-anarkali-kurta/39805077/buy,myntra
Rimeline Floral Printed Straight Kurta,Rimeline,Clothing,599,1999,70,4.4,12900,,https://www.myntra.com/kurtas/rimeline/rimeline-floral-printed-notch-neck-straight-kurta/32166736/buy,myntra
VASTRADO Mandarin Collar Short Kurta,VASTRADO,Clothing,699,1749,60,4.1,434,,https://www.myntra.com/kurtas/vastrado/vastrado-geometric-woven-design-mandarin-collar-straight-short-republic-day-republic-day-kurta/30845904/buy,myntra
Sangria FUZN Women Printed Kurta,Sangria FUZN,Clothing,388,2499,84,3.9,55,,https://www.myntra.com/kurtas/sangria+fuzn/sangria-fuzn-women-floral-printed-floral-kurta/41407906/buy,myntra
BAESD Girls Kurta,BAESD,Clothing,591,1879,69,3.6,5,,https://www.myntra.com/kurtas/baesd/baesd-girls-ethnic-motifs-printed-kurta/41474601/buy,myntra
Vida Loca Men Solid Daily Kurta,Vida Loca,Clothing,499,2499,80,3.5,126,,https://www.myntra.com/kurtas/vida+loca/vida-loca-men-solid-daily-cotton-straight-kurta/36679151/buy,myntra
Sangria Embroidered Kurta & Dupatta,Sangria,Clothing,905,2599,65,3.6,330,,https://www.myntra.com/kurtas/sangria/sangria-embroidered-a-line-kurta-with-dupatta/37474434/buy,myntra
Rimeline Pure Cotton Straight Kurta,Rimeline,Clothing,636,2449,74,4.5,9700,,https://www.myntra.com/kurtas/rimeline/rimeline-ethnic-motifs-printed-round-neck-zari-straight-pure-cotton-kurta/37297897/buy,myntra
Shasak Printed Cotton Short Kurta,Shasak,Clothing,839,5500,85,3.8,48,,https://www.myntra.com/kurtas/shasak/shasak-geometric-printed-mandarin-collar-cotton-straight-short-kurta/30497536/buy,myntra
Sangria Boys Pure Cotton Kurta,Sangria,Clothing,599,2999,80,4.4,724,,https://www.myntra.com/kurtas/sangria/sangria-boys-yellow-woven-design-mandarin-collar-straight-kurta/32597459/buy,myntra
FRANSCART Men Ethnic Motifs Embroidered Kurta,FRANSCART,Clothing,845,1599,47,0,0,,https://www.myntra.com/kurtas/franscart/franscart-men-ethnic-motifs-embroidered-thread-work-kurta/42013196/buy,myntra
See Designs Cotton Grey Straight Kurta,See Designs,Clothing,671,2099,68,4.2,4800,,https://www.myntra.com/kurtas/see+designs/see-designs-men-cotton-grey-straight-kurta-with-slub-effect/15601642/buy,myntra
Sangria Girls Embroidered A-Line Kurta,Sangria,Clothing,1222,2499,51,0,0,,https://www.myntra.com/kurtas/sangria/sangria-embroidered-pure-cotton-shirt-collar-calf-length-a-line-kurta/41060434/buy,myntra
Aj DEZInES Boys Mandarin Collar Kurta,Aj DEZInES,Clothing,449,1999,78,4,249,,https://www.myntra.com/kurtas/aj+dezines/aj-dezines-boys-mandarin-collar-cotton-kurta/23970110/buy,myntra
VASTRAMAY Men Mandarin Collar Kurta,VASTRAMAY,Clothing,773,1799,57,4,105,,https://www.myntra.com/kurtas/vastramay/vastramay-men-cream-coloured-thread-work-mandarin-collar--kurta/19265866/buy,myntra
AADVIKA Ethnic Motifs Printed Kurta,AADVIKA,Clothing,580,1999,71,4.2,848,,https://www.myntra.com/kurtas/aadvika/aadvika-women-ethnic-motifs-printed-kurta/37710312/buy,myntra
FRANSCART Men Embroidered Kurta,FRANSCART,Clothing,845,1599,47,0,0,,https://www.myntra.com/kurtas/franscart/franscart-men-embroidered-thread-work-kurta/42013195/buy,myntra
RANGRAAG Men Floral Kurta,RANGRAAG,Clothing,942,6999,87,4.2,53,,https://www.myntra.com/kurtas/rangraag/rangraag-men-floral-extended-sleeves-kurta/40230957/buy,myntra
Anouk Mirage Women Floral Printed Kurta,Anouk Mirage,Clothing,593,1999,70,4.4,218,,https://www.myntra.com/kurtas/anouk+mirage/anouk-mirage-women-floral-printed-kurta/40501908/buy,myntra
Campana Girls Printed Cotton Kurta,Campana,Clothing,899,949,5,4.7,35,,https://www.myntra.com/kurtas/campana/campana-girls-floral-printed-cotton-kurta/32446861/buy,myntra
Marks & Spencer Girls A-Line Dress,Marks & Spencer,Clothing,569,999,43,4.7,35,"https://assets.myntassets.com/f_auto,dpr_1.0,q_85,w_720,c_limit,fl_progressive/assets/images/2025/APRIL/22/qq2gMfYr_0d4f4917449b488d8313973d8a89c9b7.jpg",https://www.myntra.com/dresses/marks+%26+spencer/marks--spencer-cotton-rich-jersey-dress/33728270/buy,myntra
White World Girls Printed Ethnic Dresses,White World,Clothing,597,2664,78,4.2,238,"https://assets.myntassets.com/f_auto,dpr_1.0,q_85,w_720,c_limit,fl_progressive/assets/images/2025/AUGUST/12/HRPkooOb_f13551cf37b1427599d2ee790f812be7.jpg",https://www.myntra.com/ethnic-dresses/white+world/white-world-girls-floral-printed-round-neck-fit-flared-ethnic-dresses/36365010/buy,myntra
StyleCast x Revolte Fit & Flare Maxi Dress,StyleCast x Revolte,Clothing,1579,4049,61,3.4,5,"https://assets.myntassets.com/f_auto,dpr_1.0,q_85,w_720,c_limit,fl_progressive/assets/images/2026/JANUARY/20/RnfXtLNB_13f0832dcc234c7ab2a0397a9bdddb88.jpg",https://www.myntra.com/dresses/stylecast+x+revolte/stylecast-x-revolte-embroidered-fit--flare-maxi-dress/39480323/buy,myntra
BAESD Fit & Flare Net Dress,BAESD,Clothing,499,1999,75,4.3,10300,"https://assets.myntassets.com/f_auto,dpr_1.0,q_85,w_720,c_limit,fl_progressive/assets/images/29524966/2024/5/13/3658e688-470e-4cd0-9294-2065ddb8ab751715622996827BAESDFlutterSleeveNetFitFlareDress1.jpg",https://www.myntra.com/dresses/baesd/baesd-flutter-sleeve-net-puff-sleeves-fit--flare-dress/29524966/buy,myntra
Polka Tots Girls Flutter Sleeve Dress,Polka Tots,Clothing,478,799,40,0,0,"https://assets.myntassets.com/f_auto,dpr_1.0,q_85,w_720,c_limit,fl_progressive/assets/images/2026/APRIL/21/cOeFUriN_05bea5d0cef14086ae01e8eec7bc066d.jpg",https://www.myntra.com/dresses/polka+tots/polka-tots-girls-printed-pure-cotton-flutter-sleeve-gown-dress/41519437/buy,myntra
StyleCast x Revolte Round Neck A-Line Midi Dress,StyleCast x Revolte,Clothing,1519,3999,62,4.4,429,"https://assets.myntassets.com/f_auto,dpr_1.0,q_85,w_720,c_limit,fl_progressive/assets/images/2025/SEPTEMBER/3/i24H8kTB_01c532a233f342d69334e3bc05659798.jpg",https://www.myntra.com/dresses/stylecast+x+revolte/stylecast-x-revolte-women-round-neck-a-line-midi-dress/36744225/buy,myntra
BAESD Fit and Flare maxi dress,BAESD,Clothing,865,3499,75,4.1,77,"https://assets.myntassets.com/f_auto,dpr_1.0,q_85,w_720,c_limit,fl_progressive/assets/images/2024/AUGUST/30/oQOOvTDs_a2316f648bcc4b84adf5ec9207d5bc65.jpg",https://www.myntra.com/ethnic-dresses/baesd/baesd-girls-sweetheart-neck-embroidered-anarkali-ethnic-motifs-fit-and-flare-maxi-dress/30779203/buy,myntra
VASTRAMAY Fit & Flare Dress With Jacket,VASTRAMAY,Clothing,974,2499,61,4.5,349,"https://assets.myntassets.com/f_auto,dpr_1.0,q_85,w_720,c_limit,fl_progressive/assets/images/24070116/2023/7/18/b83d46ce-fe09-4de1-84bc-c165fcaf7fa71689670463302VastramayGirlsRedDressWithBlueKanthaWorkJacket1.jpg",https://www.myntra.com/ethnic-dresses/vastramay/vastramay-girls-shoulder-straps-cotton-fit--flare-dress-with-floral-printed-shrug/24070116/buy,myntra
StyleCast Women Dyed A-Line Maxi Dress,StyleCast,Clothing,1418,3299,57,4.4,88,"https://assets.myntassets.com/f_auto,dpr_1.0,q_85,w_720,c_limit,fl_progressive/assets/images/2025/APRIL/23/Xl99GqFf_ad86127e2b3e4f9ab5602f4eb3833b4b.jpg",https://www.myntra.com/dresses/stylecast/stylecast-women-tie-and-dye-dyed-a-line-maxi-dress/31761405/buy,myntra
Sangria Girls Anarkali Maxi Dress,Sangria,Clothing,880,3499,75,4.1,79,"https://assets.myntassets.com/f_auto,dpr_1.0,q_85,w_720,c_limit,fl_progressive/assets/images/2025/FEBRUARY/3/V9jvSTum_c080a050a493448d849c3ac738d4f1c0.jpg",https://www.myntra.com/ethnic-dresses/sangria/-sangria-girls-embroidered-anarkali-maxi-dress/32609228/buy,myntra
Polka Tots Print Flutter Sleeve Dress,Polka Tots,Clothing,478,799,40,0,0,"https://assets.myntassets.com/f_auto,dpr_1.0,q_85,w_720,c_limit,fl_progressive/assets/images/2026/APRIL/21/qlZyN3jm_f282548292984bd383eccb61add3ec9c.jpg",https://www.myntra.com/dresses/polka+tots/polka-tots-girls-floral-print-gown-v-neck-midi-dress/41519438/buy,myntra
StyleCast x Revolte Print Fit & Flare Maxi Dress,StyleCast x Revolte,Clothing,1154,2749,58,4.2,29,,https://www.myntra.com/dresses/stylecast+x+revolte/stylecast-x-revolte-print-fit--flare-maxi-dress/39024004/buy,myntra
VASTRAMAY Infant Girls Ethnic Dress,VASTRAMAY,Clothing,917,1799,49,4.6,598,,https://www.myntra.com/ethnic-dresses/vastramay/vastramay-infant-girls-self-design-bow-fit--flare-ethnic-dress/26592080/buy,myntra
BAESD Ethnic Wear Flower Knot Frock,BAESD,Clothing,898,1499,40,4.4,519,,https://www.myntra.com/ethnic-dresses/baesd/baesd-girls-woven-ethnic-wear-cotton-flower-knot-frock/30083489/buy,myntra
HERE&NOW Women Dresses,HERE&NOW,Clothing,759,1899,60,3.4,106,,https://www.myntra.com/dresses/here%26now/herenow-women-cotton--dresses/36380646/buy,myntra
Tasarika Girls Printed Midi Dress,Tasarika,Clothing,998,4299,77,0,0,,https://www.myntra.com/ethnic-dresses/tasarika/tasarika-girls-floral-v-neck-printed-midi-gathered-or-pleated-dress/40831468/buy,myntra
Chemistry Dyed A-Line Maxi Dress,Chemistry,Clothing,815,1823,55,0,0,,https://www.myntra.com/dresses/chemistry/chemistry-midi-dress/41553302/buy,myntra
StyleCast Sheath Maxi Dress,StyleCast,Clothing,877,1949,55,4.1,1700,,https://www.myntra.com/dresses/stylecast/stylecast-off-shoulder-sheath-maxi-dress/30685142/buy,myntra
Marks & Spencer Puff Sleeve A-Line Mini Dress,Marks & Spencer,Clothing,1374,2499,45,0,0,,https://www.myntra.com/dresses/marks+%26+spencer/marks--spencer-funnel-neck-mini-smock-dress/36928513/buy,myntra
CUTECUMBER Girls Denim Sheath Dress,CUTECUMBER,Clothing,990,2275,56,4.4,1100,,https://www.myntra.com/dresses/cutecumber/cutecumber-girls-blue-denim-sheath-dress/17273786/buy,myntra
StyleCast One Shoulder Bodycon Dress,StyleCast,Clothing,1014,2899,65,4,961,,https://www.myntra.com/dresses/stylecast/stylecast-women-one-shoulder-slits-cold-shoulder-sleeves-bodycon-maxi-dress/36930338/buy,myntra
Sugathari Fit & Flare Midi Puff Sleeve Dress,Sugathari,Clothing,594,1852,68,4.5,1600,,https://www.myntra.com/dresses/sugathari/sugathari-puff-sleeve-fit--flare-midi-dress/37862640/buy,myntra
DressBerry Floral Print Crepe Fit & Flare Maxi Dress,DressBerry,Clothing,1249,1999,38,0,0,,https://www.myntra.com/dresses/dressberry/dressberry-tropical-print-halter-neck-crepe-maxi-dress/41553718/buy,myntra
SPUNKIES Girls Cotton A-Line Mini Dress,SPUNKIES,Clothing,694,1219,43,4.5,378,,https://www.myntra.com/dresses/spunkies/spunkies-girls-striped-cotton-a-line-mini-dress/31838497/buy,myntra
KALINI Women Ethnic Dress With Inner,KALINI,Clothing,867,2699,68,4.3,289,,https://www.myntra.com/ethnic-dresses/kalini/kalini-women-mustard-silk-blend-foil-printed-anarkali-ethnic-dress/33372591/buy,myntra
BAESD Girls Fit & Flare Ethnic Dress,BAESD,Clothing,898,1499,40,4.6,40,,https://www.myntra.com/ethnic-dresses/baesd/baesd-girls-fit--flared-maxi-ethnic-dresses/30692797/buy,myntra
HERE&NOW Tie and Dye Bodycon Midi Dress,HERE&NOW,Clothing,818,2099,61,2.9,86,,https://www.myntra.com/dresses/here%26now/herenow-women-tie-and-dye-dyed-bodycon-midi-dress/37207181/buy,myntra
AmorLuxe 1 SKIRT 1 T-SHIRT,AmorLuxe,Clothing,648,2999,78,4.3,16,,https://www.myntra.com/dresses/amorluxe/amorluxe-floral-print-puff-sleeve-fit--flare-dress/41011849/buy,myntra
Chemistry A-Line Maxi Dress,Chemistry,Clothing,799,1823,56,0,0,,https://www.myntra.com/dresses/chemistry/chemistry-midi-dress/41573089/buy,myntra
FASHION DREAM Girls Flared Maxi Dress,FASHION DREAM,Clothing,665,2149,69,4.2,38,,https://www.myntra.com/ethnic-dresses/fashion+dream/fashion-dream-girls-floral-printed-v-neck-flared-maxi-dress/34804136/buy,myntra
YK Girls Fit & Flare Dress,YK,Clothing,747,1699,56,3.9,369,,https://www.myntra.com/dresses/yk/yk-girls-ruffled-fit--flare-dress/32465340/buy,myntra
Pink Paprika by SASSAFRAS Striped A-Line Midi Dress,Pink Paprika by SASSAFRAS,Clothing,1149,2498,54,4.1,439,,https://www.myntra.com/dresses/pink+paprika+by+sassafras/pink-paprika-by-sassafras-women-striped-printed-shirt-collar-a-line-midi-dress/30897294/buy,myntra
BAESD Infant Girls Ethnic Dresses,BAESD,Clothing,898,1499,40,4.5,167,,https://www.myntra.com/ethnic-dresses/baesd/baesd-infant-girls-printed-puff-sleeves-cotton-fit--flare-ethnic-dresses/28165862/buy,myntra
StyleCast x Revolte Girls Floral Fit & Flare Dress,StyleCast x Revolte,Clothing,1396,2149,35,0,0,,https://www.myntra.com/dresses/stylecast+x+revolte/stylecast-x-revolte-girls-floral-print-flutter-sleeve-fit--flare-dress/41571926/buy,myntra
Suo Fit & Flare Midi Dress,Suo,Clothing,1286,3299,61,0,0,,https://www.myntra.com/dresses/suo/suo-fit--flare-midi-dress/41093608/buy,myntra
BAESD Floral Fit & Flare Maxi Dress,BAESD,Clothing,519,1999,74,4.2,2000,,https://www.myntra.com/dresses/baesd/baesd-floral-printed-fit--flare-maxi-dress/30203282/buy,myntra
White World Girls Printed Ethnic Dresses,White World,Clothing,597,2664,78,4.3,101,,https://www.myntra.com/ethnic-dresses/white+world/white-world-girls-floral-printed-round-neck-fit-flared-ethnicdresses/36365011/buy,myntra
Pink Paprika by SASSAFRAS A-Line Midi Cotton Dress,Pink Paprika by SASSAFRAS,Clothing,1259,2999,58,4.2,339,,https://www.myntra.com/dresses/pink+paprika+by+sassafras/pink-paprika-by-sassafras-striped-a-line-midi-cotton-dress/30897267/buy,myntra
BAESD Fit & Flare Dress,BAESD,Clothing,568,1999,72,4.2,2700,,https://www.myntra.com/dresses/baesd/baesd-fit--flare-dress/37608108/buy,myntra
MooNKids Girls Fit & Flare Cotton Dress,MooNKids,Clothing,590,1395,58,0,0,,https://www.myntra.com/dresses/moonkids/moonkids-girls-embroidered-fit--flare-cotton-dress/41580884/buy,myntra
StyleCast Checked Fit & Flare Dress,StyleCast,Clothing,1427,2799,49,4.1,486,,https://www.myntra.com/dresses/stylecast/stylecast-pink-checked-off-shoulder-fit--flare-dress/28244946/buy,myntra
Rain & Rainbow Floral Printed Ethnic Dresses,Rain & Rainbow,Clothing,1617,3595,55,4.4,3200,,https://www.myntra.com/ethnic-dresses/rain+%26+rainbow/rain--rainbow-floral-printed-pure-cotton-fit--flare-ethnic-dress/30557109/buy,myntra
FASHION DREAM Girls Round Neck Gown Dress,FASHION DREAM,Clothing,891,2699,67,4.3,515,,https://www.myntra.com/ethnic-dresses/fashion+dream/fashion-dream-girls-round-neck-floral-embroidered-gown-maxi-dress/31424972/buy,myntra
KAARIGARI Girls Onion Colour Dress,KAARIGARI,Clothing,573,1999,71,3.6,97,,https://www.myntra.com/dresses/kaarigari/kaarigari-velvet-fit--flare-dress/39848783/buy,myntra
Tasarika Gown Dress,Tasarika,Clothing,998,3999,75,4,18,,https://www.myntra.com/ethnic-dresses/tasarika/tasarika-floral-printed-v-neck-fit-and-flare-maxi-dress/39110484/buy,myntra
Bloomup Beige Floral Dress,Bloomup,Clothing,701,1099,36,0,0,,https://www.myntra.com/dresses/bloomup/bloomup-print-dress/41656735/buy,myntra
StyleCast x Revolte Bodycon Mini Dress,StyleCast x Revolte,Clothing,1529,3399,55,4.5,463,,https://www.myntra.com/dresses/stylecast+x+revolte/stylecast-x-revolte-women-bodycon-mini-dress/31174766/buy,myntra
Sangria Girls Printed Ethnic Dress,Sangria,Clothing,710,2149,67,4.1,48,,https://www.myntra.com/ethnic-dresses/sangria/sangria-girls-ethnic-motifs-printed-halter-neck-fit--flare-maxi-ethnic-dress/34806183/buy,myntra
BAESD A-Line Dress,BAESD,Clothing,499,1999,75,4.2,2700,,https://www.myntra.com/dresses/baesd/baesd-girls-square-neck-schiffli-empire-dress/32318958/buy,myntra
BLUE TYGA Solid Hooded Sunscreen Jacket,BLUE TYGA,Clothing,1299,2999,57,4.4,94,"https://assets.myntassets.com/f_auto,dpr_1.0,q_85,w_720,c_limit,fl_progressive/assets/images/30002196/2024/9/14/55999d5e-1818-460e-a5c3-76e8cdfb9ae21726281179554-BLUE-TYGA-Women-Hooded-Solid-Antimicrobial-Sunscreen-UPF-50--1.jpg",https://www.myntra.com/jackets/blue+tyga/blue-tyga-women-hooded-solid-antimicrobial-sunscreen-upf-50-jacket-2o/30002196/buy,myntra
CAVA Sculptor Jacket,CAVA,Clothing,1799,2299,22,4.7,1400,"https://assets.myntassets.com/f_auto,dpr_1.0,q_85,w_720,c_limit,fl_progressive/assets/images/2025/FEBRUARY/1/OvPeGWqJ_aa730ca310e54f08a267475c0cac97e2.jpg",https://www.myntra.com/jackets/cava/cava-pink-sculptor-jacket/32598379/buy,myntra
StyleCast x Revolte Girls Solid Bomber Jacket,StyleCast x Revolte,Clothing,1733,3399,49,3.8,42,"https://assets.myntassets.com/f_auto,dpr_1.0,q_85,w_720,c_limit,fl_progressive/assets/images/2025/MARCH/3/P18FdezI_3df2c9c0b27448e7aabf27c6712e22d6.jpg",https://www.myntra.com/jackets/stylecast+x+revolte/stylecast-x-revolte-girls-stand-collar-solid-casual-lightweight-bomber-jacket/33029103/buy,myntra
House of Pataudi Woven Design Nehru Jackets,House of Pataudi,Clothing,1898,4999,62,4.2,307,"https://assets.myntassets.com/f_auto,dpr_1.0,q_85,w_720,c_limit,fl_progressive/assets/images/27928838/2024/2/28/d7bcb8c9-e3a7-4b8c-9c6f-1da33dd8ee111709119604773JacquardWovenDesignMandarinCollarNehruJacket2.jpg",https://www.myntra.com/nehru-jackets/house+of+pataudi/house-of-pataudi-woven-design-mandarin-collar-nehru-jackets/27928838/buy,myntra
BLUE TYGA Women Sunscreen Jacket 2.0,BLUE TYGA,Clothing,1299,2999,57,4.4,52,"https://assets.myntassets.com/f_auto,dpr_1.0,q_85,w_720,c_limit,fl_progressive/assets/images/2024/SEPTEMBER/16/Q3UcD7FY_1bee3151a08849268c2c494f520912f8.jpg",https://www.myntra.com/jackets/blue+tyga/blue-tyga-women-sunscreen-jacket-20-with-upf-50/30992212/buy,myntra
Jompers Mandarin Collar Nehru Jacket,Jompers,Clothing,699,2499,72,4.2,1000,"https://assets.myntassets.com/f_auto,dpr_1.0,q_85,w_720,c_limit,fl_progressive/assets/images/27323422/2025/3/20/b554ce9f-017c-4965-9214-37d916b2d6c81742462045381-Jompers-Mandarin-Collar-Nehru-Jacket-271742462044800-1.jpg",https://www.myntra.com/nehru-jackets/jompers/jompers-mandarin-collar-nehru-jacket/27323422/buy,myntra
CAVA Toasted Sculptor Jacket,CAVA,Clothing,1799,2299,22,4.7,1400,"https://assets.myntassets.com/f_auto,dpr_1.0,q_85,w_720,c_limit,fl_progressive/assets/images/2025/OCTOBER/6/SOHBhzPX_04cea9d365c24ce981673bcd6031fb12.jpg",https://www.myntra.com/jackets/cava/cava-toasted-sculptor-jacket/37080606/buy,myntra
Decathlon Kids-Boys Solid Padded Jacket,Decathlon,Clothing,1899,1949,3,4.7,132,"https://assets.myntassets.com/f_auto,dpr_1.0,q_85,w_720,c_limit,fl_progressive/assets/images/2025/AUGUST/23/InYrrpMs_813b40fe16964121b9b7719745b20fc8.jpg",https://www.myntra.com/jackets/decathlon/decathlon-quechua---kids-blue-mh100-water-repellent-hiking-padded-jacket/36551392/buy,myntra
Jompers Mandarin Collar Nehru Jacket,Jompers,Clothing,674,2499,73,4.2,1000,"https://assets.myntassets.com/f_auto,dpr_1.0,q_85,w_720,c_limit,fl_progressive/assets/images/27323400/2024/2/1/225d4fca-28dc-43af-804d-e8daf8c3a45d1706788670243SolidNehruJacket1.jpg",https://www.myntra.com/nehru-jackets/jompers/jompers-mandarin-collar-nehru-jacket/27323400/buy,myntra
BELANO Men Camel Corduroy Jacket,BELANO,Clothing,1499,2999,50,4.4,17,"https://assets.myntassets.com/f_auto,dpr_1.0,q_85,w_720,c_limit,fl_progressive/assets/images/2026/FEBRUARY/28/604pvXKX_1b2bf62bc47f437e90f8978ffe189020.jpg",https://www.myntra.com/jackets/belano/belano-men-corduroy-bomber-jacket/40401236/buy,myntra
INCLUD Striped Open Front Jacket,INCLUD,Clothing,719,1499,52,4.4,384,,https://www.myntra.com/jackets/includ/includ-boys-striped-open-front-jacket/30912899/buy,myntra
RUFF Colourblocked Denim Jacket with Patchwork,RUFF,Clothing,1294,1299,5,0,0,,https://www.myntra.com/jackets/ruff/ruff-boys-colourblocked-denim-jacket-with-patchwork/41636052/buy,myntra
THE BEAR HOUSE Lightweight Outdoor Bomber Jacket,THE BEAR HOUSE,Clothing,1999,2499,20,4.6,18,,https://www.myntra.com/jackets/the+bear+house/the-bear-house-men-lightweight-outdoor-bomber-jacket/38826329/buy,myntra
YK Girls Hooded Sherpa Jacket,YK,Clothing,1352,3299,59,4.1,179,,https://www.myntra.com/jackets/yk/yk-girls-hooded-self-design-sherpa-jacket/36039150/buy,myntra
House of Pataudi Men Designer Nehru Jacket,House of Pataudi,Clothing,1999,4999,60,4.6,69,,https://www.myntra.com/nehru-jackets/house+of+pataudi/house-of-pataudi-woven-design-woven-nehru-jackets/39671830/buy,myntra
Chemistry Knitted and Woven Jacket,Chemistry,Clothing,999,3999,75,0,0,,https://www.myntra.com/jackets/chemistry/chemistry-women-puffer-jacket/41431504/buy,myntra
VASTRAMAY Men Plus Size Nehru Jacket,VASTRAMAY,Clothing,1469,4199,65,4.3,629,,https://www.myntra.com/nehru-jackets/vastramay/vastramay-men-plus-size-navy-blue-solid-woven-nehru-jacket/15573408/buy,myntra
all about you Crop Open Front Jacket with Embroidered,all about you,Clothing,992,1999,50,0,0,,https://www.myntra.com/jackets/all+about+you/all-about-you-women-crop-open-front-jacket-with-embroidered/41686234/buy,myntra
BLUE TYGA Sunscreen Jacket with UPF50,BLUE TYGA,Clothing,999,1999,50,4.3,548,,https://www.myntra.com/jackets/blue+tyga/blue-tyga-men-ultimate-sun-protection-sunscreen-jacket-/28506232/buy,myntra
StyleCast Men Tailored Jacket,StyleCast,Clothing,1462,3849,62,3.7,3800,,https://www.myntra.com/jackets/stylecast/stylecast-men-regular-fit-tailored-jacket/31014875/buy,myntra
KiddoPanti Boys Denim Jacket with Badge,KiddoPanti,Clothing,965,1699,43,4.5,521,,https://www.myntra.com/jackets/kiddopanti/kiddopanti-boys-blue-washed-crop-denim-jacket-with-badge-/25409956/buy,myntra
GAP Men Mock Neck Puffer Jacket,GAP,Clothing,1999,3999,50,0,0,,https://www.myntra.com/jackets/gap/gap-men-mock-neck-puffer-jacket/37670510/buy,myntra
Pepe Jeans Boys Solid Puffer Jacket,Pepe Jeans,Clothing,1599,3999,60,4.3,53,,https://www.myntra.com/jackets/pepe+jeans/pepe-jeans-boys-mock-collar-solid-casual-puffer-jacket/31445217/buy,myntra
COLOR CAPITAL Lightweight Antimicrobial Training or Gym Sporty Jacket,COLOR CAPITAL,Clothing,767,890,14,4.5,3900,,https://www.myntra.com/jackets/color+capital/color-capital-women-lightweight-antimicrobial-training-or-gym-sporty-jacket/37830876/buy,myntra
StyleCast x Revolte Leather Jacket,StyleCast x Revolte,Clothing,1799,3599,50,4.9,7,,https://www.myntra.com/jackets/stylecast+x+revolte/stylecast-x-revolte-girls-leather-jacket/37572123/buy,myntra
SOJANYA Brocade Nehru Jacket,SOJANYA,Clothing,1499,5996,75,3.7,184,,https://www.myntra.com/nehru-jackets/sojanya/sojanya-embroidered-brocade-nehru-jacket/32961542/buy,myntra
BLUE TYGA Sunscreen Jacket with UPF50,BLUE TYGA,Clothing,999,1999,50,4.4,701,,https://www.myntra.com/jackets/blue+tyga/blue-tyga-men-ultimate-sun-protection-sunscreen-jacket-/28506230/buy,myntra
House of Pataudi Woven Design Nehru Jackets,House of Pataudi,Clothing,1900,4999,62,4.2,308,,https://www.myntra.com/nehru-jackets/house+of+pataudi/house-of-pataudi-woven-design-mandarin-collar-nehru-jackets/27928836/buy,myntra
BLUE TYGA Sunscreen Jacket with UPF50,BLUE TYGA,Clothing,999,1999,50,4.4,2200,,https://www.myntra.com/jackets/blue+tyga/blue-tyga-sunscreen-jacket-with-upf50/27863838/buy,myntra
Jompers Embroidered Nehru Jacket,Jompers,Clothing,1386,3999,65,4.5,338,,https://www.myntra.com/nehru-jackets/jompers/jompers-floral-embroidered-nehru-jacket/35847846/buy,myntra
BLUE TYGA Solid Hooded Sunscreen Jacket,BLUE TYGA,Clothing,1299,2999,57,4.5,1300,,https://www.myntra.com/jackets/blue+tyga/blue-tyga-women-hooded-solid-antimicrobial-sunscreen-upf-50-jacket-2o/30002195/buy,myntra
GAP Girls Lightly Washed Jacket,GAP,Clothing,1312,2624,50,4.8,17,,https://www.myntra.com/jackets/gap/gap-girls-lightly-washed-relaxed-fit-denim-jacket/34806465/buy,myntra
BLUE TYGA Sunscreen Jacket2.0 with UPF50,BLUE TYGA,Clothing,1299,2999,57,4.4,485,,https://www.myntra.com/jackets/blue+tyga/blue-tyga-sunscreen-jacket-20-with-upf-50/29413458/buy,myntra
KISAH Men Nehru Jacket,KISAH,Clothing,1999,4899,59,4.2,72,,https://www.myntra.com/nehru-jackets/kisah/kisah-men-ethnic-motifs-mandarin-collar-woven-design-nehru-jacket/31404083/buy,myntra
Sangria Woven Design Nehru Jackets,Sangria,Clothing,1612,6799,76,4.4,77,,https://www.myntra.com/nehru-jackets/sangria/sangria-woven-design-winter-pashmina-nehru-jackets-/31863827/buy,myntra
GAP Spread Collar Denim Jacket,GAP,Clothing,1599,3999,60,4.3,16,,https://www.myntra.com/jackets/gap/gap-spread-collar-denim-jacket/34833943/buy,myntra
Puma Girls Cotton Bomber Jacket,Puma,Clothing,1843,3686,50,0,0,,https://www.myntra.com/jackets/puma/puma-girls-mandarin-collar-colourblocked-bomber-jacket/37312029/buy,myntra
Jompers Printed Nehru Jacket,Jompers,Clothing,906,2499,64,0,0,,https://www.myntra.com/nehru-jackets/jompers/jompers-printed-satin-nehru-jackets/41830251/buy,myntra
BLUE TYGA Men Sunscreen Jacket Ice Pro,BLUE TYGA,Clothing,1599,3999,60,4.3,83,,https://www.myntra.com/jackets/blue+tyga/blue-tyga-men-sunscreen-jacket-ice-pro/34153056/buy,myntra
Jompers Embroidered Nehru Jacket,Jompers,Clothing,1386,3999,65,4.5,340,,https://www.myntra.com/nehru-jackets/jompers/jompers-embroidered-nehru-jacket/35847851/buy,myntra
BLUE TYGA Men Sunscreen Jacket Ice Pro,BLUE TYGA,Clothing,1599,3999,60,4.3,103,,https://www.myntra.com/jackets/blue+tyga/blue-tyga-men-sunscreen-jacket-ice-pro/34153061/buy,myntra
INCLUD Boys Hooded Tailored Jacket,INCLUD,Clothing,1439,1999,28,4.6,677,,https://www.myntra.com/jackets/includ/includ-boys-hooded-lightweight-corduroy-cotton-tailored-jacket/26700650/buy,myntra
Jompers Velvet Nehru Jacket,Jompers,Clothing,1391,4999,72,0,0,,https://www.myntra.com/nehru-jackets/jompers/jompers-printed-satin-nehru-jackets/41830252/buy,myntra
GAP Girls Printed Quilted Jacket,GAP,Clothing,1649,3299,50,0,0,,https://www.myntra.com/jackets/gap/gap-girls-hooded-conversational-printed-quilted-jacket/37670566/buy,myntra
Metro Men Textured Horsebit Loafers,Metro,Shoes,1748,2690,35,4.4,1500,"https://assets.myntassets.com/f_auto,dpr_1.0,q_85,w_720,c_limit,fl_progressive/assets/images/24558200/2023/11/27/602c927b-8466-4f21-931d-a7dc38ba23aa1701084154698-Metro-Men-Textured-Comfort-Insole-Horsebit-Loafers-731170108-1.jpg",https://www.myntra.com/casual-shoes/metro/metro-men-textured-comfort-insole-horsebit-loafers/24558200/buy,myntra
Campus Men Sneakers,Campus,Shoes,1799,2999,40,5,28,"https://assets.myntassets.com/f_auto,dpr_1.0,q_85,w_720,c_limit,fl_progressive/assets/images/2026/APRIL/23/94hTzbZW_a7b6f657c87047df916b41e06cfc414a.jpg",https://www.myntra.com/casual-shoes/campus/campus-men-colourblocked-sneakers/41555050/buy,myntra
HRX by Hrithik Roshan Unisex Back To School Shoes,HRX by Hrithik Roshan,Shoes,999,3699,73,4.3,2800,"https://assets.myntassets.com/f_auto,dpr_1.0,q_85,w_720,c_limit,fl_progressive/assets/images/29553912/2024/5/17/5f90bc0f-c248-4bff-8a88-54128a77c4a61715927218769HRXbyHrithikRoshanUnisexTexturedSneakers1.jpg",https://www.myntra.com/casual-shoes/hrx+by+hrithik+roshan/hrx-by-hrithik-roshan-unisex-back-to-school-shoes/29553912/buy,myntra
HOOH Now Comfort in Fashion Girls Elsa Printed Sneakers,HOOH Now Comfort in Fashion,Shoes,462,1299,64,4.5,495,"https://assets.myntassets.com/f_auto,dpr_1.0,q_85,w_720,c_limit,fl_progressive/assets/images/2026/JANUARY/7/jIFPdBzF_45b63f3445834bd7aedb40afe384c710.jpg",https://www.myntra.com/casual-shoes/hooh+now+comfort+in+fashion/hooh-now-comfort-in-fashion-girls-elsa-printed-sneakers/39233033/buy,myntra
Metro Men Leather Loafers,Metro,Shoes,1618,2490,35,4.2,3100,"https://assets.myntassets.com/f_auto,dpr_1.0,q_85,w_720,c_limit,fl_progressive/assets/images/18629610/2023/11/27/d394dfba-5579-4eb0-8746-c2cdccd763831701075302576-Metro-Men-Black-Leather-Loafers-4111701075302483-6.jpg",https://www.myntra.com/casual-shoes/metro/metro-men-black-leather-loafers/18629610/buy,myntra
HOOH Now Comfort in Fashion Girls Elsa Printed Sneakers,HOOH Now Comfort in Fashion,Shoes,418,1299,68,4.3,659,"https://assets.myntassets.com/f_auto,dpr_1.0,q_85,w_720,c_limit,fl_progressive/assets/images/2025/DECEMBER/31/9W0kwH81_583358387a0445588a5c6acbc9ef5439.jpg",https://www.myntra.com/casual-shoes/hooh+now+comfort+in+fashion/hooh-now-comfort-in-fashion-girls-elsa-printed-sneakers/39078571/buy,myntra
Balansole Originals Men Sneakers,Balansole Originals,Shoes,908,1999,55,0,0,"https://assets.myntassets.com/f_auto,dpr_1.0,q_85,w_720,c_limit,fl_progressive/assets/images/2026/MAY/6/z8HvhUhN_cf9c21db8ca241c486c6bdcfbf592ca1.jpg",https://www.myntra.com/casual-shoes/balansole+originals/balansole-originals-men-sneakers/41883283/buy,myntra
Metro Men Leather Loafers,Metro,Shoes,1614,2690,40,4.2,264,"https://assets.myntassets.com/f_auto,dpr_1.0,q_85,w_720,c_limit,fl_progressive/assets/images/17225748/2023/11/27/e329ed70-76b5-4aa8-9fed-d05cd86303f11701072775727-Metro-Men-Brown-Textured-Leather-Slip-On-Loafers-99717010727-6.jpg",https://www.myntra.com/casual-shoes/metro/metro-men-brown-textured-leather-slip-on-loafers/17225748/buy,myntra
max Boys PU Slip-On Sneakers,max,Shoes,349,399,13,4.4,1500,"https://assets.myntassets.com/f_auto,dpr_1.0,q_85,w_720,c_limit,fl_progressive/assets/images/2025/APRIL/16/VA2jNcQ0_87b4d0308e0349c9a5039fa6f92a8d21.jpg",https://www.myntra.com/casual-shoes/max/max-boys-colourblocked-pu-slip-on-sneakers/33621015/buy,myntra
HOOH Now Comfort in Fashion Girls Frozen Printed Sneakers,HOOH Now Comfort in Fashion,Shoes,418,1299,68,4.3,657,"https://assets.myntassets.com/f_auto,dpr_1.0,q_85,w_720,c_limit,fl_progressive/assets/images/2025/DECEMBER/31/Mn4y7BRW_05744ed49b464066a7b46b710f2c4a38.jpg",https://www.myntra.com/casual-shoes/hooh+now+comfort+in+fashion/hooh-now-comfort-in-fashion-girls-frozen-printed-sneakers/39078573/buy,myntra
Metro Men Textured Horsebit Loafers,Metro,Shoes,1748,2690,35,4.4,1500,"https://assets.myntassets.com/f_auto,dpr_1.0,q_85,w_720,c_limit,fl_progressive/assets/images/24558206/2023/11/27/aae41183-bba4-4732-b778-ec2bf541cfe41701084180541-Metro-Men-Textured-Horsebit-Loafers-9571701084180241-1.jpg",https://www.myntra.com/casual-shoes/metro/metro-men-textured-horsebit-loafers/24558206/buy,myntra
HOOH Now Comfort in Fashion Unisex Kids Printed Sneakers,HOOH Now Comfort in Fashion,Shoes,459,1299,65,4.4,309,,https://www.myntra.com/casual-shoes/hooh+now+comfort+in+fashion/hooh-now-comfort-in-fashion-unisex-kids-printed-sneakers/40798374/buy,myntra
BIRDE Woven Design Shoes,BIRDE,Shoes,462,999,54,4.3,794,,https://www.myntra.com/casual-shoes/birde/birde-boys-slip-on-woven-design-flyknit-shoes/32158013/buy,myntra
Clarks Women Printed Leather Loafers,Clarks,Shoes,2199,5499,60,4,6,,https://www.myntra.com/casual-shoes/clarks/clarks-women-brown-leopard-printed-leather-loafers/19538480/buy,myntra
Shozie Girls Colourblocked Sneakers,Shozie,Shoes,489,999,51,4.1,665,,https://www.myntra.com/casual-shoes/shozie/shozie-girls-colourblocked-sneakers/38265784/buy,myntra
Red Tape Casual Shoes,Red Tape,Shoes,975,6499,85,4.6,497,,https://www.myntra.com/casual-shoes/red+tape/red-tape-men-sneakers/40394340/buy,myntra
toothless Girls' Pink Casual Shoes,toothless,Shoes,1091,2599,58,4.3,363,,https://www.myntra.com/casual-shoes/toothless/toothless-girls-pink-shimmer-upper-flexible-speckled-sole-daily-comfort-casual-wear-shoes/40527066/buy,myntra
max Girls Printed Sneakers,max,Shoes,349,399,13,4.4,1900,,https://www.myntra.com/casual-shoes/max/max-girls-printed-sneakers/33272591/buy,myntra
HOOH Now Comfort in Fashion Unisex Kids Printed Sneakers,HOOH Now Comfort in Fashion,Shoes,495,1299,62,3.9,181,,https://www.myntra.com/casual-shoes/hooh+now+comfort+in+fashion/hooh-now-comfort-in-fashion-unisex-kids-printed-sneakers/40432971/buy,myntra
U.S. Polo Assn. Men Textured Loafers,U.S. Polo Assn.,Shoes,1427,3399,58,4.4,2200,,https://www.myntra.com/casual-shoes/u.s.+polo+assn./us-polo-assn-men-textured-loafers/36312616/buy,myntra
HOOH Now Comfort in Fashion Girls Disney Princess Printed Sneakers,HOOH Now Comfort in Fashion,Shoes,418,1299,68,4.3,637,,https://www.myntra.com/casual-shoes/hooh+now+comfort+in+fashion/hooh-now-comfort-in-fashion-girls-disney-princess-printed-sneakers/39078572/buy,myntra
Skechers Women SUMMITS Sneakers,Skechers,Shoes,2794,4299,35,4.6,4200,,https://www.myntra.com/casual-shoes/skechers/skechers-women-summits-sneakers/33026263/buy,myntra
Skechers SUMMITS Sneakers,Skechers,Shoes,2794,4299,35,4.6,4200,,https://www.myntra.com/casual-shoes/skechers/skechers-women-summits-sneakers/33026323/buy,myntra
Red Tape Women PU Sneakers,Red Tape,Shoes,1097,6099,82,4.6,1900,,https://www.myntra.com/casual-shoes/red+tape/red-tape-women-sneakers/33276700/buy,myntra
Kids Ville Boys Spiderman Printed Shoes,Kids Ville,Shoes,899,1499,40,4.7,49,,https://www.myntra.com/casual-shoes/kids+ville/kids-ville-boys-spiderman-printed-casual-shoes/36957290/buy,myntra
Puma Carina Slim Perf Women Sneaker,Puma,Shoes,2024,4499,55,4.3,13900,,https://www.myntra.com/casual-shoes/puma/puma-carina-slim-perf-womens-sneakers/39314756/buy,myntra
HOOH Now Comfort in Fashion Girls Frozen Textured Sneakers,HOOH Now Comfort in Fashion,Shoes,462,1299,64,4.5,493,,https://www.myntra.com/casual-shoes/hooh+now+comfort+in+fashion/hooh-now-comfort-in-fashion-girls-frozen-textured-sneakers/39233034/buy,myntra
Puma Men Colourblocked IDP Sneakers,Puma,Shoes,2249,4499,50,4.3,94000,,https://www.myntra.com/casual-shoes/puma/puma-men-white--black-colourblocked-idp-sneakers/17350726/buy,myntra
HRX by Hrithik Roshan Unisex Sneakers,HRX by Hrithik Roshan,Shoes,999,3399,71,4.4,480,,https://www.myntra.com/casual-shoes/hrx+by+hrithik+roshan/hrx-by-hrithik-roshan-unisex-laser-cuts-sneakers/32669943/buy,myntra
ASIAN Boys Colourblocked Sneakers,ASIAN,Shoes,733,1299,44,4.3,1100,,https://www.myntra.com/casual-shoes/asian/asian-boys-tarzan-04-colourblocked-memory-foam-insole-sneakers/26056242/buy,myntra
U.S. Polo Assn. Men Sneakers,U.S. Polo Assn.,Shoes,1727,3599,52,4.5,2400,,https://www.myntra.com/casual-shoes/u.s.+polo+assn./us-polo-assn-men-solid-regular-sneakers/34251019/buy,myntra
Crazyly Boys Colourblocked Sneakers,Crazyly,Shoes,438,1799,76,4.5,4400,,https://www.myntra.com/casual-shoes/crazyly/crazyly-boys-colourblocked-sneakers-with-velcro/34980422/buy,myntra
MONKSTORY Men Leather Sneakers,MONKSTORY,Shoes,1764,3690,52,3.6,23,,https://www.myntra.com/casual-shoes/monkstory/monkstory-men-leather-sneakers/33242236/buy,myntra
HOOH Now Comfort in Fashion Unisex Kids Printed Sneakers,HOOH Now Comfort in Fashion,Shoes,495,1299,62,4,184,,https://www.myntra.com/casual-shoes/hooh+now+comfort+in+fashion/hooh-now-comfort-in-fashion-unisex-kids-printed-sneakers/40432970/buy,myntra
Shozie Boys Colourblocked Sneakers,Shozie,Shoes,494,999,51,4,25,,https://www.myntra.com/casual-shoes/shozie/shozie-boys-colourblocked-sneakers/40210134/buy,myntra
Skechers Women SUMMITS Sneakers,Skechers,Shoes,2536,4299,41,4.6,4200,,https://www.myntra.com/casual-shoes/skechers/skechers-women-summits-sneakers/34821565/buy,myntra
Crazyly Girls Colourblocked Sneakers,Crazyly,Shoes,438,1799,76,4.5,4400,,https://www.myntra.com/casual-shoes/crazyly/crazyly-lacoset-girls-colourblocked-velcro-sneakers/35215287/buy,myntra
Puma Women Comfort Casual Sneaker,Puma,Shoes,1799,4499,60,4.4,17200,,https://www.myntra.com/casual-shoes/puma/puma-smashic-women-comfort-casual-sneakers/21766804/buy,myntra
Metro Men Leather Loafers,Metro,Shoes,1618,2490,35,4.2,3100,,https://www.myntra.com/casual-shoes/metro/metro-men-navy-blue-leather-loafers/16627924/buy,myntra
Fame Forever by Lifestyle Girls Colourblocked Sneakers,Fame Forever by Lifestyle,Shoes,959,1599,40,4.5,21,,https://www.myntra.com/casual-shoes/fame+forever+by+lifestyle/fame-forever-by-lifestyle-girls-colourblocked-sneakers/37656629/buy,myntra
U.S. Polo Assn. Men Textured Sneakers,U.S. Polo Assn.,Shoes,1399,3499,60,4.4,12900,,https://www.myntra.com/casual-shoes/u.s.+polo+assn./us-polo-assn-men-textured-sneakers/34782496/buy,myntra
Crazyly Boys Colourblocked Sneakers,Crazyly,Shoes,438,2199,80,4.4,138,,https://www.myntra.com/casual-shoes/crazyly/crazyly-boys-colourblocked-sneakers/39696362/buy,myntra
U.S. Polo Assn. Men Round Toe Sneakers,U.S. Polo Assn.,Shoes,1319,3299,60,4.4,11100,,https://www.myntra.com/casual-shoes/u.s.+polo+assn./us-polo-assn-men-round-toe-sneakers/34782499/buy,myntra
Red Tape Women Colourblocked Sneakers,Red Tape,Shoes,1241,6899,82,4.6,4400,,https://www.myntra.com/casual-shoes/red+tape/red-tape-women-colourblocked-sneakers/34215715/buy,myntra
Fame Forever by Lifestyle Girls Textured Sneakers,Fame Forever by Lifestyle,Shoes,959,1599,40,4.5,30,,https://www.myntra.com/casual-shoes/fame+forever+by+lifestyle/fame-forever-by-lifestyle-girls-round-toe-textured-sneakers/37566591/buy,myntra
Styli Faux Leather Driving Shoes,Styli,Shoes,799,1299,38,0,0,,https://www.myntra.com/casual-shoes/styli/styli-men-brown-faux-leather-driving-shoes/40504642/buy,myntra
Skechers Women ELEVATE-COVENTINA Shoes,Skechers,Shoes,4346,6299,31,4.6,495,"https://assets.myntassets.com/f_auto,dpr_1.0,q_85,w_720,c_limit,fl_progressive/assets/images/2025/DECEMBER/2/vMf8JcUj_1bc79462e80f4f65922c160b14274786.jpg",https://www.myntra.com/sports-shoes/skechers/skechers-women-go-run-elevate-coventina-shoes/37744199/buy,myntra
Skechers Men Go Run Consistent Shoes,Skechers,Shoes,3849,5499,30,4.5,12600,"https://assets.myntassets.com/f_auto,dpr_1.0,q_85,w_720,c_limit,fl_progressive/assets/images/25921930/2023/12/26/370d28b2-9c41-4835-8c39-698e46ac1b541703577789788-Skechers-Men-Sports-Shoes-3621703577789563-1.jpg",https://www.myntra.com/sports-shoes/skechers/skechers-men-textured-go-run-consistent-running--training-shoes/25921930/buy,myntra
HRX by Hrithik Roshan Unisex Running Shoes,HRX by Hrithik Roshan,Shoes,1116,2999,63,4.3,4700,"https://assets.myntassets.com/f_auto,dpr_1.0,q_85,w_720,c_limit,fl_progressive/assets/images/32085907/2024/12/25/af794381-a454-4a0c-bb4d-3646c42928301735143929280UnisexComfortableRunningShoes1.jpg",https://www.myntra.com/sports-shoes/hrx+by+hrithik+roshan/hrx-by-hrithik-roshan-unisex-mesh-running-non-marking-shoes/32085907/buy,myntra
SG Unisex Cricket Shoes,SG,Shoes,595,839,29,4.3,476,"https://assets.myntassets.com/f_auto,dpr_1.0,q_85,w_720,c_limit,fl_progressive/assets/images/33886957/2025/8/2/1bdc43c6-7aa0-4f11-923e-74852e7fdea11754124925498-SG-SAVAGE-STUD-Unisex-Cricket-Shoes-9261754124925257-1.jpg",https://www.myntra.com/sports-shoes/sg/sg-savage-stud-unisex-cricket-shoes/33886957/buy,myntra
Campus Men Running Shoes,Campus,Shoes,1299,2099,38,4.6,12,"https://assets.myntassets.com/f_auto,dpr_1.0,q_85,w_720,c_limit,fl_progressive/assets/images/2026/APRIL/23/L1SvtDXT_6efdd1404a4e4e2880dfc8ed6ff0c1a7.jpg",https://www.myntra.com/sports-shoes/campus/campus-men-mesh-running-non-marking-shoes/41555306/buy,myntra
HRX by Hrithik Roshan Women Running Shoes,HRX by Hrithik Roshan,Shoes,1699,6699,75,4.6,161,"https://assets.myntassets.com/f_auto,dpr_1.0,q_85,w_720,c_limit,fl_progressive/assets/images/2026/APRIL/2/b57eK89p_ef081b2b1fe24f01a2259bea4050e4f6.jpg",https://www.myntra.com/sports-shoes/hrx+by+hrithik+roshan/hrx-by-hrithik-roshan-women-mesh-training-or-gym-non-marking-shoes/40138771/buy,myntra
ADIDAS Kids TREND 1.0 C Walking Shoes,ADIDAS,Shoes,1724,2299,25,4.7,89,"https://assets.myntassets.com/f_auto,dpr_1.0,q_85,w_720,c_limit,fl_progressive/assets/images/2026/FEBRUARY/16/HwWXtvvM_37f151a35eb34c01aec6c3e3ce596aa6.jpg",https://www.myntra.com/sports-shoes/adidas/adidas-kids-trend-10-c-walking-shoes/38747070/buy,myntra
CULT Women Sports Shoes,CULT,Shoes,1899,2629,28,4.6,271,"https://assets.myntassets.com/f_auto,dpr_1.0,q_85,w_720,c_limit,fl_progressive/assets/images/2025/OCTOBER/7/kDjDhrWq_85cc9ec60509d4dc0839a456acbb72eba.jpg",https://www.myntra.com/sports-shoes/cult/cult-women-glide-walk-walking-shoes---black/35237753/buy,myntra
Puma Badminton Smash Sprint Shoes,Puma,Shoes,1899,4999,62,4.4,8600,"https://assets.myntassets.com/f_auto,dpr_1.0,q_85,w_720,c_limit,fl_progressive/assets/images/2025/SEPTEMBER/26/98zY8Gnf_1b6bf6acc3da42e38d9fa43fb1a32dcd.jpg",https://www.myntra.com/sports-shoes/puma/puma-badminton-smash-sprint-indoor-sports-shoes/36461836/buy,myntra
HRX by Hrithik Roshan Unisex Running Shoes,HRX by Hrithik Roshan,Shoes,1116,2999,63,4.3,4700,"https://assets.myntassets.com/f_auto,dpr_1.0,q_85,w_720,c_limit,fl_progressive/assets/images/32085906/2024/12/25/c61e92aa-9d16-4fd7-8cad-c100cf3560351735143905559UnisexComfortableRunningShoes1.jpg",https://www.myntra.com/sports-shoes/hrx+by+hrithik+roshan/hrx-by-hrithik-roshan-unisex-colourblocked-running-non-marking-shoes/32085906/buy,myntra
FCUK Men Walking Shoes,FCUK,Shoes,835,3799,78,4.3,234,"https://assets.myntassets.com/f_auto,dpr_1.0,q_85,w_720,c_limit,fl_progressive/assets/images/2025/MARCH/6/0irthd5j_c95c2dca18ca413782df76d6261dd212.jpg",https://www.myntra.com/sports-shoes/fcuk/fcuk-men-walking-shoes/31543285/buy,myntra
Puma Badminton Smash Sprint Shoes,Puma,Shoes,1999,4999,60,4.4,8600,,https://www.myntra.com/sports-shoes/puma/puma-badminton-smash-sprint-indoor-sports-shoes/36461832/buy,myntra
HRX by Hrithik Roshan Men Active Running Shoes,HRX by Hrithik Roshan,Shoes,1699,6999,76,3.9,2000,,https://www.myntra.com/sports-shoes/hrx+by+hrithik+roshan/hrx-by-hrithik-roshan-men-active-running-shoes/35040917/buy,myntra
Reebok Women Adapt-OgBolt Train Shoes,Reebok,Shoes,1919,2999,36,4.3,354,,https://www.myntra.com/sports-shoes/reebok/reebok-women-adapt-og-bolt-training-shoes/37051488/buy,myntra
Skechers Women ARCH FIT - ICONIC Shoes,Skechers,Shoes,5919,7999,26,4.6,224,,https://www.myntra.com/sports-shoes/skechers/skechers-women-go-walk-arch-fit---iconic-shoes/37744344/buy,myntra
ADIDAS Kids ADI TREND 1.0 J Walk Shoe,ADIDAS,Shoes,1724,2299,25,4.6,36,,https://www.myntra.com/sports-shoes/adidas/adidas-kids-adi-trend-10-j-walking-shoes/38747085/buy,myntra
Lotto Women Xwift Knit Running Shoes,Lotto,Shoes,2395,5999,60,4.7,275,,https://www.myntra.com/sports-shoes/lotto/lotto-women-xwift-knit-black-running-shoes/37285762/buy,myntra
Decathlon Women Hiking Sports Shoes,Decathlon,Shoes,3699,4999,26,4.6,608,,https://www.myntra.com/sports-shoes/decathlon/decathlon-quechua---women-blue-grey-nh100-waterproof-hiking-shoes/13177058/buy,myntra
ADIDAS Kids Ambroll 1.0 Walking Shoes,ADIDAS,Shoes,1609,2299,30,4.7,75,,https://www.myntra.com/sports-shoes/adidas/adidas-kids-ambroll-10-walking-shoes/38664947/buy,myntra
Skechers Men GO WALK FLEX Walking Shoes,Skechers,Shoes,4224,6499,35,4.5,692,,https://www.myntra.com/sports-shoes/skechers/skechers-men-go-walk-flex-walking-shoes/32467216/buy,myntra
ADIDAS Kids BRAGO 1.0 J Walking Shoes,ADIDAS,Shoes,1819,2799,35,4.9,8,,https://www.myntra.com/sports-shoes/adidas/adidas-kids-brago-10-j-walking-shoes/38747068/buy,myntra
HRX by Hrithik Roshan Women Running Shoes,HRX by Hrithik Roshan,Shoes,1699,6699,75,4.6,160,,https://www.myntra.com/sports-shoes/hrx+by+hrithik+roshan/hrx-by-hrithik-roshan-women-mesh-running-non-marking-shoes/40138773/buy,myntra
HRX by Hrithik Roshan Sports Shoe For Men,HRX by Hrithik Roshan,Shoes,806,4999,84,0,0,,https://www.myntra.com/sports-shoes/hrx+by+hrithik+roshan/hrx-by-hrithik-roshan-men-textile-running-non-marking-shoes/42075168/buy,myntra
Red Tape Women Trekking Shoes,Red Tape,Shoes,1331,7399,82,4.6,1500,,https://www.myntra.com/sports-shoes/red+tape/red-tape-women-mesh-trekking-shoes/35965913/buy,myntra
HRX by Hrithik Roshan HRX-235 02 Running Shoes,HRX by Hrithik Roshan,Shoes,1116,3999,72,4.2,3000,,https://www.myntra.com/sports-shoes/hrx+by+hrithik+roshan/hrx-by-hrithik-roshan-unisex-mesh-running--shoes/32093863/buy,myntra
HRX by Hrithik Roshan Men Active Running Shoes,HRX by Hrithik Roshan,Shoes,1699,6999,76,3.9,2000,,https://www.myntra.com/sports-shoes/hrx+by+hrithik+roshan/hrx-by-hrithik-roshan-men-active-running-shoes/35040900/buy,myntra
U.S. Polo Assn. Men Round Toe Sneakers,U.S. Polo Assn.,Shoes,3009,4299,30,4.4,525,,https://www.myntra.com/sports-shoes/u.s.+polo+assn./us-polo-assn-men-tregger-30-uspa-sport-sneakers/26721338/buy,myntra
Puma Unisex Running Shoes,Puma,Shoes,2579,5999,57,4.3,1800,,https://www.myntra.com/sports-shoes/puma/puma-rapidrise-high-rebound-running-shoes/36155186/buy,myntra
NIVIA Men Football Shoes,NIVIA,Shoes,764,1019,25,4.5,862,,https://www.myntra.com/sports-shoes/nivia/nivia-men-green-encounter-110-football-shoes/33003290/buy,myntra
SG Unisex Lace-Ups Cricket Shoes,SG,Shoes,879,1099,20,4.5,382,,https://www.myntra.com/sports-shoes/sg/sg-fusion-unisex-cricket-shoes/35961468/buy,myntra
ADIDAS Kids Adi Trend 1.0C Walk Shoes,ADIDAS,Shoes,1724,2299,25,4.6,102,,https://www.myntra.com/sports-shoes/adidas/adidas-kids-adi-trend-10-c-walking-shoes/38747071/buy,myntra
Campus Women Mesh Sports Shoes,Campus,Shoes,1499,2499,40,4.4,244,,https://www.myntra.com/sports-shoes/campus/campus-gisel-women-mesh-walking-non-marking-shoes/38992199/buy,myntra
HRX by Hrithik Roshan Men Walking Shoes,HRX by Hrithik Roshan,Shoes,1451,6599,78,4.4,91,,https://www.myntra.com/sports-shoes/hrx+by+hrithik+roshan/hrx-by-hrithik-roshan-men-walking-shoes/34874241/buy,myntra
ADIDAS Kids TREND 1.0 J Walking Shoes,ADIDAS,Shoes,1724,2299,25,4.4,18,,https://www.myntra.com/sports-shoes/adidas/adidas-kids-trend-10-j-walking-shoes/38747061/buy,myntra
Campus Men Running Shoes,Campus,Shoes,1299,2099,38,4.5,10,,https://www.myntra.com/sports-shoes/campus/campus-men-mesh-running-non-marking-shoes/41555305/buy,myntra
ADIDAS Kids Amblish 1.0 Walking Shoes,ADIDAS,Shoes,1259,1799,30,4.6,121,,https://www.myntra.com/sports-shoes/adidas/adidas-kids-amblish-10-walking-shoes/38664892/buy,myntra
ADIDAS Kids TREND 1.0 C Walking Shoes,ADIDAS,Shoes,1724,2299,25,4.6,93,,https://www.myntra.com/sports-shoes/adidas/adidas-kids-trend-10-c-walking-shoes/38747062/buy,myntra
Puma Skyrocket Lite 2 Running Shoes,Puma,Shoes,3999,4999,20,0,0,,https://www.myntra.com/sports-shoes/puma/puma-skyrocket-lite-2-running-shoes/41856885/buy,myntra
ADIDAS Kids Ambroll 1.0 Walking Shoes,ADIDAS,Shoes,1724,2299,25,4.6,129,,https://www.myntra.com/sports-shoes/adidas/adidas-kids-ambroll-10-walking-shoes/38664952/buy,myntra
Skechers Women GO WALK Walking Shoes,Skechers,Shoes,5679,7999,29,4.6,223,,https://www.myntra.com/sports-shoes/skechers/skechers-women-go-walk-arch-fit---iconic-walking-shoes-/26511084/buy,myntra
Reebok Women Adapt-OgBolt Train Shoes,Reebok,Shoes,1919,2999,36,4.3,353,,https://www.myntra.com/sports-shoes/reebok/reebok-women-adapt-og-bolt-training-shoes/37051522/buy,myntra
Red Tape Mesh Walking Shoes,Red Tape,Shoes,1583,8799,82,4.5,2600,,https://www.myntra.com/sports-shoes/red+tape/red-tape-women-mesh-walking-shoes/30707493/buy,myntra
ADIDAS Kids TREND 1.0 J Walking Shoes,ADIDAS,Shoes,1724,2299,25,4.6,42,,https://www.myntra.com/sports-shoes/adidas/adidas-kids-trend-10-j-walking-shoes/38747084/buy,myntra
BOLDFIT Women Running & Walking Shoes,BOLDFIT,Shoes,1199,2999,1800,4.8,11,,https://www.myntra.com/sports-shoes/boldfit/boldfit-women-white-progressx-running--walking-sports-shoes/40086283/buy,myntra
ASIAN Women Running Shoes,ASIAN,Shoes,674,1499,55,4.3,3800,,https://www.myntra.com/sports-shoes/asian/asian-women-memory-foam-technology-running-shoes/23187418/buy,myntra
Red Tape Men Textured Walking Shoes,Red Tape,Shoes,1360,8499,84,4.3,4400,,https://www.myntra.com/sports-shoes/red+tape/red-tape-men-textured-lace-up-walking-shoes/28132196/buy,myntra
CULT Men Trekking Shoes,CULT,Shoes,3199,5999,47,4.2,17,,https://www.myntra.com/sports-shoes/cult/mens-trailblazer-outdoor-shoes---olive/40459555/buy,myntra
ADIDAS Kids BRAGO 1.0 C Walking Shoes,ADIDAS,Shoes,1819,2799,35,4.8,52,,https://www.myntra.com/sports-shoes/adidas/adidas-kids-brago-10-c-walking-shoes/38664836/buy,myntra
ADIDAS Kids ADI TREND 1.0 J Walk Shoe,ADIDAS,Shoes,1609,2299,30,4.9,15,,https://www.myntra.com/sports-shoes/adidas/adidas-kids-adi-trend-10-j-walking-shoes/38747083/buy,myntra
bacca bucci Women Running Sports Shoes,bacca bucci,Shoes,1599,3499,54,4.3,51,,https://www.myntra.com/sports-shoes/bacca+bucci/bacca-bucci-women-runway-olive-mesh-lace-ups-running-sports-shoes--/32382849/buy,myntra
Campus Men Sneakers,Campus,Shoes,1799,2999,40,5,28,"https://assets.myntassets.com/f_auto,dpr_1.0,q_85,w_720,c_limit,fl_progressive/assets/images/2026/APRIL/23/94hTzbZW_a7b6f657c87047df916b41e06cfc414a.jpg",https://www.myntra.com/casual-shoes/campus/campus-men-colourblocked-sneakers/41555050/buy,myntra
Campus Men PU Sneakers,Campus,Shoes,1599,2999,47,5,21,"https://assets.myntassets.com/f_auto,dpr_1.0,q_85,w_720,c_limit,fl_progressive/assets/images/2026/APRIL/23/cmH5qvDy_703fae1bee314dae8eee2e3a1dde457d.jpg",https://www.myntra.com/casual-shoes/campus/campus-men-colourblocked-pu-sneakers/41555053/buy,myntra
HRX by Hrithik Roshan Unisex Back To School Shoes,HRX by Hrithik Roshan,Shoes,999,3699,73,4.3,2800,"https://assets.myntassets.com/f_auto,dpr_1.0,q_85,w_720,c_limit,fl_progressive/assets/images/29553912/2024/5/17/5f90bc0f-c248-4bff-8a88-54128a77c4a61715927218769HRXbyHrithikRoshanUnisexTexturedSneakers1.jpg",https://www.myntra.com/casual-shoes/hrx+by+hrithik+roshan/hrx-by-hrithik-roshan-unisex-back-to-school-shoes/29553912/buy,myntra
HOOH Now Comfort in Fashion Girls Elsa Printed Sneakers,HOOH Now Comfort in Fashion,Shoes,462,1299,64,4.5,495,"https://assets.myntassets.com/f_auto,dpr_1.0,q_85,w_720,c_limit,fl_progressive/assets/images/2026/JANUARY/7/jIFPdBzF_45b63f3445834bd7aedb40afe384c710.jpg",https://www.myntra.com/casual-shoes/hooh+now+comfort+in+fashion/hooh-now-comfort-in-fashion-girls-elsa-printed-sneakers/39233033/buy,myntra
Campus Men Sneakers,Campus,Shoes,1799,2999,40,5,27,"https://assets.myntassets.com/f_auto,dpr_1.0,q_85,w_720,c_limit,fl_progressive/assets/images/2026/APRIL/23/QY6ZLloj_915e9db817f140dbb72a5ba7e789b0a8.jpg",https://www.myntra.com/casual-shoes/campus/campus-men-colourblocked-sneakers/41555051/buy,myntra
HOOH Now Comfort in Fashion Girls Elsa Printed Sneakers,HOOH Now Comfort in Fashion,Shoes,418,1299,68,4.3,659,"https://assets.myntassets.com/f_auto,dpr_1.0,q_85,w_720,c_limit,fl_progressive/assets/images/2025/DECEMBER/31/9W0kwH81_583358387a0445588a5c6acbc9ef5439.jpg",https://www.myntra.com/casual-shoes/hooh+now+comfort+in+fashion/hooh-now-comfort-in-fashion-girls-elsa-printed-sneakers/39078571/buy,myntra
Balansole Originals Men Sneakers,Balansole Originals,Shoes,908,1999,55,0,0,"https://assets.myntassets.com/f_auto,dpr_1.0,q_85,w_720,c_limit,fl_progressive/assets/images/2026/MAY/6/z8HvhUhN_cf9c21db8ca241c486c6bdcfbf592ca1.jpg",https://www.myntra.com/casual-shoes/balansole+originals/balansole-originals-men-sneakers/41883283/buy,myntra
toothless Girls' Pink Casual Shoes,toothless,Shoes,1091,2599,58,4.3,363,"https://assets.myntassets.com/f_auto,dpr_1.0,q_85,w_720,c_limit,fl_progressive/assets/images/2026/MARCH/7/Tn5d0Bcl_1d9f69116f1f434ab437ccb8710bf691.jpg",https://www.myntra.com/casual-shoes/toothless/toothless-girls-pink-shimmer-upper-flexible-speckled-sole-daily-comfort-casual-wear-shoes/40527066/buy,myntra
max Boys PU Slip-On Sneakers,max,Shoes,349,399,13,4.4,1500,"https://assets.myntassets.com/f_auto,dpr_1.0,q_85,w_720,c_limit,fl_progressive/assets/images/2025/APRIL/16/VA2jNcQ0_87b4d0308e0349c9a5039fa6f92a8d21.jpg",https://www.myntra.com/casual-shoes/max/max-boys-colourblocked-pu-slip-on-sneakers/33621015/buy,myntra
HOOH Now Comfort in Fashion Girls Frozen Printed Sneakers,HOOH Now Comfort in Fashion,Shoes,418,1299,68,4.3,657,"https://assets.myntassets.com/f_auto,dpr_1.0,q_85,w_720,c_limit,fl_progressive/assets/images/2025/DECEMBER/31/Mn4y7BRW_05744ed49b464066a7b46b710f2c4a38.jpg",https://www.myntra.com/casual-shoes/hooh+now+comfort+in+fashion/hooh-now-comfort-in-fashion-girls-frozen-printed-sneakers/39078573/buy,myntra
Skechers Women SUMMITS Sneakers,Skechers,Shoes,2794,4299,35,4.6,4200,"https://assets.myntassets.com/f_auto,dpr_1.0,q_85,w_720,c_limit,fl_progressive/assets/images/33026263/2025/5/2/8fc8fcfd-449c-491d-80d8-8c0d01773b701746188559239-Skechers-WOMENS-SHOE-6131746188558896-1.jpg",https://www.myntra.com/casual-shoes/skechers/skechers-women-summits-sneakers/33026263/buy,myntra
HOOH Now Comfort in Fashion Unisex Kids Printed Sneakers,HOOH Now Comfort in Fashion,Shoes,459,1299,65,4.4,309,,https://www.myntra.com/casual-shoes/hooh+now+comfort+in+fashion/hooh-now-comfort-in-fashion-unisex-kids-printed-sneakers/40798374/buy,myntra
BIRDE Woven Design Shoes,BIRDE,Shoes,462,999,54,4.3,794,,https://www.myntra.com/casual-shoes/birde/birde-boys-slip-on-woven-design-flyknit-shoes/32158013/buy,myntra
Kids Ville Boys Spiderman Printed Shoes,Kids Ville,Shoes,899,1499,40,4.7,49,,https://www.myntra.com/casual-shoes/kids+ville/kids-ville-boys-spiderman-printed-casual-shoes/36957290/buy,myntra
Shozie Girls Colourblocked Sneakers,Shozie,Shoes,489,999,51,4.1,665,,https://www.myntra.com/casual-shoes/shozie/shozie-girls-colourblocked-sneakers/38265784/buy,myntra
Red Tape Casual Shoes,Red Tape,Shoes,975,6499,85,4.6,497,,https://www.myntra.com/casual-shoes/red+tape/red-tape-men-sneakers/40394340/buy,myntra
Puma Men Colourblocked IDP Sneakers,Puma,Shoes,2249,4499,50,4.3,94000,,https://www.myntra.com/casual-shoes/puma/puma-men-white--black-colourblocked-idp-sneakers/17350726/buy,myntra
max Girls Printed Sneakers,max,Shoes,349,399,13,4.4,1900,,https://www.myntra.com/casual-shoes/max/max-girls-printed-sneakers/33272591/buy,myntra
HOOH Now Comfort in Fashion Unisex Kids Printed Sneakers,HOOH Now Comfort in Fashion,Shoes,495,1299,62,3.9,181,,https://www.myntra.com/casual-shoes/hooh+now+comfort+in+fashion/hooh-now-comfort-in-fashion-unisex-kids-printed-sneakers/40432971/buy,myntra
U.S. Polo Assn. Men Sneakers,U.S. Polo Assn.,Shoes,1727,3599,52,4.5,2400,,https://www.myntra.com/casual-shoes/u.s.+polo+assn./us-polo-assn-men-solid-regular-sneakers/34251019/buy,myntra
HOOH Now Comfort in Fashion Girls Disney Princess Printed Sneakers,HOOH Now Comfort in Fashion,Shoes,418,1299,68,4.3,637,,https://www.myntra.com/casual-shoes/hooh+now+comfort+in+fashion/hooh-now-comfort-in-fashion-girls-disney-princess-printed-sneakers/39078572/buy,myntra
MONKSTORY Men Leather Sneakers,MONKSTORY,Shoes,1764,3690,52,3.6,23,,https://www.myntra.com/casual-shoes/monkstory/monkstory-men-leather-sneakers/33242236/buy,myntra
Skechers SUMMITS Sneakers,Skechers,Shoes,2794,4299,35,4.6,4200,,https://www.myntra.com/casual-shoes/skechers/skechers-women-summits-sneakers/33026323/buy,myntra
Red Tape Women PU Sneakers,Red Tape,Shoes,1097,6099,82,4.6,1900,,https://www.myntra.com/casual-shoes/red+tape/red-tape-women-sneakers/33276700/buy,myntra
Skechers Women SUMMITS Sneakers,Skechers,Shoes,2536,4299,41,4.6,4200,,https://www.myntra.com/casual-shoes/skechers/skechers-women-summits-sneakers/34821565/buy,myntra
Puma Carina Slim Perf Women Sneaker,Puma,Shoes,2024,4499,55,4.3,13900,,https://www.myntra.com/casual-shoes/puma/puma-carina-slim-perf-womens-sneakers/39314756/buy,myntra
HOOH Now Comfort in Fashion Girls Frozen Textured Sneakers,HOOH Now Comfort in Fashion,Shoes,462,1299,64,4.5,493,,https://www.myntra.com/casual-shoes/hooh+now+comfort+in+fashion/hooh-now-comfort-in-fashion-girls-frozen-textured-sneakers/39233034/buy,myntra
U.S. Polo Assn. Men Textured Sneakers,U.S. Polo Assn.,Shoes,1399,3499,60,4.4,12900,,https://www.myntra.com/casual-shoes/u.s.+polo+assn./us-polo-assn-men-textured-sneakers/34782496/buy,myntra
HRX by Hrithik Roshan Unisex Sneakers,HRX by Hrithik Roshan,Shoes,999,3399,71,4.4,480,,https://www.myntra.com/casual-shoes/hrx+by+hrithik+roshan/hrx-by-hrithik-roshan-unisex-laser-cuts-sneakers/32669943/buy,myntra
ASIAN Boys Colourblocked Sneakers,ASIAN,Shoes,733,1299,44,4.3,1100,,https://www.myntra.com/casual-shoes/asian/asian-boys-tarzan-04-colourblocked-memory-foam-insole-sneakers/26056242/buy,myntra
U.S. Polo Assn. Men Round Toe Sneakers,U.S. Polo Assn.,Shoes,1319,3299,60,4.4,11100,,https://www.myntra.com/casual-shoes/u.s.+polo+assn./us-polo-assn-men-round-toe-sneakers/34782499/buy,myntra
Crazyly Boys Colourblocked Sneakers,Crazyly,Shoes,438,1799,76,4.5,4400,,https://www.myntra.com/casual-shoes/crazyly/crazyly-boys-colourblocked-sneakers-with-velcro/34980422/buy,myntra
Roadster Men Round Toe Lace-Up Sneakers,Roadster,Shoes,993,2499,60,3.6,21,,https://www.myntra.com/casual-shoes/roadster/the-roadster-lifestyle-co-men-round-toe-sneakers-casual-shoes/41187599/buy,myntra
HOOH Now Comfort in Fashion Unisex Kids Printed Sneakers,HOOH Now Comfort in Fashion,Shoes,495,1299,62,4,184,,https://www.myntra.com/casual-shoes/hooh+now+comfort+in+fashion/hooh-now-comfort-in-fashion-unisex-kids-printed-sneakers/40432970/buy,myntra
Shozie Boys Colourblocked Sneakers,Shozie,Shoes,494,999,51,4,25,,https://www.myntra.com/casual-shoes/shozie/shozie-boys-colourblocked-sneakers/40210134/buy,myntra
bacca bucci Milky Mist Low-Top Sneaker,bacca bucci,Shoes,1599,3999,60,4.3,62,,https://www.myntra.com/casual-shoes/bacca+bucci/bacca-bucci-essence-men-milky-mist-low-top-sneaker-with-ortholite-insole--elastic-laces/35119078/buy,myntra
Crazyly Girls Colourblocked Sneakers,Crazyly,Shoes,438,1799,76,4.5,4400,,https://www.myntra.com/casual-shoes/crazyly/crazyly-lacoset-girls-colourblocked-velcro-sneakers/35215287/buy,myntra
Puma Women Comfort Casual Sneaker,Puma,Shoes,1799,4499,60,4.4,17200,,https://www.myntra.com/casual-shoes/puma/puma-smashic-women-comfort-casual-sneakers/21766804/buy,myntra
toothless Girls Peach Knit Velcro Shoes,toothless,Shoes,1007,2399,58,4.3,373,,https://www.myntra.com/casual-shoes/toothless/toothless-girls-peach-breathable-knit-velcro-strap-cushion-comfort-sole-daily-wear-shoes/37543070/buy,myntra
Fame Forever by Lifestyle Girls Colourblocked Sneakers,Fame Forever by Lifestyle,Shoes,959,1599,40,4.5,21,,https://www.myntra.com/casual-shoes/fame+forever+by+lifestyle/fame-forever-by-lifestyle-girls-colourblocked-sneakers/37656629/buy,myntra
BAESD Unisex Kids Printed Sneakers,BAESD,Shoes,849,3199,73,4.3,48,,https://www.myntra.com/casual-shoes/baesd/baesd-unisex-kids-printed-sneakers/38345744/buy,myntra
Crazyly Boys Colourblocked Sneakers,Crazyly,Shoes,438,2199,80,4.4,138,,https://www.myntra.com/casual-shoes/crazyly/crazyly-boys-colourblocked-sneakers/39696362/buy,myntra
Styli Men Sneakers,Styli,Shoes,1149,1799,36,0,0,,https://www.myntra.com/casual-shoes/styli/styli-men-colourblocked-sneakers/41457240/buy,myntra
Red Tape Women Colourblocked Sneakers,Red Tape,Shoes,1241,6899,82,4.6,4400,,https://www.myntra.com/casual-shoes/red+tape/red-tape-women-colourblocked-sneakers/34215715/buy,myntra
Fame Forever by Lifestyle Girls Textured Sneakers,Fame Forever by Lifestyle,Shoes,959,1599,40,4.5,30,,https://www.myntra.com/casual-shoes/fame+forever+by+lifestyle/fame-forever-by-lifestyle-girls-round-toe-textured-sneakers/37566591/buy,myntra
Campus Women Casual Shoes,Campus,Shoes,1899,2999,37,5,27,,https://www.myntra.com/casual-shoes/campus/campus-women-colourblocked-sneakers/41554897/buy,myntra
CORSICA Embellished Kitten Heels,CORSICA,Shoes,543,1699,68,4.1,272,"https://assets.myntassets.com/f_auto,dpr_1.0,q_85,w_720,c_limit,fl_progressive/assets/images/2025/SEPTEMBER/11/EQ80Qxvw_720df647edc0b410eb3c0ef5d02aa4125.jpg",https://www.myntra.com/heels/corsica/corsica-embellished-kitten-heels/34670399/buy,myntra
glitchez Criss-Cross Block Heels,glitchez,Shoes,599,2499,76,4.2,37,"https://assets.myntassets.com/f_auto,dpr_1.0,q_85,w_720,c_limit,fl_progressive/assets/images/2025/NOVEMBER/27/MlaaxmDG_2a1ed8c167734eee9f20833bc13f20f7.jpg",https://www.myntra.com/heels/glitchez/glitchez-criss-cross-block-heels/36511245/buy,myntra
MUKUNDU Girls Glitter Block Heels,MUKUNDU,Shoes,599,999,40,0,0,"https://assets.myntassets.com/f_auto,dpr_1.0,q_85,w_720,c_limit,fl_progressive/assets/images/2026/MAY/9/y14eD01f_3a0260f5453b449eaa28de009bca6a55.jpg",https://www.myntra.com/heels/mukundu/mukundu-girls-textured-glitter-block-heels/42026296/buy,myntra
Froh Feet Women Kitten Heel Mules,Froh Feet,Shoes,772,1995,61,4.6,300,"https://assets.myntassets.com/f_auto,dpr_1.0,q_85,w_720,c_limit,fl_progressive/assets/images/2025/MARCH/25/oKbhoSHw_720dc39fbc2544851a6ba5a60383f10ac.jpg",https://www.myntra.com/heels/froh+feet/froh-feet-women-kitten-heel-with-buckles/33330071/buy,myntra
Metro Block Heel Pumps With Buckles,Metro,Shoes,1748,2690,35,4.4,262,"https://assets.myntassets.com/f_auto,dpr_1.0,q_85,w_720,c_limit,fl_progressive/assets/images/2025/SEPTEMBER/8/fQH6FDEB_f59de9774c0d4f9e80fb2e9d7455e9d1.jpg",https://www.myntra.com/heels/metro/metro-women-block-heel-pumps-with-buckles/36844619/buy,myntra
Shoetopia Heels with Bows,Shoetopia,Shoes,748,999,25,4.4,326,"https://assets.myntassets.com/f_auto,dpr_1.0,q_85,w_720,c_limit,fl_progressive/assets/images/18885336/2023/3/20/beb57b69-29ff-4856-961e-4930137071591679311007467-Shoetopia-Girls-White-Block-Heels-with-Bows-4191679311006988-1.jpg",https://www.myntra.com/heels/shoetopia/shoetopia-girls-white-block-heels-with-bows/18885336/buy,myntra
Shoeluxe Striped Wedge Sandals,Shoeluxe,Shoes,655,1999,67,0,0,"https://assets.myntassets.com/f_auto,dpr_1.0,q_85,w_720,c_limit,fl_progressive/assets/images/2026/APRIL/18/HVdKCcLk_73a63cad1ced470a9d428b8431dc7dc9.jpg",https://www.myntra.com/heels/shoeluxe/shoeluxe-wedge-sandals-with-buckles/41487998/buy,myntra
Metro Women Block Heel Pumps,Metro,Shoes,1883,2690,30,4.4,263,"https://assets.myntassets.com/f_auto,dpr_1.0,q_85,w_720,c_limit,fl_progressive/assets/images/2025/SEPTEMBER/8/wSSrrF8b_626d03b62f894b17bba5069a4abdb301.jpg",https://www.myntra.com/heels/metro/metro-women-block-pumps-with-buckles/36844620/buy,myntra
LMG Lifestyle Textured Party Block Pumps,LMG Lifestyle,Shoes,699,2999,77,4.1,74,"https://assets.myntassets.com/f_auto,dpr_1.0,q_85,w_720,c_limit,fl_progressive/assets/images/2025/DECEMBER/14/D9CAGhJv_1fb410d6af394a9e86ca1e67abb97f8b.jpg",https://www.myntra.com/heels/lmg+lifestyle/lmg-lifestyle-girls-textured-party-block-pumps/38635856/buy,myntra
SZN Women Stiletto Heels,SZN,Shoes,569,1999,72,4.3,339,"https://assets.myntassets.com/f_auto,dpr_1.0,q_85,w_720,c_limit,fl_progressive/assets/images/2025/AUGUST/31/jrDMSUVz_d6084c6232a24804ae0a16527fcab9dc.jpg",https://www.myntra.com/heels/szn/szn-women-synthetic-open-toe-stiletto-heels-/36700197/buy,myntra
Lavie Work Kitten Pumps with Buckles,Lavie,Shoes,999,2999,67,4.4,73,"https://assets.myntassets.com/f_auto,dpr_1.0,q_85,w_720,c_limit,fl_progressive/assets/images/2026/FEBRUARY/2/WhGdHIEx_2f5520482ca54478a208bef98bb71897.jpg",https://www.myntra.com/heels/lavie/lavie-work-kitten-pumps-with-buckles/39555578/buy,myntra
LMG Lifestyle Textured Party Block Pumps,LMG Lifestyle,Shoes,699,2999,77,4.1,74,,https://www.myntra.com/heels/lmg+lifestyle/lmg-lifestyle-girls-textured-party-block-pumps/38635855/buy,myntra
Denill Platform Sandals,Denill,Shoes,817,2999,73,0,0,,https://www.myntra.com/heels/denill/denill-platform-sandals-with-buckles/41492460/buy,myntra
glitchez Buckle Detail Block Heels,glitchez,Shoes,574,2299,75,3.9,14,,https://www.myntra.com/heels/glitchez/glitchez-buckle-detail-block-heels/36884884/buy,myntra
BAESD Girls Embellished Wedges,BAESD,Shoes,627,1299,52,4.1,155,,https://www.myntra.com/heels/baesd/baesd-girls-embellished-open-toe-wedges-with-velcro-closure/26313090/buy,myntra
Street Style Store Women Kitten Heels Pumps,Street Style Store,Shoes,957,4999,81,4,838,,https://www.myntra.com/heels/street+style+store/street-style-store-women-suede-kitten-heels-pumps/33947923/buy,myntra
Lavie Embellished Slim Sandals,Lavie,Shoes,1179,3999,71,4.1,107,,https://www.myntra.com/heels/lavie/lavie-women-embellished-slim-heeled-sandals/31891077/buy,myntra
Lavie Embellished Block Heels Pumps,Lavie,Shoes,999,2999,67,4.1,2900,,https://www.myntra.com/heels/lavie/lavie-women-tan-embellished-party-block-heels-pumps-/33448866/buy,myntra
Denill Platform Sandals,Denill,Shoes,801,2999,73,0,0,,https://www.myntra.com/heels/denill/denill-textured-flatform-sandals-with-buckles/41492453/buy,myntra
LUXY SHOE Textured Party Block Pumps,LUXY SHOE,Shoes,887,2999,70,4.1,214,,https://www.myntra.com/heels/luxy+shoe/luxy-shoe-textured-party-block-pumps/37986110/buy,myntra
Shoetopia Wedge Sandals with Buckles,Shoetopia,Shoes,849,1999,58,3.9,53,,https://www.myntra.com/heels/shoetopia/shoetopia-girls-wedge-sandals-with-buckles/31658207/buy,myntra
GNX Girls Printed Block Sandals,GNX,Shoes,372,1299,71,4.1,159,,https://www.myntra.com/heels/gnx/gnx-girls-printed-block-sandals/33255171/buy,myntra
Tiny Bugs Girls Closed Back Pumps,Tiny Bugs,Shoes,607,1599,62,4.2,14,,https://www.myntra.com/heels/tiny+bugs/tiny-bugs-girls-embellished-round-toe-leather-pumps/37456765/buy,myntra
GNX Embellished Block Heels,GNX,Shoes,372,1299,71,4.2,97,,https://www.myntra.com/heels/gnx/gnx-girl-embellished-open-toe-block-sandals/33273473/buy,myntra
CORSICA Block Sandals,CORSICA,Shoes,979,3499,72,0,0,,https://www.myntra.com/heels/corsica/corsica-party-block-sandals/41495486/buy,myntra
Lavie Women Kitten Heel Sandals,Lavie,Shoes,749,2799,73,4.3,735,,https://www.myntra.com/heels/lavie/lavie-women-animal-printed-kitten-heel-sandals/35112918/buy,myntra
LMG Lifestyle Textured Party Block Pumps,LMG Lifestyle,Shoes,699,2999,77,4.1,74,,https://www.myntra.com/heels/lmg+lifestyle/lmg-lifestyle-girls-textured-party-block-pumps/38635857/buy,myntra
Mochi Wedge Heels,Mochi,Shoes,1114,1990,44,4.5,2000,,https://www.myntra.com/heels/mochi/mochi-black-wedge-heels/20876180/buy,myntra
Lavie Party Block Mules with Bows,Lavie,Shoes,949,3999,76,4.7,92,,https://www.myntra.com/heels/lavie/lavie-party-block-mules-with-bows/39850125/buy,myntra
GNIST Stiletto Pumps with Bows,GNIST,Shoes,1498,2999,50,4.3,399,,https://www.myntra.com/heels/gnist/gnist-stiletto-pumps-with-bows/32200519/buy,myntra
CORSICA Block Sandals,CORSICA,Shoes,979,3499,72,0,0,,https://www.myntra.com/heels/corsica/corsica-party-block-sandals/41495491/buy,myntra
CAI Beaded Block Heel Sandals,CAI,Shoes,1449,2899,50,4.7,114,,https://www.myntra.com/heels/cai/cai-silver-white-beaded-block-heel-sandals/36109786/buy,myntra
STEFENS Girls Party Wear Heel Sandal,STEFENS,Shoes,645,1899,66,4.1,35,,https://www.myntra.com/heels/stefens/stefens-girls-party-wear-heel-sandal/32302150/buy,myntra
Metro Block Sandals,Metro,Shoes,1228,1890,35,4.4,2000,,https://www.myntra.com/heels/metro/metro-womens-black-crossed-strap-block-heel-sandal/15323936/buy,myntra
DROP BOLD Slim Heeled Sandals,DROP BOLD,Shoes,889,3999,78,4.4,153,,https://www.myntra.com/heels/drop+bold/drop-bold-slim-heeled-sandals/37612911/buy,myntra
BAESD Embellished Block Heels,BAESD,Shoes,699,2999,77,3.8,71,,https://www.myntra.com/heels/baesd/baesd-girls-embellished-block-heels/34177445/buy,myntra
CORSICA Block Sandals,CORSICA,Shoes,979,3499,72,0,0,,https://www.myntra.com/heels/corsica/corsica-party-block-sandals/41495488/buy,myntra
Looper Flatform Sandals,Looper,Shoes,399,2999,87,0,0,,https://www.myntra.com/heels/looper/looper-flatform-sandals/38807057/buy,myntra
Sole Saga Block Mary Janes with Buckles,Sole Saga,Shoes,893,3299,73,4.5,2700,,https://www.myntra.com/heels/sole+saga/sole-saga-women-block-mary-janes-with-buckles/36820976/buy,myntra
Lavie Party Block Mules with Buckles,Lavie,Shoes,999,2999,67,4.1,2900,,https://www.myntra.com/heels/lavie/lavie-party-block-mules-with-buckles/33448867/buy,myntra
Mast & Harbour Wedge Heel Sandals,Mast & Harbour,Shoes,899,2999,70,4.1,132,,https://www.myntra.com/heels/mast+%26+harbour/mast--harbour-wedge-heel-sandals/34524633/buy,myntra
JM Looks Comfortable Sole heels,JM Looks,Shoes,879,1995,56,4.4,32,,https://www.myntra.com/heels/jm+looks/jm-looks-women-fashion-comfortable-sole-heels/33168621/buy,myntra
Simplex Footwear Heels,Simplex Footwear,Shoes,893,2499,64,0,0,,https://www.myntra.com/heels/simplex+footwear/simplex-footwear-embellished-party-wedge-sandals/41503255/buy,myntra
ROSE ITALIA Women Kitten Heel Sandals,ROSE ITALIA,Shoes,1079,1199,10,4.4,110,,https://www.myntra.com/heels/rose+italia/rose-italia-women-kitten-heel-sandals/37190979/buy,myntra
Lavie Backstrap Kitten Pumps,Lavie,Shoes,999,2999,67,4.5,1700,,https://www.myntra.com/heels/lavie/lavie-women-backstrap-pointed-toe-kitten-pumps/37049769/buy,myntra
Deals4you Comfort Sandals,Deals4you,Shoes,449,999,55,3.1,89,,https://www.myntra.com/heels/deals4you/deals4you-comfort-sandals/40924947/buy,myntra
Truffle Collection Party Slim Heeled Mules with Bows,Truffle Collection,Shoes,1349,2699,50,4.4,87,,https://www.myntra.com/heels/truffle+collection/truffle-collection-party-slim-heeled-mules-with-bows/40530870/buy,myntra
CORSICA Block Sandals,CORSICA,Shoes,979,3499,72,0,0,,https://www.myntra.com/heels/corsica/corsica-party-block-sandals/41495485/buy,myntra
Truffle Collection PU Kitten Sandals,Truffle Collection,Shoes,1749,3499,50,4.1,149,,https://www.myntra.com/heels/truffle+collection/truffle-collection-black-pu-kitten-sandals/19256484/buy,myntra
French Connection Men Stainless Steel Straps Watch,French Connection,Watches,2015,6950,71,4,7,"https://assets.myntassets.com/f_auto,dpr_1.0,q_85,w_720,c_limit,fl_progressive/assets/images/30318105/2024/8/9/4ff472fe-8b20-45c9-b92a-248eb355ea9a1723177040365-French-Connection-Men-Embellished-Dial--Stainless-Steel-Brac-7.jpg",https://www.myntra.com/watches/french+connection/french-connection-men-embellished-dial--stainless-steel-bracelet-style-straps-analogue-watch-fcn091ysm/30318105/buy,myntra
Timex Men Analogue Watch,Timex,Watches,2139,4195,49,4.5,2700,"https://assets.myntassets.com/f_auto,dpr_1.0,q_85,w_720,c_limit,fl_progressive/assets/images/26207570/2025/7/9/43bfd9ed-8f7c-45cc-a896-6f017d34f4a81752040409877-Timex-Men-Brass-Dial--Stainless-Steel-Bracelet-Style-Straps--18.jpg",https://www.myntra.com/watches/timex/timex-men-brass-dial--stainless-steel-bracelet-style-straps-analogue-watch--tweg185smu10/26207570/buy,myntra
BLACK LOVIES 5 Pcs Silicon Watch Straps,BLACK LOVIES,Watches,862,2999,71,0,0,"https://assets.myntassets.com/f_auto,dpr_1.0,q_85,w_720,c_limit,fl_progressive/assets/images/2026/MAY/13/robfnA2q_c95ec7527fd643aa82dfb7cd287e66a1.jpg",https://www.myntra.com/watch-straps/black+lovies/black-lovies-set-of-5-watches-silicon-watch-straps/42118259/buy,myntra
sekyo Waterproof Smart Watches,sekyo,Watches,2393,3999,40,3.8,5,"https://assets.myntassets.com/f_auto,dpr_1.0,q_85,w_720,c_limit,fl_progressive/assets/images/2026/JANUARY/23/d48nuzsk_e2d8fd92cd0d40cf99bf16fd6361c8d9.jpg",https://www.myntra.com/smart-watches/sekyo/sekyo-waterproof-smart-watches/39593868/buy,myntra
Moda Rapido Kashmiri women watch,Moda Rapido,Watches,594,1999,70,0,0,"https://assets.myntassets.com/f_auto,dpr_1.0,q_85,w_720,c_limit,fl_progressive/assets/images/2026/MAY/11/IzlX9Yum_50edfa08e9904031a3ea53ed975e7a64.jpg",https://www.myntra.com/watches/moda+rapido/moda-rapido-women-dial--bracelet-style-straps-analogue-watch-moda-kashmiri-watch-beena-chain/42060389/buy,myntra
"CMF by Nothing Watch pro 2 with 1.32"" AMOLED",CMF by Nothing,Watches,4999,5999,1000,4.5,4200,"https://assets.myntassets.com/f_auto,dpr_1.0,q_85,w_720,c_limit,fl_progressive/assets/images/30141373/2024/7/9/8b220f56-0313-47ab-9c7a-5aff8b22769c1720504675649-Watch-Pro-2-3131720504675576-1.jpg",https://www.myntra.com/smart-watches/cmf+by+nothing/cmf-by-nothing-watch-pro-2-132-amoled-auto-brightness-gesture-control-3d-guide-gps/30141373/buy,myntra
Timex Women Multi Function Watch,Timex,Watches,1797,3595,50,4.6,1700,"https://assets.myntassets.com/f_auto,dpr_1.0,q_85,w_720,c_limit,fl_progressive/assets/images/22744344/2025/7/9/1dd7e41a-398c-4a91-9ad0-61c669faa83a1752040265859-Timex-Women-Bracelet-Style-Straps-Analogue-Multi-Function-Wa-18.jpg",https://www.myntra.com/watches/timex/timex-women-bracelet-style-straps-analogue-multi-function-watch-twhl35smu01/22744344/buy,myntra
"CMF by Nothing Watch pro 2 with 1.32"" AMOLED",CMF by Nothing,Watches,4999,5999,1000,4.5,4200,"https://assets.myntassets.com/f_auto,dpr_1.0,q_85,w_720,c_limit,fl_progressive/assets/images/30141372/2024/7/9/34fcc3f0-09a1-4baa-ab03-c1d129d9971c1720504664161-Watch-Pro-2-2861720504664108-1.jpg",https://www.myntra.com/smart-watches/cmf+by+nothing/cmf-by-nothing-watch-pro-2-132-amoled-auto-brightness-gesture-control-3d-guide-gps/30141372/buy,myntra
boAt Storm Infinity Smart Watches,boAt,Watches,1599,5999,4400,4.3,492,"https://assets.myntassets.com/f_auto,dpr_1.0,q_85,w_720,c_limit,fl_progressive/assets/images/2025/SEPTEMBER/9/GagwuGxy_9a7a0ea7a612420e89ec6511ddb4fd8b.jpg",https://www.myntra.com/smart-watches/boat/boat-storm-infinity-smartwatch-with-550mah-15-days-battery-183465cm-hd-display-bt-calling/36808253/buy,myntra
Timex Men Chronograph Watch,Timex,Watches,2527,5495,54,4.6,291,"https://assets.myntassets.com/f_auto,dpr_1.0,q_85,w_720,c_limit,fl_progressive/assets/images/30990832/2025/7/9/dc024623-abe8-4dd1-83d9-149d25355fb61752042522855-Timex-Men-Bracelet-Style-Straps-Analogue-Chronograph-Watch---18.jpg",https://www.myntra.com/watches/timex/timex-men-bracelet-style-straps-analogue-chronograph-watch---tweg185smu08/30990832/buy,myntra
LAKSH women Kashmiri Watch,LAKSH,Watches,594,1995,70,0,0,,https://www.myntra.com/watches/laksh/laksh-unisex-embellished-dial--bracelet-style-straps-analogue-watches-kamal-watch-redw1/41859020/buy,myntra
Fastrack Styler FS2 Pro Smart Watches,Fastrack,Watches,3299,3999,18,4.4,167,,https://www.myntra.com/smart-watches/fastrack/fastrack-styler-fs2-pro-196-super-amoled-display-1000-nits-bt-calling-ip68-smart-watches/30780814/buy,myntra
Timex Women Multi-functional Watch,Timex,Watches,3371,4495,25,4.6,1500,,https://www.myntra.com/watches/timex/timex-round-21mm-silver-dial-analog-women-watch---twel13106/13436520/buy,myntra
"Titan Crest 1.43"" AMOLED Smartwatch",Titan,Watches,4499,4999,10,4.3,133,,https://www.myntra.com/smart-watches/titan/crest-143-amoled-aod-working-crown-bt--sos-calling-health-suite-ip68-smart-watch/30687833/buy,myntra
CMF by Nothing Watch Pro with 1.96 AMOLED,CMF by Nothing,Watches,4499,5999,1500,4.3,4000,,https://www.myntra.com/smart-watches/cmf+by+nothing/cmf-by-nothing-watch-pro-196-amoled-bt-calling-ai-noise-reduction-gps-smartwatch/25208120/buy,myntra
Timex Women Analogue Watch,Timex,Watches,1767,2295,23,4.6,1900,,https://www.myntra.com/watches/timex/timex-round-21mm-purple-dial-analog-women-watch---twel11415/13436450/buy,myntra
CMF by Nothing Watch Pro with 1.96 AMOLED,CMF by Nothing,Watches,4499,5999,1500,4.3,4000,,https://www.myntra.com/smart-watches/cmf+by+nothing/cmf-by-nothing-watch-pro-196-amoled-bt-calling-ai-noise-reduction-gps-smartwatch/26952190/buy,myntra
Daniel Hechter Paris watch,Daniel Hechter,Watches,2099,4950,58,4.6,25,,https://www.myntra.com/watches/daniel+hechter/daniel-hechter-men-dial--straps-analogue-date-aperture-watch-dhm1003-10/39442787/buy,myntra
MULTIWA Women Watch,MULTIWA,Watches,1289,2578,50,0,0,,https://www.myntra.com/watches/multiwa/multiwa-women-embellished-dial--bracelet-style-straps-analogue-watches-bracelet-snake-watch/42168305/buy,myntra
Timex Women Analogue Watch,Timex,Watches,1505,2895,48,4.6,3100,,https://www.myntra.com/watches/timex/timex-women-bracelet-style-straps-analogue-watch-twel99smu09/22744346/buy,myntra
GOBOULT Mustang Muscle Smart Watch,GOBOULT,Watches,2999,9999,7000,3.8,17,,https://www.myntra.com/smart-watches/goboult/goboult-mustang-muscle-201-3d-display-with-600nits-ip68--convertible-strap-smart-watch/40430961/buy,myntra
French Connection Women Stainless Steel Watch,French Connection,Watches,2227,6750,67,4.3,55,,https://www.myntra.com/watches/french+connection/french-connection-women-embellished-dial--stainless-steel-analogue-watch-fcn0118usm/31581921/buy,myntra
boAt Storm Infinity Smart Watches,boAt,Watches,1599,5999,4400,4.3,500,,https://www.myntra.com/smart-watches/boat/boat-storm-infinity-smartwatch-with-550mah-15-days-battery-183465cm-hd-display-bt-calling/36808250/buy,myntra
"Fastrack Styler R1 1.38"" Smartwatch",Fastrack,Watches,1799,3999,2200,4.5,53,,https://www.myntra.com/smart-watches/fastrack/styler-r1-138-ultravu-display-bt-calling-functional-crown-sos-ip68-smart-watch/30780741/buy,myntra
Timex Men Analogue Watch,Timex,Watches,1374,2695,49,4.5,1800,,https://www.myntra.com/watches/timex/timex-men-brass-dial--stainless-steel-bracelet-style-straps-analogue-watch--twntg09smu11/26207586/buy,myntra
"Realme Watch 5 1.97"" Smartwatch",Realme,Watches,4499,7999,3500,3.8,10,,https://www.myntra.com/smart-watches/realme/realme-watch-5-197-amoled-display-upto-ip68-smartwatch/39405903/buy,myntra
boAt Storm Infinity Smart Watches,boAt,Watches,1599,5999,4400,4.3,501,,https://www.myntra.com/smart-watches/boat/boat-storm-infinity-smartwatch-with-550mah-15-days-battery-183465cm-hd-display-bt-calling/36808254/buy,myntra
Timex Men Analogue Watch,Timex,Watches,2021,2695,25,4.3,996,,https://www.myntra.com/watches/timex/timex-round-21mm-blue-dial-analog-men-watch---tw0tg6501/13436558/buy,myntra
BLACK LOVIES 7 Pcs Silicon Watch Straps,BLACK LOVIES,Watches,315,2999,89,0,0,,https://www.myntra.com/watch-straps/black+lovies/black-lovies-set-of-7-watches-silicon-foldover-watch-straps/42118203/buy,myntra
boAt Chrome Horizon Smart Watches,boAt,Watches,3599,9499,5900,4.3,116,,https://www.myntra.com/smart-watches/boat/boat-chrome-horizon-smartwatch-video-watch-faces-151-amoled-display-advanced-bt-calling/36808249/buy,myntra
TEAL BY CHUMBAK Women Brass Dial & Leather Straps Watch,TEAL BY CHUMBAK,Watches,1399,2795,50,4.7,124,,https://www.myntra.com/watches/teal+by+chumbak/teal-by-chumbak-women-brass-printed-dial--leather-bracelet-style-straps-analogue-watch-8907605119088/19946652/buy,myntra
NOISE NoiseFit Halo Smart Watch,NOISE,Watches,2999,3999,1000,3.7,123,,https://www.myntra.com/smart-watches/noise/noise-noisefit-halo-143-amoled-display-smart-watch/36537084/buy,myntra
GIORDANO Men Analogue Watch,GIORDANO,Watches,2499,9990,75,4.5,11,,https://www.myntra.com/watches/giordano/giordano-men-dial--stainless-steel-bracelet-style-straps-analogue-watch-gz-50117-44/34843757/buy,myntra
boAt Storm Infinity Max Smart Watch,boAt,Watches,1599,5999,4400,4.3,498,,https://www.myntra.com/smart-watches/boat/boat-storm-infinity-smartwatch-with-550mah-15-days-battery-183465cm-hd-display-bt-calling/36808260/buy,myntra
Brostin Unisex Kids Chronograph Watch,Brostin,Watches,424,1699,75,4.7,6,,https://www.myntra.com/watches/brostin/brostin-unisex-kids-dial--straps-digital-chronograph-watches-black-g-shock-smart-watch/40578784/buy,myntra
Daniel Hechter Round Dial Analogue Watch,Daniel Hechter,Watches,2399,4450,46,4.5,64,,https://www.myntra.com/watches/daniel+hechter/daniel-hechter-paris-monceau-collection-analoge-watch-for-men-with-textured-octagone-dial/33624001/buy,myntra
boAt Storm Infinity Smart Watches,boAt,Watches,1599,5999,4400,4.3,497,,https://www.myntra.com/smart-watches/boat/boat-storm-infinity-smartwatch-with-550mah-15-days-battery-183465cm-hd-display-bt-calling/36808257/buy,myntra
MULTIWA Serpent Design Wristwatch,MULTIWA,Watches,1199,2398,50,0,0,,https://www.myntra.com/watches/multiwa/multiwa-women-brass-dial--leather-wrap-around-straps-analogue-watches-leather-strap-snake-watch/42231871/buy,myntra
Timex Men Multi Function Watch,Timex,Watches,3371,4495,25,4.5,223,,https://www.myntra.com/watches/timex/timex-multifunction-moon-phase--dial-men-watch---tweg19609/32143306/buy,myntra
HAMMER Unisex BT Calling Smart Watch,HAMMER,Watches,2098,8999,77,3.9,21,,https://www.myntra.com/smart-watches/hammer/hammer-unisex-robust-196-amoled-biggest-display-bluetooth-calling-smart-watch/25673064/buy,myntra
HAMMER Active 2.0 Plus Smart Watch,HAMMER,Watches,2337,5999,61,4,53,,https://www.myntra.com/smart-watches/hammer/hammer-active-20-plus-201-hd-display-bluetooth-calling-gesture-control-smart-watch/27245134/buy,myntra
Timex Men Analogue Watch,Timex,Watches,2643,5395,51,4.5,592,,https://www.myntra.com/watches/timex/timex-men-multifunction-bracelet-style-straps-analogue-watch-twtg104smu04/29175696/buy,myntra
nervfit Vibe Smart Watch,nervfit,Watches,1599,7999,80,4,173,,https://www.myntra.com/smart-watches/nervfit/nervfit-vibe-water-resistant-smart-watch/32649083/buy,myntra
Fastrack VOX CirQ IP68 Smart Watch,Fastrack,Watches,2699,3999,1300,3.9,49,,https://www.myntra.com/smart-watches/fastrack/fastrack-vox-cirq-138-tft-display-offline-voice-commandto-do-list-ip68-smart-watch/36766659/buy,myntra
GIORDANO Analog Watch With Bracelet,GIORDANO,Watches,3999,8450,53,3.9,58,,https://www.myntra.com/watch-gift-set/giordano/giordano-women-rose-gold-diamond-shaped-analog-watch-with-bracelet/37137746/buy,myntra
RORCE Women Sunglasses,RORCE,Accessories,799,3999,80,0,0,"https://assets.myntassets.com/f_auto,dpr_1.0,q_85,w_720,c_limit,fl_progressive/assets/images/2026/MAY/9/zzFqME38_87e233fbfa714b2fbdce98281bd8cada.jpg",https://www.myntra.com/sunglasses/rorce/rorce-women-black-lens--gold-toned-oval-sunglasses-with/42007752/buy,myntra
HASHTAG EYEWEAR Unisex Sports Sunglasses with UV Protected Lens,HASHTAG EYEWEAR,Accessories,1199,2499,52,4.2,26,"https://assets.myntassets.com/f_auto,dpr_1.0,q_85,w_720,c_limit,fl_progressive/assets/images/2026/MARCH/14/uzX2Ax48_01824aef2aed490ea0d30308c8e366dc.jpg",https://www.myntra.com/sunglasses/hashtag+eyewear/hashtag-eyewear-unisex-green-lens--white-sports-sunglasses-with/37900082/buy,myntra
WROGN Unisex Square Sunglasses,WROGN,Accessories,589,1999,71,4.2,560,"https://assets.myntassets.com/f_auto,dpr_1.0,q_85,w_720,c_limit,fl_progressive/assets/images/25000656/2023/9/16/65cf716b-4f8b-45f2-a881-5c08e101a4e11694852644684WROGNUnisexBlueLensGold-TonedSquareSunglasseswithUVProtected1.jpg",https://www.myntra.com/sunglasses/wrogn/wrogn-unisex-square-sunglasses-with-uv-protected-lens-5227-gold-blue-pink-wrn/25000656/buy,myntra
Voyage Oval Sunglass UV Protection,Voyage,Accessories,699,1800,61,4.4,6500,"https://assets.myntassets.com/f_auto,dpr_1.0,q_85,w_720,c_limit,fl_progressive/assets/images/14582818/2024/6/8/ddf8646d-b33b-4cfc-8c47-b00d7a002a221717819948985-Voyage-Unisex-Black-Lens-Oval-Sunglasses-with-UV-Protected-L-1.jpg",https://www.myntra.com/sunglasses/voyage/voyage-unisex-black-lens-oval-sunglasses-with-uv-protected-lens-2038mg3051c/14582818/buy,myntra
Vincent Chase Unisex Wayfarer Sunglasses,Vincent Chase,Accessories,949,1999,1050,4.5,704,"https://assets.myntassets.com/f_auto,dpr_1.0,q_85,w_720,c_limit,fl_progressive/assets/images/2025/DECEMBER/26/fjW4Fltf_b2cb277752024ed1a7c053e7c3098902.jpg",https://www.myntra.com/sunglasses/vincent+chase/vincent-chase-by-lenskart-unisex-grey-lens--black-sunglasses-with-polarised-and-uv-protected-lens/19061996/buy,myntra
Voyage Women Cateye Sunglasses,Voyage,Accessories,666,1800,63,4.5,5300,"https://assets.myntassets.com/f_auto,dpr_1.0,q_85,w_720,c_limit,fl_progressive/assets/images/11392288/2024/3/22/7db347f9-bece-4458-9f5b-fa8f56cfc2ce1711099478962-Voyage-Women-UV-Protected-Cateye-Sunglasses-B6101MG3176-7881-1.jpg",https://www.myntra.com/sunglasses/voyage/voyage-women-uv-protected-cateye-sunglasses-b6101mg3176/11392288/buy,myntra
LEGEND EYEWEAR Unisex Wayfarer Sunglasses,LEGEND EYEWEAR,Accessories,383,1999,81,4.3,383,"https://assets.myntassets.com/f_auto,dpr_1.0,q_85,w_720,c_limit,fl_progressive/assets/images/2026/MAY/12/buJUfWHh_bb5c1ac3f7be4638aa1d0bb43f3d980b.jpg",https://www.myntra.com/sunglasses/legend+eyewear/legend-eyewear-unisex-wayfarer-sunglasses-with-uv-protected-lens--voyage-/37384103/buy,myntra
Voyage Unisex Oval Sunglasses,Voyage,Accessories,960,3000,68,4.4,1700,"https://assets.myntassets.com/f_auto,dpr_1.0,q_85,w_720,c_limit,fl_progressive/assets/images/26883092/2025/6/20/6bd13dd7-1781-416c-bb9e-5923a629bc6e1750407058947-Voyage-Unisex-Oval-Sunglasses-with-UV-Protected-Lens-B80580M-1.jpg",https://www.myntra.com/sunglasses/voyage/voyage-unisex-oval-sunglasses-with-uv-protected-lens-b80580mg5182/26883092/buy,myntra
Woggles Unisex Rectangle Sunglasses,Woggles,Accessories,475,1312,64,4,456,"https://assets.myntassets.com/f_auto,dpr_1.0,q_85,w_720,c_limit,fl_progressive/assets/images/29650048/2025/7/31/58f6d3aa-d116-43ee-9f4c-2bdc6343c1e51753956169253-Woggles-Unisex-Rectangle-Sunglasses-with-Polarised-Lens-3971-1.jpg",https://www.myntra.com/sunglasses/woggles/woggles-unisex-rectangle-sunglasses-with-polarised-lens/29650048/buy,myntra
HAYDEN haiza Oval Sunglasses,HAYDEN haiza,Accessories,349,599,42,4.5,841,"https://assets.myntassets.com/f_auto,dpr_1.0,q_85,w_720,c_limit,fl_progressive/assets/images/2025/AUGUST/15/YZwZLVUE_731ce6410c584fbe9776c87e8df3137f.jpg",https://www.myntra.com/sunglasses/hayden+haiza/hayden-haiza-oval-sunglasses-with-uv-protected-lens/32718236/buy,myntra
Voyage Women Rectangle Sunglasses with UV Protected Lens,Voyage,Accessories,810,1800,55,4.4,2600,"https://assets.myntassets.com/f_auto,dpr_1.0,q_85,w_720,c_limit,fl_progressive/assets/images/14582858/2023/7/26/003a95a2-5b66-4872-839f-b9db8d0d17b31690350009740-Voyage-Women-Black-Lens-Rectangle-Sunglasses-with-UV-Protect-1.jpg",https://www.myntra.com/sunglasses/voyage/voyage-women-black-lens-rectangle-sunglasses-with-uv-protected-lens-b80389mg3456c-/14582858/buy,myntra
Stood Men Square Sunglasses with UV Protected Lens,Stood,Accessories,599,2999,80,0,0,,https://www.myntra.com/sunglasses/stood/stood-men-black-lens--black-square-sunglasses-with/41590075/buy,myntra
HAMILTANO WINSTON Women Sunglasses,HAMILTANO WINSTON,Accessories,844,1299,35,3.8,5,,https://www.myntra.com/sunglasses/hamiltano+winston/hamiltano-winston-women-black-lens--black-rectangle-sunglasses-with/38764308/buy,myntra
SPADEACES UV Protected Aviator Sunglass,SPADEACES,Accessories,479,999,52,4,193,,https://www.myntra.com/sunglasses/spadeaces/spadeaces-men-aviator-sunglasses-with-uv-protected-lens-silver-blue-rockk-squareeg/36285728/buy,myntra
HRX by Hrithik Roshan Unisex Square Sunglasses,HRX by Hrithik Roshan,Accessories,795,2650,70,0,0,,https://www.myntra.com/sunglasses/hrx+by+hrithik+roshan/hrx-by-hrithik-roshan-unisex-uv-protected-lens-square-sunglasses/41532894/buy,myntra
Voyage Women Wayfarer Sunglasses,Voyage,Accessories,666,1800,63,4.5,1600,,https://www.myntra.com/sunglasses/voyage/voyage-women-wayfarer-sunglasses-a3046mg3181/11392298/buy,myntra
IFLASH Unisex Sunglasses,IFLASH,Accessories,345,1999,83,3.9,106,,https://www.myntra.com/sunglasses/iflash/iflash-unisex-black-lens--steel-toned-rectangle-sunglasses-with/38657103/buy,myntra
Voyage Unisex Square Sunglasses,Voyage,Accessories,699,1800,61,4.3,8700,,https://www.myntra.com/sunglasses/voyage/voyage-unisex-square-sunglasses-58157mg2970/10748540/buy,myntra
HAYDEN haiza Women Trendy Sunglasses,HAYDEN haiza,Accessories,379,2499,85,4.4,19,,https://www.myntra.com/sunglasses/hayden+haiza/hayden-haiza-women-brown-lens--brown-oversized-sunglasses-/41807629/buy,myntra
HAYDEN haiza Sunglasses UV Protected Lens,HAYDEN haiza,Accessories,349,599,42,4.5,670,,https://www.myntra.com/sunglasses/hayden+haiza/hayden-haiza-sunglasses-with-uv-protected-lens/33505886/buy,myntra
Carlton London Girls Aviator Sunglasses with UV Protected Lens,Carlton London,Accessories,941,1345,30,4,50,,https://www.myntra.com/sunglasses/carlton+london/carlton-london-girls-black-lens--silver-toned-aviator-sunglasses-with-uv-protected-lens/19164576/buy,myntra
MANGO Women Rectangle Sunglasses,MANGO,Accessories,941,2090,55,4.4,18,,https://www.myntra.com/sunglasses/mango/mango-women-rectangle-sunglasses-17022541-26/35411318/buy,myntra
HRX by Hrithik Roshan Men Sunglasses,HRX by Hrithik Roshan,Accessories,794,2897,73,0,0,,https://www.myntra.com/sunglasses/hrx+by+hrithik+roshan/hrx-by-hrithik-roshan-men-black-lens--gunmetal-toned-aviator-sunglasses-with/39839268/buy,myntra
Voyage Women Protected Sunglasses,Voyage,Accessories,690,3000,77,4.4,251,,https://www.myntra.com/sunglasses/voyage/voyage-women-grey-lens--gunmetal-toned-square-sunglasses-with-uv-protected-lens/24054980/buy,myntra
DressBerry X fwd Women Round Sunglasses,DressBerry X fwd,Accessories,499,1999,75,4.3,2900,,https://www.myntra.com/sunglasses/dressberry+x+fwd/dressberry-x-fwd-women-round-sunglasses-with-uv-protected-lens/32465491/buy,myntra
Carlton London Women Rectangle Sunglasses with UV Protected Lens,Carlton London,Accessories,1215,2895,58,4.6,153,,https://www.myntra.com/sunglasses/carlton+london/carlton-london-women-rectangle-sunglasses-with-uv-protected-lens/29351876/buy,myntra
Vincent Chase Unisex Other Sunglasses,Vincent Chase,Accessories,899,1999,1100,4.4,805,,https://www.myntra.com/sunglasses/vincent+chase/vincent-chase-by-lenskart-unisex-lens--other-sunglasses-with-uv-protected-lens/26756734/buy,myntra
HAYDEN haiza Men Rectangle Sunglasses,HAYDEN haiza,Accessories,320,1999,84,4.4,113,,https://www.myntra.com/sunglasses/hayden+haiza/hayden-haiza-men-rectangle-sunglasses-with-polarised-lens-sunglasses-wood-cherry/36077440/buy,myntra
StyleCast x Revolte Men Cateye Sunglasses,StyleCast x Revolte,Accessories,742,1649,55,0,0,,https://www.myntra.com/sunglasses/stylecast+x+revolte/stylecast-x-revolte-men-cateye-sunglasses-with-polarised-and-uv-protected-lens-m113s24103a/34570790/buy,myntra
HAUTE SAUCE Women Sunglasses,HAUTE SAUCE,Accessories,699,1399,50,0,0,,https://www.myntra.com/sunglasses/haute+sauce/haute-sauce-women-purple-lens--gold-toned-rectangle-sunglasses-with/41922857/buy,myntra
Jiebo Men Square Sunglasses,Jiebo,Accessories,320,799,60,3.2,24,,https://www.myntra.com/sunglasses/jiebo/jiebo-men-purple-lens--black-square-sunglasses-with/36666721/buy,myntra
HASHTAG EYEWEAR Women Oversized Sunglasses,HASHTAG EYEWEAR,Accessories,615,2999,79,4.6,2000,,https://www.myntra.com/sunglasses/hashtag+eyewear/hashtag-eyewear-women-hexagonal-oversized-sunglasses-with-uv-protected-lens-g-15062-brown/27997606/buy,myntra
SPADEACES Unisex Wayfarer Sunglasses with UV Protected Lens,SPADEACES,Accessories,360,1199,70,4.1,42,,https://www.myntra.com/sunglasses/spadeaces/spadeaces-unisex-black-lens--black-wayfarer-sunglasses-with/37675775/buy,myntra
Voyage Women Square Sunglasses,Voyage,Accessories,750,3000,75,4.5,1900,,https://www.myntra.com/sunglasses/voyage/voyage-women-square-sunglasses-with-uv-protected-lens-8926wmg2778/25286588/buy,myntra
Voyage Unisex Round Sunglasses with UV Protected Lens,Voyage,Accessories,715,3000,76,4.4,6400,,https://www.myntra.com/sunglasses/voyage/voyage-unisex-black-lens--silver-toned-round-sunglasses-with-uv-protected-lens-1915mg3622/16905012/buy,myntra
HRX by Hrithik Roshan Unisex Square Sunglasses,HRX by Hrithik Roshan,Accessories,821,2650,69,0,0,,https://www.myntra.com/sunglasses/hrx+by+hrithik+roshan/hrx-by-hrithik-roshan-unisex-black-lens--black-square-sunglasses-with-uv-protected-lens/41532895/buy,myntra
Carlton London Oversized Sunglasses,Carlton London,Accessories,1425,3395,58,4.6,50,,https://www.myntra.com/sunglasses/carlton+london/carlton-london-women-premium-oversized-sunglasses-with-uv-protected-lens-clsw318/27484774/buy,myntra
Woggles Unisex Wayfarer Sunglasses,Woggles,Accessories,475,1919,75,4.3,541,,https://www.myntra.com/sunglasses/woggles/woggles-unisex-wayfarer-sunglasses-with-polarised-lens/29649750/buy,myntra
RUGGINE Unisex Sunglasses,RUGGINE,Accessories,800,2499,68,0,0,,https://www.myntra.com/sunglasses/ruggine/ruggine-unisex-black-lens--black-aviator-sunglasses-with/41948771/buy,myntra
Voyage Women Cateye Sunglasses,Voyage,Accessories,799,3000,73,4.5,64,,https://www.myntra.com/sunglasses/voyage/voyage-women-black--brown-lens-brown-frame-cateye-sunglasses-2608mg7111/35237085/buy,myntra
Eyedens Unisex Square Sunglasses,Eyedens,Accessories,417,1999,79,4.1,79,,https://www.myntra.com/sunglasses/eyedens/eyedens-unisex-uv-protected-square-sunglasses-squaresilvery-bludeta35/35154825/buy,myntra
HRX by Hrithik Roshan Unisex Square Sunglasses,HRX by Hrithik Roshan,Accessories,795,2650,70,0,0,,https://www.myntra.com/sunglasses/hrx+by+hrithik+roshan/hrx-by-hrithik-roshan-unisex-orange-lens--square-sunglasses-with-with-uv-protected-lens/41532896/buy,myntra
StyleCast x Revolte Men Square Sunglasses,StyleCast x Revolte,Accessories,719,1599,55,0,0,,https://www.myntra.com/sunglasses/stylecast+x+revolte/stylecast-x-revolte-men-uv-protected-square-sunglasses/34570957/buy,myntra
Artrue Unisex Sunglasses,Artrue,Accessories,319,1599,80,4.4,133,,https://www.myntra.com/sunglasses/artrue/artrue-unisex-black-lens--silver-toned-aviator-sunglasses-with/39389380/buy,myntra
Voyage Sunglasses-UV Protected Lens,Voyage,Accessories,720,3000,76,4.4,356,,https://www.myntra.com/sunglasses/voyage/voyage-wayfarer-sunglasses-with-uv-protected-lens-86575mg3913/21299952/buy,myntra
Voyage Women UV Protected Sunglasses,Voyage,Accessories,780,3000,74,4.5,459,,https://www.myntra.com/sunglasses/voyage/voyage-women-cateye-uv-protected-sunglasses-/24054998/buy,myntra
Mast & Harbour PU Structured Tote Bag,Mast & Harbour,Accessories,699,3499,80,4.5,2600,"https://assets.myntassets.com/f_auto,dpr_1.0,q_85,w_720,c_limit,fl_progressive/assets/images/2026/JANUARY/10/48MUMDWZ_459e87bea1c04782bf35261803cb5372.jpg",https://www.myntra.com/handbags/mast+%26+harbour/mast--harbour-pu-structured-tote-bag/39290664/buy,myntra
Exotic Hobo Bag,Exotic,Accessories,1079,2999,64,0,0,"https://assets.myntassets.com/f_auto,dpr_1.0,q_85,w_720,c_limit,fl_progressive/assets/images/2026/APRIL/28/UQ88dA4l_e687b188968643c597704ecd635fb143.jpg",https://www.myntra.com/handbags/exotic/exotic-textured-hobo-bag/41673667/buy,myntra
Lino Perros Crossbody Bag with Pouch,Lino Perros,Accessories,2117,3995,47,4.6,508,"https://assets.myntassets.com/f_auto,dpr_1.0,q_85,w_720,c_limit,fl_progressive/assets/images/30113678/2025/2/17/29c6172c-0f70-4c0d-ab3d-58cc621cdcfd1739781771579-Lino-Perros-Crossbody-Bag-with-Pouch-2031739781771495-16.jpg",https://www.myntra.com/handbags/lino+perros/lino-perros-crossbody-bag-with-pouch/30113678/buy,myntra
Lino Perros Women Structured Sling Bag,Lino Perros,Accessories,1646,2495,34,4.7,2200,"https://assets.myntassets.com/f_auto,dpr_1.0,q_85,w_720,c_limit,fl_progressive/assets/images/2026/FEBRUARY/16/852spWqZ_30f5bac30fe84eb7b10131ae0a894476.jpg",https://www.myntra.com/handbags/lino+perros/lino-perros-women-colourblocked-structured-sling-bag/32635011/buy,myntra
LEGAL BRIBE Ethnic Motifs PU Structured Tote Bag,LEGAL BRIBE,Accessories,598,2580,77,4.6,152,"https://assets.myntassets.com/f_auto,dpr_1.0,q_85,w_720,c_limit,fl_progressive/assets/images/2026/FEBRUARY/25/07nX01xC_71ce8ecfbd3e4289937ff4468ce69da7.jpg",https://www.myntra.com/handbags/legal+bribe/legal-bribe-ethnic-motifs-printed-pu-structured-tote-bag/39001036/buy,myntra
Allen Solly Structured Hobo Bag,Allen Solly,Accessories,1649,2999,45,4.6,209,"https://assets.myntassets.com/f_auto,dpr_1.0,q_85,w_720,c_limit,fl_progressive/assets/images/30918882/2024/11/26/a042b595-a65c-4def-b1c8-e05be8d1dbcb1732617894241-Allen-Solly-Women-Handbags-5791732617893637-1.jpg",https://www.myntra.com/handbags/allen+solly/allen-solly-structured-hobo-bag/30918882/buy,myntra
DailyObjects Shopper Handheld Bag,DailyObjects,Accessories,1299,1899,32,4.6,207,"https://assets.myntassets.com/f_auto,dpr_1.0,q_85,w_720,c_limit,fl_progressive/assets/images/2026/MAY/16/Ib9uz9Bn_2fbb3dec0f5c4bc3a3fd3fec227a682d.jpg",https://www.myntra.com/handbags/dailyobjects/dailyobjects-shopper-handheld-bag/32376213/buy,myntra
MIRAGGIO Mini Crossbody Bag,MIRAGGIO,Accessories,2099,2999,900,4.6,561,"https://assets.myntassets.com/f_auto,dpr_1.0,q_85,w_720,c_limit,fl_progressive/assets/images/31015894/2025/2/14/33c62a55-c296-4903-842b-5b5f96ff8ce91739533405071-MIRAGGIO-Brown-PU-Eve-Crossbody-Bag-2171739533404527-1.jpg",https://www.myntra.com/handbags/miraggio/miraggio-eve-brown-sling-bag-with-detachable-strap/31015894/buy,myntra
StyleCast Oversized Bucket Handheld Bag with Applique,StyleCast,Accessories,1169,2999,61,0,0,"https://assets.myntassets.com/f_auto,dpr_1.0,q_85,w_720,c_limit,fl_progressive/assets/images/2025/APRIL/23/9KTNnIjE_27cbd36a4a884fe69ed6b620c6f9f14f.jpg",https://www.myntra.com/handbags/stylecast/stylecast-oversized-bucket-handheld-bag-with-applique/32375930/buy,myntra
Allen Solly Solid Structured Sling Bag,Allen Solly,Accessories,1649,2999,45,4.7,248,"https://assets.myntassets.com/f_auto,dpr_1.0,q_85,w_720,c_limit,fl_progressive/assets/images/26300612/2024/1/3/0e08d9fa-ad13-46f7-8626-114b7726109c1704277848354HandbagsAllenSollyWomenHandbagsAllenSollyWomenHandbagsAllenS1.jpg",https://www.myntra.com/handbags/allen+solly/allen-solly-solid-structured-sling-bag/26300612/buy,myntra
Mast & Harbour Office Bag with Tasselled,Mast & Harbour,Accessories,1504,3499,57,4.5,3600,"https://assets.myntassets.com/f_auto,dpr_1.0,q_85,w_720,c_limit,fl_progressive/assets/images/2025/FEBRUARY/24/HMQWo9zX_32b1b45bc00446d79a0315ec09666c38.jpg",https://www.myntra.com/handbags/mast+%26+harbour/mast--harbour-textured-structured-tote-bag-with-tasselled/32877617/buy,myntra
Donicy Tote Bag,Donicy,Accessories,1669,3999,58,0,0,,https://www.myntra.com/handbags/donicy/donicy-textured-structured-tote-bag/41525501/buy,myntra
EcoRight Structured Sling Bag,EcoRight,Accessories,1499,2799,46,4.3,668,,https://www.myntra.com/handbags/ecoright/ecoright-printed-structured-sling-bag/27321356/buy,myntra
StyleCast PU Half Moon Handheld Bag,StyleCast,Accessories,1578,3849,59,4.5,252,,https://www.myntra.com/handbags/stylecast/stylecast-pu-half-moon-handheld-bag-with-detachable-sling-strap/37396377/buy,myntra
DailyObjects Sling Bag,DailyObjects,Accessories,1999,2499,20,4.8,23,,https://www.myntra.com/handbags/dailyobjects/dailyobjects-sling-bag-/38080842/buy,myntra
Allen Solly Sling Bag,Allen Solly,Accessories,1649,2999,45,4.4,637,,https://www.myntra.com/handbags/allen+solly/allen-solly-sling-bag-/26300534/buy,myntra
Mochi Half Moon Handheld Bag,Mochi,Accessories,1488,2290,35,4.7,989,,https://www.myntra.com/handbags/mochi/mochi-half-moon-handheld-bag/31164088/buy,myntra
Van Heusen Structured Sling Bag,Van Heusen,Accessories,1507,2899,48,4.7,55,,https://www.myntra.com/handbags/van+heusen/van-heusen-structured-sling-bag/31173176/buy,myntra
Lino Perros Structured Sling Bag,Lino Perros,Accessories,2077,3995,48,4.6,503,,https://www.myntra.com/handbags/lino+perros/lino-perros-structured-sling-bag/30113650/buy,myntra
Van Heusen Structured Shoulder Bag,Van Heusen,Accessories,1507,2899,48,4.4,127,,https://www.myntra.com/handbags/van+heusen/van-heusen-structured-shoulder-bag/33390249/buy,myntra
Fastrack Women Textured Sling Bag,Fastrack,Accessories,879,1599,45,4.6,2000,,https://www.myntra.com/handbags/fastrack/fastrack-women-chain-detail-sling-bag/16205100/buy,myntra
Tatuaa PU Up to 18 inch Handbags,Tatuaa,Accessories,1699,3999,58,0,0,,https://www.myntra.com/handbags/tatuaa/tatuaa-pu-up-to-18-inch-fashion/41526546/buy,myntra
Mochi Shopper Handheld Bag,Mochi,Accessories,1122,2290,51,4.5,972,,https://www.myntra.com/handbags/mochi/mochi-blue-shopper-handheld-bag/17392834/buy,myntra
Van Heusen Structured Shoulder Bag,Van Heusen,Accessories,1507,2899,48,4.4,107,,https://www.myntra.com/handbags/van+heusen/van-heusen-structured-shoulder-bag/33390275/buy,myntra
DailyObjects Sling Crossbody Bag,DailyObjects,Accessories,1299,2099,38,4.6,207,,https://www.myntra.com/handbags/dailyobjects/dailyobjects-cardinal-love-march-sling-crossbody-bag/35332529/buy,myntra
MIRAGGIO Colorblocked Sling Bag,MIRAGGIO,Accessories,1874,2499,25,4.6,1400,,https://www.myntra.com/handbags/miraggio/miraggio-luna-white-wallet-with-detachable-chain-strap/16916914/buy,myntra
ZOUK Ethnic Motif Printed Sling Bag,ZOUK,Accessories,899,2565,1666,4.6,3400,,https://www.myntra.com/handbags/zouk/zouk-jodhpur-damask-ethnic-motifs-printed-structured-sling-bag/29799042/buy,myntra
Lino Perros Unisex Structured Sling Bag,Lino Perros,Accessories,2077,3995,48,4.6,505,,https://www.myntra.com/handbags/lino+perros/lino-perros-unisex-solid-structured-sling-bag-with-pouch/32634982/buy,myntra
MIRAGGIO Textured Sling Bag,MIRAGGIO,Accessories,1924,3499,45,4.5,362,,https://www.myntra.com/handbags/miraggio/miraggio-caroline-green-crossbody-bag-with-adjustable-strap/23641168/buy,myntra
ZOUK Paisley Printed Sling Bag,ZOUK,Accessories,899,2565,1666,4.6,3400,,https://www.myntra.com/handbags/zouk/zouk-paisley-printed-structured-sling-bag/29799026/buy,myntra
ZOUK Floral Printed Sling Bag,ZOUK,Accessories,899,2599,1700,4.6,5200,,https://www.myntra.com/handbags/zouk/zouk-bidri-kaiser-harmony-floral-printed-structured-sling-bag/29816310/buy,myntra
Allen Solly Laptop Handheld Bag,Allen Solly,Accessories,2364,4299,45,4.5,304,,https://www.myntra.com/handbags/allen+solly/allen-solly-women-laptop-handheld-bag/29441016/buy,myntra
Tatuaa PU Up to 18 inch Handbags,Tatuaa,Accessories,1699,3999,58,0,0,,https://www.myntra.com/handbags/tatuaa/tatuaa-textured-pu-up-to-18-inch-fashion/41526545/buy,myntra
MANGO Textured Shoulder Bag,MANGO,Accessories,2653,3790,30,4.5,331,,https://www.myntra.com/handbags/mango/mango-textured-oversized-structured-shoulder-bag/34879957/buy,myntra
Exotic Structured Quilted Sling Bag,Exotic,Accessories,849,2599,67,4.6,2400,,https://www.myntra.com/handbags/exotic/exotic-textured-pu-sling-bag-with-quilted/38540560/buy,myntra
Allen Solly Sling Bag,Allen Solly,Accessories,1539,2799,45,4.5,428,,https://www.myntra.com/handbags/allen+solly/allen-solly-sling-bag/25729460/buy,myntra
MIRAGGIO Structured Shoulder Bag,MIRAGGIO,Accessories,1949,2999,1050,4.8,2000,,https://www.myntra.com/handbags/miraggio/miraggio-freya-white-shoulder-bag/23102454/buy,myntra
Allen Solly Women Quilted Satchel,Allen Solly,Accessories,1649,2999,45,4.7,1500,,https://www.myntra.com/handbags/allen+solly/allen-solly-women-quilted-satchel-/25447454/buy,myntra
Lino Perros Solid Faux Leather Laptop Bag,Lino Perros,Accessories,1753,4495,61,4.3,16800,,https://www.myntra.com/handbags/lino+perros/lino-perros-black-solid-faux-leather-laptop-bag/7743514/buy,myntra
Mast & Harbour PU Structured Tote Bag,Mast & Harbour,Accessories,679,3499,81,4.4,323,,https://www.myntra.com/handbags/mast+%26+harbour/mast--harbour-pu-structured-tote-bag/39290669/buy,myntra
MANGO Textured Shoulder Bag,MANGO,Accessories,2274,3790,40,4.5,329,,https://www.myntra.com/handbags/mango/mango-textured-oversized-structured-shoulder-bag/35018409/buy,myntra
Gulaab Jaipur Printed Pure Cotton Tote Bag,Gulaab Jaipur,Accessories,1399,2699,48,0,0,,https://www.myntra.com/handbags/gulaab+jaipur/gulaab-jaipur-animal-printed-pure-cotton-tote-bag/41541758/buy,myntra
MIRAGGIO Structured Shoulder Bag,MIRAGGIO,Accessories,1649,2999,45,4.9,26,,https://www.myntra.com/handbags/miraggio/miraggio-women-textured-structured-shoulder-bag/37681770/buy,myntra
Allen Solly Structured Handheld Bag,Allen Solly,Accessories,1979,3599,45,4.3,101,,https://www.myntra.com/handbags/allen+solly/allen-solly-structured-handheld-bag-with-detachable-sling-strap/38809975/buy,myntra
Lavie Mono Tyra Satchel Handbag,Lavie,Accessories,1499,4799,3300,4.5,629,,https://www.myntra.com/handbags/lavie/lavie-womens-mono-tyra-medium-satchel-handbag/32063673/buy,myntra
Lavie Beech Flap Satchel Handbag,Lavie,Accessories,1449,4499,3050,4.4,6800,,https://www.myntra.com/handbags/lavie/lavie-womens-beech-flap-large-satchel-handbag/2407594/buy,myntra
Allen Solly Structured Sling Bag,Allen Solly,Accessories,1814,3299,45,4.7,297,,https://www.myntra.com/handbags/allen+solly/allen-solly-textured-structured-sling-bag/30908074/buy,myntra
StyleCast Women Solid Sling Bag,StyleCast,Accessories,1072,2749,61,4.3,329,,https://www.myntra.com/handbags/stylecast/stylecast-women-solid-crossbody-buckle-detail-sling-bag/37291460/buy,myntra
Lavie Veden Flap Satchel Handbag,Lavie,Accessories,1299,4999,3700,4.4,571,,https://www.myntra.com/handbags/lavie/lavie-womens-veden-large-flap-satchel-handbag/30669074/buy,myntra
Safari Printed Laptop Backpack,Safari,Accessories,847,2569,67,4.5,6,"https://assets.myntassets.com/f_auto,dpr_1.0,q_85,w_720,c_limit,fl_progressive/assets/images/2026/MARCH/6/2S7iFwlj_d15cf9857012402d81ef116b9c7f40c5.jpg",https://www.myntra.com/backpacks/safari/safari-women-printed-laptop-backpack/40181526/buy,myntra
DailyObjects Unisex Pedal Daypack Backpack,DailyObjects,Accessories,1349,2499,46,4.4,1100,"https://assets.myntassets.com/f_auto,dpr_1.0,q_85,w_720,c_limit,fl_progressive/assets/images/2026/JANUARY/28/PBvTgpWz_0c498b81e9df4112922ed9fa88937c99.jpg",https://www.myntra.com/backpacks/dailyobjects/dailyobjects-unisex-backpack-with-compression-straps-up-to-14-inch/26292760/buy,myntra
WROGN Brand Logo Backpack,WROGN,Accessories,745,3999,81,4,92,"https://assets.myntassets.com/f_auto,dpr_1.0,q_85,w_720,c_limit,fl_progressive/assets/images/2026/JANUARY/21/crq03pus_7adabfa4ffd0471b8458d3e7ff5dbc25.jpg",https://www.myntra.com/backpacks/wrogn/wrogn-unisex-brand-logo-backpack/39175756/buy,myntra
Puma Phase CB Logo Small Backpack,Puma,Accessories,899,1799,50,4.4,2000,"https://assets.myntassets.com/f_auto,dpr_1.0,q_85,w_720,c_limit,fl_progressive/assets/images/2025/MAY/15/oSKbDreI_924d7296d2b34a538aae2716da7ada5a.jpg",https://www.myntra.com/backpacks/puma/puma-phase-cb-logo-detail-small-backpack/34145655/buy,myntra
AMERICAN TOURISTER Riley Ergonomic Backpack 28L,AMERICAN TOURISTER,Accessories,1512,2750,45,4.6,14,"https://assets.myntassets.com/f_auto,dpr_1.0,q_85,w_720,c_limit,fl_progressive/assets/images/2026/MARCH/23/RbP8wq2C_ad2f77257ec6484ab7682ca2c1d42d14.jpg",https://www.myntra.com/backpacks/american+tourister/american-tourister-riley-ergonomic-backpack-28l/34179851/buy,myntra
Tommy Hilfiger Brand Logo Backpack,Tommy Hilfiger,Accessories,1241,2699,54,4.7,197,"https://assets.myntassets.com/f_auto,dpr_1.0,q_85,w_720,c_limit,fl_progressive/assets/images/2026/FEBRUARY/3/2AlQceCu_ac72e4eaddf64b329e306e631abe6db1.jpg",https://www.myntra.com/backpacks/tommy+hilfiger/tommy-hilfiger-unisex-kids-brand-logo-backpack/39290428/buy,myntra
Puma Phase Kids' Small Backpack,Puma,Accessories,899,1799,50,3.9,231,"https://assets.myntassets.com/f_auto,dpr_1.0,q_85,w_720,c_limit,fl_progressive/assets/images/2025/NOVEMBER/18/WZkmatkg_6fdb9b4a88be4da29c4d217c55f4a228.jpg",https://www.myntra.com/backpacks/puma/puma-phase-kids-lightweight-small-backpack/38043973/buy,myntra
AMERICAN TOURISTER Geometric Printed Backpack 33L,AMERICAN TOURISTER,Accessories,1299,2300,1001,4.4,7,"https://assets.myntassets.com/f_auto,dpr_1.0,q_85,w_720,c_limit,fl_progressive/assets/images/2026/MARCH/23/qukXc4kX_9e64597952b349a086c0ee5fb38055fb.jpg",https://www.myntra.com/backpacks/american+tourister/american-tourister-sest-geometric-printed-backpack-33l/34179809/buy,myntra
WROGN Unisex Backpack with USB Port 23L,WROGN,Accessories,649,3499,81,4.3,8800,"https://assets.myntassets.com/f_auto,dpr_1.0,q_85,w_720,c_limit,fl_progressive/assets/images/2025/NOVEMBER/17/s7jxJT5C_d0e334ed8fe948399048dbc72796adda.jpg",https://www.myntra.com/backpacks/wrogn/wrogn-unisex-backpack-with-usb-charging-port-23l/23849642/buy,myntra
Skybags Kids Printed Backpack,Skybags,Accessories,772,2500,1728,4.5,548,"https://assets.myntassets.com/f_auto,dpr_1.0,q_85,w_720,c_limit,fl_progressive/assets/images/34554590/2025/7/21/7c1b4837-a38f-41ba-ab1e-3b8bf4ecec071753077329085-Skybags-Drip-Max-32L-Aqua-Blue-School-Bag-for-Kids--3-Compar-1.jpg",https://www.myntra.com/backpacks/skybags/skybags-kids-brand-logo-printed-backpack-32l/34554590/buy,myntra
MAEJOY Women Beige Textured Backpack,MAEJOY,Accessories,769,2199,1430,0,0,"https://assets.myntassets.com/f_auto,dpr_1.0,q_85,w_720,c_limit,fl_progressive/assets/images/2026/MARCH/6/STdh4qIf_0b6b0fa427e946398924c4e553d54145.jpg",https://www.myntra.com/backpacks/maejoy/maejoy-women-beige-textured-beach-backpack/37069813/buy,myntra
Packster Backpack with Compression Straps,Packster,Accessories,787,989,20,0,0,,https://www.myntra.com/backpacks/packster/packster-men-backpack-with-compression-straps/42217105/buy,myntra
MONVELLI Brand Logo Backpack,MONVELLI,Accessories,738,1999,63,4,14,,https://www.myntra.com/backpacks/monvelli/monvelli-men-brand-logo-backpack/39031225/buy,myntra
IRTH by House of Titan Gracie Backpack,IRTH by House of Titan,Accessories,2586,3695,30,4.6,13,,https://www.myntra.com/backpacks/irth+by+house+of+titan/irth-by-house-of-titan-women-gracie-backpack-with-chain-straps/39234018/buy,myntra
Wildcraft Women Colourblocked Backpack,Wildcraft,Accessories,527,1599,67,4.4,53300,,https://www.myntra.com/backpacks/wildcraft/wildcraft-women-grey-melange--red-colourblocked-backpack/7770864/buy,myntra
Lino Perros Women Solid Backpack,Lino Perros,Accessories,2106,3695,43,4.6,3800,,https://www.myntra.com/backpacks/lino+perros/lino-perros-women-pacman-timeless-black-backpack/11632604/buy,myntra
DailyObjects Unisex Non-Padded Backpack,DailyObjects,Accessories,1349,2499,46,4.4,1100,,https://www.myntra.com/backpacks/dailyobjects/dailyobjects-unisex-compression-straps-textured-non-padded-14-inch-laptop-backpack/25707452/buy,myntra
Priority Backpack,Priority,Accessories,601,1999,70,4.6,93,,https://www.myntra.com/backpacks/priority/priority-unisex-kids-backpack/30564462/buy,myntra
StyleCast x Revolte Geometric Backpack,StyleCast x Revolte,Accessories,1272,3349,62,3.5,15,,https://www.myntra.com/backpacks/stylecast+x+revolte/stylecast-x-revolte-women-geometric-backpack/37695830/buy,myntra
Wildcraft Unisex My Style 2 Backpack,Wildcraft,Accessories,554,1499,63,4.3,11800,,https://www.myntra.com/backpacks/wildcraft/wildcraft-unisex-black-my-style-2-backpack/14480070/buy,myntra
Puma Phase Reliable Backpack,Puma,Accessories,899,1499,40,4.5,954,,https://www.myntra.com/backpacks/puma/puma-phase-reliable-lightweight-backpack/38047965/buy,myntra
Packster Graphic Backpack with Compression Straps,Packster,Accessories,787,989,20,0,0,,https://www.myntra.com/backpacks/packster/packster-men-graphic-applique-backpack-with-compression-straps/42217084/buy,myntra
Red Tape Unisex Laptop Backpack,Red Tape,Accessories,1679,5599,70,4.6,67,,https://www.myntra.com/backpacks/red+tape/red-tape-unisex-laptop-backpack/33768128/buy,myntra
ZOUK Women Vegan Leather Backpack,ZOUK,Accessories,1769,6998,5229,4.6,3300,,https://www.myntra.com/backpacks/zouk/zouk-women-floral-printed-vegan-leather-backpack-with-compression-straps-up-to-16-inch/26630114/buy,myntra
WROGN Water Resistant Backpack 31L,WROGN,Accessories,799,3499,77,4.3,9400,,https://www.myntra.com/backpacks/wrogn/wrogn-ergonomic-water-resistant-backpack-with-reflective-strip--rain-cover-31l/22226482/buy,myntra
StyleCast Backpack,StyleCast,Accessories,1035,2799,63,4.1,62,,https://www.myntra.com/backpacks/stylecast/stylecast-women-backpack/37590113/buy,myntra
Wildcraft Unisex Graphic Backpack,Wildcraft,Accessories,1247,2399,48,3.7,9,,https://www.myntra.com/backpacks/wildcraft/wildcraft-unisex-kids-graphic-backpack/33382084/buy,myntra
Allen Solly Women Quilted Backpack,Allen Solly,Accessories,2123,3599,41,4.8,35,,https://www.myntra.com/backpacks/allen+solly/allen-solly-women-quilted-backpack/35740109/buy,myntra
StyleCast x Revolte Geometric Backpack,StyleCast x Revolte,Accessories,1473,3349,56,4.2,27,,https://www.myntra.com/backpacks/stylecast+x+revolte/stylecast-x-revolte-women-geometric-backpack/37695823/buy,myntra
Tommy Hilfiger Brand Logo Backpack,Tommy Hilfiger,Accessories,1160,2699,57,4.7,193,,https://www.myntra.com/backpacks/tommy+hilfiger/tommy-hilfiger-unisex-kids-brand-logo-backpack/39290426/buy,myntra
ZOUK Women Vegan Leather Backpack,ZOUK,Accessories,1769,6998,5229,4.6,3300,,https://www.myntra.com/backpacks/zouk/zouk--women-ethnic-printed-vegan-leather-backpack-with-compression-straps-up-to-16-inch/26630110/buy,myntra
Accessorize Synthetic Leather Backpack,Accessorize,Accessories,2558,7995,68,4.6,262,,https://www.myntra.com/backpacks/accessorize/accessorize-synthetic-leather-backpack-up-to-13-inch/25597792/buy,myntra
Packster Graphic Backpack with Compression Straps,Packster,Accessories,726,889,18,0,0,,https://www.myntra.com/backpacks/packster/packster-men-graphic-backpack-with-compression-straps/42217109/buy,myntra
Decathlon Solid Backpack,Decathlon,Accessories,699,999,30,4.3,775,,https://www.myntra.com/backpacks/decathlon/decathlon-quechua---junior-blue-nh100-abrasion-resistance-hiking-backpack-15l/13031794/buy,myntra
StyleCast x Revolte Backpack,StyleCast x Revolte,Accessories,1424,3849,63,0,0,,https://www.myntra.com/backpacks/stylecast+x+revolte/stylecast-x-revolte-men-backpack/37695770/buy,myntra
AMERICAN TOURISTER Kids Printed Backpack,AMERICAN TOURISTER,Accessories,984,1800,816,4.8,18,,https://www.myntra.com/backpacks/american+tourister/american-tourister-kids-printed-backpack/38888384/buy,myntra
ZOUK Women Vegan Leather Backpack,ZOUK,Accessories,1769,6998,5229,4.6,3300,,https://www.myntra.com/backpacks/zouk/zouk-women-floral-printed-vegan-leather-backpack-with-compression-straps-up-to-16-inch/26630118/buy,myntra
StyleCast x Revolte Men Synthetic Backpacks,StyleCast x Revolte,Accessories,1332,3249,59,0,0,,https://www.myntra.com/backpacks/stylecast+x+revolte/stylecast-x-revolte-men-backpack/40891791/buy,myntra
Metro Backpack,Metro,Accessories,1220,2490,51,4.6,373,,https://www.myntra.com/backpacks/metro/metro-women-green-backpack/18458474/buy,myntra
Nike Kids Brand Logo Backpack,Nike,Accessories,1137,1895,40,4.6,180,,https://www.myntra.com/backpacks/nike/nike-brasilia-jdi-older-kids-mini-backpack-11l/35546499/buy,myntra
StyleCast x Revolte Backpack,StyleCast x Revolte,Accessories,1044,2749,62,3.9,14,,https://www.myntra.com/backpacks/stylecast+x+revolte/stylecast-x-revolte-men-backpack/37695837/buy,myntra
Anouk Floral Printed Backpack,Anouk,Accessories,606,2899,79,4.6,228,,https://www.myntra.com/backpacks/anouk/anouk-floral-printed-backpack/30023291/buy,myntra
Packster Graphic Backpack with Compression Straps,Packster,Accessories,787,989,20,0,0,,https://www.myntra.com/backpacks/packster/packster-men-graphic-backpack-with-compression-straps/42217101/buy,myntra
Genie Backpack,Genie,Accessories,1699,2832,40,4.9,8,,https://www.myntra.com/backpacks/genie/genie-women-backpack/38894680/buy,myntra
Puma Phase Brand Logo Backpack,Puma,Accessories,1071,1599,33,4.4,196,,https://www.myntra.com/backpacks/puma/puma-unisex-phase-brand-logo-laptop-backpack/32886463/buy,myntra
Wildcraft Kids Brand Logo Backpack,Wildcraft,Accessories,673,3739,82,4.7,28,,https://www.myntra.com/backpacks/wildcraft/wildcraft-kids-brand-logo-backpack/33382089/buy,myntra
StyleCast Women PVC Backpacks,StyleCast,Accessories,1471,3199,54,4,13,,https://www.myntra.com/backpacks/stylecast/stylecast-women-typography-backpack/37992291/buy,myntra
Puma Unisex Classic Backpack,Puma,Accessories,1385,3299,58,4.4,108,,https://www.myntra.com/backpacks/puma/puma-unisex-classic-backpack/26255394/buy,myntra
FUR JADEN Unisex Number Lock Backpack,FUR JADEN,Accessories,589,2000,1411,4.3,2600,,https://www.myntra.com/backpacks/fur+jaden/fur-jaden-unisex-black-anti-theft-number-lock-backpack---20l/20630650/buy,myntra
Wildcraft Xplorer Laptop Backpack,Wildcraft,Accessories,974,2499,61,4.5,843,,https://www.myntra.com/backpacks/wildcraft/wildcraft-unisex-xplorer-laptop-backpack/30837516/buy,myntra
Ajmal Men Silver Shade EDP 100 ml,Ajmal,Beauty,1100,2000,45,4.3,5400,"https://assets.myntassets.com/f_auto,dpr_1.0,q_85,w_720,c_limit,fl_progressive/assets/images/2026/MARCH/5/ZwC9hrr8_70636eb744914e6ea5380d516b08d9cf.jpg",https://www.myntra.com/perfume/ajmal/ajmal-men-silver-shade-long-lasting-edp-perfume---100ml---citrus-fragrance/7688471/buy,myntra
BEARDO Set of 2 Eau De Parfum,BEARDO,Beauty,744,2400,69,4.5,4600,"https://assets.myntassets.com/f_auto,dpr_1.0,q_85,w_720,c_limit,fl_progressive/assets/images/15782408/2024/2/5/daa5935c-fd90-4b5b-8368-5818e1e0ec181707129231890-Beardo-Set-of-God-Father--Whisky-Smoke-Eau-De-Parfum-100-ml--1.jpg",https://www.myntra.com/perfume/beardo/beardo-set-of-god-father--whisky-smoke-eau-de-parfum-100-ml-each/15782408/buy,myntra
Marks & Spencer Men Smoked Oud Eau De Toilette,Marks & Spencer,Beauty,599,799,25,4.1,234,"https://assets.myntassets.com/f_auto,dpr_1.0,q_85,w_720,c_limit,fl_progressive/assets/images/27628948/2024/2/15/4017f7c9-3283-48e9-bce2-32333a03891d1708002993458Perfume1.jpg",https://www.myntra.com/perfume/marks+%26+spencer/marks--spencer-men-discover-smoked-oud-eau-de-toilette---30-ml/27628948/buy,myntra
Renee Women Goddess EDP - 100 ml,Renee,Beauty,269,899,70,4.4,6200,"https://assets.myntassets.com/f_auto,dpr_1.0,q_85,w_720,c_limit,fl_progressive/assets/images/2025/SEPTEMBER/4/uMOZffug_10a4f46e9fcf4bd78a5bbabdc880d52d.jpg",https://www.myntra.com/perfume/renee/renee-women-goddess-long-lasting-eau-de-parfum---100ml/34848897/buy,myntra
BEARDO Set of 2 Eau De Parfum,BEARDO,Beauty,675,2700,75,4.5,3600,"https://assets.myntassets.com/f_auto,dpr_1.0,q_85,w_720,c_limit,fl_progressive/assets/images/15782402/2024/2/16/86a54a78-a3c2-41b2-a396-53b28f02b0bb1708084534427BeardoSetofGodFatherDarkSideEauDeParfum100mlEach1.jpg",https://www.myntra.com/perfume/beardo/beardo-set-of-god-father--dark-side-eau-de-parfum-100-ml-each/15782402/buy,myntra
BLA BLI BLU Men Hustler Perfume - 90ml,BLA BLI BLU,Beauty,246,1299,81,4.4,7700,"https://assets.myntassets.com/f_auto,dpr_1.0,q_85,w_720,c_limit,fl_progressive/assets/images/2026/MARCH/20/FmFDeQxo_73e6577d256d4d62922ba181a9288017.jpg",https://www.myntra.com/perfume/bla+bli+blu/bla-bli-blu-men-hustler-long-lasting-perfume---90ml/38312140/buy,myntra
Marks & Spencer Women Sweet Frangipani EDT,Marks & Spencer,Beauty,599,799,25,4.2,9,"https://assets.myntassets.com/f_auto,dpr_1.0,q_85,w_720,c_limit,fl_progressive/assets/images/2025/SEPTEMBER/27/yrwl2RWT_9bf34bb4d9a34355a6870fb08eceb634.jpg",https://www.myntra.com/perfume/marks+%26+spencer/marks--spencer-women-sweet-frangipani-long-lasting-eau-de-toilette---30-ml/37226888/buy,myntra
CONTRABAND Women Have It All EDP,CONTRABAND,Beauty,1062,1250,15,4.6,167,"https://assets.myntassets.com/f_auto,dpr_1.0,q_85,w_720,c_limit,fl_progressive/assets/images/2026/MARCH/11/vB5Uxr8y_9d079dbe63724f91a040a6b36319ea2d.jpg",https://www.myntra.com/perfume/contraband/contraband-women-have-it-all-long-lasting-eau-de-parfum---20ml/37176277/buy,myntra
Carlton London Set of 4 EDP Perfume-30ml each,Carlton London,Beauty,747,2490,70,4.5,14400,"https://assets.myntassets.com/f_auto,dpr_1.0,q_85,w_720,c_limit,fl_progressive/assets/images/25754148/2023/12/13/ac0ef319-3859-4e41-b33f-0c75f585380b1702462159645-Carlton-London-Euphoria-Women-Gift-Set-of-4-EDP-Perfume---30-6.jpg",https://www.myntra.com/perfume/carlton+london/carlton-london-euphoria-women-gift-set-of-4-edp-perfume---30ml-each/25754148/buy,myntra
Plum Pocket Diary Perfume Set,Plum,Beauty,343,399,14,4.4,847,"https://assets.myntassets.com/f_auto,dpr_1.0,q_85,w_720,c_limit,fl_progressive/assets/images/2025/SEPTEMBER/20/supFlj1r_ba1613caa3b4409b897adec5cf400beb.jpg",https://www.myntra.com/perfume/plum/plum-bodylovin-4-pcs-pocket-diary-perfume-discovery-set---3-ml-each/36724269/buy,myntra
CONTRABAND Women Have It All EDP - 30 ml,CONTRABAND,Beauty,1487,1750,15,4.6,169,"https://assets.myntassets.com/f_auto,dpr_1.0,q_85,w_720,c_limit,fl_progressive/assets/images/2026/MARCH/11/hQpCbtwY_419835fbdc6e45a29263b3c2a4014f53.jpg",https://www.myntra.com/perfume/contraband/contraband-women-have-it-all-eau-de-parfum---30-ml/33380737/buy,myntra
SKINN Men Tales Rio Perfume 100ml,SKINN,Beauty,821,1095,25,4.5,8900,,https://www.myntra.com/perfume/skinn/skinn-men-tales-rio-perfume-100ml/13990540/buy,myntra
Wild stone Men Edge EDP 100 ml,Wild stone,Beauty,384,699,45,4.5,56000,,https://www.myntra.com/perfume/wild+stone/wild-stone-men-edge-eau-de-parfum-100-ml/10019567/buy,myntra
Ajmal Oud of Dubai Men EDP 100ml,Ajmal,Beauty,846,1099,23,4.2,3800,,https://www.myntra.com/perfume/ajmal/ajmal-oud-of-dubai-amber-woody-unisex--oriental-scent-long-lasting-edp-perfume---100ml-/32001284/buy,myntra
SKINN Men Raw Eau De Parfum 50 ml,SKINN,Beauty,1715,1995,14,4.5,30900,,https://www.myntra.com/perfume/skinn/skinn-by-titan-men-raw-edp--50-ml/11785228/buy,myntra
Fastrack Men 2 Pcs Eau De Perfume,Fastrack,Beauty,1008,1440,30,0,0,,https://www.myntra.com/fragrance-gift-set/fastrack/fastrack-men-set-of-2-trance--100-ml--night-out-eau-de-perfume---50-ml/39961275/buy,myntra
Bella Vita Organic 4Pcs Eau de Parfum Gift Set,Bella Vita Organic,Beauty,449,849,47,4.4,10500,,https://www.myntra.com/perfume/bella+vita+organic/bella-vita-organic-4pcs-eau-de-parfum-gift-set---20ml-each/32199655/buy,myntra
Marks & Spencer Spiced Amber Eau De Toilette,Marks & Spencer,Beauty,599,799,25,4.2,369,,https://www.myntra.com/perfume/marks+%26+spencer/marks--spencer-spiced-amber-vegan-eau-de-toilette---30-ml/18953158/buy,myntra
Fastrack Women 2 Pcs Fragrance Gift Set,Fastrack,Beauty,1008,1440,30,0,0,,https://www.myntra.com/fragrance-gift-set/fastrack/fastrack-women-set-of-2-beat---100-ml--lush-eau-de-perfume---50-ml/39961274/buy,myntra
Marks & Spencer Seasalt & Neroli EDP- 30 ml,Marks & Spencer,Beauty,599,799,25,4.3,57,,https://www.myntra.com/perfume/marks+%26+spencer/marks--spencer-seasalt--neroli-long-lasting-eau-de-toilette---30-ml/32502765/buy,myntra
SKINN Men Raw Eau de Parfum 20 ml,SKINN,Beauty,604,695,13,4.5,30900,,https://www.myntra.com/perfume/skinn/skinn-by-titan-men-raw-eau-de-parfum-20-ml/2316547/buy,myntra
BEARDO Set of 3 Eau de Parfum,BEARDO,Beauty,649,2598,75,4.5,858,,https://www.myntra.com/perfume/beardo/beardo-set-of-3-eau-de-parfum---whisky-smoke-single-malt--don--legend---50ml-each/32852314/buy,myntra
SKINN Tales Ibiza Perfume 100ml,SKINN,Beauty,766,1095,30,4.5,5800,,https://www.myntra.com/perfume/skinn/skinn-women-tales-ibiza-perfume-100ml/13990542/buy,myntra
Ajmal Ascend Men Perfume - 100 ml,Ajmal,Beauty,675,1500,55,4.3,7400,,https://www.myntra.com/perfume/ajmal/ajmal-men-ascend-citrus-woody-edp-perfume---100ml---fresh-fragrance/12468662/buy,myntra
Bella Vita Organic Date Woman Eau De Parfum,Bella Vita Organic,Beauty,565,999,43,4.6,15200,,https://www.myntra.com/perfume/bella+vita+organic/bella-vita-organic-date-woman-eau-de-parfum---100-ml/22364340/buy,myntra
Bella Vita Organic Set Of 3 Eau De Parfum- 20 ml,Bella Vita Organic,Beauty,599,799,25,4.5,346,,https://www.myntra.com/perfume/bella+vita+organic/bella-vita-organic-beast-mode-gift-set-of-3-perfumes/39931498/buy,myntra
Fastrack Girls Bold Pulse 100ml,Fastrack,Beauty,501,895,44,4.6,1700,,https://www.myntra.com/perfume/fastrack/fastrack-girls-bold-pulse-100ml/15970624/buy,myntra
Marks & Spencer Eau De Toilette - 30ml,Marks & Spencer,Beauty,599,799,25,3.9,17,,https://www.myntra.com/perfume/marks+%26+spencer/marks--spencer-orange-blossom--amber-eau-de-toilette---30ml/32502776/buy,myntra
Marks & Spencer Warm Neroli Eau De Toilette,Marks & Spencer,Beauty,599,799,25,4,262,,https://www.myntra.com/perfume/marks+%26+spencer/marks--spencer-warm-neroli-eau-de-toilette-30ml/20819314/buy,myntra
JAGUAR Ultimate Power EDT 100 ml,JAGUAR,Beauty,1230,4100,70,4.3,334,,https://www.myntra.com/perfume/jaguar/jaguar-men-ultimate-power-eau-de-toilette-100-ml/14251372/buy,myntra
Mast & Harbour Men Citron EDP 100 ml,Mast & Harbour,Beauty,360,1199,70,4,1900,,https://www.myntra.com/perfume/mast+%26+harbour/mast--harbour-men-citron-eau-de-parfum-100-ml/15121930/buy,myntra
BLA BLI BLU 3 Pcs Women Eau De Parfum,BLA BLI BLU,Beauty,825,1200,31,4.7,583,,https://www.myntra.com/perfume/bla+bli+blu/bla-bli-blu-women-set-of-3-white-jazz-hot-af--cookie-crush-eau-de-parfum---30ml-each/37577004/buy,myntra
Dazze and blussh Forever Party EDP - 50 ml,Dazze and blussh,Beauty,749,1499,50,4.8,16,,https://www.myntra.com/perfume/dazze+and+blussh/dazze-and-blussh-men-forever-party-long-lasting-eau-de-parfum---50-ml/39036968/buy,myntra
SKINN Women Celeste EDP 20 ml,SKINN,Beauty,604,695,13,4.6,22800,,https://www.myntra.com/perfume/skinn/skinn-by-titan-women-celeste-eau-de-parfum-20-ml/2316553/buy,myntra
LAVIE LUXE Solar Bloom EDP - 75 ml,LAVIE LUXE,Beauty,1039,1299,20,0,0,,https://www.myntra.com/perfume/lavie+luxe/lavie-luxe-women-solar-bloom-long-lasting-eau-de-parfum---75-ml/41466527/buy,myntra
Fastrack Men Pulse For Him EDP 100ml,Fastrack,Beauty,501,895,44,4.4,942,,https://www.myntra.com/perfume/fastrack/fastrack-men-pulse-for-him-edp---100ml/11149462/buy,myntra
BLA BLI BLU Love Drunk Perfumes - 100 ml,BLA BLI BLU,Beauty,735,1000,27,4.6,2700,,https://www.myntra.com/perfume/bla+bli+blu/bla-bli-blu-love-drunk-long-lasting-perfume---100-ml/36340100/buy,myntra
SKINN Men Tales Oslo Perfume 100ml,SKINN,Beauty,766,1095,30,4.4,3100,,https://www.myntra.com/perfume/skinn/skinn-men-tales-oslo-perfume-100ml/13990544/buy,myntra
Fastrack 3 Pcs Perfume - 20 ml Each,Fastrack,Beauty,599,845,29,4.3,89,,https://www.myntra.com/perfume/fastrack/fastrack-set-of-3-ease-night-out--rush-long-lasting-perfume---20-ml-each/32363432/buy,myntra
Carlton London Women Admire EDP - 100ml,Carlton London,Beauty,537,1790,70,4.2,3200,,https://www.myntra.com/perfume/carlton+london/-carlton-london--women-admire-edp---100ml/28680104/buy,myntra
VILLAIN Men Hydra Eau De Parfum,VILLAIN,Beauty,375,799,53,4.3,10000,,https://www.myntra.com/perfume/villain/villain-men-hydra-perfume-edp-with-aquatic--citrus-for-fresh-feel---100-ml/14047422/buy,myntra
Fastrack Men Bold Trance- 100ml,Fastrack,Beauty,501,895,44,4.4,5000,,https://www.myntra.com/perfume/fastrack/fastrack-men-bold-trance--100ml/15970618/buy,myntra
Mast & Harbour Men Woods EDP 100 ml,Mast & Harbour,Beauty,360,1199,70,4.1,1900,,https://www.myntra.com/perfume/mast+%26+harbour/mast--harbour-men-woods-eau-de-parfum-100-ml/15121926/buy,myntra
SKINN Men Tales Marine EDP - 100 ml,SKINN,Beauty,766,1095,30,4.4,927,,https://www.myntra.com/perfume/skinn/skinn-men-tales-marine-long-lasting-eau-de-parfum---100-ml/31693679/buy,myntra
JAGUAR Classic Electric Sky EDT,JAGUAR,Beauty,1722,4100,58,4.3,33200,,https://www.myntra.com/perfume/jaguar/jaguar-men-classic-electric-sky-eau-de-toilette---100ml/14251370/buy,myntra
Bella Vita Organic Unisex White Oud Perfume,Bella Vita Organic,Beauty,565,999,43,4.4,24800,,https://www.myntra.com/perfume/bella+vita+organic/bella-vita-organic-unisex-white-oud-perfume-100-ml/16242946/buy,myntra
Ajmal Women Neea EDP Perfume - 50ml,Ajmal,Beauty,450,1000,55,4.3,5000,,https://www.myntra.com/perfume/ajmal/ajmal-women-neea-floral-powdery-edp-perfume---50ml---soft-scent/19142126/buy,myntra
EMBARK My Life Intense For Him,EMBARK,Beauty,695,895,22,4.5,231,,https://www.myntra.com/perfume/embark/embark-men-brown-my-life-intense-for-him---eau-de-parfum-30-ml/13029988/buy,myntra
